2015-05-15 00:09:20,117 [53] INFO  StatisticalSolutions.Controllers.Base.BaseController - Application URL - /StatisticalSolutions/ 
 2015-05-15 00:09:38,750 [53] INFO  StatisticalSolutions.Controllers.Base.BaseController - Application URL - /StatisticalSolutions/Home/ContactUsMail 
 2015-05-15 00:09:38,757 [53] INFO  StatisticalSolutions.Controllers.Base.BaseController - Function ContactUsMail - Start of mail sending
 2015-05-15 00:09:43,018 [53] INFO  StatisticalSolutions.Controllers.Base.BaseController - Function ContactUsMail - Insertion of message in table
 2015-05-15 00:09:55,278 [53] INFO  StatisticalSolutions.Controllers.Base.BaseController - Function ContactUsMail - Insertion of message in table
 2015-05-15 00:09:57,534 [26] INFO  StatisticalSolutions.Controllers.Base.BaseController - Application URL - /StatisticalSolutions/ 
 2015-05-15 21:44:15,448 [25] INFO  StatisticalSolutions.Controllers.Base.BaseController - Application URL - /StatisticalSolutions/ 
 2015-05-15 21:45:14,738 [25] INFO  StatisticalSolutions.Controllers.Base.BaseController - Application URL - /StatisticalSolutions/ 
 2015-05-15 21:45:14,740 [25] ERROR StatisticalSolutions.Controllers.Base.BaseController - Statistical exception message - Exception has been thrown by the target of an invocation.
 2015-05-15 21:45:14,741 [25] ERROR StatisticalSolutions.Controllers.Base.BaseController - Statistical exception stack trace -    at System.RuntimeTypeHandle.CreateInstance(RuntimeType type, Boolean publicOnly, Boolean noCheck, Boolean& canBeCached, RuntimeMethodHandleInternal& ctor, Boolean& bNeedSecurityCheck)
   at System.RuntimeType.CreateInstanceSlow(Boolean publicOnly, Boolean skipCheckThis, Boolean fillCache, StackCrawlMark& stackMark)
   at System.RuntimeType.CreateInstanceDefaultCtor(Boolean publicOnly, Boolean skipCheckThis, Boolean fillCache, StackCrawlMark& stackMark)
   at System.Activator.CreateInstance(Type type, Boolean nonPublic)
   at System.Activator.CreateInstance(Type type)
   at System.Threading.LazyHelpers`1.ActivatorFactorySelector()
   at System.Threading.LazyInitializer.EnsureInitializedCore[T](T& target, Boolean& initialized, Object& syncLock, Func`1 valueFactory)
   at System.Threading.LazyInitializer.EnsureInitialized[T](T& target, Boolean& initialized, Object& syncLock)
   at StatisticalSolutions.Filters.InitializeSimpleMembershipAttribute.OnActionExecuting(ActionExecutingContext filterContext) in e:\Ola Projects\3rdPartyProjects\StatisticalSolutions\StatisticalSolutions\Filters\InitializeSimpleMembershipAttribute.cs:line 23
   at System.Web.Mvc.Async.AsyncControllerActionInvoker.InvokeActionMethodFilterAsynchronously(IActionFilter filter, ActionExecutingContext preContext, Func`1 nextInChain)
   at System.Web.Mvc.Async.AsyncControllerActionInvoker.InvokeActionMethodFilterAsynchronously(IActionFilter filter, ActionExecutingContext preContext, Func`1 nextInChain)
   at System.Web.Mvc.Async.AsyncControllerActionInvoker.<>c__DisplayClass37.<BeginInvokeActionMethodWithFilters>b__31(AsyncCallback asyncCallback, Object asyncState)
   at System.Web.Mvc.Async.AsyncResultWrapper.WrappedAsyncResult`1.Begin(AsyncCallback callback, Object state, Int32 timeout)
   at System.Web.Mvc.Async.AsyncResultWrapper.Begin[TResult](AsyncCallback callback, Object state, BeginInvokeDelegate beginDelegate, EndInvokeDelegate`1 endDelegate, Object tag, Int32 timeout)
   at System.Web.Mvc.Async.AsyncResultWrapper.Begin[TResult](AsyncCallback callback, Object state, BeginInvokeDelegate beginDelegate, EndInvokeDelegate`1 endDelegate, Object tag)
   at System.Web.Mvc.Async.AsyncControllerActionInvoker.<>c__DisplayClass25.<BeginInvokeAction>b__1e(AsyncCallback asyncCallback, Object asyncState)
 2015-05-15 21:45:14,839 [36] INFO  StatisticalSolutions.Controllers.Base.BaseController - Application URL - /StatisticalSolutions/Base/StatisticalError 
 2015-05-15 21:45:17,828 [36] INFO  StatisticalSolutions.Controllers.Base.BaseController - Application URL - /StatisticalSolutions/Base/StatisticalError 
 2015-05-15 21:45:17,829 [36] ERROR StatisticalSolutions.Controllers.Base.BaseController - Statistical exception message - Exception has been thrown by the target of an invocation.
 2015-05-15 21:45:17,829 [36] ERROR StatisticalSolutions.Controllers.Base.BaseController - Statistical exception stack trace -    at System.RuntimeTypeHandle.CreateInstance(RuntimeType type, Boolean publicOnly, Boolean noCheck, Boolean& canBeCached, RuntimeMethodHandleInternal& ctor, Boolean& bNeedSecurityCheck)
   at System.RuntimeType.CreateInstanceSlow(Boolean publicOnly, Boolean skipCheckThis, Boolean fillCache, StackCrawlMark& stackMark)
   at System.RuntimeType.CreateInstanceDefaultCtor(Boolean publicOnly, Boolean skipCheckThis, Boolean fillCache, StackCrawlMark& stackMark)
   at System.Activator.CreateInstance(Type type, Boolean nonPublic)
   at System.Activator.CreateInstance(Type type)
   at System.Threading.LazyHelpers`1.ActivatorFactorySelector()
   at System.Threading.LazyInitializer.EnsureInitializedCore[T](T& target, Boolean& initialized, Object& syncLock, Func`1 valueFactory)
   at System.Threading.LazyInitializer.EnsureInitialized[T](T& target, Boolean& initialized, Object& syncLock)
   at StatisticalSolutions.Filters.InitializeSimpleMembershipAttribute.OnActionExecuting(ActionExecutingContext filterContext) in e:\Ola Projects\3rdPartyProjects\StatisticalSolutions\StatisticalSolutions\Filters\InitializeSimpleMembershipAttribute.cs:line 23
   at System.Web.Mvc.Async.AsyncControllerActionInvoker.InvokeActionMethodFilterAsynchronously(IActionFilter filter, ActionExecutingContext preContext, Func`1 nextInChain)
   at System.Web.Mvc.Async.AsyncControllerActionInvoker.InvokeActionMethodFilterAsynchronously(IActionFilter filter, ActionExecutingContext preContext, Func`1 nextInChain)
   at System.Web.Mvc.Async.AsyncControllerActionInvoker.<>c__DisplayClass37.<BeginInvokeActionMethodWithFilters>b__31(AsyncCallback asyncCallback, Object asyncState)
   at System.Web.Mvc.Async.AsyncResultWrapper.WrappedAsyncResult`1.Begin(AsyncCallback callback, Object state, Int32 timeout)
   at System.Web.Mvc.Async.AsyncResultWrapper.Begin[TResult](AsyncCallback callback, Object state, BeginInvokeDelegate beginDelegate, EndInvokeDelegate`1 endDelegate, Object tag, Int32 timeout)
   at System.Web.Mvc.Async.AsyncResultWrapper.Begin[TResult](AsyncCallback callback, Object state, BeginInvokeDelegate beginDelegate, EndInvokeDelegate`1 endDelegate, Object tag)
   at System.Web.Mvc.Async.AsyncControllerActionInvoker.<>c__DisplayClass25.<BeginInvokeAction>b__1e(AsyncCallback asyncCallback, Object asyncState)
 2015-05-15 21:45:17,836 [35] INFO  StatisticalSolutions.Controllers.Base.BaseController - Application URL - /StatisticalSolutions/Base/StatisticalError 
 2015-05-15 21:45:17,837 [35] INFO  StatisticalSolutions.Controllers.Base.BaseController - Application URL - /StatisticalSolutions/Base/StatisticalError 
 2015-05-15 21:45:17,837 [35] ERROR StatisticalSolutions.Controllers.Base.BaseController - Statistical exception message - Exception has been thrown by the target of an invocation.
 2015-05-15 21:45:17,838 [35] ERROR StatisticalSolutions.Controllers.Base.BaseController - Statistical exception stack trace -    at System.RuntimeTypeHandle.CreateInstance(RuntimeType type, Boolean publicOnly, Boolean noCheck, Boolean& canBeCached, RuntimeMethodHandleInternal& ctor, Boolean& bNeedSecurityCheck)
   at System.RuntimeType.CreateInstanceSlow(Boolean publicOnly, Boolean skipCheckThis, Boolean fillCache, StackCrawlMark& stackMark)
   at System.RuntimeType.CreateInstanceDefaultCtor(Boolean publicOnly, Boolean skipCheckThis, Boolean fillCache, StackCrawlMark& stackMark)
   at System.Activator.CreateInstance(Type type, Boolean nonPublic)
   at System.Activator.CreateInstance(Type type)
   at System.Threading.LazyHelpers`1.ActivatorFactorySelector()
   at System.Threading.LazyInitializer.EnsureInitializedCore[T](T& target, Boolean& initialized, Object& syncLock, Func`1 valueFactory)
   at System.Threading.LazyInitializer.EnsureInitialized[T](T& target, Boolean& initialized, Object& syncLock)
   at StatisticalSolutions.Filters.InitializeSimpleMembershipAttribute.OnActionExecuting(ActionExecutingContext filterContext) in e:\Ola Projects\3rdPartyProjects\StatisticalSolutions\StatisticalSolutions\Filters\InitializeSimpleMembershipAttribute.cs:line 23
   at System.Web.Mvc.Async.AsyncControllerActionInvoker.InvokeActionMethodFilterAsynchronously(IActionFilter filter, ActionExecutingContext preContext, Func`1 nextInChain)
   at System.Web.Mvc.Async.AsyncControllerActionInvoker.InvokeActionMethodFilterAsynchronously(IActionFilter filter, ActionExecutingContext preContext, Func`1 nextInChain)
   at System.Web.Mvc.Async.AsyncControllerActionInvoker.<>c__DisplayClass37.<BeginInvokeActionMethodWithFilters>b__31(AsyncCallback asyncCallback, Object asyncState)
   at System.Web.Mvc.Async.AsyncResultWrapper.WrappedAsyncResult`1.Begin(AsyncCallback callback, Object state, Int32 timeout)
   at System.Web.Mvc.Async.AsyncResultWrapper.Begin[TResult](AsyncCallback callback, Object state, BeginInvokeDelegate beginDelegate, EndInvokeDelegate`1 endDelegate, Object tag, Int32 timeout)
   at System.Web.Mvc.Async.AsyncResultWrapper.Begin[TResult](AsyncCallback callback, Object state, BeginInvokeDelegate beginDelegate, EndInvokeDelegate`1 endDelegate, Object tag)
   at System.Web.Mvc.Async.AsyncControllerActionInvoker.<>c__DisplayClass25.<BeginInvokeAction>b__1e(AsyncCallback asyncCallback, Object asyncState)
 2015-05-15 21:45:17,844 [25] INFO  StatisticalSolutions.Controllers.Base.BaseController - Application URL - /StatisticalSolutions/Base/StatisticalError 
 2015-05-15 21:45:17,846 [25] INFO  StatisticalSolutions.Controllers.Base.BaseController - Application URL - /StatisticalSolutions/Base/StatisticalError 
 2015-05-15 21:45:17,846 [25] ERROR StatisticalSolutions.Controllers.Base.BaseController - Statistical exception message - Exception has been thrown by the target of an invocation.
 2015-05-15 21:45:17,846 [25] ERROR StatisticalSolutions.Controllers.Base.BaseController - Statistical exception stack trace -    at System.RuntimeTypeHandle.CreateInstance(RuntimeType type, Boolean publicOnly, Boolean noCheck, Boolean& canBeCached, RuntimeMethodHandleInternal& ctor, Boolean& bNeedSecurityCheck)
   at System.RuntimeType.CreateInstanceSlow(Boolean publicOnly, Boolean skipCheckThis, Boolean fillCache, StackCrawlMark& stackMark)
   at System.RuntimeType.CreateInstanceDefaultCtor(Boolean publicOnly, Boolean skipCheckThis, Boolean fillCache, StackCrawlMark& stackMark)
   at System.Activator.CreateInstance(Type type, Boolean nonPublic)
   at System.Activator.CreateInstance(Type type)
   at System.Threading.LazyHelpers`1.ActivatorFactorySelector()
   at System.Threading.LazyInitializer.EnsureInitializedCore[T](T& target, Boolean& initialized, Object& syncLock, Func`1 valueFactory)
   at System.Threading.LazyInitializer.EnsureInitialized[T](T& target, Boolean& initialized, Object& syncLock)
   at StatisticalSolutions.Filters.InitializeSimpleMembershipAttribute.OnActionExecuting(ActionExecutingContext filterContext) in e:\Ola Projects\3rdPartyProjects\StatisticalSolutions\StatisticalSolutions\Filters\InitializeSimpleMembershipAttribute.cs:line 23
   at System.Web.Mvc.Async.AsyncControllerActionInvoker.InvokeActionMethodFilterAsynchronously(IActionFilter filter, ActionExecutingContext preContext, Func`1 nextInChain)
   at System.Web.Mvc.Async.AsyncControllerActionInvoker.InvokeActionMethodFilterAsynchronously(IActionFilter filter, ActionExecutingContext preContext, Func`1 nextInChain)
   at System.Web.Mvc.Async.AsyncControllerActionInvoker.<>c__DisplayClass37.<BeginInvokeActionMethodWithFilters>b__31(AsyncCallback asyncCallback, Object asyncState)
   at System.Web.Mvc.Async.AsyncResultWrapper.WrappedAsyncResult`1.Begin(AsyncCallback callback, Object state, Int32 timeout)
   at System.Web.Mvc.Async.AsyncResultWrapper.Begin[TResult](AsyncCallback callback, Object state, BeginInvokeDelegate beginDelegate, EndInvokeDelegate`1 endDelegate, Object tag, Int32 timeout)
   at System.Web.Mvc.Async.AsyncResultWrapper.Begin[TResult](AsyncCallback callback, Object state, BeginInvokeDelegate beginDelegate, EndInvokeDelegate`1 endDelegate, Object tag)
   at System.Web.Mvc.Async.AsyncControllerActionInvoker.<>c__DisplayClass25.<BeginInvokeAction>b__1e(AsyncCallback asyncCallback, Object asyncState)
 2015-05-15 21:45:17,852 [36] INFO  StatisticalSolutions.Controllers.Base.BaseController - Application URL - /StatisticalSolutions/Base/StatisticalError 
 2015-05-15 21:45:17,853 [36] INFO  StatisticalSolutions.Controllers.Base.BaseController - Application URL - /StatisticalSolutions/Base/StatisticalError 
 2015-05-15 21:45:17,853 [36] ERROR StatisticalSolutions.Controllers.Base.BaseController - Statistical exception message - Exception has been thrown by the target of an invocation.
 2015-05-15 21:45:17,853 [36] ERROR StatisticalSolutions.Controllers.Base.BaseController - Statistical exception stack trace -    at System.RuntimeTypeHandle.CreateInstance(RuntimeType type, Boolean publicOnly, Boolean noCheck, Boolean& canBeCached, RuntimeMethodHandleInternal& ctor, Boolean& bNeedSecurityCheck)
   at System.RuntimeType.CreateInstanceSlow(Boolean publicOnly, Boolean skipCheckThis, Boolean fillCache, StackCrawlMark& stackMark)
   at System.RuntimeType.CreateInstanceDefaultCtor(Boolean publicOnly, Boolean skipCheckThis, Boolean fillCache, StackCrawlMark& stackMark)
   at System.Activator.CreateInstance(Type type, Boolean nonPublic)
   at System.Activator.CreateInstance(Type type)
   at System.Threading.LazyHelpers`1.ActivatorFactorySelector()
   at System.Threading.LazyInitializer.EnsureInitializedCore[T](T& target, Boolean& initialized, Object& syncLock, Func`1 valueFactory)
   at System.Threading.LazyInitializer.EnsureInitialized[T](T& target, Boolean& initialized, Object& syncLock)
   at StatisticalSolutions.Filters.InitializeSimpleMembershipAttribute.OnActionExecuting(ActionExecutingContext filterContext) in e:\Ola Projects\3rdPartyProjects\StatisticalSolutions\StatisticalSolutions\Filters\InitializeSimpleMembershipAttribute.cs:line 23
   at System.Web.Mvc.Async.AsyncControllerActionInvoker.InvokeActionMethodFilterAsynchronously(IActionFilter filter, ActionExecutingContext preContext, Func`1 nextInChain)
   at System.Web.Mvc.Async.AsyncControllerActionInvoker.InvokeActionMethodFilterAsynchronously(IActionFilter filter, ActionExecutingContext preContext, Func`1 nextInChain)
   at System.Web.Mvc.Async.AsyncControllerActionInvoker.<>c__DisplayClass37.<BeginInvokeActionMethodWithFilters>b__31(AsyncCallback asyncCallback, Object asyncState)
   at System.Web.Mvc.Async.AsyncResultWrapper.WrappedAsyncResult`1.Begin(AsyncCallback callback, Object state, Int32 timeout)
   at System.Web.Mvc.Async.AsyncResultWrapper.Begin[TResult](AsyncCallback callback, Object state, BeginInvokeDelegate beginDelegate, EndInvokeDelegate`1 endDelegate, Object tag, Int32 timeout)
   at System.Web.Mvc.Async.AsyncResultWrapper.Begin[TResult](AsyncCallback callback, Object state, BeginInvokeDelegate beginDelegate, EndInvokeDelegate`1 endDelegate, Object tag)
   at System.Web.Mvc.Async.AsyncControllerActionInvoker.<>c__DisplayClass25.<BeginInvokeAction>b__1e(AsyncCallback asyncCallback, Object asyncState)
 2015-05-15 21:45:17,861 [35] INFO  StatisticalSolutions.Controllers.Base.BaseController - Application URL - /StatisticalSolutions/Base/StatisticalError 
 2015-05-15 21:45:17,862 [35] INFO  StatisticalSolutions.Controllers.Base.BaseController - Application URL - /StatisticalSolutions/Base/StatisticalError 
 2015-05-15 21:45:17,863 [35] ERROR StatisticalSolutions.Controllers.Base.BaseController - Statistical exception message - Exception has been thrown by the target of an invocation.
 2015-05-15 21:45:17,863 [35] ERROR StatisticalSolutions.Controllers.Base.BaseController - Statistical exception stack trace -    at System.RuntimeTypeHandle.CreateInstance(RuntimeType type, Boolean publicOnly, Boolean noCheck, Boolean& canBeCached, RuntimeMethodHandleInternal& ctor, Boolean& bNeedSecurityCheck)
   at System.RuntimeType.CreateInstanceSlow(Boolean publicOnly, Boolean skipCheckThis, Boolean fillCache, StackCrawlMark& stackMark)
   at System.RuntimeType.CreateInstanceDefaultCtor(Boolean publicOnly, Boolean skipCheckThis, Boolean fillCache, StackCrawlMark& stackMark)
   at System.Activator.CreateInstance(Type type, Boolean nonPublic)
   at System.Activator.CreateInstance(Type type)
   at System.Threading.LazyHelpers`1.ActivatorFactorySelector()
   at System.Threading.LazyInitializer.EnsureInitializedCore[T](T& target, Boolean& initialized, Object& syncLock, Func`1 valueFactory)
   at System.Threading.LazyInitializer.EnsureInitialized[T](T& target, Boolean& initialized, Object& syncLock)
   at StatisticalSolutions.Filters.InitializeSimpleMembershipAttribute.OnActionExecuting(ActionExecutingContext filterContext) in e:\Ola Projects\3rdPartyProjects\StatisticalSolutions\StatisticalSolutions\Filters\InitializeSimpleMembershipAttribute.cs:line 23
   at System.Web.Mvc.Async.AsyncControllerActionInvoker.InvokeActionMethodFilterAsynchronously(IActionFilter filter, ActionExecutingContext preContext, Func`1 nextInChain)
   at System.Web.Mvc.Async.AsyncControllerActionInvoker.InvokeActionMethodFilterAsynchronously(IActionFilter filter, ActionExecutingContext preContext, Func`1 nextInChain)
   at System.Web.Mvc.Async.AsyncControllerActionInvoker.<>c__DisplayClass37.<BeginInvokeActionMethodWithFilters>b__31(AsyncCallback asyncCallback, Object asyncState)
   at System.Web.Mvc.Async.AsyncResultWrapper.WrappedAsyncResult`1.Begin(AsyncCallback callback, Object state, Int32 timeout)
   at System.Web.Mvc.Async.AsyncResultWrapper.Begin[TResult](AsyncCallback callback, Object state, BeginInvokeDelegate beginDelegate, EndInvokeDelegate`1 endDelegate, Object tag, Int32 timeout)
   at System.Web.Mvc.Async.AsyncResultWrapper.Begin[TResult](AsyncCallback callback, Object state, BeginInvokeDelegate beginDelegate, EndInvokeDelegate`1 endDelegate, Object tag)
   at System.Web.Mvc.Async.AsyncControllerActionInvoker.<>c__DisplayClass25.<BeginInvokeAction>b__1e(AsyncCallback asyncCallback, Object asyncState)
 2015-05-15 21:45:17,879 [38] INFO  StatisticalSolutions.Controllers.Base.BaseController - Application URL - /StatisticalSolutions/Base/StatisticalError 
 2015-05-15 21:45:17,880 [38] INFO  StatisticalSolutions.Controllers.Base.BaseController - Application URL - /StatisticalSolutions/Base/StatisticalError 
 2015-05-15 21:45:17,880 [38] ERROR StatisticalSolutions.Controllers.Base.BaseController - Statistical exception message - Exception has been thrown by the target of an invocation.
 2015-05-15 21:45:17,880 [38] ERROR StatisticalSolutions.Controllers.Base.BaseController - Statistical exception stack trace -    at System.RuntimeTypeHandle.CreateInstance(RuntimeType type, Boolean publicOnly, Boolean noCheck, Boolean& canBeCached, RuntimeMethodHandleInternal& ctor, Boolean& bNeedSecurityCheck)
   at System.RuntimeType.CreateInstanceSlow(Boolean publicOnly, Boolean skipCheckThis, Boolean fillCache, StackCrawlMark& stackMark)
   at System.RuntimeType.CreateInstanceDefaultCtor(Boolean publicOnly, Boolean skipCheckThis, Boolean fillCache, StackCrawlMark& stackMark)
   at System.Activator.CreateInstance(Type type, Boolean nonPublic)
   at System.Activator.CreateInstance(Type type)
   at System.Threading.LazyHelpers`1.ActivatorFactorySelector()
   at System.Threading.LazyInitializer.EnsureInitializedCore[T](T& target, Boolean& initialized, Object& syncLock, Func`1 valueFactory)
   at System.Threading.LazyInitializer.EnsureInitialized[T](T& target, Boolean& initialized, Object& syncLock)
   at StatisticalSolutions.Filters.InitializeSimpleMembershipAttribute.OnActionExecuting(ActionExecutingContext filterContext) in e:\Ola Projects\3rdPartyProjects\StatisticalSolutions\StatisticalSolutions\Filters\InitializeSimpleMembershipAttribute.cs:line 23
   at System.Web.Mvc.Async.AsyncControllerActionInvoker.InvokeActionMethodFilterAsynchronously(IActionFilter filter, ActionExecutingContext preContext, Func`1 nextInChain)
   at System.Web.Mvc.Async.AsyncControllerActionInvoker.InvokeActionMethodFilterAsynchronously(IActionFilter filter, ActionExecutingContext preContext, Func`1 nextInChain)
   at System.Web.Mvc.Async.AsyncControllerActionInvoker.<>c__DisplayClass37.<BeginInvokeActionMethodWithFilters>b__31(AsyncCallback asyncCallback, Object asyncState)
   at System.Web.Mvc.Async.AsyncResultWrapper.WrappedAsyncResult`1.Begin(AsyncCallback callback, Object state, Int32 timeout)
   at System.Web.Mvc.Async.AsyncResultWrapper.Begin[TResult](AsyncCallback callback, Object state, BeginInvokeDelegate beginDelegate, EndInvokeDelegate`1 endDelegate, Object tag, Int32 timeout)
   at System.Web.Mvc.Async.AsyncResultWrapper.Begin[TResult](AsyncCallback callback, Object state, BeginInvokeDelegate beginDelegate, EndInvokeDelegate`1 endDelegate, Object tag)
   at System.Web.Mvc.Async.AsyncControllerActionInvoker.<>c__DisplayClass25.<BeginInvokeAction>b__1e(AsyncCallback asyncCallback, Object asyncState)
 2015-05-15 21:45:17,885 [25] INFO  StatisticalSolutions.Controllers.Base.BaseController - Application URL - /StatisticalSolutions/Base/StatisticalError 
 2015-05-15 21:45:17,887 [25] INFO  StatisticalSolutions.Controllers.Base.BaseController - Application URL - /StatisticalSolutions/Base/StatisticalError 
 2015-05-15 21:45:17,887 [25] ERROR StatisticalSolutions.Controllers.Base.BaseController - Statistical exception message - Exception has been thrown by the target of an invocation.
 2015-05-15 21:45:17,887 [25] ERROR StatisticalSolutions.Controllers.Base.BaseController - Statistical exception stack trace -    at System.RuntimeTypeHandle.CreateInstance(RuntimeType type, Boolean publicOnly, Boolean noCheck, Boolean& canBeCached, RuntimeMethodHandleInternal& ctor, Boolean& bNeedSecurityCheck)
   at System.RuntimeType.CreateInstanceSlow(Boolean publicOnly, Boolean skipCheckThis, Boolean fillCache, StackCrawlMark& stackMark)
   at System.RuntimeType.CreateInstanceDefaultCtor(Boolean publicOnly, Boolean skipCheckThis, Boolean fillCache, StackCrawlMark& stackMark)
   at System.Activator.CreateInstance(Type type, Boolean nonPublic)
   at System.Activator.CreateInstance(Type type)
   at System.Threading.LazyHelpers`1.ActivatorFactorySelector()
   at System.Threading.LazyInitializer.EnsureInitializedCore[T](T& target, Boolean& initialized, Object& syncLock, Func`1 valueFactory)
   at System.Threading.LazyInitializer.EnsureInitialized[T](T& target, Boolean& initialized, Object& syncLock)
   at StatisticalSolutions.Filters.InitializeSimpleMembershipAttribute.OnActionExecuting(ActionExecutingContext filterContext) in e:\Ola Projects\3rdPartyProjects\StatisticalSolutions\StatisticalSolutions\Filters\InitializeSimpleMembershipAttribute.cs:line 23
   at System.Web.Mvc.Async.AsyncControllerActionInvoker.InvokeActionMethodFilterAsynchronously(IActionFilter filter, ActionExecutingContext preContext, Func`1 nextInChain)
   at System.Web.Mvc.Async.AsyncControllerActionInvoker.InvokeActionMethodFilterAsynchronously(IActionFilter filter, ActionExecutingContext preContext, Func`1 nextInChain)
   at System.Web.Mvc.Async.AsyncControllerActionInvoker.<>c__DisplayClass37.<BeginInvokeActionMethodWithFilters>b__31(AsyncCallback asyncCallback, Object asyncState)
   at System.Web.Mvc.Async.AsyncResultWrapper.WrappedAsyncResult`1.Begin(AsyncCallback callback, Object state, Int32 timeout)
   at System.Web.Mvc.Async.AsyncResultWrapper.Begin[TResult](AsyncCallback callback, Object state, BeginInvokeDelegate beginDelegate, EndInvokeDelegate`1 endDelegate, Object tag, Int32 timeout)
   at System.Web.Mvc.Async.AsyncResultWrapper.Begin[TResult](AsyncCallback callback, Object state, BeginInvokeDelegate beginDelegate, EndInvokeDelegate`1 endDelegate, Object tag)
   at System.Web.Mvc.Async.AsyncControllerActionInvoker.<>c__DisplayClass25.<BeginInvokeAction>b__1e(AsyncCallback asyncCallback, Object asyncState)
 2015-05-15 21:45:17,894 [35] INFO  StatisticalSolutions.Controllers.Base.BaseController - Application URL - /StatisticalSolutions/Base/StatisticalError 
 2015-05-15 21:45:17,895 [35] INFO  StatisticalSolutions.Controllers.Base.BaseController - Application URL - /StatisticalSolutions/Base/StatisticalError 
 2015-05-15 21:45:17,895 [35] ERROR StatisticalSolutions.Controllers.Base.BaseController - Statistical exception message - Exception has been thrown by the target of an invocation.
 2015-05-15 21:45:17,896 [35] ERROR StatisticalSolutions.Controllers.Base.BaseController - Statistical exception stack trace -    at System.RuntimeTypeHandle.CreateInstance(RuntimeType type, Boolean publicOnly, Boolean noCheck, Boolean& canBeCached, RuntimeMethodHandleInternal& ctor, Boolean& bNeedSecurityCheck)
   at System.RuntimeType.CreateInstanceSlow(Boolean publicOnly, Boolean skipCheckThis, Boolean fillCache, StackCrawlMark& stackMark)
   at System.RuntimeType.CreateInstanceDefaultCtor(Boolean publicOnly, Boolean skipCheckThis, Boolean fillCache, StackCrawlMark& stackMark)
   at System.Activator.CreateInstance(Type type, Boolean nonPublic)
   at System.Activator.CreateInstance(Type type)
   at System.Threading.LazyHelpers`1.ActivatorFactorySelector()
   at System.Threading.LazyInitializer.EnsureInitializedCore[T](T& target, Boolean& initialized, Object& syncLock, Func`1 valueFactory)
   at System.Threading.LazyInitializer.EnsureInitialized[T](T& target, Boolean& initialized, Object& syncLock)
   at StatisticalSolutions.Filters.InitializeSimpleMembershipAttribute.OnActionExecuting(ActionExecutingContext filterContext) in e:\Ola Projects\3rdPartyProjects\StatisticalSolutions\StatisticalSolutions\Filters\InitializeSimpleMembershipAttribute.cs:line 23
   at System.Web.Mvc.Async.AsyncControllerActionInvoker.InvokeActionMethodFilterAsynchronously(IActionFilter filter, ActionExecutingContext preContext, Func`1 nextInChain)
   at System.Web.Mvc.Async.AsyncControllerActionInvoker.InvokeActionMethodFilterAsynchronously(IActionFilter filter, ActionExecutingContext preContext, Func`1 nextInChain)
   at System.Web.Mvc.Async.AsyncControllerActionInvoker.<>c__DisplayClass37.<BeginInvokeActionMethodWithFilters>b__31(AsyncCallback asyncCallback, Object asyncState)
   at System.Web.Mvc.Async.AsyncResultWrapper.WrappedAsyncResult`1.Begin(AsyncCallback callback, Object state, Int32 timeout)
   at System.Web.Mvc.Async.AsyncResultWrapper.Begin[TResult](AsyncCallback callback, Object state, BeginInvokeDelegate beginDelegate, EndInvokeDelegate`1 endDelegate, Object tag, Int32 timeout)
   at System.Web.Mvc.Async.AsyncResultWrapper.Begin[TResult](AsyncCallback callback, Object state, BeginInvokeDelegate beginDelegate, EndInvokeDelegate`1 endDelegate, Object tag)
   at System.Web.Mvc.Async.AsyncControllerActionInvoker.<>c__DisplayClass25.<BeginInvokeAction>b__1e(AsyncCallback asyncCallback, Object asyncState)
 2015-05-15 21:45:17,901 [38] INFO  StatisticalSolutions.Controllers.Base.BaseController - Application URL - /StatisticalSolutions/Base/StatisticalError 
 2015-05-15 21:45:17,902 [38] INFO  StatisticalSolutions.Controllers.Base.BaseController - Application URL - /StatisticalSolutions/Base/StatisticalError 
 2015-05-15 21:45:17,902 [38] ERROR StatisticalSolutions.Controllers.Base.BaseController - Statistical exception message - Exception has been thrown by the target of an invocation.
 2015-05-15 21:45:17,903 [38] ERROR StatisticalSolutions.Controllers.Base.BaseController - Statistical exception stack trace -    at System.RuntimeTypeHandle.CreateInstance(RuntimeType type, Boolean publicOnly, Boolean noCheck, Boolean& canBeCached, RuntimeMethodHandleInternal& ctor, Boolean& bNeedSecurityCheck)
   at System.RuntimeType.CreateInstanceSlow(Boolean publicOnly, Boolean skipCheckThis, Boolean fillCache, StackCrawlMark& stackMark)
   at System.RuntimeType.CreateInstanceDefaultCtor(Boolean publicOnly, Boolean skipCheckThis, Boolean fillCache, StackCrawlMark& stackMark)
   at System.Activator.CreateInstance(Type type, Boolean nonPublic)
   at System.Activator.CreateInstance(Type type)
   at System.Threading.LazyHelpers`1.ActivatorFactorySelector()
   at System.Threading.LazyInitializer.EnsureInitializedCore[T](T& target, Boolean& initialized, Object& syncLock, Func`1 valueFactory)
   at System.Threading.LazyInitializer.EnsureInitialized[T](T& target, Boolean& initialized, Object& syncLock)
   at StatisticalSolutions.Filters.InitializeSimpleMembershipAttribute.OnActionExecuting(ActionExecutingContext filterContext) in e:\Ola Projects\3rdPartyProjects\StatisticalSolutions\StatisticalSolutions\Filters\InitializeSimpleMembershipAttribute.cs:line 23
   at System.Web.Mvc.Async.AsyncControllerActionInvoker.InvokeActionMethodFilterAsynchronously(IActionFilter filter, ActionExecutingContext preContext, Func`1 nextInChain)
   at System.Web.Mvc.Async.AsyncControllerActionInvoker.InvokeActionMethodFilterAsynchronously(IActionFilter filter, ActionExecutingContext preContext, Func`1 nextInChain)
   at System.Web.Mvc.Async.AsyncControllerActionInvoker.<>c__DisplayClass37.<BeginInvokeActionMethodWithFilters>b__31(AsyncCallback asyncCallback, Object asyncState)
   at System.Web.Mvc.Async.AsyncResultWrapper.WrappedAsyncResult`1.Begin(AsyncCallback callback, Object state, Int32 timeout)
   at System.Web.Mvc.Async.AsyncResultWrapper.Begin[TResult](AsyncCallback callback, Object state, BeginInvokeDelegate beginDelegate, EndInvokeDelegate`1 endDelegate, Object tag, Int32 timeout)
   at System.Web.Mvc.Async.AsyncResultWrapper.Begin[TResult](AsyncCallback callback, Object state, BeginInvokeDelegate beginDelegate, EndInvokeDelegate`1 endDelegate, Object tag)
   at System.Web.Mvc.Async.AsyncControllerActionInvoker.<>c__DisplayClass25.<BeginInvokeAction>b__1e(AsyncCallback asyncCallback, Object asyncState)
 2015-05-15 21:45:17,918 [36] INFO  StatisticalSolutions.Controllers.Base.BaseController - Application URL - /StatisticalSolutions/Base/StatisticalError 
 2015-05-15 21:45:17,920 [36] INFO  StatisticalSolutions.Controllers.Base.BaseController - Application URL - /StatisticalSolutions/Base/StatisticalError 
 2015-05-15 21:45:17,921 [36] ERROR StatisticalSolutions.Controllers.Base.BaseController - Statistical exception message - Exception has been thrown by the target of an invocation.
 2015-05-15 21:45:17,921 [36] ERROR StatisticalSolutions.Controllers.Base.BaseController - Statistical exception stack trace -    at System.RuntimeTypeHandle.CreateInstance(RuntimeType type, Boolean publicOnly, Boolean noCheck, Boolean& canBeCached, RuntimeMethodHandleInternal& ctor, Boolean& bNeedSecurityCheck)
   at System.RuntimeType.CreateInstanceSlow(Boolean publicOnly, Boolean skipCheckThis, Boolean fillCache, StackCrawlMark& stackMark)
   at System.RuntimeType.CreateInstanceDefaultCtor(Boolean publicOnly, Boolean skipCheckThis, Boolean fillCache, StackCrawlMark& stackMark)
   at System.Activator.CreateInstance(Type type, Boolean nonPublic)
   at System.Activator.CreateInstance(Type type)
   at System.Threading.LazyHelpers`1.ActivatorFactorySelector()
   at System.Threading.LazyInitializer.EnsureInitializedCore[T](T& target, Boolean& initialized, Object& syncLock, Func`1 valueFactory)
   at System.Threading.LazyInitializer.EnsureInitialized[T](T& target, Boolean& initialized, Object& syncLock)
   at StatisticalSolutions.Filters.InitializeSimpleMembershipAttribute.OnActionExecuting(ActionExecutingContext filterContext) in e:\Ola Projects\3rdPartyProjects\StatisticalSolutions\StatisticalSolutions\Filters\InitializeSimpleMembershipAttribute.cs:line 23
   at System.Web.Mvc.Async.AsyncControllerActionInvoker.InvokeActionMethodFilterAsynchronously(IActionFilter filter, ActionExecutingContext preContext, Func`1 nextInChain)
   at System.Web.Mvc.Async.AsyncControllerActionInvoker.InvokeActionMethodFilterAsynchronously(IActionFilter filter, ActionExecutingContext preContext, Func`1 nextInChain)
   at System.Web.Mvc.Async.AsyncControllerActionInvoker.<>c__DisplayClass37.<BeginInvokeActionMethodWithFilters>b__31(AsyncCallback asyncCallback, Object asyncState)
   at System.Web.Mvc.Async.AsyncResultWrapper.WrappedAsyncResult`1.Begin(AsyncCallback callback, Object state, Int32 timeout)
   at System.Web.Mvc.Async.AsyncResultWrapper.Begin[TResult](AsyncCallback callback, Object state, BeginInvokeDelegate beginDelegate, EndInvokeDelegate`1 endDelegate, Object tag, Int32 timeout)
   at System.Web.Mvc.Async.AsyncResultWrapper.Begin[TResult](AsyncCallback callback, Object state, BeginInvokeDelegate beginDelegate, EndInvokeDelegate`1 endDelegate, Object tag)
   at System.Web.Mvc.Async.AsyncControllerActionInvoker.<>c__DisplayClass25.<BeginInvokeAction>b__1e(AsyncCallback asyncCallback, Object asyncState)
 2015-05-15 21:45:17,928 [38] INFO  StatisticalSolutions.Controllers.Base.BaseController - Application URL - /StatisticalSolutions/Base/StatisticalError 
 2015-05-15 21:45:17,929 [38] INFO  StatisticalSolutions.Controllers.Base.BaseController - Application URL - /StatisticalSolutions/Base/StatisticalError 
 2015-05-15 21:45:17,929 [38] ERROR StatisticalSolutions.Controllers.Base.BaseController - Statistical exception message - Exception has been thrown by the target of an invocation.
 2015-05-15 21:45:17,929 [38] ERROR StatisticalSolutions.Controllers.Base.BaseController - Statistical exception stack trace -    at System.RuntimeTypeHandle.CreateInstance(RuntimeType type, Boolean publicOnly, Boolean noCheck, Boolean& canBeCached, RuntimeMethodHandleInternal& ctor, Boolean& bNeedSecurityCheck)
   at System.RuntimeType.CreateInstanceSlow(Boolean publicOnly, Boolean skipCheckThis, Boolean fillCache, StackCrawlMark& stackMark)
   at System.RuntimeType.CreateInstanceDefaultCtor(Boolean publicOnly, Boolean skipCheckThis, Boolean fillCache, StackCrawlMark& stackMark)
   at System.Activator.CreateInstance(Type type, Boolean nonPublic)
   at System.Activator.CreateInstance(Type type)
   at System.Threading.LazyHelpers`1.ActivatorFactorySelector()
   at System.Threading.LazyInitializer.EnsureInitializedCore[T](T& target, Boolean& initialized, Object& syncLock, Func`1 valueFactory)
   at System.Threading.LazyInitializer.EnsureInitialized[T](T& target, Boolean& initialized, Object& syncLock)
   at StatisticalSolutions.Filters.InitializeSimpleMembershipAttribute.OnActionExecuting(ActionExecutingContext filterContext) in e:\Ola Projects\3rdPartyProjects\StatisticalSolutions\StatisticalSolutions\Filters\InitializeSimpleMembershipAttribute.cs:line 23
   at System.Web.Mvc.Async.AsyncControllerActionInvoker.InvokeActionMethodFilterAsynchronously(IActionFilter filter, ActionExecutingContext preContext, Func`1 nextInChain)
   at System.Web.Mvc.Async.AsyncControllerActionInvoker.InvokeActionMethodFilterAsynchronously(IActionFilter filter, ActionExecutingContext preContext, Func`1 nextInChain)
   at System.Web.Mvc.Async.AsyncControllerActionInvoker.<>c__DisplayClass37.<BeginInvokeActionMethodWithFilters>b__31(AsyncCallback asyncCallback, Object asyncState)
   at System.Web.Mvc.Async.AsyncResultWrapper.WrappedAsyncResult`1.Begin(AsyncCallback callback, Object state, Int32 timeout)
   at System.Web.Mvc.Async.AsyncResultWrapper.Begin[TResult](AsyncCallback callback, Object state, BeginInvokeDelegate beginDelegate, EndInvokeDelegate`1 endDelegate, Object tag, Int32 timeout)
   at System.Web.Mvc.Async.AsyncResultWrapper.Begin[TResult](AsyncCallback callback, Object state, BeginInvokeDelegate beginDelegate, EndInvokeDelegate`1 endDelegate, Object tag)
   at System.Web.Mvc.Async.AsyncControllerActionInvoker.<>c__DisplayClass25.<BeginInvokeAction>b__1e(AsyncCallback asyncCallback, Object asyncState)
 2015-05-15 21:45:17,935 [25] INFO  StatisticalSolutions.Controllers.Base.BaseController - Application URL - /StatisticalSolutions/Base/StatisticalError 
 2015-05-15 21:45:17,936 [25] INFO  StatisticalSolutions.Controllers.Base.BaseController - Application URL - /StatisticalSolutions/Base/StatisticalError 
 2015-05-15 21:45:17,936 [25] ERROR StatisticalSolutions.Controllers.Base.BaseController - Statistical exception message - Exception has been thrown by the target of an invocation.
 2015-05-15 21:45:17,937 [25] ERROR StatisticalSolutions.Controllers.Base.BaseController - Statistical exception stack trace -    at System.RuntimeTypeHandle.CreateInstance(RuntimeType type, Boolean publicOnly, Boolean noCheck, Boolean& canBeCached, RuntimeMethodHandleInternal& ctor, Boolean& bNeedSecurityCheck)
   at System.RuntimeType.CreateInstanceSlow(Boolean publicOnly, Boolean skipCheckThis, Boolean fillCache, StackCrawlMark& stackMark)
   at System.RuntimeType.CreateInstanceDefaultCtor(Boolean publicOnly, Boolean skipCheckThis, Boolean fillCache, StackCrawlMark& stackMark)
   at System.Activator.CreateInstance(Type type, Boolean nonPublic)
   at System.Activator.CreateInstance(Type type)
   at System.Threading.LazyHelpers`1.ActivatorFactorySelector()
   at System.Threading.LazyInitializer.EnsureInitializedCore[T](T& target, Boolean& initialized, Object& syncLock, Func`1 valueFactory)
   at System.Threading.LazyInitializer.EnsureInitialized[T](T& target, Boolean& initialized, Object& syncLock)
   at StatisticalSolutions.Filters.InitializeSimpleMembershipAttribute.OnActionExecuting(ActionExecutingContext filterContext) in e:\Ola Projects\3rdPartyProjects\StatisticalSolutions\StatisticalSolutions\Filters\InitializeSimpleMembershipAttribute.cs:line 23
   at System.Web.Mvc.Async.AsyncControllerActionInvoker.InvokeActionMethodFilterAsynchronously(IActionFilter filter, ActionExecutingContext preContext, Func`1 nextInChain)
   at System.Web.Mvc.Async.AsyncControllerActionInvoker.InvokeActionMethodFilterAsynchronously(IActionFilter filter, ActionExecutingContext preContext, Func`1 nextInChain)
   at System.Web.Mvc.Async.AsyncControllerActionInvoker.<>c__DisplayClass37.<BeginInvokeActionMethodWithFilters>b__31(AsyncCallback asyncCallback, Object asyncState)
   at System.Web.Mvc.Async.AsyncResultWrapper.WrappedAsyncResult`1.Begin(AsyncCallback callback, Object state, Int32 timeout)
   at System.Web.Mvc.Async.AsyncResultWrapper.Begin[TResult](AsyncCallback callback, Object state, BeginInvokeDelegate beginDelegate, EndInvokeDelegate`1 endDelegate, Object tag, Int32 timeout)
   at System.Web.Mvc.Async.AsyncResultWrapper.Begin[TResult](AsyncCallback callback, Object state, BeginInvokeDelegate beginDelegate, EndInvokeDelegate`1 endDelegate, Object tag)
   at System.Web.Mvc.Async.AsyncControllerActionInvoker.<>c__DisplayClass25.<BeginInvokeAction>b__1e(AsyncCallback asyncCallback, Object asyncState)
 2015-05-15 21:45:17,942 [36] INFO  StatisticalSolutions.Controllers.Base.BaseController - Application URL - /StatisticalSolutions/Base/StatisticalError 
 2015-05-15 21:45:17,944 [36] INFO  StatisticalSolutions.Controllers.Base.BaseController - Application URL - /StatisticalSolutions/Base/StatisticalError 
 2015-05-15 21:45:17,944 [36] ERROR StatisticalSolutions.Controllers.Base.BaseController - Statistical exception message - Exception has been thrown by the target of an invocation.
 2015-05-15 21:45:17,944 [36] ERROR StatisticalSolutions.Controllers.Base.BaseController - Statistical exception stack trace -    at System.RuntimeTypeHandle.CreateInstance(RuntimeType type, Boolean publicOnly, Boolean noCheck, Boolean& canBeCached, RuntimeMethodHandleInternal& ctor, Boolean& bNeedSecurityCheck)
   at System.RuntimeType.CreateInstanceSlow(Boolean publicOnly, Boolean skipCheckThis, Boolean fillCache, StackCrawlMark& stackMark)
   at System.RuntimeType.CreateInstanceDefaultCtor(Boolean publicOnly, Boolean skipCheckThis, Boolean fillCache, StackCrawlMark& stackMark)
   at System.Activator.CreateInstance(Type type, Boolean nonPublic)
   at System.Activator.CreateInstance(Type type)
   at System.Threading.LazyHelpers`1.ActivatorFactorySelector()
   at System.Threading.LazyInitializer.EnsureInitializedCore[T](T& target, Boolean& initialized, Object& syncLock, Func`1 valueFactory)
   at System.Threading.LazyInitializer.EnsureInitialized[T](T& target, Boolean& initialized, Object& syncLock)
   at StatisticalSolutions.Filters.InitializeSimpleMembershipAttribute.OnActionExecuting(ActionExecutingContext filterContext) in e:\Ola Projects\3rdPartyProjects\StatisticalSolutions\StatisticalSolutions\Filters\InitializeSimpleMembershipAttribute.cs:line 23
   at System.Web.Mvc.Async.AsyncControllerActionInvoker.InvokeActionMethodFilterAsynchronously(IActionFilter filter, ActionExecutingContext preContext, Func`1 nextInChain)
   at System.Web.Mvc.Async.AsyncControllerActionInvoker.InvokeActionMethodFilterAsynchronously(IActionFilter filter, ActionExecutingContext preContext, Func`1 nextInChain)
   at System.Web.Mvc.Async.AsyncControllerActionInvoker.<>c__DisplayClass37.<BeginInvokeActionMethodWithFilters>b__31(AsyncCallback asyncCallback, Object asyncState)
   at System.Web.Mvc.Async.AsyncResultWrapper.WrappedAsyncResult`1.Begin(AsyncCallback callback, Object state, Int32 timeout)
   at System.Web.Mvc.Async.AsyncResultWrapper.Begin[TResult](AsyncCallback callback, Object state, BeginInvokeDelegate beginDelegate, EndInvokeDelegate`1 endDelegate, Object tag, Int32 timeout)
   at System.Web.Mvc.Async.AsyncResultWrapper.Begin[TResult](AsyncCallback callback, Object state, BeginInvokeDelegate beginDelegate, EndInvokeDelegate`1 endDelegate, Object tag)
   at System.Web.Mvc.Async.AsyncControllerActionInvoker.<>c__DisplayClass25.<BeginInvokeAction>b__1e(AsyncCallback asyncCallback, Object asyncState)
 2015-05-15 21:45:17,950 [35] INFO  StatisticalSolutions.Controllers.Base.BaseController - Application URL - /StatisticalSolutions/Base/StatisticalError 
 2015-05-15 21:45:17,951 [35] INFO  StatisticalSolutions.Controllers.Base.BaseController - Application URL - /StatisticalSolutions/Base/StatisticalError 
 2015-05-15 21:45:17,952 [35] ERROR StatisticalSolutions.Controllers.Base.BaseController - Statistical exception message - Exception has been thrown by the target of an invocation.
 2015-05-15 21:45:17,952 [35] ERROR StatisticalSolutions.Controllers.Base.BaseController - Statistical exception stack trace -    at System.RuntimeTypeHandle.CreateInstance(RuntimeType type, Boolean publicOnly, Boolean noCheck, Boolean& canBeCached, RuntimeMethodHandleInternal& ctor, Boolean& bNeedSecurityCheck)
   at System.RuntimeType.CreateInstanceSlow(Boolean publicOnly, Boolean skipCheckThis, Boolean fillCache, StackCrawlMark& stackMark)
   at System.RuntimeType.CreateInstanceDefaultCtor(Boolean publicOnly, Boolean skipCheckThis, Boolean fillCache, StackCrawlMark& stackMark)
   at System.Activator.CreateInstance(Type type, Boolean nonPublic)
   at System.Activator.CreateInstance(Type type)
   at System.Threading.LazyHelpers`1.ActivatorFactorySelector()
   at System.Threading.LazyInitializer.EnsureInitializedCore[T](T& target, Boolean& initialized, Object& syncLock, Func`1 valueFactory)
   at System.Threading.LazyInitializer.EnsureInitialized[T](T& target, Boolean& initialized, Object& syncLock)
   at StatisticalSolutions.Filters.InitializeSimpleMembershipAttribute.OnActionExecuting(ActionExecutingContext filterContext) in e:\Ola Projects\3rdPartyProjects\StatisticalSolutions\StatisticalSolutions\Filters\InitializeSimpleMembershipAttribute.cs:line 23
   at System.Web.Mvc.Async.AsyncControllerActionInvoker.InvokeActionMethodFilterAsynchronously(IActionFilter filter, ActionExecutingContext preContext, Func`1 nextInChain)
   at System.Web.Mvc.Async.AsyncControllerActionInvoker.InvokeActionMethodFilterAsynchronously(IActionFilter filter, ActionExecutingContext preContext, Func`1 nextInChain)
   at System.Web.Mvc.Async.AsyncControllerActionInvoker.<>c__DisplayClass37.<BeginInvokeActionMethodWithFilters>b__31(AsyncCallback asyncCallback, Object asyncState)
   at System.Web.Mvc.Async.AsyncResultWrapper.WrappedAsyncResult`1.Begin(AsyncCallback callback, Object state, Int32 timeout)
   at System.Web.Mvc.Async.AsyncResultWrapper.Begin[TResult](AsyncCallback callback, Object state, BeginInvokeDelegate beginDelegate, EndInvokeDelegate`1 endDelegate, Object tag, Int32 timeout)
   at System.Web.Mvc.Async.AsyncResultWrapper.Begin[TResult](AsyncCallback callback, Object state, BeginInvokeDelegate beginDelegate, EndInvokeDelegate`1 endDelegate, Object tag)
   at System.Web.Mvc.Async.AsyncControllerActionInvoker.<>c__DisplayClass25.<BeginInvokeAction>b__1e(AsyncCallback asyncCallback, Object asyncState)
 2015-05-15 21:45:17,957 [38] INFO  StatisticalSolutions.Controllers.Base.BaseController - Application URL - /StatisticalSolutions/Base/StatisticalError 
 2015-05-15 21:45:17,959 [38] INFO  StatisticalSolutions.Controllers.Base.BaseController - Application URL - /StatisticalSolutions/Base/StatisticalError 
 2015-05-15 21:45:17,959 [38] ERROR StatisticalSolutions.Controllers.Base.BaseController - Statistical exception message - Exception has been thrown by the target of an invocation.
 2015-05-15 21:45:17,960 [38] ERROR StatisticalSolutions.Controllers.Base.BaseController - Statistical exception stack trace -    at System.RuntimeTypeHandle.CreateInstance(RuntimeType type, Boolean publicOnly, Boolean noCheck, Boolean& canBeCached, RuntimeMethodHandleInternal& ctor, Boolean& bNeedSecurityCheck)
   at System.RuntimeType.CreateInstanceSlow(Boolean publicOnly, Boolean skipCheckThis, Boolean fillCache, StackCrawlMark& stackMark)
   at System.RuntimeType.CreateInstanceDefaultCtor(Boolean publicOnly, Boolean skipCheckThis, Boolean fillCache, StackCrawlMark& stackMark)
   at System.Activator.CreateInstance(Type type, Boolean nonPublic)
   at System.Activator.CreateInstance(Type type)
   at System.Threading.LazyHelpers`1.ActivatorFactorySelector()
   at System.Threading.LazyInitializer.EnsureInitializedCore[T](T& target, Boolean& initialized, Object& syncLock, Func`1 valueFactory)
   at System.Threading.LazyInitializer.EnsureInitialized[T](T& target, Boolean& initialized, Object& syncLock)
   at StatisticalSolutions.Filters.InitializeSimpleMembershipAttribute.OnActionExecuting(ActionExecutingContext filterContext) in e:\Ola Projects\3rdPartyProjects\StatisticalSolutions\StatisticalSolutions\Filters\InitializeSimpleMembershipAttribute.cs:line 23
   at System.Web.Mvc.Async.AsyncControllerActionInvoker.InvokeActionMethodFilterAsynchronously(IActionFilter filter, ActionExecutingContext preContext, Func`1 nextInChain)
   at System.Web.Mvc.Async.AsyncControllerActionInvoker.InvokeActionMethodFilterAsynchronously(IActionFilter filter, ActionExecutingContext preContext, Func`1 nextInChain)
   at System.Web.Mvc.Async.AsyncControllerActionInvoker.<>c__DisplayClass37.<BeginInvokeActionMethodWithFilters>b__31(AsyncCallback asyncCallback, Object asyncState)
   at System.Web.Mvc.Async.AsyncResultWrapper.WrappedAsyncResult`1.Begin(AsyncCallback callback, Object state, Int32 timeout)
   at System.Web.Mvc.Async.AsyncResultWrapper.Begin[TResult](AsyncCallback callback, Object state, BeginInvokeDelegate beginDelegate, EndInvokeDelegate`1 endDelegate, Object tag, Int32 timeout)
   at System.Web.Mvc.Async.AsyncResultWrapper.Begin[TResult](AsyncCallback callback, Object state, BeginInvokeDelegate beginDelegate, EndInvokeDelegate`1 endDelegate, Object tag)
   at System.Web.Mvc.Async.AsyncControllerActionInvoker.<>c__DisplayClass25.<BeginInvokeAction>b__1e(AsyncCallback asyncCallback, Object asyncState)
 2015-05-15 21:45:17,966 [25] INFO  StatisticalSolutions.Controllers.Base.BaseController - Application URL - /StatisticalSolutions/Base/StatisticalError 
 2015-05-15 21:45:17,967 [25] INFO  StatisticalSolutions.Controllers.Base.BaseController - Application URL - /StatisticalSolutions/Base/StatisticalError 
 2015-05-15 21:45:17,968 [25] ERROR StatisticalSolutions.Controllers.Base.BaseController - Statistical exception message - Exception has been thrown by the target of an invocation.
 2015-05-15 21:45:17,968 [25] ERROR StatisticalSolutions.Controllers.Base.BaseController - Statistical exception stack trace -    at System.RuntimeTypeHandle.CreateInstance(RuntimeType type, Boolean publicOnly, Boolean noCheck, Boolean& canBeCached, RuntimeMethodHandleInternal& ctor, Boolean& bNeedSecurityCheck)
   at System.RuntimeType.CreateInstanceSlow(Boolean publicOnly, Boolean skipCheckThis, Boolean fillCache, StackCrawlMark& stackMark)
   at System.RuntimeType.CreateInstanceDefaultCtor(Boolean publicOnly, Boolean skipCheckThis, Boolean fillCache, StackCrawlMark& stackMark)
   at System.Activator.CreateInstance(Type type, Boolean nonPublic)
   at System.Activator.CreateInstance(Type type)
   at System.Threading.LazyHelpers`1.ActivatorFactorySelector()
   at System.Threading.LazyInitializer.EnsureInitializedCore[T](T& target, Boolean& initialized, Object& syncLock, Func`1 valueFactory)
   at System.Threading.LazyInitializer.EnsureInitialized[T](T& target, Boolean& initialized, Object& syncLock)
   at StatisticalSolutions.Filters.InitializeSimpleMembershipAttribute.OnActionExecuting(ActionExecutingContext filterContext) in e:\Ola Projects\3rdPartyProjects\StatisticalSolutions\StatisticalSolutions\Filters\InitializeSimpleMembershipAttribute.cs:line 23
   at System.Web.Mvc.Async.AsyncControllerActionInvoker.InvokeActionMethodFilterAsynchronously(IActionFilter filter, ActionExecutingContext preContext, Func`1 nextInChain)
   at System.Web.Mvc.Async.AsyncControllerActionInvoker.InvokeActionMethodFilterAsynchronously(IActionFilter filter, ActionExecutingContext preContext, Func`1 nextInChain)
   at System.Web.Mvc.Async.AsyncControllerActionInvoker.<>c__DisplayClass37.<BeginInvokeActionMethodWithFilters>b__31(AsyncCallback asyncCallback, Object asyncState)
   at System.Web.Mvc.Async.AsyncResultWrapper.WrappedAsyncResult`1.Begin(AsyncCallback callback, Object state, Int32 timeout)
   at System.Web.Mvc.Async.AsyncResultWrapper.Begin[TResult](AsyncCallback callback, Object state, BeginInvokeDelegate beginDelegate, EndInvokeDelegate`1 endDelegate, Object tag, Int32 timeout)
   at System.Web.Mvc.Async.AsyncResultWrapper.Begin[TResult](AsyncCallback callback, Object state, BeginInvokeDelegate beginDelegate, EndInvokeDelegate`1 endDelegate, Object tag)
   at System.Web.Mvc.Async.AsyncControllerActionInvoker.<>c__DisplayClass25.<BeginInvokeAction>b__1e(AsyncCallback asyncCallback, Object asyncState)
 2015-05-15 21:45:17,973 [36] INFO  StatisticalSolutions.Controllers.Base.BaseController - Application URL - /StatisticalSolutions/Base/StatisticalError 
 2015-05-15 21:45:17,974 [36] INFO  StatisticalSolutions.Controllers.Base.BaseController - Application URL - /StatisticalSolutions/Base/StatisticalError 
 2015-05-15 21:45:17,974 [36] ERROR StatisticalSolutions.Controllers.Base.BaseController - Statistical exception message - Exception has been thrown by the target of an invocation.
 2015-05-15 21:45:17,974 [36] ERROR StatisticalSolutions.Controllers.Base.BaseController - Statistical exception stack trace -    at System.RuntimeTypeHandle.CreateInstance(RuntimeType type, Boolean publicOnly, Boolean noCheck, Boolean& canBeCached, RuntimeMethodHandleInternal& ctor, Boolean& bNeedSecurityCheck)
   at System.RuntimeType.CreateInstanceSlow(Boolean publicOnly, Boolean skipCheckThis, Boolean fillCache, StackCrawlMark& stackMark)
   at System.RuntimeType.CreateInstanceDefaultCtor(Boolean publicOnly, Boolean skipCheckThis, Boolean fillCache, StackCrawlMark& stackMark)
   at System.Activator.CreateInstance(Type type, Boolean nonPublic)
   at System.Activator.CreateInstance(Type type)
   at System.Threading.LazyHelpers`1.ActivatorFactorySelector()
   at System.Threading.LazyInitializer.EnsureInitializedCore[T](T& target, Boolean& initialized, Object& syncLock, Func`1 valueFactory)
   at System.Threading.LazyInitializer.EnsureInitialized[T](T& target, Boolean& initialized, Object& syncLock)
   at StatisticalSolutions.Filters.InitializeSimpleMembershipAttribute.OnActionExecuting(ActionExecutingContext filterContext) in e:\Ola Projects\3rdPartyProjects\StatisticalSolutions\StatisticalSolutions\Filters\InitializeSimpleMembershipAttribute.cs:line 23
   at System.Web.Mvc.Async.AsyncControllerActionInvoker.InvokeActionMethodFilterAsynchronously(IActionFilter filter, ActionExecutingContext preContext, Func`1 nextInChain)
   at System.Web.Mvc.Async.AsyncControllerActionInvoker.InvokeActionMethodFilterAsynchronously(IActionFilter filter, ActionExecutingContext preContext, Func`1 nextInChain)
   at System.Web.Mvc.Async.AsyncControllerActionInvoker.<>c__DisplayClass37.<BeginInvokeActionMethodWithFilters>b__31(AsyncCallback asyncCallback, Object asyncState)
   at System.Web.Mvc.Async.AsyncResultWrapper.WrappedAsyncResult`1.Begin(AsyncCallback callback, Object state, Int32 timeout)
   at System.Web.Mvc.Async.AsyncResultWrapper.Begin[TResult](AsyncCallback callback, Object state, BeginInvokeDelegate beginDelegate, EndInvokeDelegate`1 endDelegate, Object tag, Int32 timeout)
   at System.Web.Mvc.Async.AsyncResultWrapper.Begin[TResult](AsyncCallback callback, Object state, BeginInvokeDelegate beginDelegate, EndInvokeDelegate`1 endDelegate, Object tag)
   at System.Web.Mvc.Async.AsyncControllerActionInvoker.<>c__DisplayClass25.<BeginInvokeAction>b__1e(AsyncCallback asyncCallback, Object asyncState)
 2015-05-15 21:45:17,981 [35] INFO  StatisticalSolutions.Controllers.Base.BaseController - Application URL - /StatisticalSolutions/Base/StatisticalError 
 2015-05-15 21:45:17,982 [35] INFO  StatisticalSolutions.Controllers.Base.BaseController - Application URL - /StatisticalSolutions/Base/StatisticalError 
 2015-05-15 21:45:17,983 [35] ERROR StatisticalSolutions.Controllers.Base.BaseController - Statistical exception message - Exception has been thrown by the target of an invocation.
 2015-05-15 21:45:17,983 [35] ERROR StatisticalSolutions.Controllers.Base.BaseController - Statistical exception stack trace -    at System.RuntimeTypeHandle.CreateInstance(RuntimeType type, Boolean publicOnly, Boolean noCheck, Boolean& canBeCached, RuntimeMethodHandleInternal& ctor, Boolean& bNeedSecurityCheck)
   at System.RuntimeType.CreateInstanceSlow(Boolean publicOnly, Boolean skipCheckThis, Boolean fillCache, StackCrawlMark& stackMark)
   at System.RuntimeType.CreateInstanceDefaultCtor(Boolean publicOnly, Boolean skipCheckThis, Boolean fillCache, StackCrawlMark& stackMark)
   at System.Activator.CreateInstance(Type type, Boolean nonPublic)
   at System.Activator.CreateInstance(Type type)
   at System.Threading.LazyHelpers`1.ActivatorFactorySelector()
   at System.Threading.LazyInitializer.EnsureInitializedCore[T](T& target, Boolean& initialized, Object& syncLock, Func`1 valueFactory)
   at System.Threading.LazyInitializer.EnsureInitialized[T](T& target, Boolean& initialized, Object& syncLock)
   at StatisticalSolutions.Filters.InitializeSimpleMembershipAttribute.OnActionExecuting(ActionExecutingContext filterContext) in e:\Ola Projects\3rdPartyProjects\StatisticalSolutions\StatisticalSolutions\Filters\InitializeSimpleMembershipAttribute.cs:line 23
   at System.Web.Mvc.Async.AsyncControllerActionInvoker.InvokeActionMethodFilterAsynchronously(IActionFilter filter, ActionExecutingContext preContext, Func`1 nextInChain)
   at System.Web.Mvc.Async.AsyncControllerActionInvoker.InvokeActionMethodFilterAsynchronously(IActionFilter filter, ActionExecutingContext preContext, Func`1 nextInChain)
   at System.Web.Mvc.Async.AsyncControllerActionInvoker.<>c__DisplayClass37.<BeginInvokeActionMethodWithFilters>b__31(AsyncCallback asyncCallback, Object asyncState)
   at System.Web.Mvc.Async.AsyncResultWrapper.WrappedAsyncResult`1.Begin(AsyncCallback callback, Object state, Int32 timeout)
   at System.Web.Mvc.Async.AsyncResultWrapper.Begin[TResult](AsyncCallback callback, Object state, BeginInvokeDelegate beginDelegate, EndInvokeDelegate`1 endDelegate, Object tag, Int32 timeout)
   at System.Web.Mvc.Async.AsyncResultWrapper.Begin[TResult](AsyncCallback callback, Object state, BeginInvokeDelegate beginDelegate, EndInvokeDelegate`1 endDelegate, Object tag)
   at System.Web.Mvc.Async.AsyncControllerActionInvoker.<>c__DisplayClass25.<BeginInvokeAction>b__1e(AsyncCallback asyncCallback, Object asyncState)
 2015-05-15 21:45:17,990 [38] INFO  StatisticalSolutions.Controllers.Base.BaseController - Application URL - /StatisticalSolutions/Base/StatisticalError 
 2015-05-15 21:45:17,995 [38] INFO  StatisticalSolutions.Controllers.Base.BaseController - Application URL - /StatisticalSolutions/Base/StatisticalError 
 2015-05-15 21:45:17,995 [38] ERROR StatisticalSolutions.Controllers.Base.BaseController - Statistical exception message - Exception has been thrown by the target of an invocation.
 2015-05-15 21:45:17,995 [38] ERROR StatisticalSolutions.Controllers.Base.BaseController - Statistical exception stack trace -    at System.RuntimeTypeHandle.CreateInstance(RuntimeType type, Boolean publicOnly, Boolean noCheck, Boolean& canBeCached, RuntimeMethodHandleInternal& ctor, Boolean& bNeedSecurityCheck)
   at System.RuntimeType.CreateInstanceSlow(Boolean publicOnly, Boolean skipCheckThis, Boolean fillCache, StackCrawlMark& stackMark)
   at System.RuntimeType.CreateInstanceDefaultCtor(Boolean publicOnly, Boolean skipCheckThis, Boolean fillCache, StackCrawlMark& stackMark)
   at System.Activator.CreateInstance(Type type, Boolean nonPublic)
   at System.Activator.CreateInstance(Type type)
   at System.Threading.LazyHelpers`1.ActivatorFactorySelector()
   at System.Threading.LazyInitializer.EnsureInitializedCore[T](T& target, Boolean& initialized, Object& syncLock, Func`1 valueFactory)
   at System.Threading.LazyInitializer.EnsureInitialized[T](T& target, Boolean& initialized, Object& syncLock)
   at StatisticalSolutions.Filters.InitializeSimpleMembershipAttribute.OnActionExecuting(ActionExecutingContext filterContext) in e:\Ola Projects\3rdPartyProjects\StatisticalSolutions\StatisticalSolutions\Filters\InitializeSimpleMembershipAttribute.cs:line 23
   at System.Web.Mvc.Async.AsyncControllerActionInvoker.InvokeActionMethodFilterAsynchronously(IActionFilter filter, ActionExecutingContext preContext, Func`1 nextInChain)
   at System.Web.Mvc.Async.AsyncControllerActionInvoker.InvokeActionMethodFilterAsynchronously(IActionFilter filter, ActionExecutingContext preContext, Func`1 nextInChain)
   at System.Web.Mvc.Async.AsyncControllerActionInvoker.<>c__DisplayClass37.<BeginInvokeActionMethodWithFilters>b__31(AsyncCallback asyncCallback, Object asyncState)
   at System.Web.Mvc.Async.AsyncResultWrapper.WrappedAsyncResult`1.Begin(AsyncCallback callback, Object state, Int32 timeout)
   at System.Web.Mvc.Async.AsyncResultWrapper.Begin[TResult](AsyncCallback callback, Object state, BeginInvokeDelegate beginDelegate, EndInvokeDelegate`1 endDelegate, Object tag, Int32 timeout)
   at System.Web.Mvc.Async.AsyncResultWrapper.Begin[TResult](AsyncCallback callback, Object state, BeginInvokeDelegate beginDelegate, EndInvokeDelegate`1 endDelegate, Object tag)
   at System.Web.Mvc.Async.AsyncControllerActionInvoker.<>c__DisplayClass25.<BeginInvokeAction>b__1e(AsyncCallback asyncCallback, Object asyncState)
 2015-05-15 21:45:18,001 [36] INFO  StatisticalSolutions.Controllers.Base.BaseController - Application URL - /StatisticalSolutions/Base/StatisticalError 
 2015-05-15 21:45:18,003 [36] INFO  StatisticalSolutions.Controllers.Base.BaseController - Application URL - /StatisticalSolutions/Base/StatisticalError 
 2015-05-15 21:45:18,003 [36] ERROR StatisticalSolutions.Controllers.Base.BaseController - Statistical exception message - Exception has been thrown by the target of an invocation.
 2015-05-15 21:45:18,004 [36] ERROR StatisticalSolutions.Controllers.Base.BaseController - Statistical exception stack trace -    at System.RuntimeTypeHandle.CreateInstance(RuntimeType type, Boolean publicOnly, Boolean noCheck, Boolean& canBeCached, RuntimeMethodHandleInternal& ctor, Boolean& bNeedSecurityCheck)
   at System.RuntimeType.CreateInstanceSlow(Boolean publicOnly, Boolean skipCheckThis, Boolean fillCache, StackCrawlMark& stackMark)
   at System.RuntimeType.CreateInstanceDefaultCtor(Boolean publicOnly, Boolean skipCheckThis, Boolean fillCache, StackCrawlMark& stackMark)
   at System.Activator.CreateInstance(Type type, Boolean nonPublic)
   at System.Activator.CreateInstance(Type type)
   at System.Threading.LazyHelpers`1.ActivatorFactorySelector()
   at System.Threading.LazyInitializer.EnsureInitializedCore[T](T& target, Boolean& initialized, Object& syncLock, Func`1 valueFactory)
   at System.Threading.LazyInitializer.EnsureInitialized[T](T& target, Boolean& initialized, Object& syncLock)
   at StatisticalSolutions.Filters.InitializeSimpleMembershipAttribute.OnActionExecuting(ActionExecutingContext filterContext) in e:\Ola Projects\3rdPartyProjects\StatisticalSolutions\StatisticalSolutions\Filters\InitializeSimpleMembershipAttribute.cs:line 23
   at System.Web.Mvc.Async.AsyncControllerActionInvoker.InvokeActionMethodFilterAsynchronously(IActionFilter filter, ActionExecutingContext preContext, Func`1 nextInChain)
   at System.Web.Mvc.Async.AsyncControllerActionInvoker.InvokeActionMethodFilterAsynchronously(IActionFilter filter, ActionExecutingContext preContext, Func`1 nextInChain)
   at System.Web.Mvc.Async.AsyncControllerActionInvoker.<>c__DisplayClass37.<BeginInvokeActionMethodWithFilters>b__31(AsyncCallback asyncCallback, Object asyncState)
   at System.Web.Mvc.Async.AsyncResultWrapper.WrappedAsyncResult`1.Begin(AsyncCallback callback, Object state, Int32 timeout)
   at System.Web.Mvc.Async.AsyncResultWrapper.Begin[TResult](AsyncCallback callback, Object state, BeginInvokeDelegate beginDelegate, EndInvokeDelegate`1 endDelegate, Object tag, Int32 timeout)
   at System.Web.Mvc.Async.AsyncResultWrapper.Begin[TResult](AsyncCallback callback, Object state, BeginInvokeDelegate beginDelegate, EndInvokeDelegate`1 endDelegate, Object tag)
   at System.Web.Mvc.Async.AsyncControllerActionInvoker.<>c__DisplayClass25.<BeginInvokeAction>b__1e(AsyncCallback asyncCallback, Object asyncState)
 2015-05-15 21:45:18,101 [38] INFO  StatisticalSolutions.Controllers.Base.BaseController - Application URL - /StatisticalSolutions/Base/StatisticalError 
 2015-05-15 21:45:18,103 [38] INFO  StatisticalSolutions.Controllers.Base.BaseController - Application URL - /StatisticalSolutions/Base/StatisticalError 
 2015-05-15 21:45:18,103 [38] ERROR StatisticalSolutions.Controllers.Base.BaseController - Statistical exception message - Exception has been thrown by the target of an invocation.
 2015-05-15 21:45:18,103 [38] ERROR StatisticalSolutions.Controllers.Base.BaseController - Statistical exception stack trace -    at System.RuntimeTypeHandle.CreateInstance(RuntimeType type, Boolean publicOnly, Boolean noCheck, Boolean& canBeCached, RuntimeMethodHandleInternal& ctor, Boolean& bNeedSecurityCheck)
   at System.RuntimeType.CreateInstanceSlow(Boolean publicOnly, Boolean skipCheckThis, Boolean fillCache, StackCrawlMark& stackMark)
   at System.RuntimeType.CreateInstanceDefaultCtor(Boolean publicOnly, Boolean skipCheckThis, Boolean fillCache, StackCrawlMark& stackMark)
   at System.Activator.CreateInstance(Type type, Boolean nonPublic)
   at System.Activator.CreateInstance(Type type)
   at System.Threading.LazyHelpers`1.ActivatorFactorySelector()
   at System.Threading.LazyInitializer.EnsureInitializedCore[T](T& target, Boolean& initialized, Object& syncLock, Func`1 valueFactory)
   at System.Threading.LazyInitializer.EnsureInitialized[T](T& target, Boolean& initialized, Object& syncLock)
   at StatisticalSolutions.Filters.InitializeSimpleMembershipAttribute.OnActionExecuting(ActionExecutingContext filterContext) in e:\Ola Projects\3rdPartyProjects\StatisticalSolutions\StatisticalSolutions\Filters\InitializeSimpleMembershipAttribute.cs:line 23
   at System.Web.Mvc.Async.AsyncControllerActionInvoker.InvokeActionMethodFilterAsynchronously(IActionFilter filter, ActionExecutingContext preContext, Func`1 nextInChain)
   at System.Web.Mvc.Async.AsyncControllerActionInvoker.InvokeActionMethodFilterAsynchronously(IActionFilter filter, ActionExecutingContext preContext, Func`1 nextInChain)
   at System.Web.Mvc.Async.AsyncControllerActionInvoker.<>c__DisplayClass37.<BeginInvokeActionMethodWithFilters>b__31(AsyncCallback asyncCallback, Object asyncState)
   at System.Web.Mvc.Async.AsyncResultWrapper.WrappedAsyncResult`1.Begin(AsyncCallback callback, Object state, Int32 timeout)
   at System.Web.Mvc.Async.AsyncResultWrapper.Begin[TResult](AsyncCallback callback, Object state, BeginInvokeDelegate beginDelegate, EndInvokeDelegate`1 endDelegate, Object tag, Int32 timeout)
   at System.Web.Mvc.Async.AsyncResultWrapper.Begin[TResult](AsyncCallback callback, Object state, BeginInvokeDelegate beginDelegate, EndInvokeDelegate`1 endDelegate, Object tag)
   at System.Web.Mvc.Async.AsyncControllerActionInvoker.<>c__DisplayClass25.<BeginInvokeAction>b__1e(AsyncCallback asyncCallback, Object asyncState)
 2015-05-15 21:45:18,109 [36] INFO  StatisticalSolutions.Controllers.Base.BaseController - Application URL - /StatisticalSolutions/Base/StatisticalError 
 2015-05-15 21:45:18,110 [36] INFO  StatisticalSolutions.Controllers.Base.BaseController - Application URL - /StatisticalSolutions/Base/StatisticalError 
 2015-05-15 21:45:18,110 [36] ERROR StatisticalSolutions.Controllers.Base.BaseController - Statistical exception message - Exception has been thrown by the target of an invocation.
 2015-05-15 21:45:18,111 [36] ERROR StatisticalSolutions.Controllers.Base.BaseController - Statistical exception stack trace -    at System.RuntimeTypeHandle.CreateInstance(RuntimeType type, Boolean publicOnly, Boolean noCheck, Boolean& canBeCached, RuntimeMethodHandleInternal& ctor, Boolean& bNeedSecurityCheck)
   at System.RuntimeType.CreateInstanceSlow(Boolean publicOnly, Boolean skipCheckThis, Boolean fillCache, StackCrawlMark& stackMark)
   at System.RuntimeType.CreateInstanceDefaultCtor(Boolean publicOnly, Boolean skipCheckThis, Boolean fillCache, StackCrawlMark& stackMark)
   at System.Activator.CreateInstance(Type type, Boolean nonPublic)
   at System.Activator.CreateInstance(Type type)
   at System.Threading.LazyHelpers`1.ActivatorFactorySelector()
   at System.Threading.LazyInitializer.EnsureInitializedCore[T](T& target, Boolean& initialized, Object& syncLock, Func`1 valueFactory)
   at System.Threading.LazyInitializer.EnsureInitialized[T](T& target, Boolean& initialized, Object& syncLock)
   at StatisticalSolutions.Filters.InitializeSimpleMembershipAttribute.OnActionExecuting(ActionExecutingContext filterContext) in e:\Ola Projects\3rdPartyProjects\StatisticalSolutions\StatisticalSolutions\Filters\InitializeSimpleMembershipAttribute.cs:line 23
   at System.Web.Mvc.Async.AsyncControllerActionInvoker.InvokeActionMethodFilterAsynchronously(IActionFilter filter, ActionExecutingContext preContext, Func`1 nextInChain)
   at System.Web.Mvc.Async.AsyncControllerActionInvoker.InvokeActionMethodFilterAsynchronously(IActionFilter filter, ActionExecutingContext preContext, Func`1 nextInChain)
   at System.Web.Mvc.Async.AsyncControllerActionInvoker.<>c__DisplayClass37.<BeginInvokeActionMethodWithFilters>b__31(AsyncCallback asyncCallback, Object asyncState)
   at System.Web.Mvc.Async.AsyncResultWrapper.WrappedAsyncResult`1.Begin(AsyncCallback callback, Object state, Int32 timeout)
   at System.Web.Mvc.Async.AsyncResultWrapper.Begin[TResult](AsyncCallback callback, Object state, BeginInvokeDelegate beginDelegate, EndInvokeDelegate`1 endDelegate, Object tag, Int32 timeout)
   at System.Web.Mvc.Async.AsyncResultWrapper.Begin[TResult](AsyncCallback callback, Object state, BeginInvokeDelegate beginDelegate, EndInvokeDelegate`1 endDelegate, Object tag)
   at System.Web.Mvc.Async.AsyncControllerActionInvoker.<>c__DisplayClass25.<BeginInvokeAction>b__1e(AsyncCallback asyncCallback, Object asyncState)
 2015-05-15 21:45:18,119 [35] INFO  StatisticalSolutions.Controllers.Base.BaseController - Application URL - /StatisticalSolutions/Base/StatisticalError 
 2015-05-15 21:45:18,121 [35] INFO  StatisticalSolutions.Controllers.Base.BaseController - Application URL - /StatisticalSolutions/Base/StatisticalError 
 2015-05-15 21:45:18,122 [35] ERROR StatisticalSolutions.Controllers.Base.BaseController - Statistical exception message - Exception has been thrown by the target of an invocation.
 2015-05-15 21:45:18,122 [35] ERROR StatisticalSolutions.Controllers.Base.BaseController - Statistical exception stack trace -    at System.RuntimeTypeHandle.CreateInstance(RuntimeType type, Boolean publicOnly, Boolean noCheck, Boolean& canBeCached, RuntimeMethodHandleInternal& ctor, Boolean& bNeedSecurityCheck)
   at System.RuntimeType.CreateInstanceSlow(Boolean publicOnly, Boolean skipCheckThis, Boolean fillCache, StackCrawlMark& stackMark)
   at System.RuntimeType.CreateInstanceDefaultCtor(Boolean publicOnly, Boolean skipCheckThis, Boolean fillCache, StackCrawlMark& stackMark)
   at System.Activator.CreateInstance(Type type, Boolean nonPublic)
   at System.Activator.CreateInstance(Type type)
   at System.Threading.LazyHelpers`1.ActivatorFactorySelector()
   at System.Threading.LazyInitializer.EnsureInitializedCore[T](T& target, Boolean& initialized, Object& syncLock, Func`1 valueFactory)
   at System.Threading.LazyInitializer.EnsureInitialized[T](T& target, Boolean& initialized, Object& syncLock)
   at StatisticalSolutions.Filters.InitializeSimpleMembershipAttribute.OnActionExecuting(ActionExecutingContext filterContext) in e:\Ola Projects\3rdPartyProjects\StatisticalSolutions\StatisticalSolutions\Filters\InitializeSimpleMembershipAttribute.cs:line 23
   at System.Web.Mvc.Async.AsyncControllerActionInvoker.InvokeActionMethodFilterAsynchronously(IActionFilter filter, ActionExecutingContext preContext, Func`1 nextInChain)
   at System.Web.Mvc.Async.AsyncControllerActionInvoker.InvokeActionMethodFilterAsynchronously(IActionFilter filter, ActionExecutingContext preContext, Func`1 nextInChain)
   at System.Web.Mvc.Async.AsyncControllerActionInvoker.<>c__DisplayClass37.<BeginInvokeActionMethodWithFilters>b__31(AsyncCallback asyncCallback, Object asyncState)
   at System.Web.Mvc.Async.AsyncResultWrapper.WrappedAsyncResult`1.Begin(AsyncCallback callback, Object state, Int32 timeout)
   at System.Web.Mvc.Async.AsyncResultWrapper.Begin[TResult](AsyncCallback callback, Object state, BeginInvokeDelegate beginDelegate, EndInvokeDelegate`1 endDelegate, Object tag, Int32 timeout)
   at System.Web.Mvc.Async.AsyncResultWrapper.Begin[TResult](AsyncCallback callback, Object state, BeginInvokeDelegate beginDelegate, EndInvokeDelegate`1 endDelegate, Object tag)
   at System.Web.Mvc.Async.AsyncControllerActionInvoker.<>c__DisplayClass25.<BeginInvokeAction>b__1e(AsyncCallback asyncCallback, Object asyncState)
 2015-05-15 21:45:18,128 [25] INFO  StatisticalSolutions.Controllers.Base.BaseController - Application URL - /StatisticalSolutions/Base/StatisticalError 
 2015-05-15 21:45:18,129 [25] INFO  StatisticalSolutions.Controllers.Base.BaseController - Application URL - /StatisticalSolutions/Base/StatisticalError 
 2015-05-15 21:45:18,130 [25] ERROR StatisticalSolutions.Controllers.Base.BaseController - Statistical exception message - Exception has been thrown by the target of an invocation.
 2015-05-15 21:45:18,130 [25] ERROR StatisticalSolutions.Controllers.Base.BaseController - Statistical exception stack trace -    at System.RuntimeTypeHandle.CreateInstance(RuntimeType type, Boolean publicOnly, Boolean noCheck, Boolean& canBeCached, RuntimeMethodHandleInternal& ctor, Boolean& bNeedSecurityCheck)
   at System.RuntimeType.CreateInstanceSlow(Boolean publicOnly, Boolean skipCheckThis, Boolean fillCache, StackCrawlMark& stackMark)
   at System.RuntimeType.CreateInstanceDefaultCtor(Boolean publicOnly, Boolean skipCheckThis, Boolean fillCache, StackCrawlMark& stackMark)
   at System.Activator.CreateInstance(Type type, Boolean nonPublic)
   at System.Activator.CreateInstance(Type type)
   at System.Threading.LazyHelpers`1.ActivatorFactorySelector()
   at System.Threading.LazyInitializer.EnsureInitializedCore[T](T& target, Boolean& initialized, Object& syncLock, Func`1 valueFactory)
   at System.Threading.LazyInitializer.EnsureInitialized[T](T& target, Boolean& initialized, Object& syncLock)
   at StatisticalSolutions.Filters.InitializeSimpleMembershipAttribute.OnActionExecuting(ActionExecutingContext filterContext) in e:\Ola Projects\3rdPartyProjects\StatisticalSolutions\StatisticalSolutions\Filters\InitializeSimpleMembershipAttribute.cs:line 23
   at System.Web.Mvc.Async.AsyncControllerActionInvoker.InvokeActionMethodFilterAsynchronously(IActionFilter filter, ActionExecutingContext preContext, Func`1 nextInChain)
   at System.Web.Mvc.Async.AsyncControllerActionInvoker.InvokeActionMethodFilterAsynchronously(IActionFilter filter, ActionExecutingContext preContext, Func`1 nextInChain)
   at System.Web.Mvc.Async.AsyncControllerActionInvoker.<>c__DisplayClass37.<BeginInvokeActionMethodWithFilters>b__31(AsyncCallback asyncCallback, Object asyncState)
   at System.Web.Mvc.Async.AsyncResultWrapper.WrappedAsyncResult`1.Begin(AsyncCallback callback, Object state, Int32 timeout)
   at System.Web.Mvc.Async.AsyncResultWrapper.Begin[TResult](AsyncCallback callback, Object state, BeginInvokeDelegate beginDelegate, EndInvokeDelegate`1 endDelegate, Object tag, Int32 timeout)
   at System.Web.Mvc.Async.AsyncResultWrapper.Begin[TResult](AsyncCallback callback, Object state, BeginInvokeDelegate beginDelegate, EndInvokeDelegate`1 endDelegate, Object tag)
   at System.Web.Mvc.Async.AsyncControllerActionInvoker.<>c__DisplayClass25.<BeginInvokeAction>b__1e(AsyncCallback asyncCallback, Object asyncState)
 2015-05-15 21:45:18,136 [36] INFO  StatisticalSolutions.Controllers.Base.BaseController - Application URL - /StatisticalSolutions/Base/StatisticalError 
 2015-05-15 21:45:18,137 [36] INFO  StatisticalSolutions.Controllers.Base.BaseController - Application URL - /StatisticalSolutions/Base/StatisticalError 
 2015-05-15 21:45:18,137 [36] ERROR StatisticalSolutions.Controllers.Base.BaseController - Statistical exception message - Exception has been thrown by the target of an invocation.
 2015-05-15 21:45:18,137 [36] ERROR StatisticalSolutions.Controllers.Base.BaseController - Statistical exception stack trace -    at System.RuntimeTypeHandle.CreateInstance(RuntimeType type, Boolean publicOnly, Boolean noCheck, Boolean& canBeCached, RuntimeMethodHandleInternal& ctor, Boolean& bNeedSecurityCheck)
   at System.RuntimeType.CreateInstanceSlow(Boolean publicOnly, Boolean skipCheckThis, Boolean fillCache, StackCrawlMark& stackMark)
   at System.RuntimeType.CreateInstanceDefaultCtor(Boolean publicOnly, Boolean skipCheckThis, Boolean fillCache, StackCrawlMark& stackMark)
   at System.Activator.CreateInstance(Type type, Boolean nonPublic)
   at System.Activator.CreateInstance(Type type)
   at System.Threading.LazyHelpers`1.ActivatorFactorySelector()
   at System.Threading.LazyInitializer.EnsureInitializedCore[T](T& target, Boolean& initialized, Object& syncLock, Func`1 valueFactory)
   at System.Threading.LazyInitializer.EnsureInitialized[T](T& target, Boolean& initialized, Object& syncLock)
   at StatisticalSolutions.Filters.InitializeSimpleMembershipAttribute.OnActionExecuting(ActionExecutingContext filterContext) in e:\Ola Projects\3rdPartyProjects\StatisticalSolutions\StatisticalSolutions\Filters\InitializeSimpleMembershipAttribute.cs:line 23
   at System.Web.Mvc.Async.AsyncControllerActionInvoker.InvokeActionMethodFilterAsynchronously(IActionFilter filter, ActionExecutingContext preContext, Func`1 nextInChain)
   at System.Web.Mvc.Async.AsyncControllerActionInvoker.InvokeActionMethodFilterAsynchronously(IActionFilter filter, ActionExecutingContext preContext, Func`1 nextInChain)
   at System.Web.Mvc.Async.AsyncControllerActionInvoker.<>c__DisplayClass37.<BeginInvokeActionMethodWithFilters>b__31(AsyncCallback asyncCallback, Object asyncState)
   at System.Web.Mvc.Async.AsyncResultWrapper.WrappedAsyncResult`1.Begin(AsyncCallback callback, Object state, Int32 timeout)
   at System.Web.Mvc.Async.AsyncResultWrapper.Begin[TResult](AsyncCallback callback, Object state, BeginInvokeDelegate beginDelegate, EndInvokeDelegate`1 endDelegate, Object tag, Int32 timeout)
   at System.Web.Mvc.Async.AsyncResultWrapper.Begin[TResult](AsyncCallback callback, Object state, BeginInvokeDelegate beginDelegate, EndInvokeDelegate`1 endDelegate, Object tag)
   at System.Web.Mvc.Async.AsyncControllerActionInvoker.<>c__DisplayClass25.<BeginInvokeAction>b__1e(AsyncCallback asyncCallback, Object asyncState)
 2015-05-15 21:45:18,143 [38] INFO  StatisticalSolutions.Controllers.Base.BaseController - Application URL - /StatisticalSolutions/Base/StatisticalError 
 2015-05-15 21:45:18,144 [38] INFO  StatisticalSolutions.Controllers.Base.BaseController - Application URL - /StatisticalSolutions/Base/StatisticalError 
 2015-05-15 21:45:18,144 [38] ERROR StatisticalSolutions.Controllers.Base.BaseController - Statistical exception message - Exception has been thrown by the target of an invocation.
 2015-05-15 21:45:18,144 [38] ERROR StatisticalSolutions.Controllers.Base.BaseController - Statistical exception stack trace -    at System.RuntimeTypeHandle.CreateInstance(RuntimeType type, Boolean publicOnly, Boolean noCheck, Boolean& canBeCached, RuntimeMethodHandleInternal& ctor, Boolean& bNeedSecurityCheck)
   at System.RuntimeType.CreateInstanceSlow(Boolean publicOnly, Boolean skipCheckThis, Boolean fillCache, StackCrawlMark& stackMark)
   at System.RuntimeType.CreateInstanceDefaultCtor(Boolean publicOnly, Boolean skipCheckThis, Boolean fillCache, StackCrawlMark& stackMark)
   at System.Activator.CreateInstance(Type type, Boolean nonPublic)
   at System.Activator.CreateInstance(Type type)
   at System.Threading.LazyHelpers`1.ActivatorFactorySelector()
   at System.Threading.LazyInitializer.EnsureInitializedCore[T](T& target, Boolean& initialized, Object& syncLock, Func`1 valueFactory)
   at System.Threading.LazyInitializer.EnsureInitialized[T](T& target, Boolean& initialized, Object& syncLock)
   at StatisticalSolutions.Filters.InitializeSimpleMembershipAttribute.OnActionExecuting(ActionExecutingContext filterContext) in e:\Ola Projects\3rdPartyProjects\StatisticalSolutions\StatisticalSolutions\Filters\InitializeSimpleMembershipAttribute.cs:line 23
   at System.Web.Mvc.Async.AsyncControllerActionInvoker.InvokeActionMethodFilterAsynchronously(IActionFilter filter, ActionExecutingContext preContext, Func`1 nextInChain)
   at System.Web.Mvc.Async.AsyncControllerActionInvoker.InvokeActionMethodFilterAsynchronously(IActionFilter filter, ActionExecutingContext preContext, Func`1 nextInChain)
   at System.Web.Mvc.Async.AsyncControllerActionInvoker.<>c__DisplayClass37.<BeginInvokeActionMethodWithFilters>b__31(AsyncCallback asyncCallback, Object asyncState)
   at System.Web.Mvc.Async.AsyncResultWrapper.WrappedAsyncResult`1.Begin(AsyncCallback callback, Object state, Int32 timeout)
   at System.Web.Mvc.Async.AsyncResultWrapper.Begin[TResult](AsyncCallback callback, Object state, BeginInvokeDelegate beginDelegate, EndInvokeDelegate`1 endDelegate, Object tag, Int32 timeout)
   at System.Web.Mvc.Async.AsyncResultWrapper.Begin[TResult](AsyncCallback callback, Object state, BeginInvokeDelegate beginDelegate, EndInvokeDelegate`1 endDelegate, Object tag)
   at System.Web.Mvc.Async.AsyncControllerActionInvoker.<>c__DisplayClass25.<BeginInvokeAction>b__1e(AsyncCallback asyncCallback, Object asyncState)
 2015-05-15 21:45:18,150 [25] INFO  StatisticalSolutions.Controllers.Base.BaseController - Application URL - /StatisticalSolutions/Base/StatisticalError 
 2015-05-15 21:45:18,151 [25] INFO  StatisticalSolutions.Controllers.Base.BaseController - Application URL - /StatisticalSolutions/Base/StatisticalError 
 2015-05-15 21:45:18,151 [25] ERROR StatisticalSolutions.Controllers.Base.BaseController - Statistical exception message - Exception has been thrown by the target of an invocation.
 2015-05-15 21:45:18,151 [25] ERROR StatisticalSolutions.Controllers.Base.BaseController - Statistical exception stack trace -    at System.RuntimeTypeHandle.CreateInstance(RuntimeType type, Boolean publicOnly, Boolean noCheck, Boolean& canBeCached, RuntimeMethodHandleInternal& ctor, Boolean& bNeedSecurityCheck)
   at System.RuntimeType.CreateInstanceSlow(Boolean publicOnly, Boolean skipCheckThis, Boolean fillCache, StackCrawlMark& stackMark)
   at System.RuntimeType.CreateInstanceDefaultCtor(Boolean publicOnly, Boolean skipCheckThis, Boolean fillCache, StackCrawlMark& stackMark)
   at System.Activator.CreateInstance(Type type, Boolean nonPublic)
   at System.Activator.CreateInstance(Type type)
   at System.Threading.LazyHelpers`1.ActivatorFactorySelector()
   at System.Threading.LazyInitializer.EnsureInitializedCore[T](T& target, Boolean& initialized, Object& syncLock, Func`1 valueFactory)
   at System.Threading.LazyInitializer.EnsureInitialized[T](T& target, Boolean& initialized, Object& syncLock)
   at StatisticalSolutions.Filters.InitializeSimpleMembershipAttribute.OnActionExecuting(ActionExecutingContext filterContext) in e:\Ola Projects\3rdPartyProjects\StatisticalSolutions\StatisticalSolutions\Filters\InitializeSimpleMembershipAttribute.cs:line 23
   at System.Web.Mvc.Async.AsyncControllerActionInvoker.InvokeActionMethodFilterAsynchronously(IActionFilter filter, ActionExecutingContext preContext, Func`1 nextInChain)
   at System.Web.Mvc.Async.AsyncControllerActionInvoker.InvokeActionMethodFilterAsynchronously(IActionFilter filter, ActionExecutingContext preContext, Func`1 nextInChain)
   at System.Web.Mvc.Async.AsyncControllerActionInvoker.<>c__DisplayClass37.<BeginInvokeActionMethodWithFilters>b__31(AsyncCallback asyncCallback, Object asyncState)
   at System.Web.Mvc.Async.AsyncResultWrapper.WrappedAsyncResult`1.Begin(AsyncCallback callback, Object state, Int32 timeout)
   at System.Web.Mvc.Async.AsyncResultWrapper.Begin[TResult](AsyncCallback callback, Object state, BeginInvokeDelegate beginDelegate, EndInvokeDelegate`1 endDelegate, Object tag, Int32 timeout)
   at System.Web.Mvc.Async.AsyncResultWrapper.Begin[TResult](AsyncCallback callback, Object state, BeginInvokeDelegate beginDelegate, EndInvokeDelegate`1 endDelegate, Object tag)
   at System.Web.Mvc.Async.AsyncControllerActionInvoker.<>c__DisplayClass25.<BeginInvokeAction>b__1e(AsyncCallback asyncCallback, Object asyncState)
 2015-05-15 21:45:18,156 [35] INFO  StatisticalSolutions.Controllers.Base.BaseController - Application URL - /StatisticalSolutions/Base/StatisticalError 
 2015-05-15 21:45:18,157 [35] INFO  StatisticalSolutions.Controllers.Base.BaseController - Application URL - /StatisticalSolutions/Base/StatisticalError 
 2015-05-15 21:45:18,157 [35] ERROR StatisticalSolutions.Controllers.Base.BaseController - Statistical exception message - Exception has been thrown by the target of an invocation.
 2015-05-15 21:45:18,157 [35] ERROR StatisticalSolutions.Controllers.Base.BaseController - Statistical exception stack trace -    at System.RuntimeTypeHandle.CreateInstance(RuntimeType type, Boolean publicOnly, Boolean noCheck, Boolean& canBeCached, RuntimeMethodHandleInternal& ctor, Boolean& bNeedSecurityCheck)
   at System.RuntimeType.CreateInstanceSlow(Boolean publicOnly, Boolean skipCheckThis, Boolean fillCache, StackCrawlMark& stackMark)
   at System.RuntimeType.CreateInstanceDefaultCtor(Boolean publicOnly, Boolean skipCheckThis, Boolean fillCache, StackCrawlMark& stackMark)
   at System.Activator.CreateInstance(Type type, Boolean nonPublic)
   at System.Activator.CreateInstance(Type type)
   at System.Threading.LazyHelpers`1.ActivatorFactorySelector()
   at System.Threading.LazyInitializer.EnsureInitializedCore[T](T& target, Boolean& initialized, Object& syncLock, Func`1 valueFactory)
   at System.Threading.LazyInitializer.EnsureInitialized[T](T& target, Boolean& initialized, Object& syncLock)
   at StatisticalSolutions.Filters.InitializeSimpleMembershipAttribute.OnActionExecuting(ActionExecutingContext filterContext) in e:\Ola Projects\3rdPartyProjects\StatisticalSolutions\StatisticalSolutions\Filters\InitializeSimpleMembershipAttribute.cs:line 23
   at System.Web.Mvc.Async.AsyncControllerActionInvoker.InvokeActionMethodFilterAsynchronously(IActionFilter filter, ActionExecutingContext preContext, Func`1 nextInChain)
   at System.Web.Mvc.Async.AsyncControllerActionInvoker.InvokeActionMethodFilterAsynchronously(IActionFilter filter, ActionExecutingContext preContext, Func`1 nextInChain)
   at System.Web.Mvc.Async.AsyncControllerActionInvoker.<>c__DisplayClass37.<BeginInvokeActionMethodWithFilters>b__31(AsyncCallback asyncCallback, Object asyncState)
   at System.Web.Mvc.Async.AsyncResultWrapper.WrappedAsyncResult`1.Begin(AsyncCallback callback, Object state, Int32 timeout)
   at System.Web.Mvc.Async.AsyncResultWrapper.Begin[TResult](AsyncCallback callback, Object state, BeginInvokeDelegate beginDelegate, EndInvokeDelegate`1 endDelegate, Object tag, Int32 timeout)
   at System.Web.Mvc.Async.AsyncResultWrapper.Begin[TResult](AsyncCallback callback, Object state, BeginInvokeDelegate beginDelegate, EndInvokeDelegate`1 endDelegate, Object tag)
   at System.Web.Mvc.Async.AsyncControllerActionInvoker.<>c__DisplayClass25.<BeginInvokeAction>b__1e(AsyncCallback asyncCallback, Object asyncState)
 2015-05-15 21:45:18,163 [38] INFO  StatisticalSolutions.Controllers.Base.BaseController - Application URL - /StatisticalSolutions/Base/StatisticalError 
 2015-05-15 21:45:18,164 [38] INFO  StatisticalSolutions.Controllers.Base.BaseController - Application URL - /StatisticalSolutions/Base/StatisticalError 
 2015-05-15 21:45:18,164 [38] ERROR StatisticalSolutions.Controllers.Base.BaseController - Statistical exception message - Exception has been thrown by the target of an invocation.
 2015-05-15 21:45:18,164 [38] ERROR StatisticalSolutions.Controllers.Base.BaseController - Statistical exception stack trace -    at System.RuntimeTypeHandle.CreateInstance(RuntimeType type, Boolean publicOnly, Boolean noCheck, Boolean& canBeCached, RuntimeMethodHandleInternal& ctor, Boolean& bNeedSecurityCheck)
   at System.RuntimeType.CreateInstanceSlow(Boolean publicOnly, Boolean skipCheckThis, Boolean fillCache, StackCrawlMark& stackMark)
   at System.RuntimeType.CreateInstanceDefaultCtor(Boolean publicOnly, Boolean skipCheckThis, Boolean fillCache, StackCrawlMark& stackMark)
   at System.Activator.CreateInstance(Type type, Boolean nonPublic)
   at System.Activator.CreateInstance(Type type)
   at System.Threading.LazyHelpers`1.ActivatorFactorySelector()
   at System.Threading.LazyInitializer.EnsureInitializedCore[T](T& target, Boolean& initialized, Object& syncLock, Func`1 valueFactory)
   at System.Threading.LazyInitializer.EnsureInitialized[T](T& target, Boolean& initialized, Object& syncLock)
   at StatisticalSolutions.Filters.InitializeSimpleMembershipAttribute.OnActionExecuting(ActionExecutingContext filterContext) in e:\Ola Projects\3rdPartyProjects\StatisticalSolutions\StatisticalSolutions\Filters\InitializeSimpleMembershipAttribute.cs:line 23
   at System.Web.Mvc.Async.AsyncControllerActionInvoker.InvokeActionMethodFilterAsynchronously(IActionFilter filter, ActionExecutingContext preContext, Func`1 nextInChain)
   at System.Web.Mvc.Async.AsyncControllerActionInvoker.InvokeActionMethodFilterAsynchronously(IActionFilter filter, ActionExecutingContext preContext, Func`1 nextInChain)
   at System.Web.Mvc.Async.AsyncControllerActionInvoker.<>c__DisplayClass37.<BeginInvokeActionMethodWithFilters>b__31(AsyncCallback asyncCallback, Object asyncState)
   at System.Web.Mvc.Async.AsyncResultWrapper.WrappedAsyncResult`1.Begin(AsyncCallback callback, Object state, Int32 timeout)
   at System.Web.Mvc.Async.AsyncResultWrapper.Begin[TResult](AsyncCallback callback, Object state, BeginInvokeDelegate beginDelegate, EndInvokeDelegate`1 endDelegate, Object tag, Int32 timeout)
   at System.Web.Mvc.Async.AsyncResultWrapper.Begin[TResult](AsyncCallback callback, Object state, BeginInvokeDelegate beginDelegate, EndInvokeDelegate`1 endDelegate, Object tag)
   at System.Web.Mvc.Async.AsyncControllerActionInvoker.<>c__DisplayClass25.<BeginInvokeAction>b__1e(AsyncCallback asyncCallback, Object asyncState)
 2015-05-15 21:45:18,169 [36] INFO  StatisticalSolutions.Controllers.Base.BaseController - Application URL - /StatisticalSolutions/Base/StatisticalError 
 2015-05-15 21:45:18,170 [36] INFO  StatisticalSolutions.Controllers.Base.BaseController - Application URL - /StatisticalSolutions/Base/StatisticalError 
 2015-05-15 21:45:18,170 [36] ERROR StatisticalSolutions.Controllers.Base.BaseController - Statistical exception message - Exception has been thrown by the target of an invocation.
 2015-05-15 21:45:18,171 [36] ERROR StatisticalSolutions.Controllers.Base.BaseController - Statistical exception stack trace -    at System.RuntimeTypeHandle.CreateInstance(RuntimeType type, Boolean publicOnly, Boolean noCheck, Boolean& canBeCached, RuntimeMethodHandleInternal& ctor, Boolean& bNeedSecurityCheck)
   at System.RuntimeType.CreateInstanceSlow(Boolean publicOnly, Boolean skipCheckThis, Boolean fillCache, StackCrawlMark& stackMark)
   at System.RuntimeType.CreateInstanceDefaultCtor(Boolean publicOnly, Boolean skipCheckThis, Boolean fillCache, StackCrawlMark& stackMark)
   at System.Activator.CreateInstance(Type type, Boolean nonPublic)
   at System.Activator.CreateInstance(Type type)
   at System.Threading.LazyHelpers`1.ActivatorFactorySelector()
   at System.Threading.LazyInitializer.EnsureInitializedCore[T](T& target, Boolean& initialized, Object& syncLock, Func`1 valueFactory)
   at System.Threading.LazyInitializer.EnsureInitialized[T](T& target, Boolean& initialized, Object& syncLock)
   at StatisticalSolutions.Filters.InitializeSimpleMembershipAttribute.OnActionExecuting(ActionExecutingContext filterContext) in e:\Ola Projects\3rdPartyProjects\StatisticalSolutions\StatisticalSolutions\Filters\InitializeSimpleMembershipAttribute.cs:line 23
   at System.Web.Mvc.Async.AsyncControllerActionInvoker.InvokeActionMethodFilterAsynchronously(IActionFilter filter, ActionExecutingContext preContext, Func`1 nextInChain)
   at System.Web.Mvc.Async.AsyncControllerActionInvoker.InvokeActionMethodFilterAsynchronously(IActionFilter filter, ActionExecutingContext preContext, Func`1 nextInChain)
   at System.Web.Mvc.Async.AsyncControllerActionInvoker.<>c__DisplayClass37.<BeginInvokeActionMethodWithFilters>b__31(AsyncCallback asyncCallback, Object asyncState)
   at System.Web.Mvc.Async.AsyncResultWrapper.WrappedAsyncResult`1.Begin(AsyncCallback callback, Object state, Int32 timeout)
   at System.Web.Mvc.Async.AsyncResultWrapper.Begin[TResult](AsyncCallback callback, Object state, BeginInvokeDelegate beginDelegate, EndInvokeDelegate`1 endDelegate, Object tag, Int32 timeout)
   at System.Web.Mvc.Async.AsyncResultWrapper.Begin[TResult](AsyncCallback callback, Object state, BeginInvokeDelegate beginDelegate, EndInvokeDelegate`1 endDelegate, Object tag)
   at System.Web.Mvc.Async.AsyncControllerActionInvoker.<>c__DisplayClass25.<BeginInvokeAction>b__1e(AsyncCallback asyncCallback, Object asyncState)
 2015-05-15 21:45:18,176 [35] INFO  StatisticalSolutions.Controllers.Base.BaseController - Application URL - /StatisticalSolutions/Base/StatisticalError 
 2015-05-15 21:45:18,177 [35] INFO  StatisticalSolutions.Controllers.Base.BaseController - Application URL - /StatisticalSolutions/Base/StatisticalError 
 2015-05-15 21:45:18,177 [35] ERROR StatisticalSolutions.Controllers.Base.BaseController - Statistical exception message - Exception has been thrown by the target of an invocation.
 2015-05-15 21:45:18,177 [35] ERROR StatisticalSolutions.Controllers.Base.BaseController - Statistical exception stack trace -    at System.RuntimeTypeHandle.CreateInstance(RuntimeType type, Boolean publicOnly, Boolean noCheck, Boolean& canBeCached, RuntimeMethodHandleInternal& ctor, Boolean& bNeedSecurityCheck)
   at System.RuntimeType.CreateInstanceSlow(Boolean publicOnly, Boolean skipCheckThis, Boolean fillCache, StackCrawlMark& stackMark)
   at System.RuntimeType.CreateInstanceDefaultCtor(Boolean publicOnly, Boolean skipCheckThis, Boolean fillCache, StackCrawlMark& stackMark)
   at System.Activator.CreateInstance(Type type, Boolean nonPublic)
   at System.Activator.CreateInstance(Type type)
   at System.Threading.LazyHelpers`1.ActivatorFactorySelector()
   at System.Threading.LazyInitializer.EnsureInitializedCore[T](T& target, Boolean& initialized, Object& syncLock, Func`1 valueFactory)
   at System.Threading.LazyInitializer.EnsureInitialized[T](T& target, Boolean& initialized, Object& syncLock)
   at StatisticalSolutions.Filters.InitializeSimpleMembershipAttribute.OnActionExecuting(ActionExecutingContext filterContext) in e:\Ola Projects\3rdPartyProjects\StatisticalSolutions\StatisticalSolutions\Filters\InitializeSimpleMembershipAttribute.cs:line 23
   at System.Web.Mvc.Async.AsyncControllerActionInvoker.InvokeActionMethodFilterAsynchronously(IActionFilter filter, ActionExecutingContext preContext, Func`1 nextInChain)
   at System.Web.Mvc.Async.AsyncControllerActionInvoker.InvokeActionMethodFilterAsynchronously(IActionFilter filter, ActionExecutingContext preContext, Func`1 nextInChain)
   at System.Web.Mvc.Async.AsyncControllerActionInvoker.<>c__DisplayClass37.<BeginInvokeActionMethodWithFilters>b__31(AsyncCallback asyncCallback, Object asyncState)
   at System.Web.Mvc.Async.AsyncResultWrapper.WrappedAsyncResult`1.Begin(AsyncCallback callback, Object state, Int32 timeout)
   at System.Web.Mvc.Async.AsyncResultWrapper.Begin[TResult](AsyncCallback callback, Object state, BeginInvokeDelegate beginDelegate, EndInvokeDelegate`1 endDelegate, Object tag, Int32 timeout)
   at System.Web.Mvc.Async.AsyncResultWrapper.Begin[TResult](AsyncCallback callback, Object state, BeginInvokeDelegate beginDelegate, EndInvokeDelegate`1 endDelegate, Object tag)
   at System.Web.Mvc.Async.AsyncControllerActionInvoker.<>c__DisplayClass25.<BeginInvokeAction>b__1e(AsyncCallback asyncCallback, Object asyncState)
 2015-05-15 21:45:18,182 [25] INFO  StatisticalSolutions.Controllers.Base.BaseController - Application URL - /StatisticalSolutions/Base/StatisticalError 
 2015-05-15 21:45:18,183 [25] INFO  StatisticalSolutions.Controllers.Base.BaseController - Application URL - /StatisticalSolutions/Base/StatisticalError 
 2015-05-15 21:45:18,184 [25] ERROR StatisticalSolutions.Controllers.Base.BaseController - Statistical exception message - Exception has been thrown by the target of an invocation.
 2015-05-15 21:45:18,184 [25] ERROR StatisticalSolutions.Controllers.Base.BaseController - Statistical exception stack trace -    at System.RuntimeTypeHandle.CreateInstance(RuntimeType type, Boolean publicOnly, Boolean noCheck, Boolean& canBeCached, RuntimeMethodHandleInternal& ctor, Boolean& bNeedSecurityCheck)
   at System.RuntimeType.CreateInstanceSlow(Boolean publicOnly, Boolean skipCheckThis, Boolean fillCache, StackCrawlMark& stackMark)
   at System.RuntimeType.CreateInstanceDefaultCtor(Boolean publicOnly, Boolean skipCheckThis, Boolean fillCache, StackCrawlMark& stackMark)
   at System.Activator.CreateInstance(Type type, Boolean nonPublic)
   at System.Activator.CreateInstance(Type type)
   at System.Threading.LazyHelpers`1.ActivatorFactorySelector()
   at System.Threading.LazyInitializer.EnsureInitializedCore[T](T& target, Boolean& initialized, Object& syncLock, Func`1 valueFactory)
   at System.Threading.LazyInitializer.EnsureInitialized[T](T& target, Boolean& initialized, Object& syncLock)
   at StatisticalSolutions.Filters.InitializeSimpleMembershipAttribute.OnActionExecuting(ActionExecutingContext filterContext) in e:\Ola Projects\3rdPartyProjects\StatisticalSolutions\StatisticalSolutions\Filters\InitializeSimpleMembershipAttribute.cs:line 23
   at System.Web.Mvc.Async.AsyncControllerActionInvoker.InvokeActionMethodFilterAsynchronously(IActionFilter filter, ActionExecutingContext preContext, Func`1 nextInChain)
   at System.Web.Mvc.Async.AsyncControllerActionInvoker.InvokeActionMethodFilterAsynchronously(IActionFilter filter, ActionExecutingContext preContext, Func`1 nextInChain)
   at System.Web.Mvc.Async.AsyncControllerActionInvoker.<>c__DisplayClass37.<BeginInvokeActionMethodWithFilters>b__31(AsyncCallback asyncCallback, Object asyncState)
   at System.Web.Mvc.Async.AsyncResultWrapper.WrappedAsyncResult`1.Begin(AsyncCallback callback, Object state, Int32 timeout)
   at System.Web.Mvc.Async.AsyncResultWrapper.Begin[TResult](AsyncCallback callback, Object state, BeginInvokeDelegate beginDelegate, EndInvokeDelegate`1 endDelegate, Object tag, Int32 timeout)
   at System.Web.Mvc.Async.AsyncResultWrapper.Begin[TResult](AsyncCallback callback, Object state, BeginInvokeDelegate beginDelegate, EndInvokeDelegate`1 endDelegate, Object tag)
   at System.Web.Mvc.Async.AsyncControllerActionInvoker.<>c__DisplayClass25.<BeginInvokeAction>b__1e(AsyncCallback asyncCallback, Object asyncState)
 2015-05-15 21:45:18,189 [36] INFO  StatisticalSolutions.Controllers.Base.BaseController - Application URL - /StatisticalSolutions/Base/StatisticalError 
 2015-05-15 21:45:18,190 [36] INFO  StatisticalSolutions.Controllers.Base.BaseController - Application URL - /StatisticalSolutions/Base/StatisticalError 
 2015-05-15 21:45:18,190 [36] ERROR StatisticalSolutions.Controllers.Base.BaseController - Statistical exception message - Exception has been thrown by the target of an invocation.
 2015-05-15 21:45:18,190 [36] ERROR StatisticalSolutions.Controllers.Base.BaseController - Statistical exception stack trace -    at System.RuntimeTypeHandle.CreateInstance(RuntimeType type, Boolean publicOnly, Boolean noCheck, Boolean& canBeCached, RuntimeMethodHandleInternal& ctor, Boolean& bNeedSecurityCheck)
   at System.RuntimeType.CreateInstanceSlow(Boolean publicOnly, Boolean skipCheckThis, Boolean fillCache, StackCrawlMark& stackMark)
   at System.RuntimeType.CreateInstanceDefaultCtor(Boolean publicOnly, Boolean skipCheckThis, Boolean fillCache, StackCrawlMark& stackMark)
   at System.Activator.CreateInstance(Type type, Boolean nonPublic)
   at System.Activator.CreateInstance(Type type)
   at System.Threading.LazyHelpers`1.ActivatorFactorySelector()
   at System.Threading.LazyInitializer.EnsureInitializedCore[T](T& target, Boolean& initialized, Object& syncLock, Func`1 valueFactory)
   at System.Threading.LazyInitializer.EnsureInitialized[T](T& target, Boolean& initialized, Object& syncLock)
   at StatisticalSolutions.Filters.InitializeSimpleMembershipAttribute.OnActionExecuting(ActionExecutingContext filterContext) in e:\Ola Projects\3rdPartyProjects\StatisticalSolutions\StatisticalSolutions\Filters\InitializeSimpleMembershipAttribute.cs:line 23
   at System.Web.Mvc.Async.AsyncControllerActionInvoker.InvokeActionMethodFilterAsynchronously(IActionFilter filter, ActionExecutingContext preContext, Func`1 nextInChain)
   at System.Web.Mvc.Async.AsyncControllerActionInvoker.InvokeActionMethodFilterAsynchronously(IActionFilter filter, ActionExecutingContext preContext, Func`1 nextInChain)
   at System.Web.Mvc.Async.AsyncControllerActionInvoker.<>c__DisplayClass37.<BeginInvokeActionMethodWithFilters>b__31(AsyncCallback asyncCallback, Object asyncState)
   at System.Web.Mvc.Async.AsyncResultWrapper.WrappedAsyncResult`1.Begin(AsyncCallback callback, Object state, Int32 timeout)
   at System.Web.Mvc.Async.AsyncResultWrapper.Begin[TResult](AsyncCallback callback, Object state, BeginInvokeDelegate beginDelegate, EndInvokeDelegate`1 endDelegate, Object tag, Int32 timeout)
   at System.Web.Mvc.Async.AsyncResultWrapper.Begin[TResult](AsyncCallback callback, Object state, BeginInvokeDelegate beginDelegate, EndInvokeDelegate`1 endDelegate, Object tag)
   at System.Web.Mvc.Async.AsyncControllerActionInvoker.<>c__DisplayClass25.<BeginInvokeAction>b__1e(AsyncCallback asyncCallback, Object asyncState)
 2015-05-15 21:45:18,195 [35] INFO  StatisticalSolutions.Controllers.Base.BaseController - Application URL - /StatisticalSolutions/Base/StatisticalError 
 2015-05-15 21:45:18,196 [35] INFO  StatisticalSolutions.Controllers.Base.BaseController - Application URL - /StatisticalSolutions/Base/StatisticalError 
 2015-05-15 21:45:18,196 [35] ERROR StatisticalSolutions.Controllers.Base.BaseController - Statistical exception message - Exception has been thrown by the target of an invocation.
 2015-05-15 21:45:18,196 [35] ERROR StatisticalSolutions.Controllers.Base.BaseController - Statistical exception stack trace -    at System.RuntimeTypeHandle.CreateInstance(RuntimeType type, Boolean publicOnly, Boolean noCheck, Boolean& canBeCached, RuntimeMethodHandleInternal& ctor, Boolean& bNeedSecurityCheck)
   at System.RuntimeType.CreateInstanceSlow(Boolean publicOnly, Boolean skipCheckThis, Boolean fillCache, StackCrawlMark& stackMark)
   at System.RuntimeType.CreateInstanceDefaultCtor(Boolean publicOnly, Boolean skipCheckThis, Boolean fillCache, StackCrawlMark& stackMark)
   at System.Activator.CreateInstance(Type type, Boolean nonPublic)
   at System.Activator.CreateInstance(Type type)
   at System.Threading.LazyHelpers`1.ActivatorFactorySelector()
   at System.Threading.LazyInitializer.EnsureInitializedCore[T](T& target, Boolean& initialized, Object& syncLock, Func`1 valueFactory)
   at System.Threading.LazyInitializer.EnsureInitialized[T](T& target, Boolean& initialized, Object& syncLock)
   at StatisticalSolutions.Filters.InitializeSimpleMembershipAttribute.OnActionExecuting(ActionExecutingContext filterContext) in e:\Ola Projects\3rdPartyProjects\StatisticalSolutions\StatisticalSolutions\Filters\InitializeSimpleMembershipAttribute.cs:line 23
   at System.Web.Mvc.Async.AsyncControllerActionInvoker.InvokeActionMethodFilterAsynchronously(IActionFilter filter, ActionExecutingContext preContext, Func`1 nextInChain)
   at System.Web.Mvc.Async.AsyncControllerActionInvoker.InvokeActionMethodFilterAsynchronously(IActionFilter filter, ActionExecutingContext preContext, Func`1 nextInChain)
   at System.Web.Mvc.Async.AsyncControllerActionInvoker.<>c__DisplayClass37.<BeginInvokeActionMethodWithFilters>b__31(AsyncCallback asyncCallback, Object asyncState)
   at System.Web.Mvc.Async.AsyncResultWrapper.WrappedAsyncResult`1.Begin(AsyncCallback callback, Object state, Int32 timeout)
   at System.Web.Mvc.Async.AsyncResultWrapper.Begin[TResult](AsyncCallback callback, Object state, BeginInvokeDelegate beginDelegate, EndInvokeDelegate`1 endDelegate, Object tag, Int32 timeout)
   at System.Web.Mvc.Async.AsyncResultWrapper.Begin[TResult](AsyncCallback callback, Object state, BeginInvokeDelegate beginDelegate, EndInvokeDelegate`1 endDelegate, Object tag)
   at System.Web.Mvc.Async.AsyncControllerActionInvoker.<>c__DisplayClass25.<BeginInvokeAction>b__1e(AsyncCallback asyncCallback, Object asyncState)
 2015-05-15 21:45:18,200 [25] INFO  StatisticalSolutions.Controllers.Base.BaseController - Application URL - /StatisticalSolutions/Base/StatisticalError 
 2015-05-15 21:45:18,201 [25] INFO  StatisticalSolutions.Controllers.Base.BaseController - Application URL - /StatisticalSolutions/Base/StatisticalError 
 2015-05-15 21:45:18,201 [25] ERROR StatisticalSolutions.Controllers.Base.BaseController - Statistical exception message - Exception has been thrown by the target of an invocation.
 2015-05-15 21:45:18,201 [25] ERROR StatisticalSolutions.Controllers.Base.BaseController - Statistical exception stack trace -    at System.RuntimeTypeHandle.CreateInstance(RuntimeType type, Boolean publicOnly, Boolean noCheck, Boolean& canBeCached, RuntimeMethodHandleInternal& ctor, Boolean& bNeedSecurityCheck)
   at System.RuntimeType.CreateInstanceSlow(Boolean publicOnly, Boolean skipCheckThis, Boolean fillCache, StackCrawlMark& stackMark)
   at System.RuntimeType.CreateInstanceDefaultCtor(Boolean publicOnly, Boolean skipCheckThis, Boolean fillCache, StackCrawlMark& stackMark)
   at System.Activator.CreateInstance(Type type, Boolean nonPublic)
   at System.Activator.CreateInstance(Type type)
   at System.Threading.LazyHelpers`1.ActivatorFactorySelector()
   at System.Threading.LazyInitializer.EnsureInitializedCore[T](T& target, Boolean& initialized, Object& syncLock, Func`1 valueFactory)
   at System.Threading.LazyInitializer.EnsureInitialized[T](T& target, Boolean& initialized, Object& syncLock)
   at StatisticalSolutions.Filters.InitializeSimpleMembershipAttribute.OnActionExecuting(ActionExecutingContext filterContext) in e:\Ola Projects\3rdPartyProjects\StatisticalSolutions\StatisticalSolutions\Filters\InitializeSimpleMembershipAttribute.cs:line 23
   at System.Web.Mvc.Async.AsyncControllerActionInvoker.InvokeActionMethodFilterAsynchronously(IActionFilter filter, ActionExecutingContext preContext, Func`1 nextInChain)
   at System.Web.Mvc.Async.AsyncControllerActionInvoker.InvokeActionMethodFilterAsynchronously(IActionFilter filter, ActionExecutingContext preContext, Func`1 nextInChain)
   at System.Web.Mvc.Async.AsyncControllerActionInvoker.<>c__DisplayClass37.<BeginInvokeActionMethodWithFilters>b__31(AsyncCallback asyncCallback, Object asyncState)
   at System.Web.Mvc.Async.AsyncResultWrapper.WrappedAsyncResult`1.Begin(AsyncCallback callback, Object state, Int32 timeout)
   at System.Web.Mvc.Async.AsyncResultWrapper.Begin[TResult](AsyncCallback callback, Object state, BeginInvokeDelegate beginDelegate, EndInvokeDelegate`1 endDelegate, Object tag, Int32 timeout)
   at System.Web.Mvc.Async.AsyncResultWrapper.Begin[TResult](AsyncCallback callback, Object state, BeginInvokeDelegate beginDelegate, EndInvokeDelegate`1 endDelegate, Object tag)
   at System.Web.Mvc.Async.AsyncControllerActionInvoker.<>c__DisplayClass25.<BeginInvokeAction>b__1e(AsyncCallback asyncCallback, Object asyncState)
 2015-05-15 21:45:18,206 [36] INFO  StatisticalSolutions.Controllers.Base.BaseController - Application URL - /StatisticalSolutions/Base/StatisticalError 
 2015-05-15 21:45:18,207 [36] INFO  StatisticalSolutions.Controllers.Base.BaseController - Application URL - /StatisticalSolutions/Base/StatisticalError 
 2015-05-15 21:45:18,207 [36] ERROR StatisticalSolutions.Controllers.Base.BaseController - Statistical exception message - Exception has been thrown by the target of an invocation.
 2015-05-15 21:45:18,207 [36] ERROR StatisticalSolutions.Controllers.Base.BaseController - Statistical exception stack trace -    at System.RuntimeTypeHandle.CreateInstance(RuntimeType type, Boolean publicOnly, Boolean noCheck, Boolean& canBeCached, RuntimeMethodHandleInternal& ctor, Boolean& bNeedSecurityCheck)
   at System.RuntimeType.CreateInstanceSlow(Boolean publicOnly, Boolean skipCheckThis, Boolean fillCache, StackCrawlMark& stackMark)
   at System.RuntimeType.CreateInstanceDefaultCtor(Boolean publicOnly, Boolean skipCheckThis, Boolean fillCache, StackCrawlMark& stackMark)
   at System.Activator.CreateInstance(Type type, Boolean nonPublic)
   at System.Activator.CreateInstance(Type type)
   at System.Threading.LazyHelpers`1.ActivatorFactorySelector()
   at System.Threading.LazyInitializer.EnsureInitializedCore[T](T& target, Boolean& initialized, Object& syncLock, Func`1 valueFactory)
   at System.Threading.LazyInitializer.EnsureInitialized[T](T& target, Boolean& initialized, Object& syncLock)
   at StatisticalSolutions.Filters.InitializeSimpleMembershipAttribute.OnActionExecuting(ActionExecutingContext filterContext) in e:\Ola Projects\3rdPartyProjects\StatisticalSolutions\StatisticalSolutions\Filters\InitializeSimpleMembershipAttribute.cs:line 23
   at System.Web.Mvc.Async.AsyncControllerActionInvoker.InvokeActionMethodFilterAsynchronously(IActionFilter filter, ActionExecutingContext preContext, Func`1 nextInChain)
   at System.Web.Mvc.Async.AsyncControllerActionInvoker.InvokeActionMethodFilterAsynchronously(IActionFilter filter, ActionExecutingContext preContext, Func`1 nextInChain)
   at System.Web.Mvc.Async.AsyncControllerActionInvoker.<>c__DisplayClass37.<BeginInvokeActionMethodWithFilters>b__31(AsyncCallback asyncCallback, Object asyncState)
   at System.Web.Mvc.Async.AsyncResultWrapper.WrappedAsyncResult`1.Begin(AsyncCallback callback, Object state, Int32 timeout)
   at System.Web.Mvc.Async.AsyncResultWrapper.Begin[TResult](AsyncCallback callback, Object state, BeginInvokeDelegate beginDelegate, EndInvokeDelegate`1 endDelegate, Object tag, Int32 timeout)
   at System.Web.Mvc.Async.AsyncResultWrapper.Begin[TResult](AsyncCallback callback, Object state, BeginInvokeDelegate beginDelegate, EndInvokeDelegate`1 endDelegate, Object tag)
   at System.Web.Mvc.Async.AsyncControllerActionInvoker.<>c__DisplayClass25.<BeginInvokeAction>b__1e(AsyncCallback asyncCallback, Object asyncState)
 2015-05-15 21:45:18,211 [35] INFO  StatisticalSolutions.Controllers.Base.BaseController - Application URL - /StatisticalSolutions/Base/StatisticalError 
 2015-05-15 21:45:18,212 [35] INFO  StatisticalSolutions.Controllers.Base.BaseController - Application URL - /StatisticalSolutions/Base/StatisticalError 
 2015-05-15 21:45:18,212 [35] ERROR StatisticalSolutions.Controllers.Base.BaseController - Statistical exception message - Exception has been thrown by the target of an invocation.
 2015-05-15 21:45:18,212 [35] ERROR StatisticalSolutions.Controllers.Base.BaseController - Statistical exception stack trace -    at System.RuntimeTypeHandle.CreateInstance(RuntimeType type, Boolean publicOnly, Boolean noCheck, Boolean& canBeCached, RuntimeMethodHandleInternal& ctor, Boolean& bNeedSecurityCheck)
   at System.RuntimeType.CreateInstanceSlow(Boolean publicOnly, Boolean skipCheckThis, Boolean fillCache, StackCrawlMark& stackMark)
   at System.RuntimeType.CreateInstanceDefaultCtor(Boolean publicOnly, Boolean skipCheckThis, Boolean fillCache, StackCrawlMark& stackMark)
   at System.Activator.CreateInstance(Type type, Boolean nonPublic)
   at System.Activator.CreateInstance(Type type)
   at System.Threading.LazyHelpers`1.ActivatorFactorySelector()
   at System.Threading.LazyInitializer.EnsureInitializedCore[T](T& target, Boolean& initialized, Object& syncLock, Func`1 valueFactory)
   at System.Threading.LazyInitializer.EnsureInitialized[T](T& target, Boolean& initialized, Object& syncLock)
   at StatisticalSolutions.Filters.InitializeSimpleMembershipAttribute.OnActionExecuting(ActionExecutingContext filterContext) in e:\Ola Projects\3rdPartyProjects\StatisticalSolutions\StatisticalSolutions\Filters\InitializeSimpleMembershipAttribute.cs:line 23
   at System.Web.Mvc.Async.AsyncControllerActionInvoker.InvokeActionMethodFilterAsynchronously(IActionFilter filter, ActionExecutingContext preContext, Func`1 nextInChain)
   at System.Web.Mvc.Async.AsyncControllerActionInvoker.InvokeActionMethodFilterAsynchronously(IActionFilter filter, ActionExecutingContext preContext, Func`1 nextInChain)
   at System.Web.Mvc.Async.AsyncControllerActionInvoker.<>c__DisplayClass37.<BeginInvokeActionMethodWithFilters>b__31(AsyncCallback asyncCallback, Object asyncState)
   at System.Web.Mvc.Async.AsyncResultWrapper.WrappedAsyncResult`1.Begin(AsyncCallback callback, Object state, Int32 timeout)
   at System.Web.Mvc.Async.AsyncResultWrapper.Begin[TResult](AsyncCallback callback, Object state, BeginInvokeDelegate beginDelegate, EndInvokeDelegate`1 endDelegate, Object tag, Int32 timeout)
   at System.Web.Mvc.Async.AsyncResultWrapper.Begin[TResult](AsyncCallback callback, Object state, BeginInvokeDelegate beginDelegate, EndInvokeDelegate`1 endDelegate, Object tag)
   at System.Web.Mvc.Async.AsyncControllerActionInvoker.<>c__DisplayClass25.<BeginInvokeAction>b__1e(AsyncCallback asyncCallback, Object asyncState)
 2015-05-15 21:45:18,216 [25] INFO  StatisticalSolutions.Controllers.Base.BaseController - Application URL - /StatisticalSolutions/Base/StatisticalError 
 2015-05-15 21:45:18,217 [25] INFO  StatisticalSolutions.Controllers.Base.BaseController - Application URL - /StatisticalSolutions/Base/StatisticalError 
 2015-05-15 21:45:18,217 [25] ERROR StatisticalSolutions.Controllers.Base.BaseController - Statistical exception message - Exception has been thrown by the target of an invocation.
 2015-05-15 21:45:18,218 [25] ERROR StatisticalSolutions.Controllers.Base.BaseController - Statistical exception stack trace -    at System.RuntimeTypeHandle.CreateInstance(RuntimeType type, Boolean publicOnly, Boolean noCheck, Boolean& canBeCached, RuntimeMethodHandleInternal& ctor, Boolean& bNeedSecurityCheck)
   at System.RuntimeType.CreateInstanceSlow(Boolean publicOnly, Boolean skipCheckThis, Boolean fillCache, StackCrawlMark& stackMark)
   at System.RuntimeType.CreateInstanceDefaultCtor(Boolean publicOnly, Boolean skipCheckThis, Boolean fillCache, StackCrawlMark& stackMark)
   at System.Activator.CreateInstance(Type type, Boolean nonPublic)
   at System.Activator.CreateInstance(Type type)
   at System.Threading.LazyHelpers`1.ActivatorFactorySelector()
   at System.Threading.LazyInitializer.EnsureInitializedCore[T](T& target, Boolean& initialized, Object& syncLock, Func`1 valueFactory)
   at System.Threading.LazyInitializer.EnsureInitialized[T](T& target, Boolean& initialized, Object& syncLock)
   at StatisticalSolutions.Filters.InitializeSimpleMembershipAttribute.OnActionExecuting(ActionExecutingContext filterContext) in e:\Ola Projects\3rdPartyProjects\StatisticalSolutions\StatisticalSolutions\Filters\InitializeSimpleMembershipAttribute.cs:line 23
   at System.Web.Mvc.Async.AsyncControllerActionInvoker.InvokeActionMethodFilterAsynchronously(IActionFilter filter, ActionExecutingContext preContext, Func`1 nextInChain)
   at System.Web.Mvc.Async.AsyncControllerActionInvoker.InvokeActionMethodFilterAsynchronously(IActionFilter filter, ActionExecutingContext preContext, Func`1 nextInChain)
   at System.Web.Mvc.Async.AsyncControllerActionInvoker.<>c__DisplayClass37.<BeginInvokeActionMethodWithFilters>b__31(AsyncCallback asyncCallback, Object asyncState)
   at System.Web.Mvc.Async.AsyncResultWrapper.WrappedAsyncResult`1.Begin(AsyncCallback callback, Object state, Int32 timeout)
   at System.Web.Mvc.Async.AsyncResultWrapper.Begin[TResult](AsyncCallback callback, Object state, BeginInvokeDelegate beginDelegate, EndInvokeDelegate`1 endDelegate, Object tag, Int32 timeout)
   at System.Web.Mvc.Async.AsyncResultWrapper.Begin[TResult](AsyncCallback callback, Object state, BeginInvokeDelegate beginDelegate, EndInvokeDelegate`1 endDelegate, Object tag)
   at System.Web.Mvc.Async.AsyncControllerActionInvoker.<>c__DisplayClass25.<BeginInvokeAction>b__1e(AsyncCallback asyncCallback, Object asyncState)
 2015-05-15 21:45:18,222 [36] INFO  StatisticalSolutions.Controllers.Base.BaseController - Application URL - /StatisticalSolutions/Base/StatisticalError 
 2015-05-15 21:45:18,223 [36] INFO  StatisticalSolutions.Controllers.Base.BaseController - Application URL - /StatisticalSolutions/Base/StatisticalError 
 2015-05-15 21:45:18,223 [36] ERROR StatisticalSolutions.Controllers.Base.BaseController - Statistical exception message - Exception has been thrown by the target of an invocation.
 2015-05-15 21:45:18,223 [36] ERROR StatisticalSolutions.Controllers.Base.BaseController - Statistical exception stack trace -    at System.RuntimeTypeHandle.CreateInstance(RuntimeType type, Boolean publicOnly, Boolean noCheck, Boolean& canBeCached, RuntimeMethodHandleInternal& ctor, Boolean& bNeedSecurityCheck)
   at System.RuntimeType.CreateInstanceSlow(Boolean publicOnly, Boolean skipCheckThis, Boolean fillCache, StackCrawlMark& stackMark)
   at System.RuntimeType.CreateInstanceDefaultCtor(Boolean publicOnly, Boolean skipCheckThis, Boolean fillCache, StackCrawlMark& stackMark)
   at System.Activator.CreateInstance(Type type, Boolean nonPublic)
   at System.Activator.CreateInstance(Type type)
   at System.Threading.LazyHelpers`1.ActivatorFactorySelector()
   at System.Threading.LazyInitializer.EnsureInitializedCore[T](T& target, Boolean& initialized, Object& syncLock, Func`1 valueFactory)
   at System.Threading.LazyInitializer.EnsureInitialized[T](T& target, Boolean& initialized, Object& syncLock)
   at StatisticalSolutions.Filters.InitializeSimpleMembershipAttribute.OnActionExecuting(ActionExecutingContext filterContext) in e:\Ola Projects\3rdPartyProjects\StatisticalSolutions\StatisticalSolutions\Filters\InitializeSimpleMembershipAttribute.cs:line 23
   at System.Web.Mvc.Async.AsyncControllerActionInvoker.InvokeActionMethodFilterAsynchronously(IActionFilter filter, ActionExecutingContext preContext, Func`1 nextInChain)
   at System.Web.Mvc.Async.AsyncControllerActionInvoker.InvokeActionMethodFilterAsynchronously(IActionFilter filter, ActionExecutingContext preContext, Func`1 nextInChain)
   at System.Web.Mvc.Async.AsyncControllerActionInvoker.<>c__DisplayClass37.<BeginInvokeActionMethodWithFilters>b__31(AsyncCallback asyncCallback, Object asyncState)
   at System.Web.Mvc.Async.AsyncResultWrapper.WrappedAsyncResult`1.Begin(AsyncCallback callback, Object state, Int32 timeout)
   at System.Web.Mvc.Async.AsyncResultWrapper.Begin[TResult](AsyncCallback callback, Object state, BeginInvokeDelegate beginDelegate, EndInvokeDelegate`1 endDelegate, Object tag, Int32 timeout)
   at System.Web.Mvc.Async.AsyncResultWrapper.Begin[TResult](AsyncCallback callback, Object state, BeginInvokeDelegate beginDelegate, EndInvokeDelegate`1 endDelegate, Object tag)
   at System.Web.Mvc.Async.AsyncControllerActionInvoker.<>c__DisplayClass25.<BeginInvokeAction>b__1e(AsyncCallback asyncCallback, Object asyncState)
 2015-05-15 21:45:18,227 [38] INFO  StatisticalSolutions.Controllers.Base.BaseController - Application URL - /StatisticalSolutions/Base/StatisticalError 
 2015-05-15 21:45:18,228 [38] INFO  StatisticalSolutions.Controllers.Base.BaseController - Application URL - /StatisticalSolutions/Base/StatisticalError 
 2015-05-15 21:45:18,229 [38] ERROR StatisticalSolutions.Controllers.Base.BaseController - Statistical exception message - Exception has been thrown by the target of an invocation.
 2015-05-15 21:45:18,229 [38] ERROR StatisticalSolutions.Controllers.Base.BaseController - Statistical exception stack trace -    at System.RuntimeTypeHandle.CreateInstance(RuntimeType type, Boolean publicOnly, Boolean noCheck, Boolean& canBeCached, RuntimeMethodHandleInternal& ctor, Boolean& bNeedSecurityCheck)
   at System.RuntimeType.CreateInstanceSlow(Boolean publicOnly, Boolean skipCheckThis, Boolean fillCache, StackCrawlMark& stackMark)
   at System.RuntimeType.CreateInstanceDefaultCtor(Boolean publicOnly, Boolean skipCheckThis, Boolean fillCache, StackCrawlMark& stackMark)
   at System.Activator.CreateInstance(Type type, Boolean nonPublic)
   at System.Activator.CreateInstance(Type type)
   at System.Threading.LazyHelpers`1.ActivatorFactorySelector()
   at System.Threading.LazyInitializer.EnsureInitializedCore[T](T& target, Boolean& initialized, Object& syncLock, Func`1 valueFactory)
   at System.Threading.LazyInitializer.EnsureInitialized[T](T& target, Boolean& initialized, Object& syncLock)
   at StatisticalSolutions.Filters.InitializeSimpleMembershipAttribute.OnActionExecuting(ActionExecutingContext filterContext) in e:\Ola Projects\3rdPartyProjects\StatisticalSolutions\StatisticalSolutions\Filters\InitializeSimpleMembershipAttribute.cs:line 23
   at System.Web.Mvc.Async.AsyncControllerActionInvoker.InvokeActionMethodFilterAsynchronously(IActionFilter filter, ActionExecutingContext preContext, Func`1 nextInChain)
   at System.Web.Mvc.Async.AsyncControllerActionInvoker.InvokeActionMethodFilterAsynchronously(IActionFilter filter, ActionExecutingContext preContext, Func`1 nextInChain)
   at System.Web.Mvc.Async.AsyncControllerActionInvoker.<>c__DisplayClass37.<BeginInvokeActionMethodWithFilters>b__31(AsyncCallback asyncCallback, Object asyncState)
   at System.Web.Mvc.Async.AsyncResultWrapper.WrappedAsyncResult`1.Begin(AsyncCallback callback, Object state, Int32 timeout)
   at System.Web.Mvc.Async.AsyncResultWrapper.Begin[TResult](AsyncCallback callback, Object state, BeginInvokeDelegate beginDelegate, EndInvokeDelegate`1 endDelegate, Object tag, Int32 timeout)
   at System.Web.Mvc.Async.AsyncResultWrapper.Begin[TResult](AsyncCallback callback, Object state, BeginInvokeDelegate beginDelegate, EndInvokeDelegate`1 endDelegate, Object tag)
   at System.Web.Mvc.Async.AsyncControllerActionInvoker.<>c__DisplayClass25.<BeginInvokeAction>b__1e(AsyncCallback asyncCallback, Object asyncState)
 2015-05-15 21:45:18,234 [25] INFO  StatisticalSolutions.Controllers.Base.BaseController - Application URL - /StatisticalSolutions/Base/StatisticalError 
 2015-05-15 21:45:18,235 [25] INFO  StatisticalSolutions.Controllers.Base.BaseController - Application URL - /StatisticalSolutions/Base/StatisticalError 
 2015-05-15 21:45:18,235 [25] ERROR StatisticalSolutions.Controllers.Base.BaseController - Statistical exception message - Exception has been thrown by the target of an invocation.
 2015-05-15 21:45:18,235 [25] ERROR StatisticalSolutions.Controllers.Base.BaseController - Statistical exception stack trace -    at System.RuntimeTypeHandle.CreateInstance(RuntimeType type, Boolean publicOnly, Boolean noCheck, Boolean& canBeCached, RuntimeMethodHandleInternal& ctor, Boolean& bNeedSecurityCheck)
   at System.RuntimeType.CreateInstanceSlow(Boolean publicOnly, Boolean skipCheckThis, Boolean fillCache, StackCrawlMark& stackMark)
   at System.RuntimeType.CreateInstanceDefaultCtor(Boolean publicOnly, Boolean skipCheckThis, Boolean fillCache, StackCrawlMark& stackMark)
   at System.Activator.CreateInstance(Type type, Boolean nonPublic)
   at System.Activator.CreateInstance(Type type)
   at System.Threading.LazyHelpers`1.ActivatorFactorySelector()
   at System.Threading.LazyInitializer.EnsureInitializedCore[T](T& target, Boolean& initialized, Object& syncLock, Func`1 valueFactory)
   at System.Threading.LazyInitializer.EnsureInitialized[T](T& target, Boolean& initialized, Object& syncLock)
   at StatisticalSolutions.Filters.InitializeSimpleMembershipAttribute.OnActionExecuting(ActionExecutingContext filterContext) in e:\Ola Projects\3rdPartyProjects\StatisticalSolutions\StatisticalSolutions\Filters\InitializeSimpleMembershipAttribute.cs:line 23
   at System.Web.Mvc.Async.AsyncControllerActionInvoker.InvokeActionMethodFilterAsynchronously(IActionFilter filter, ActionExecutingContext preContext, Func`1 nextInChain)
   at System.Web.Mvc.Async.AsyncControllerActionInvoker.InvokeActionMethodFilterAsynchronously(IActionFilter filter, ActionExecutingContext preContext, Func`1 nextInChain)
   at System.Web.Mvc.Async.AsyncControllerActionInvoker.<>c__DisplayClass37.<BeginInvokeActionMethodWithFilters>b__31(AsyncCallback asyncCallback, Object asyncState)
   at System.Web.Mvc.Async.AsyncResultWrapper.WrappedAsyncResult`1.Begin(AsyncCallback callback, Object state, Int32 timeout)
   at System.Web.Mvc.Async.AsyncResultWrapper.Begin[TResult](AsyncCallback callback, Object state, BeginInvokeDelegate beginDelegate, EndInvokeDelegate`1 endDelegate, Object tag, Int32 timeout)
   at System.Web.Mvc.Async.AsyncResultWrapper.Begin[TResult](AsyncCallback callback, Object state, BeginInvokeDelegate beginDelegate, EndInvokeDelegate`1 endDelegate, Object tag)
   at System.Web.Mvc.Async.AsyncControllerActionInvoker.<>c__DisplayClass25.<BeginInvokeAction>b__1e(AsyncCallback asyncCallback, Object asyncState)
 2015-05-15 21:45:23,239 [35] INFO  StatisticalSolutions.Controllers.Base.BaseController - Application URL - /StatisticalSolutions/Base/StatisticalError 
 2015-05-15 21:45:23,239 [35] INFO  StatisticalSolutions.Controllers.Base.BaseController - Application URL - /StatisticalSolutions/Base/StatisticalError 
 2015-05-15 21:45:23,239 [35] ERROR StatisticalSolutions.Controllers.Base.BaseController - Statistical exception message - Exception has been thrown by the target of an invocation.
 2015-05-15 21:45:23,239 [35] ERROR StatisticalSolutions.Controllers.Base.BaseController - Statistical exception stack trace -    at System.RuntimeTypeHandle.CreateInstance(RuntimeType type, Boolean publicOnly, Boolean noCheck, Boolean& canBeCached, RuntimeMethodHandleInternal& ctor, Boolean& bNeedSecurityCheck)
   at System.RuntimeType.CreateInstanceSlow(Boolean publicOnly, Boolean skipCheckThis, Boolean fillCache, StackCrawlMark& stackMark)
   at System.RuntimeType.CreateInstanceDefaultCtor(Boolean publicOnly, Boolean skipCheckThis, Boolean fillCache, StackCrawlMark& stackMark)
   at System.Activator.CreateInstance(Type type, Boolean nonPublic)
   at System.Activator.CreateInstance(Type type)
   at System.Threading.LazyHelpers`1.ActivatorFactorySelector()
   at System.Threading.LazyInitializer.EnsureInitializedCore[T](T& target, Boolean& initialized, Object& syncLock, Func`1 valueFactory)
   at System.Threading.LazyInitializer.EnsureInitialized[T](T& target, Boolean& initialized, Object& syncLock)
   at StatisticalSolutions.Filters.InitializeSimpleMembershipAttribute.OnActionExecuting(ActionExecutingContext filterContext) in e:\Ola Projects\3rdPartyProjects\StatisticalSolutions\StatisticalSolutions\Filters\InitializeSimpleMembershipAttribute.cs:line 23
   at System.Web.Mvc.Async.AsyncControllerActionInvoker.InvokeActionMethodFilterAsynchronously(IActionFilter filter, ActionExecutingContext preContext, Func`1 nextInChain)
   at System.Web.Mvc.Async.AsyncControllerActionInvoker.InvokeActionMethodFilterAsynchronously(IActionFilter filter, ActionExecutingContext preContext, Func`1 nextInChain)
   at System.Web.Mvc.Async.AsyncControllerActionInvoker.<>c__DisplayClass37.<BeginInvokeActionMethodWithFilters>b__31(AsyncCallback asyncCallback, Object asyncState)
   at System.Web.Mvc.Async.AsyncResultWrapper.WrappedAsyncResult`1.Begin(AsyncCallback callback, Object state, Int32 timeout)
   at System.Web.Mvc.Async.AsyncResultWrapper.Begin[TResult](AsyncCallback callback, Object state, BeginInvokeDelegate beginDelegate, EndInvokeDelegate`1 endDelegate, Object tag, Int32 timeout)
   at System.Web.Mvc.Async.AsyncResultWrapper.Begin[TResult](AsyncCallback callback, Object state, BeginInvokeDelegate beginDelegate, EndInvokeDelegate`1 endDelegate, Object tag)
   at System.Web.Mvc.Async.AsyncControllerActionInvoker.<>c__DisplayClass25.<BeginInvokeAction>b__1e(AsyncCallback asyncCallback, Object asyncState)
 2015-05-15 21:45:23,265 [38] INFO  StatisticalSolutions.Controllers.Base.BaseController - Application URL - /StatisticalSolutions/Base/StatisticalError 
 2015-05-15 21:45:23,266 [38] INFO  StatisticalSolutions.Controllers.Base.BaseController - Application URL - /StatisticalSolutions/Base/StatisticalError 
 2015-05-15 21:45:23,266 [38] ERROR StatisticalSolutions.Controllers.Base.BaseController - Statistical exception message - Exception has been thrown by the target of an invocation.
 2015-05-15 21:45:23,266 [38] ERROR StatisticalSolutions.Controllers.Base.BaseController - Statistical exception stack trace -    at System.RuntimeTypeHandle.CreateInstance(RuntimeType type, Boolean publicOnly, Boolean noCheck, Boolean& canBeCached, RuntimeMethodHandleInternal& ctor, Boolean& bNeedSecurityCheck)
   at System.RuntimeType.CreateInstanceSlow(Boolean publicOnly, Boolean skipCheckThis, Boolean fillCache, StackCrawlMark& stackMark)
   at System.RuntimeType.CreateInstanceDefaultCtor(Boolean publicOnly, Boolean skipCheckThis, Boolean fillCache, StackCrawlMark& stackMark)
   at System.Activator.CreateInstance(Type type, Boolean nonPublic)
   at System.Activator.CreateInstance(Type type)
   at System.Threading.LazyHelpers`1.ActivatorFactorySelector()
   at System.Threading.LazyInitializer.EnsureInitializedCore[T](T& target, Boolean& initialized, Object& syncLock, Func`1 valueFactory)
   at System.Threading.LazyInitializer.EnsureInitialized[T](T& target, Boolean& initialized, Object& syncLock)
   at StatisticalSolutions.Filters.InitializeSimpleMembershipAttribute.OnActionExecuting(ActionExecutingContext filterContext) in e:\Ola Projects\3rdPartyProjects\StatisticalSolutions\StatisticalSolutions\Filters\InitializeSimpleMembershipAttribute.cs:line 23
   at System.Web.Mvc.Async.AsyncControllerActionInvoker.InvokeActionMethodFilterAsynchronously(IActionFilter filter, ActionExecutingContext preContext, Func`1 nextInChain)
   at System.Web.Mvc.Async.AsyncControllerActionInvoker.InvokeActionMethodFilterAsynchronously(IActionFilter filter, ActionExecutingContext preContext, Func`1 nextInChain)
   at System.Web.Mvc.Async.AsyncControllerActionInvoker.<>c__DisplayClass37.<BeginInvokeActionMethodWithFilters>b__31(AsyncCallback asyncCallback, Object asyncState)
   at System.Web.Mvc.Async.AsyncResultWrapper.WrappedAsyncResult`1.Begin(AsyncCallback callback, Object state, Int32 timeout)
   at System.Web.Mvc.Async.AsyncResultWrapper.Begin[TResult](AsyncCallback callback, Object state, BeginInvokeDelegate beginDelegate, EndInvokeDelegate`1 endDelegate, Object tag, Int32 timeout)
   at System.Web.Mvc.Async.AsyncResultWrapper.Begin[TResult](AsyncCallback callback, Object state, BeginInvokeDelegate beginDelegate, EndInvokeDelegate`1 endDelegate, Object tag)
   at System.Web.Mvc.Async.AsyncControllerActionInvoker.<>c__DisplayClass25.<BeginInvokeAction>b__1e(AsyncCallback asyncCallback, Object asyncState)
 2015-05-15 21:45:23,279 [36] INFO  StatisticalSolutions.Controllers.Base.BaseController - Application URL - /StatisticalSolutions/Base/StatisticalError 
 2015-05-15 21:45:23,280 [36] INFO  StatisticalSolutions.Controllers.Base.BaseController - Application URL - /StatisticalSolutions/Base/StatisticalError 
 2015-05-15 21:45:23,280 [36] ERROR StatisticalSolutions.Controllers.Base.BaseController - Statistical exception message - Exception has been thrown by the target of an invocation.
 2015-05-15 21:45:23,281 [36] ERROR StatisticalSolutions.Controllers.Base.BaseController - Statistical exception stack trace -    at System.RuntimeTypeHandle.CreateInstance(RuntimeType type, Boolean publicOnly, Boolean noCheck, Boolean& canBeCached, RuntimeMethodHandleInternal& ctor, Boolean& bNeedSecurityCheck)
   at System.RuntimeType.CreateInstanceSlow(Boolean publicOnly, Boolean skipCheckThis, Boolean fillCache, StackCrawlMark& stackMark)
   at System.RuntimeType.CreateInstanceDefaultCtor(Boolean publicOnly, Boolean skipCheckThis, Boolean fillCache, StackCrawlMark& stackMark)
   at System.Activator.CreateInstance(Type type, Boolean nonPublic)
   at System.Activator.CreateInstance(Type type)
   at System.Threading.LazyHelpers`1.ActivatorFactorySelector()
   at System.Threading.LazyInitializer.EnsureInitializedCore[T](T& target, Boolean& initialized, Object& syncLock, Func`1 valueFactory)
   at System.Threading.LazyInitializer.EnsureInitialized[T](T& target, Boolean& initialized, Object& syncLock)
   at StatisticalSolutions.Filters.InitializeSimpleMembershipAttribute.OnActionExecuting(ActionExecutingContext filterContext) in e:\Ola Projects\3rdPartyProjects\StatisticalSolutions\StatisticalSolutions\Filters\InitializeSimpleMembershipAttribute.cs:line 23
   at System.Web.Mvc.Async.AsyncControllerActionInvoker.InvokeActionMethodFilterAsynchronously(IActionFilter filter, ActionExecutingContext preContext, Func`1 nextInChain)
   at System.Web.Mvc.Async.AsyncControllerActionInvoker.InvokeActionMethodFilterAsynchronously(IActionFilter filter, ActionExecutingContext preContext, Func`1 nextInChain)
   at System.Web.Mvc.Async.AsyncControllerActionInvoker.<>c__DisplayClass37.<BeginInvokeActionMethodWithFilters>b__31(AsyncCallback asyncCallback, Object asyncState)
   at System.Web.Mvc.Async.AsyncResultWrapper.WrappedAsyncResult`1.Begin(AsyncCallback callback, Object state, Int32 timeout)
   at System.Web.Mvc.Async.AsyncResultWrapper.Begin[TResult](AsyncCallback callback, Object state, BeginInvokeDelegate beginDelegate, EndInvokeDelegate`1 endDelegate, Object tag, Int32 timeout)
   at System.Web.Mvc.Async.AsyncResultWrapper.Begin[TResult](AsyncCallback callback, Object state, BeginInvokeDelegate beginDelegate, EndInvokeDelegate`1 endDelegate, Object tag)
   at System.Web.Mvc.Async.AsyncControllerActionInvoker.<>c__DisplayClass25.<BeginInvokeAction>b__1e(AsyncCallback asyncCallback, Object asyncState)
 2015-05-15 21:45:23,287 [35] INFO  StatisticalSolutions.Controllers.Base.BaseController - Application URL - /StatisticalSolutions/Base/StatisticalError 
 2015-05-15 21:45:23,289 [35] INFO  StatisticalSolutions.Controllers.Base.BaseController - Application URL - /StatisticalSolutions/Base/StatisticalError 
 2015-05-15 21:45:23,289 [35] ERROR StatisticalSolutions.Controllers.Base.BaseController - Statistical exception message - Exception has been thrown by the target of an invocation.
 2015-05-15 21:45:23,289 [35] ERROR StatisticalSolutions.Controllers.Base.BaseController - Statistical exception stack trace -    at System.RuntimeTypeHandle.CreateInstance(RuntimeType type, Boolean publicOnly, Boolean noCheck, Boolean& canBeCached, RuntimeMethodHandleInternal& ctor, Boolean& bNeedSecurityCheck)
   at System.RuntimeType.CreateInstanceSlow(Boolean publicOnly, Boolean skipCheckThis, Boolean fillCache, StackCrawlMark& stackMark)
   at System.RuntimeType.CreateInstanceDefaultCtor(Boolean publicOnly, Boolean skipCheckThis, Boolean fillCache, StackCrawlMark& stackMark)
   at System.Activator.CreateInstance(Type type, Boolean nonPublic)
   at System.Activator.CreateInstance(Type type)
   at System.Threading.LazyHelpers`1.ActivatorFactorySelector()
   at System.Threading.LazyInitializer.EnsureInitializedCore[T](T& target, Boolean& initialized, Object& syncLock, Func`1 valueFactory)
   at System.Threading.LazyInitializer.EnsureInitialized[T](T& target, Boolean& initialized, Object& syncLock)
   at StatisticalSolutions.Filters.InitializeSimpleMembershipAttribute.OnActionExecuting(ActionExecutingContext filterContext) in e:\Ola Projects\3rdPartyProjects\StatisticalSolutions\StatisticalSolutions\Filters\InitializeSimpleMembershipAttribute.cs:line 23
   at System.Web.Mvc.Async.AsyncControllerActionInvoker.InvokeActionMethodFilterAsynchronously(IActionFilter filter, ActionExecutingContext preContext, Func`1 nextInChain)
   at System.Web.Mvc.Async.AsyncControllerActionInvoker.InvokeActionMethodFilterAsynchronously(IActionFilter filter, ActionExecutingContext preContext, Func`1 nextInChain)
   at System.Web.Mvc.Async.AsyncControllerActionInvoker.<>c__DisplayClass37.<BeginInvokeActionMethodWithFilters>b__31(AsyncCallback asyncCallback, Object asyncState)
   at System.Web.Mvc.Async.AsyncResultWrapper.WrappedAsyncResult`1.Begin(AsyncCallback callback, Object state, Int32 timeout)
   at System.Web.Mvc.Async.AsyncResultWrapper.Begin[TResult](AsyncCallback callback, Object state, BeginInvokeDelegate beginDelegate, EndInvokeDelegate`1 endDelegate, Object tag, Int32 timeout)
   at System.Web.Mvc.Async.AsyncResultWrapper.Begin[TResult](AsyncCallback callback, Object state, BeginInvokeDelegate beginDelegate, EndInvokeDelegate`1 endDelegate, Object tag)
   at System.Web.Mvc.Async.AsyncControllerActionInvoker.<>c__DisplayClass25.<BeginInvokeAction>b__1e(AsyncCallback asyncCallback, Object asyncState)
 2015-05-15 21:45:23,294 [38] INFO  StatisticalSolutions.Controllers.Base.BaseController - Application URL - /StatisticalSolutions/Base/StatisticalError 
 2015-05-15 21:45:23,295 [38] INFO  StatisticalSolutions.Controllers.Base.BaseController - Application URL - /StatisticalSolutions/Base/StatisticalError 
 2015-05-15 21:45:23,295 [38] ERROR StatisticalSolutions.Controllers.Base.BaseController - Statistical exception message - Exception has been thrown by the target of an invocation.
 2015-05-15 21:45:23,295 [38] ERROR StatisticalSolutions.Controllers.Base.BaseController - Statistical exception stack trace -    at System.RuntimeTypeHandle.CreateInstance(RuntimeType type, Boolean publicOnly, Boolean noCheck, Boolean& canBeCached, RuntimeMethodHandleInternal& ctor, Boolean& bNeedSecurityCheck)
   at System.RuntimeType.CreateInstanceSlow(Boolean publicOnly, Boolean skipCheckThis, Boolean fillCache, StackCrawlMark& stackMark)
   at System.RuntimeType.CreateInstanceDefaultCtor(Boolean publicOnly, Boolean skipCheckThis, Boolean fillCache, StackCrawlMark& stackMark)
   at System.Activator.CreateInstance(Type type, Boolean nonPublic)
   at System.Activator.CreateInstance(Type type)
   at System.Threading.LazyHelpers`1.ActivatorFactorySelector()
   at System.Threading.LazyInitializer.EnsureInitializedCore[T](T& target, Boolean& initialized, Object& syncLock, Func`1 valueFactory)
   at System.Threading.LazyInitializer.EnsureInitialized[T](T& target, Boolean& initialized, Object& syncLock)
   at StatisticalSolutions.Filters.InitializeSimpleMembershipAttribute.OnActionExecuting(ActionExecutingContext filterContext) in e:\Ola Projects\3rdPartyProjects\StatisticalSolutions\StatisticalSolutions\Filters\InitializeSimpleMembershipAttribute.cs:line 23
   at System.Web.Mvc.Async.AsyncControllerActionInvoker.InvokeActionMethodFilterAsynchronously(IActionFilter filter, ActionExecutingContext preContext, Func`1 nextInChain)
   at System.Web.Mvc.Async.AsyncControllerActionInvoker.InvokeActionMethodFilterAsynchronously(IActionFilter filter, ActionExecutingContext preContext, Func`1 nextInChain)
   at System.Web.Mvc.Async.AsyncControllerActionInvoker.<>c__DisplayClass37.<BeginInvokeActionMethodWithFilters>b__31(AsyncCallback asyncCallback, Object asyncState)
   at System.Web.Mvc.Async.AsyncResultWrapper.WrappedAsyncResult`1.Begin(AsyncCallback callback, Object state, Int32 timeout)
   at System.Web.Mvc.Async.AsyncResultWrapper.Begin[TResult](AsyncCallback callback, Object state, BeginInvokeDelegate beginDelegate, EndInvokeDelegate`1 endDelegate, Object tag, Int32 timeout)
   at System.Web.Mvc.Async.AsyncResultWrapper.Begin[TResult](AsyncCallback callback, Object state, BeginInvokeDelegate beginDelegate, EndInvokeDelegate`1 endDelegate, Object tag)
   at System.Web.Mvc.Async.AsyncControllerActionInvoker.<>c__DisplayClass25.<BeginInvokeAction>b__1e(AsyncCallback asyncCallback, Object asyncState)
 2015-05-15 21:45:23,300 [25] INFO  StatisticalSolutions.Controllers.Base.BaseController - Application URL - /StatisticalSolutions/Base/StatisticalError 
 2015-05-15 21:45:23,301 [25] INFO  StatisticalSolutions.Controllers.Base.BaseController - Application URL - /StatisticalSolutions/Base/StatisticalError 
 2015-05-15 21:45:23,301 [25] ERROR StatisticalSolutions.Controllers.Base.BaseController - Statistical exception message - Exception has been thrown by the target of an invocation.
 2015-05-15 21:45:23,301 [25] ERROR StatisticalSolutions.Controllers.Base.BaseController - Statistical exception stack trace -    at System.RuntimeTypeHandle.CreateInstance(RuntimeType type, Boolean publicOnly, Boolean noCheck, Boolean& canBeCached, RuntimeMethodHandleInternal& ctor, Boolean& bNeedSecurityCheck)
   at System.RuntimeType.CreateInstanceSlow(Boolean publicOnly, Boolean skipCheckThis, Boolean fillCache, StackCrawlMark& stackMark)
   at System.RuntimeType.CreateInstanceDefaultCtor(Boolean publicOnly, Boolean skipCheckThis, Boolean fillCache, StackCrawlMark& stackMark)
   at System.Activator.CreateInstance(Type type, Boolean nonPublic)
   at System.Activator.CreateInstance(Type type)
   at System.Threading.LazyHelpers`1.ActivatorFactorySelector()
   at System.Threading.LazyInitializer.EnsureInitializedCore[T](T& target, Boolean& initialized, Object& syncLock, Func`1 valueFactory)
   at System.Threading.LazyInitializer.EnsureInitialized[T](T& target, Boolean& initialized, Object& syncLock)
   at StatisticalSolutions.Filters.InitializeSimpleMembershipAttribute.OnActionExecuting(ActionExecutingContext filterContext) in e:\Ola Projects\3rdPartyProjects\StatisticalSolutions\StatisticalSolutions\Filters\InitializeSimpleMembershipAttribute.cs:line 23
   at System.Web.Mvc.Async.AsyncControllerActionInvoker.InvokeActionMethodFilterAsynchronously(IActionFilter filter, ActionExecutingContext preContext, Func`1 nextInChain)
   at System.Web.Mvc.Async.AsyncControllerActionInvoker.InvokeActionMethodFilterAsynchronously(IActionFilter filter, ActionExecutingContext preContext, Func`1 nextInChain)
   at System.Web.Mvc.Async.AsyncControllerActionInvoker.<>c__DisplayClass37.<BeginInvokeActionMethodWithFilters>b__31(AsyncCallback asyncCallback, Object asyncState)
   at System.Web.Mvc.Async.AsyncResultWrapper.WrappedAsyncResult`1.Begin(AsyncCallback callback, Object state, Int32 timeout)
   at System.Web.Mvc.Async.AsyncResultWrapper.Begin[TResult](AsyncCallback callback, Object state, BeginInvokeDelegate beginDelegate, EndInvokeDelegate`1 endDelegate, Object tag, Int32 timeout)
   at System.Web.Mvc.Async.AsyncResultWrapper.Begin[TResult](AsyncCallback callback, Object state, BeginInvokeDelegate beginDelegate, EndInvokeDelegate`1 endDelegate, Object tag)
   at System.Web.Mvc.Async.AsyncControllerActionInvoker.<>c__DisplayClass25.<BeginInvokeAction>b__1e(AsyncCallback asyncCallback, Object asyncState)
 2015-05-15 21:45:23,308 [36] INFO  StatisticalSolutions.Controllers.Base.BaseController - Application URL - /StatisticalSolutions/Base/StatisticalError 
 2015-05-15 21:45:23,309 [36] INFO  StatisticalSolutions.Controllers.Base.BaseController - Application URL - /StatisticalSolutions/Base/StatisticalError 
 2015-05-15 21:45:23,309 [36] ERROR StatisticalSolutions.Controllers.Base.BaseController - Statistical exception message - Exception has been thrown by the target of an invocation.
 2015-05-15 21:45:23,309 [36] ERROR StatisticalSolutions.Controllers.Base.BaseController - Statistical exception stack trace -    at System.RuntimeTypeHandle.CreateInstance(RuntimeType type, Boolean publicOnly, Boolean noCheck, Boolean& canBeCached, RuntimeMethodHandleInternal& ctor, Boolean& bNeedSecurityCheck)
   at System.RuntimeType.CreateInstanceSlow(Boolean publicOnly, Boolean skipCheckThis, Boolean fillCache, StackCrawlMark& stackMark)
   at System.RuntimeType.CreateInstanceDefaultCtor(Boolean publicOnly, Boolean skipCheckThis, Boolean fillCache, StackCrawlMark& stackMark)
   at System.Activator.CreateInstance(Type type, Boolean nonPublic)
   at System.Activator.CreateInstance(Type type)
   at System.Threading.LazyHelpers`1.ActivatorFactorySelector()
   at System.Threading.LazyInitializer.EnsureInitializedCore[T](T& target, Boolean& initialized, Object& syncLock, Func`1 valueFactory)
   at System.Threading.LazyInitializer.EnsureInitialized[T](T& target, Boolean& initialized, Object& syncLock)
   at StatisticalSolutions.Filters.InitializeSimpleMembershipAttribute.OnActionExecuting(ActionExecutingContext filterContext) in e:\Ola Projects\3rdPartyProjects\StatisticalSolutions\StatisticalSolutions\Filters\InitializeSimpleMembershipAttribute.cs:line 23
   at System.Web.Mvc.Async.AsyncControllerActionInvoker.InvokeActionMethodFilterAsynchronously(IActionFilter filter, ActionExecutingContext preContext, Func`1 nextInChain)
   at System.Web.Mvc.Async.AsyncControllerActionInvoker.InvokeActionMethodFilterAsynchronously(IActionFilter filter, ActionExecutingContext preContext, Func`1 nextInChain)
   at System.Web.Mvc.Async.AsyncControllerActionInvoker.<>c__DisplayClass37.<BeginInvokeActionMethodWithFilters>b__31(AsyncCallback asyncCallback, Object asyncState)
   at System.Web.Mvc.Async.AsyncResultWrapper.WrappedAsyncResult`1.Begin(AsyncCallback callback, Object state, Int32 timeout)
   at System.Web.Mvc.Async.AsyncResultWrapper.Begin[TResult](AsyncCallback callback, Object state, BeginInvokeDelegate beginDelegate, EndInvokeDelegate`1 endDelegate, Object tag, Int32 timeout)
   at System.Web.Mvc.Async.AsyncResultWrapper.Begin[TResult](AsyncCallback callback, Object state, BeginInvokeDelegate beginDelegate, EndInvokeDelegate`1 endDelegate, Object tag)
   at System.Web.Mvc.Async.AsyncControllerActionInvoker.<>c__DisplayClass25.<BeginInvokeAction>b__1e(AsyncCallback asyncCallback, Object asyncState)
 2015-05-15 21:45:23,314 [35] INFO  StatisticalSolutions.Controllers.Base.BaseController - Application URL - /StatisticalSolutions/Base/StatisticalError 
 2015-05-15 21:45:23,315 [35] INFO  StatisticalSolutions.Controllers.Base.BaseController - Application URL - /StatisticalSolutions/Base/StatisticalError 
 2015-05-15 21:45:23,315 [35] ERROR StatisticalSolutions.Controllers.Base.BaseController - Statistical exception message - Exception has been thrown by the target of an invocation.
 2015-05-15 21:45:23,316 [35] ERROR StatisticalSolutions.Controllers.Base.BaseController - Statistical exception stack trace -    at System.RuntimeTypeHandle.CreateInstance(RuntimeType type, Boolean publicOnly, Boolean noCheck, Boolean& canBeCached, RuntimeMethodHandleInternal& ctor, Boolean& bNeedSecurityCheck)
   at System.RuntimeType.CreateInstanceSlow(Boolean publicOnly, Boolean skipCheckThis, Boolean fillCache, StackCrawlMark& stackMark)
   at System.RuntimeType.CreateInstanceDefaultCtor(Boolean publicOnly, Boolean skipCheckThis, Boolean fillCache, StackCrawlMark& stackMark)
   at System.Activator.CreateInstance(Type type, Boolean nonPublic)
   at System.Activator.CreateInstance(Type type)
   at System.Threading.LazyHelpers`1.ActivatorFactorySelector()
   at System.Threading.LazyInitializer.EnsureInitializedCore[T](T& target, Boolean& initialized, Object& syncLock, Func`1 valueFactory)
   at System.Threading.LazyInitializer.EnsureInitialized[T](T& target, Boolean& initialized, Object& syncLock)
   at StatisticalSolutions.Filters.InitializeSimpleMembershipAttribute.OnActionExecuting(ActionExecutingContext filterContext) in e:\Ola Projects\3rdPartyProjects\StatisticalSolutions\StatisticalSolutions\Filters\InitializeSimpleMembershipAttribute.cs:line 23
   at System.Web.Mvc.Async.AsyncControllerActionInvoker.InvokeActionMethodFilterAsynchronously(IActionFilter filter, ActionExecutingContext preContext, Func`1 nextInChain)
   at System.Web.Mvc.Async.AsyncControllerActionInvoker.InvokeActionMethodFilterAsynchronously(IActionFilter filter, ActionExecutingContext preContext, Func`1 nextInChain)
   at System.Web.Mvc.Async.AsyncControllerActionInvoker.<>c__DisplayClass37.<BeginInvokeActionMethodWithFilters>b__31(AsyncCallback asyncCallback, Object asyncState)
   at System.Web.Mvc.Async.AsyncResultWrapper.WrappedAsyncResult`1.Begin(AsyncCallback callback, Object state, Int32 timeout)
   at System.Web.Mvc.Async.AsyncResultWrapper.Begin[TResult](AsyncCallback callback, Object state, BeginInvokeDelegate beginDelegate, EndInvokeDelegate`1 endDelegate, Object tag, Int32 timeout)
   at System.Web.Mvc.Async.AsyncResultWrapper.Begin[TResult](AsyncCallback callback, Object state, BeginInvokeDelegate beginDelegate, EndInvokeDelegate`1 endDelegate, Object tag)
   at System.Web.Mvc.Async.AsyncControllerActionInvoker.<>c__DisplayClass25.<BeginInvokeAction>b__1e(AsyncCallback asyncCallback, Object asyncState)
 2015-05-15 21:45:23,321 [25] INFO  StatisticalSolutions.Controllers.Base.BaseController - Application URL - /StatisticalSolutions/Base/StatisticalError 
 2015-05-15 21:45:23,322 [25] INFO  StatisticalSolutions.Controllers.Base.BaseController - Application URL - /StatisticalSolutions/Base/StatisticalError 
 2015-05-15 21:45:23,322 [25] ERROR StatisticalSolutions.Controllers.Base.BaseController - Statistical exception message - Exception has been thrown by the target of an invocation.
 2015-05-15 21:45:23,323 [25] ERROR StatisticalSolutions.Controllers.Base.BaseController - Statistical exception stack trace -    at System.RuntimeTypeHandle.CreateInstance(RuntimeType type, Boolean publicOnly, Boolean noCheck, Boolean& canBeCached, RuntimeMethodHandleInternal& ctor, Boolean& bNeedSecurityCheck)
   at System.RuntimeType.CreateInstanceSlow(Boolean publicOnly, Boolean skipCheckThis, Boolean fillCache, StackCrawlMark& stackMark)
   at System.RuntimeType.CreateInstanceDefaultCtor(Boolean publicOnly, Boolean skipCheckThis, Boolean fillCache, StackCrawlMark& stackMark)
   at System.Activator.CreateInstance(Type type, Boolean nonPublic)
   at System.Activator.CreateInstance(Type type)
   at System.Threading.LazyHelpers`1.ActivatorFactorySelector()
   at System.Threading.LazyInitializer.EnsureInitializedCore[T](T& target, Boolean& initialized, Object& syncLock, Func`1 valueFactory)
   at System.Threading.LazyInitializer.EnsureInitialized[T](T& target, Boolean& initialized, Object& syncLock)
   at StatisticalSolutions.Filters.InitializeSimpleMembershipAttribute.OnActionExecuting(ActionExecutingContext filterContext) in e:\Ola Projects\3rdPartyProjects\StatisticalSolutions\StatisticalSolutions\Filters\InitializeSimpleMembershipAttribute.cs:line 23
   at System.Web.Mvc.Async.AsyncControllerActionInvoker.InvokeActionMethodFilterAsynchronously(IActionFilter filter, ActionExecutingContext preContext, Func`1 nextInChain)
   at System.Web.Mvc.Async.AsyncControllerActionInvoker.InvokeActionMethodFilterAsynchronously(IActionFilter filter, ActionExecutingContext preContext, Func`1 nextInChain)
   at System.Web.Mvc.Async.AsyncControllerActionInvoker.<>c__DisplayClass37.<BeginInvokeActionMethodWithFilters>b__31(AsyncCallback asyncCallback, Object asyncState)
   at System.Web.Mvc.Async.AsyncResultWrapper.WrappedAsyncResult`1.Begin(AsyncCallback callback, Object state, Int32 timeout)
   at System.Web.Mvc.Async.AsyncResultWrapper.Begin[TResult](AsyncCallback callback, Object state, BeginInvokeDelegate beginDelegate, EndInvokeDelegate`1 endDelegate, Object tag, Int32 timeout)
   at System.Web.Mvc.Async.AsyncResultWrapper.Begin[TResult](AsyncCallback callback, Object state, BeginInvokeDelegate beginDelegate, EndInvokeDelegate`1 endDelegate, Object tag)
   at System.Web.Mvc.Async.AsyncControllerActionInvoker.<>c__DisplayClass25.<BeginInvokeAction>b__1e(AsyncCallback asyncCallback, Object asyncState)
 2015-05-15 21:45:23,329 [36] INFO  StatisticalSolutions.Controllers.Base.BaseController - Application URL - /StatisticalSolutions/Base/StatisticalError 
 2015-05-15 21:45:23,331 [36] INFO  StatisticalSolutions.Controllers.Base.BaseController - Application URL - /StatisticalSolutions/Base/StatisticalError 
 2015-05-15 21:45:23,331 [36] ERROR StatisticalSolutions.Controllers.Base.BaseController - Statistical exception message - Exception has been thrown by the target of an invocation.
 2015-05-15 21:45:23,331 [36] ERROR StatisticalSolutions.Controllers.Base.BaseController - Statistical exception stack trace -    at System.RuntimeTypeHandle.CreateInstance(RuntimeType type, Boolean publicOnly, Boolean noCheck, Boolean& canBeCached, RuntimeMethodHandleInternal& ctor, Boolean& bNeedSecurityCheck)
   at System.RuntimeType.CreateInstanceSlow(Boolean publicOnly, Boolean skipCheckThis, Boolean fillCache, StackCrawlMark& stackMark)
   at System.RuntimeType.CreateInstanceDefaultCtor(Boolean publicOnly, Boolean skipCheckThis, Boolean fillCache, StackCrawlMark& stackMark)
   at System.Activator.CreateInstance(Type type, Boolean nonPublic)
   at System.Activator.CreateInstance(Type type)
   at System.Threading.LazyHelpers`1.ActivatorFactorySelector()
   at System.Threading.LazyInitializer.EnsureInitializedCore[T](T& target, Boolean& initialized, Object& syncLock, Func`1 valueFactory)
   at System.Threading.LazyInitializer.EnsureInitialized[T](T& target, Boolean& initialized, Object& syncLock)
   at StatisticalSolutions.Filters.InitializeSimpleMembershipAttribute.OnActionExecuting(ActionExecutingContext filterContext) in e:\Ola Projects\3rdPartyProjects\StatisticalSolutions\StatisticalSolutions\Filters\InitializeSimpleMembershipAttribute.cs:line 23
   at System.Web.Mvc.Async.AsyncControllerActionInvoker.InvokeActionMethodFilterAsynchronously(IActionFilter filter, ActionExecutingContext preContext, Func`1 nextInChain)
   at System.Web.Mvc.Async.AsyncControllerActionInvoker.InvokeActionMethodFilterAsynchronously(IActionFilter filter, ActionExecutingContext preContext, Func`1 nextInChain)
   at System.Web.Mvc.Async.AsyncControllerActionInvoker.<>c__DisplayClass37.<BeginInvokeActionMethodWithFilters>b__31(AsyncCallback asyncCallback, Object asyncState)
   at System.Web.Mvc.Async.AsyncResultWrapper.WrappedAsyncResult`1.Begin(AsyncCallback callback, Object state, Int32 timeout)
   at System.Web.Mvc.Async.AsyncResultWrapper.Begin[TResult](AsyncCallback callback, Object state, BeginInvokeDelegate beginDelegate, EndInvokeDelegate`1 endDelegate, Object tag, Int32 timeout)
   at System.Web.Mvc.Async.AsyncResultWrapper.Begin[TResult](AsyncCallback callback, Object state, BeginInvokeDelegate beginDelegate, EndInvokeDelegate`1 endDelegate, Object tag)
   at System.Web.Mvc.Async.AsyncControllerActionInvoker.<>c__DisplayClass25.<BeginInvokeAction>b__1e(AsyncCallback asyncCallback, Object asyncState)
 2015-05-15 21:45:23,340 [38] INFO  StatisticalSolutions.Controllers.Base.BaseController - Application URL - /StatisticalSolutions/Base/StatisticalError 
 2015-05-15 21:45:23,341 [38] INFO  StatisticalSolutions.Controllers.Base.BaseController - Application URL - /StatisticalSolutions/Base/StatisticalError 
 2015-05-15 21:45:23,341 [38] ERROR StatisticalSolutions.Controllers.Base.BaseController - Statistical exception message - Exception has been thrown by the target of an invocation.
 2015-05-15 21:45:23,342 [38] ERROR StatisticalSolutions.Controllers.Base.BaseController - Statistical exception stack trace -    at System.RuntimeTypeHandle.CreateInstance(RuntimeType type, Boolean publicOnly, Boolean noCheck, Boolean& canBeCached, RuntimeMethodHandleInternal& ctor, Boolean& bNeedSecurityCheck)
   at System.RuntimeType.CreateInstanceSlow(Boolean publicOnly, Boolean skipCheckThis, Boolean fillCache, StackCrawlMark& stackMark)
   at System.RuntimeType.CreateInstanceDefaultCtor(Boolean publicOnly, Boolean skipCheckThis, Boolean fillCache, StackCrawlMark& stackMark)
   at System.Activator.CreateInstance(Type type, Boolean nonPublic)
   at System.Activator.CreateInstance(Type type)
   at System.Threading.LazyHelpers`1.ActivatorFactorySelector()
   at System.Threading.LazyInitializer.EnsureInitializedCore[T](T& target, Boolean& initialized, Object& syncLock, Func`1 valueFactory)
   at System.Threading.LazyInitializer.EnsureInitialized[T](T& target, Boolean& initialized, Object& syncLock)
   at StatisticalSolutions.Filters.InitializeSimpleMembershipAttribute.OnActionExecuting(ActionExecutingContext filterContext) in e:\Ola Projects\3rdPartyProjects\StatisticalSolutions\StatisticalSolutions\Filters\InitializeSimpleMembershipAttribute.cs:line 23
   at System.Web.Mvc.Async.AsyncControllerActionInvoker.InvokeActionMethodFilterAsynchronously(IActionFilter filter, ActionExecutingContext preContext, Func`1 nextInChain)
   at System.Web.Mvc.Async.AsyncControllerActionInvoker.InvokeActionMethodFilterAsynchronously(IActionFilter filter, ActionExecutingContext preContext, Func`1 nextInChain)
   at System.Web.Mvc.Async.AsyncControllerActionInvoker.<>c__DisplayClass37.<BeginInvokeActionMethodWithFilters>b__31(AsyncCallback asyncCallback, Object asyncState)
   at System.Web.Mvc.Async.AsyncResultWrapper.WrappedAsyncResult`1.Begin(AsyncCallback callback, Object state, Int32 timeout)
   at System.Web.Mvc.Async.AsyncResultWrapper.Begin[TResult](AsyncCallback callback, Object state, BeginInvokeDelegate beginDelegate, EndInvokeDelegate`1 endDelegate, Object tag, Int32 timeout)
   at System.Web.Mvc.Async.AsyncResultWrapper.Begin[TResult](AsyncCallback callback, Object state, BeginInvokeDelegate beginDelegate, EndInvokeDelegate`1 endDelegate, Object tag)
   at System.Web.Mvc.Async.AsyncControllerActionInvoker.<>c__DisplayClass25.<BeginInvokeAction>b__1e(AsyncCallback asyncCallback, Object asyncState)
 2015-05-15 21:45:23,346 [25] INFO  StatisticalSolutions.Controllers.Base.BaseController - Application URL - /StatisticalSolutions/Base/StatisticalError 
 2015-05-15 21:45:23,347 [25] INFO  StatisticalSolutions.Controllers.Base.BaseController - Application URL - /StatisticalSolutions/Base/StatisticalError 
 2015-05-15 21:45:23,348 [25] ERROR StatisticalSolutions.Controllers.Base.BaseController - Statistical exception message - Exception has been thrown by the target of an invocation.
 2015-05-15 21:45:23,348 [25] ERROR StatisticalSolutions.Controllers.Base.BaseController - Statistical exception stack trace -    at System.RuntimeTypeHandle.CreateInstance(RuntimeType type, Boolean publicOnly, Boolean noCheck, Boolean& canBeCached, RuntimeMethodHandleInternal& ctor, Boolean& bNeedSecurityCheck)
   at System.RuntimeType.CreateInstanceSlow(Boolean publicOnly, Boolean skipCheckThis, Boolean fillCache, StackCrawlMark& stackMark)
   at System.RuntimeType.CreateInstanceDefaultCtor(Boolean publicOnly, Boolean skipCheckThis, Boolean fillCache, StackCrawlMark& stackMark)
   at System.Activator.CreateInstance(Type type, Boolean nonPublic)
   at System.Activator.CreateInstance(Type type)
   at System.Threading.LazyHelpers`1.ActivatorFactorySelector()
   at System.Threading.LazyInitializer.EnsureInitializedCore[T](T& target, Boolean& initialized, Object& syncLock, Func`1 valueFactory)
   at System.Threading.LazyInitializer.EnsureInitialized[T](T& target, Boolean& initialized, Object& syncLock)
   at StatisticalSolutions.Filters.InitializeSimpleMembershipAttribute.OnActionExecuting(ActionExecutingContext filterContext) in e:\Ola Projects\3rdPartyProjects\StatisticalSolutions\StatisticalSolutions\Filters\InitializeSimpleMembershipAttribute.cs:line 23
   at System.Web.Mvc.Async.AsyncControllerActionInvoker.InvokeActionMethodFilterAsynchronously(IActionFilter filter, ActionExecutingContext preContext, Func`1 nextInChain)
   at System.Web.Mvc.Async.AsyncControllerActionInvoker.InvokeActionMethodFilterAsynchronously(IActionFilter filter, ActionExecutingContext preContext, Func`1 nextInChain)
   at System.Web.Mvc.Async.AsyncControllerActionInvoker.<>c__DisplayClass37.<BeginInvokeActionMethodWithFilters>b__31(AsyncCallback asyncCallback, Object asyncState)
   at System.Web.Mvc.Async.AsyncResultWrapper.WrappedAsyncResult`1.Begin(AsyncCallback callback, Object state, Int32 timeout)
   at System.Web.Mvc.Async.AsyncResultWrapper.Begin[TResult](AsyncCallback callback, Object state, BeginInvokeDelegate beginDelegate, EndInvokeDelegate`1 endDelegate, Object tag, Int32 timeout)
   at System.Web.Mvc.Async.AsyncResultWrapper.Begin[TResult](AsyncCallback callback, Object state, BeginInvokeDelegate beginDelegate, EndInvokeDelegate`1 endDelegate, Object tag)
   at System.Web.Mvc.Async.AsyncControllerActionInvoker.<>c__DisplayClass25.<BeginInvokeAction>b__1e(AsyncCallback asyncCallback, Object asyncState)
 2015-05-15 21:45:23,353 [36] INFO  StatisticalSolutions.Controllers.Base.BaseController - Application URL - /StatisticalSolutions/Base/StatisticalError 
 2015-05-15 21:45:23,354 [36] INFO  StatisticalSolutions.Controllers.Base.BaseController - Application URL - /StatisticalSolutions/Base/StatisticalError 
 2015-05-15 21:45:23,354 [36] ERROR StatisticalSolutions.Controllers.Base.BaseController - Statistical exception message - Exception has been thrown by the target of an invocation.
 2015-05-15 21:45:23,354 [36] ERROR StatisticalSolutions.Controllers.Base.BaseController - Statistical exception stack trace -    at System.RuntimeTypeHandle.CreateInstance(RuntimeType type, Boolean publicOnly, Boolean noCheck, Boolean& canBeCached, RuntimeMethodHandleInternal& ctor, Boolean& bNeedSecurityCheck)
   at System.RuntimeType.CreateInstanceSlow(Boolean publicOnly, Boolean skipCheckThis, Boolean fillCache, StackCrawlMark& stackMark)
   at System.RuntimeType.CreateInstanceDefaultCtor(Boolean publicOnly, Boolean skipCheckThis, Boolean fillCache, StackCrawlMark& stackMark)
   at System.Activator.CreateInstance(Type type, Boolean nonPublic)
   at System.Activator.CreateInstance(Type type)
   at System.Threading.LazyHelpers`1.ActivatorFactorySelector()
   at System.Threading.LazyInitializer.EnsureInitializedCore[T](T& target, Boolean& initialized, Object& syncLock, Func`1 valueFactory)
   at System.Threading.LazyInitializer.EnsureInitialized[T](T& target, Boolean& initialized, Object& syncLock)
   at StatisticalSolutions.Filters.InitializeSimpleMembershipAttribute.OnActionExecuting(ActionExecutingContext filterContext) in e:\Ola Projects\3rdPartyProjects\StatisticalSolutions\StatisticalSolutions\Filters\InitializeSimpleMembershipAttribute.cs:line 23
   at System.Web.Mvc.Async.AsyncControllerActionInvoker.InvokeActionMethodFilterAsynchronously(IActionFilter filter, ActionExecutingContext preContext, Func`1 nextInChain)
   at System.Web.Mvc.Async.AsyncControllerActionInvoker.InvokeActionMethodFilterAsynchronously(IActionFilter filter, ActionExecutingContext preContext, Func`1 nextInChain)
   at System.Web.Mvc.Async.AsyncControllerActionInvoker.<>c__DisplayClass37.<BeginInvokeActionMethodWithFilters>b__31(AsyncCallback asyncCallback, Object asyncState)
   at System.Web.Mvc.Async.AsyncResultWrapper.WrappedAsyncResult`1.Begin(AsyncCallback callback, Object state, Int32 timeout)
   at System.Web.Mvc.Async.AsyncResultWrapper.Begin[TResult](AsyncCallback callback, Object state, BeginInvokeDelegate beginDelegate, EndInvokeDelegate`1 endDelegate, Object tag, Int32 timeout)
   at System.Web.Mvc.Async.AsyncResultWrapper.Begin[TResult](AsyncCallback callback, Object state, BeginInvokeDelegate beginDelegate, EndInvokeDelegate`1 endDelegate, Object tag)
   at System.Web.Mvc.Async.AsyncControllerActionInvoker.<>c__DisplayClass25.<BeginInvokeAction>b__1e(AsyncCallback asyncCallback, Object asyncState)
 2015-05-15 21:45:23,359 [35] INFO  StatisticalSolutions.Controllers.Base.BaseController - Application URL - /StatisticalSolutions/Base/StatisticalError 
 2015-05-15 21:45:23,359 [35] INFO  StatisticalSolutions.Controllers.Base.BaseController - Application URL - /StatisticalSolutions/Base/StatisticalError 
 2015-05-15 21:45:23,360 [35] ERROR StatisticalSolutions.Controllers.Base.BaseController - Statistical exception message - Exception has been thrown by the target of an invocation.
 2015-05-15 21:45:23,360 [35] ERROR StatisticalSolutions.Controllers.Base.BaseController - Statistical exception stack trace -    at System.RuntimeTypeHandle.CreateInstance(RuntimeType type, Boolean publicOnly, Boolean noCheck, Boolean& canBeCached, RuntimeMethodHandleInternal& ctor, Boolean& bNeedSecurityCheck)
   at System.RuntimeType.CreateInstanceSlow(Boolean publicOnly, Boolean skipCheckThis, Boolean fillCache, StackCrawlMark& stackMark)
   at System.RuntimeType.CreateInstanceDefaultCtor(Boolean publicOnly, Boolean skipCheckThis, Boolean fillCache, StackCrawlMark& stackMark)
   at System.Activator.CreateInstance(Type type, Boolean nonPublic)
   at System.Activator.CreateInstance(Type type)
   at System.Threading.LazyHelpers`1.ActivatorFactorySelector()
   at System.Threading.LazyInitializer.EnsureInitializedCore[T](T& target, Boolean& initialized, Object& syncLock, Func`1 valueFactory)
   at System.Threading.LazyInitializer.EnsureInitialized[T](T& target, Boolean& initialized, Object& syncLock)
   at StatisticalSolutions.Filters.InitializeSimpleMembershipAttribute.OnActionExecuting(ActionExecutingContext filterContext) in e:\Ola Projects\3rdPartyProjects\StatisticalSolutions\StatisticalSolutions\Filters\InitializeSimpleMembershipAttribute.cs:line 23
   at System.Web.Mvc.Async.AsyncControllerActionInvoker.InvokeActionMethodFilterAsynchronously(IActionFilter filter, ActionExecutingContext preContext, Func`1 nextInChain)
   at System.Web.Mvc.Async.AsyncControllerActionInvoker.InvokeActionMethodFilterAsynchronously(IActionFilter filter, ActionExecutingContext preContext, Func`1 nextInChain)
   at System.Web.Mvc.Async.AsyncControllerActionInvoker.<>c__DisplayClass37.<BeginInvokeActionMethodWithFilters>b__31(AsyncCallback asyncCallback, Object asyncState)
   at System.Web.Mvc.Async.AsyncResultWrapper.WrappedAsyncResult`1.Begin(AsyncCallback callback, Object state, Int32 timeout)
   at System.Web.Mvc.Async.AsyncResultWrapper.Begin[TResult](AsyncCallback callback, Object state, BeginInvokeDelegate beginDelegate, EndInvokeDelegate`1 endDelegate, Object tag, Int32 timeout)
   at System.Web.Mvc.Async.AsyncResultWrapper.Begin[TResult](AsyncCallback callback, Object state, BeginInvokeDelegate beginDelegate, EndInvokeDelegate`1 endDelegate, Object tag)
   at System.Web.Mvc.Async.AsyncControllerActionInvoker.<>c__DisplayClass25.<BeginInvokeAction>b__1e(AsyncCallback asyncCallback, Object asyncState)
 2015-05-15 21:45:23,364 [25] INFO  StatisticalSolutions.Controllers.Base.BaseController - Application URL - /StatisticalSolutions/Base/StatisticalError 
 2015-05-15 21:45:23,365 [25] INFO  StatisticalSolutions.Controllers.Base.BaseController - Application URL - /StatisticalSolutions/Base/StatisticalError 
 2015-05-15 21:45:23,366 [25] ERROR StatisticalSolutions.Controllers.Base.BaseController - Statistical exception message - Exception has been thrown by the target of an invocation.
 2015-05-15 21:45:23,366 [25] ERROR StatisticalSolutions.Controllers.Base.BaseController - Statistical exception stack trace -    at System.RuntimeTypeHandle.CreateInstance(RuntimeType type, Boolean publicOnly, Boolean noCheck, Boolean& canBeCached, RuntimeMethodHandleInternal& ctor, Boolean& bNeedSecurityCheck)
   at System.RuntimeType.CreateInstanceSlow(Boolean publicOnly, Boolean skipCheckThis, Boolean fillCache, StackCrawlMark& stackMark)
   at System.RuntimeType.CreateInstanceDefaultCtor(Boolean publicOnly, Boolean skipCheckThis, Boolean fillCache, StackCrawlMark& stackMark)
   at System.Activator.CreateInstance(Type type, Boolean nonPublic)
   at System.Activator.CreateInstance(Type type)
   at System.Threading.LazyHelpers`1.ActivatorFactorySelector()
   at System.Threading.LazyInitializer.EnsureInitializedCore[T](T& target, Boolean& initialized, Object& syncLock, Func`1 valueFactory)
   at System.Threading.LazyInitializer.EnsureInitialized[T](T& target, Boolean& initialized, Object& syncLock)
   at StatisticalSolutions.Filters.InitializeSimpleMembershipAttribute.OnActionExecuting(ActionExecutingContext filterContext) in e:\Ola Projects\3rdPartyProjects\StatisticalSolutions\StatisticalSolutions\Filters\InitializeSimpleMembershipAttribute.cs:line 23
   at System.Web.Mvc.Async.AsyncControllerActionInvoker.InvokeActionMethodFilterAsynchronously(IActionFilter filter, ActionExecutingContext preContext, Func`1 nextInChain)
   at System.Web.Mvc.Async.AsyncControllerActionInvoker.InvokeActionMethodFilterAsynchronously(IActionFilter filter, ActionExecutingContext preContext, Func`1 nextInChain)
   at System.Web.Mvc.Async.AsyncControllerActionInvoker.<>c__DisplayClass37.<BeginInvokeActionMethodWithFilters>b__31(AsyncCallback asyncCallback, Object asyncState)
   at System.Web.Mvc.Async.AsyncResultWrapper.WrappedAsyncResult`1.Begin(AsyncCallback callback, Object state, Int32 timeout)
   at System.Web.Mvc.Async.AsyncResultWrapper.Begin[TResult](AsyncCallback callback, Object state, BeginInvokeDelegate beginDelegate, EndInvokeDelegate`1 endDelegate, Object tag, Int32 timeout)
   at System.Web.Mvc.Async.AsyncResultWrapper.Begin[TResult](AsyncCallback callback, Object state, BeginInvokeDelegate beginDelegate, EndInvokeDelegate`1 endDelegate, Object tag)
   at System.Web.Mvc.Async.AsyncControllerActionInvoker.<>c__DisplayClass25.<BeginInvokeAction>b__1e(AsyncCallback asyncCallback, Object asyncState)
 2015-05-15 21:45:23,371 [36] INFO  StatisticalSolutions.Controllers.Base.BaseController - Application URL - /StatisticalSolutions/Base/StatisticalError 
 2015-05-15 21:45:23,372 [36] INFO  StatisticalSolutions.Controllers.Base.BaseController - Application URL - /StatisticalSolutions/Base/StatisticalError 
 2015-05-15 21:45:23,372 [36] ERROR StatisticalSolutions.Controllers.Base.BaseController - Statistical exception message - Exception has been thrown by the target of an invocation.
 2015-05-15 21:45:23,372 [36] ERROR StatisticalSolutions.Controllers.Base.BaseController - Statistical exception stack trace -    at System.RuntimeTypeHandle.CreateInstance(RuntimeType type, Boolean publicOnly, Boolean noCheck, Boolean& canBeCached, RuntimeMethodHandleInternal& ctor, Boolean& bNeedSecurityCheck)
   at System.RuntimeType.CreateInstanceSlow(Boolean publicOnly, Boolean skipCheckThis, Boolean fillCache, StackCrawlMark& stackMark)
   at System.RuntimeType.CreateInstanceDefaultCtor(Boolean publicOnly, Boolean skipCheckThis, Boolean fillCache, StackCrawlMark& stackMark)
   at System.Activator.CreateInstance(Type type, Boolean nonPublic)
   at System.Activator.CreateInstance(Type type)
   at System.Threading.LazyHelpers`1.ActivatorFactorySelector()
   at System.Threading.LazyInitializer.EnsureInitializedCore[T](T& target, Boolean& initialized, Object& syncLock, Func`1 valueFactory)
   at System.Threading.LazyInitializer.EnsureInitialized[T](T& target, Boolean& initialized, Object& syncLock)
   at StatisticalSolutions.Filters.InitializeSimpleMembershipAttribute.OnActionExecuting(ActionExecutingContext filterContext) in e:\Ola Projects\3rdPartyProjects\StatisticalSolutions\StatisticalSolutions\Filters\InitializeSimpleMembershipAttribute.cs:line 23
   at System.Web.Mvc.Async.AsyncControllerActionInvoker.InvokeActionMethodFilterAsynchronously(IActionFilter filter, ActionExecutingContext preContext, Func`1 nextInChain)
   at System.Web.Mvc.Async.AsyncControllerActionInvoker.InvokeActionMethodFilterAsynchronously(IActionFilter filter, ActionExecutingContext preContext, Func`1 nextInChain)
   at System.Web.Mvc.Async.AsyncControllerActionInvoker.<>c__DisplayClass37.<BeginInvokeActionMethodWithFilters>b__31(AsyncCallback asyncCallback, Object asyncState)
   at System.Web.Mvc.Async.AsyncResultWrapper.WrappedAsyncResult`1.Begin(AsyncCallback callback, Object state, Int32 timeout)
   at System.Web.Mvc.Async.AsyncResultWrapper.Begin[TResult](AsyncCallback callback, Object state, BeginInvokeDelegate beginDelegate, EndInvokeDelegate`1 endDelegate, Object tag, Int32 timeout)
   at System.Web.Mvc.Async.AsyncResultWrapper.Begin[TResult](AsyncCallback callback, Object state, BeginInvokeDelegate beginDelegate, EndInvokeDelegate`1 endDelegate, Object tag)
   at System.Web.Mvc.Async.AsyncControllerActionInvoker.<>c__DisplayClass25.<BeginInvokeAction>b__1e(AsyncCallback asyncCallback, Object asyncState)
 2015-05-15 21:45:23,377 [35] INFO  StatisticalSolutions.Controllers.Base.BaseController - Application URL - /StatisticalSolutions/Base/StatisticalError 
 2015-05-15 21:45:23,379 [35] INFO  StatisticalSolutions.Controllers.Base.BaseController - Application URL - /StatisticalSolutions/Base/StatisticalError 
 2015-05-15 21:45:23,379 [35] ERROR StatisticalSolutions.Controllers.Base.BaseController - Statistical exception message - Exception has been thrown by the target of an invocation.
 2015-05-15 21:45:23,379 [35] ERROR StatisticalSolutions.Controllers.Base.BaseController - Statistical exception stack trace -    at System.RuntimeTypeHandle.CreateInstance(RuntimeType type, Boolean publicOnly, Boolean noCheck, Boolean& canBeCached, RuntimeMethodHandleInternal& ctor, Boolean& bNeedSecurityCheck)
   at System.RuntimeType.CreateInstanceSlow(Boolean publicOnly, Boolean skipCheckThis, Boolean fillCache, StackCrawlMark& stackMark)
   at System.RuntimeType.CreateInstanceDefaultCtor(Boolean publicOnly, Boolean skipCheckThis, Boolean fillCache, StackCrawlMark& stackMark)
   at System.Activator.CreateInstance(Type type, Boolean nonPublic)
   at System.Activator.CreateInstance(Type type)
   at System.Threading.LazyHelpers`1.ActivatorFactorySelector()
   at System.Threading.LazyInitializer.EnsureInitializedCore[T](T& target, Boolean& initialized, Object& syncLock, Func`1 valueFactory)
   at System.Threading.LazyInitializer.EnsureInitialized[T](T& target, Boolean& initialized, Object& syncLock)
   at StatisticalSolutions.Filters.InitializeSimpleMembershipAttribute.OnActionExecuting(ActionExecutingContext filterContext) in e:\Ola Projects\3rdPartyProjects\StatisticalSolutions\StatisticalSolutions\Filters\InitializeSimpleMembershipAttribute.cs:line 23
   at System.Web.Mvc.Async.AsyncControllerActionInvoker.InvokeActionMethodFilterAsynchronously(IActionFilter filter, ActionExecutingContext preContext, Func`1 nextInChain)
   at System.Web.Mvc.Async.AsyncControllerActionInvoker.InvokeActionMethodFilterAsynchronously(IActionFilter filter, ActionExecutingContext preContext, Func`1 nextInChain)
   at System.Web.Mvc.Async.AsyncControllerActionInvoker.<>c__DisplayClass37.<BeginInvokeActionMethodWithFilters>b__31(AsyncCallback asyncCallback, Object asyncState)
   at System.Web.Mvc.Async.AsyncResultWrapper.WrappedAsyncResult`1.Begin(AsyncCallback callback, Object state, Int32 timeout)
   at System.Web.Mvc.Async.AsyncResultWrapper.Begin[TResult](AsyncCallback callback, Object state, BeginInvokeDelegate beginDelegate, EndInvokeDelegate`1 endDelegate, Object tag, Int32 timeout)
   at System.Web.Mvc.Async.AsyncResultWrapper.Begin[TResult](AsyncCallback callback, Object state, BeginInvokeDelegate beginDelegate, EndInvokeDelegate`1 endDelegate, Object tag)
   at System.Web.Mvc.Async.AsyncControllerActionInvoker.<>c__DisplayClass25.<BeginInvokeAction>b__1e(AsyncCallback asyncCallback, Object asyncState)
 2015-05-15 21:45:23,384 [25] INFO  StatisticalSolutions.Controllers.Base.BaseController - Application URL - /StatisticalSolutions/Base/StatisticalError 
 2015-05-15 21:45:23,385 [25] INFO  StatisticalSolutions.Controllers.Base.BaseController - Application URL - /StatisticalSolutions/Base/StatisticalError 
 2015-05-15 21:45:23,385 [25] ERROR StatisticalSolutions.Controllers.Base.BaseController - Statistical exception message - Exception has been thrown by the target of an invocation.
 2015-05-15 21:45:23,386 [25] ERROR StatisticalSolutions.Controllers.Base.BaseController - Statistical exception stack trace -    at System.RuntimeTypeHandle.CreateInstance(RuntimeType type, Boolean publicOnly, Boolean noCheck, Boolean& canBeCached, RuntimeMethodHandleInternal& ctor, Boolean& bNeedSecurityCheck)
   at System.RuntimeType.CreateInstanceSlow(Boolean publicOnly, Boolean skipCheckThis, Boolean fillCache, StackCrawlMark& stackMark)
   at System.RuntimeType.CreateInstanceDefaultCtor(Boolean publicOnly, Boolean skipCheckThis, Boolean fillCache, StackCrawlMark& stackMark)
   at System.Activator.CreateInstance(Type type, Boolean nonPublic)
   at System.Activator.CreateInstance(Type type)
   at System.Threading.LazyHelpers`1.ActivatorFactorySelector()
   at System.Threading.LazyInitializer.EnsureInitializedCore[T](T& target, Boolean& initialized, Object& syncLock, Func`1 valueFactory)
   at System.Threading.LazyInitializer.EnsureInitialized[T](T& target, Boolean& initialized, Object& syncLock)
   at StatisticalSolutions.Filters.InitializeSimpleMembershipAttribute.OnActionExecuting(ActionExecutingContext filterContext) in e:\Ola Projects\3rdPartyProjects\StatisticalSolutions\StatisticalSolutions\Filters\InitializeSimpleMembershipAttribute.cs:line 23
   at System.Web.Mvc.Async.AsyncControllerActionInvoker.InvokeActionMethodFilterAsynchronously(IActionFilter filter, ActionExecutingContext preContext, Func`1 nextInChain)
   at System.Web.Mvc.Async.AsyncControllerActionInvoker.InvokeActionMethodFilterAsynchronously(IActionFilter filter, ActionExecutingContext preContext, Func`1 nextInChain)
   at System.Web.Mvc.Async.AsyncControllerActionInvoker.<>c__DisplayClass37.<BeginInvokeActionMethodWithFilters>b__31(AsyncCallback asyncCallback, Object asyncState)
   at System.Web.Mvc.Async.AsyncResultWrapper.WrappedAsyncResult`1.Begin(AsyncCallback callback, Object state, Int32 timeout)
   at System.Web.Mvc.Async.AsyncResultWrapper.Begin[TResult](AsyncCallback callback, Object state, BeginInvokeDelegate beginDelegate, EndInvokeDelegate`1 endDelegate, Object tag, Int32 timeout)
   at System.Web.Mvc.Async.AsyncResultWrapper.Begin[TResult](AsyncCallback callback, Object state, BeginInvokeDelegate beginDelegate, EndInvokeDelegate`1 endDelegate, Object tag)
   at System.Web.Mvc.Async.AsyncControllerActionInvoker.<>c__DisplayClass25.<BeginInvokeAction>b__1e(AsyncCallback asyncCallback, Object asyncState)
 2015-05-15 21:45:23,391 [36] INFO  StatisticalSolutions.Controllers.Base.BaseController - Application URL - /StatisticalSolutions/Base/StatisticalError 
 2015-05-15 21:45:23,391 [36] INFO  StatisticalSolutions.Controllers.Base.BaseController - Application URL - /StatisticalSolutions/Base/StatisticalError 
 2015-05-15 21:45:23,392 [36] ERROR StatisticalSolutions.Controllers.Base.BaseController - Statistical exception message - Exception has been thrown by the target of an invocation.
 2015-05-15 21:45:23,392 [36] ERROR StatisticalSolutions.Controllers.Base.BaseController - Statistical exception stack trace -    at System.RuntimeTypeHandle.CreateInstance(RuntimeType type, Boolean publicOnly, Boolean noCheck, Boolean& canBeCached, RuntimeMethodHandleInternal& ctor, Boolean& bNeedSecurityCheck)
   at System.RuntimeType.CreateInstanceSlow(Boolean publicOnly, Boolean skipCheckThis, Boolean fillCache, StackCrawlMark& stackMark)
   at System.RuntimeType.CreateInstanceDefaultCtor(Boolean publicOnly, Boolean skipCheckThis, Boolean fillCache, StackCrawlMark& stackMark)
   at System.Activator.CreateInstance(Type type, Boolean nonPublic)
   at System.Activator.CreateInstance(Type type)
   at System.Threading.LazyHelpers`1.ActivatorFactorySelector()
   at System.Threading.LazyInitializer.EnsureInitializedCore[T](T& target, Boolean& initialized, Object& syncLock, Func`1 valueFactory)
   at System.Threading.LazyInitializer.EnsureInitialized[T](T& target, Boolean& initialized, Object& syncLock)
   at StatisticalSolutions.Filters.InitializeSimpleMembershipAttribute.OnActionExecuting(ActionExecutingContext filterContext) in e:\Ola Projects\3rdPartyProjects\StatisticalSolutions\StatisticalSolutions\Filters\InitializeSimpleMembershipAttribute.cs:line 23
   at System.Web.Mvc.Async.AsyncControllerActionInvoker.InvokeActionMethodFilterAsynchronously(IActionFilter filter, ActionExecutingContext preContext, Func`1 nextInChain)
   at System.Web.Mvc.Async.AsyncControllerActionInvoker.InvokeActionMethodFilterAsynchronously(IActionFilter filter, ActionExecutingContext preContext, Func`1 nextInChain)
   at System.Web.Mvc.Async.AsyncControllerActionInvoker.<>c__DisplayClass37.<BeginInvokeActionMethodWithFilters>b__31(AsyncCallback asyncCallback, Object asyncState)
   at System.Web.Mvc.Async.AsyncResultWrapper.WrappedAsyncResult`1.Begin(AsyncCallback callback, Object state, Int32 timeout)
   at System.Web.Mvc.Async.AsyncResultWrapper.Begin[TResult](AsyncCallback callback, Object state, BeginInvokeDelegate beginDelegate, EndInvokeDelegate`1 endDelegate, Object tag, Int32 timeout)
   at System.Web.Mvc.Async.AsyncResultWrapper.Begin[TResult](AsyncCallback callback, Object state, BeginInvokeDelegate beginDelegate, EndInvokeDelegate`1 endDelegate, Object tag)
   at System.Web.Mvc.Async.AsyncControllerActionInvoker.<>c__DisplayClass25.<BeginInvokeAction>b__1e(AsyncCallback asyncCallback, Object asyncState)
 2015-05-15 21:45:23,397 [35] INFO  StatisticalSolutions.Controllers.Base.BaseController - Application URL - /StatisticalSolutions/Base/StatisticalError 
 2015-05-15 21:45:23,398 [35] INFO  StatisticalSolutions.Controllers.Base.BaseController - Application URL - /StatisticalSolutions/Base/StatisticalError 
 2015-05-15 21:45:23,399 [35] ERROR StatisticalSolutions.Controllers.Base.BaseController - Statistical exception message - Exception has been thrown by the target of an invocation.
 2015-05-15 21:45:23,399 [35] ERROR StatisticalSolutions.Controllers.Base.BaseController - Statistical exception stack trace -    at System.RuntimeTypeHandle.CreateInstance(RuntimeType type, Boolean publicOnly, Boolean noCheck, Boolean& canBeCached, RuntimeMethodHandleInternal& ctor, Boolean& bNeedSecurityCheck)
   at System.RuntimeType.CreateInstanceSlow(Boolean publicOnly, Boolean skipCheckThis, Boolean fillCache, StackCrawlMark& stackMark)
   at System.RuntimeType.CreateInstanceDefaultCtor(Boolean publicOnly, Boolean skipCheckThis, Boolean fillCache, StackCrawlMark& stackMark)
   at System.Activator.CreateInstance(Type type, Boolean nonPublic)
   at System.Activator.CreateInstance(Type type)
   at System.Threading.LazyHelpers`1.ActivatorFactorySelector()
   at System.Threading.LazyInitializer.EnsureInitializedCore[T](T& target, Boolean& initialized, Object& syncLock, Func`1 valueFactory)
   at System.Threading.LazyInitializer.EnsureInitialized[T](T& target, Boolean& initialized, Object& syncLock)
   at StatisticalSolutions.Filters.InitializeSimpleMembershipAttribute.OnActionExecuting(ActionExecutingContext filterContext) in e:\Ola Projects\3rdPartyProjects\StatisticalSolutions\StatisticalSolutions\Filters\InitializeSimpleMembershipAttribute.cs:line 23
   at System.Web.Mvc.Async.AsyncControllerActionInvoker.InvokeActionMethodFilterAsynchronously(IActionFilter filter, ActionExecutingContext preContext, Func`1 nextInChain)
   at System.Web.Mvc.Async.AsyncControllerActionInvoker.InvokeActionMethodFilterAsynchronously(IActionFilter filter, ActionExecutingContext preContext, Func`1 nextInChain)
   at System.Web.Mvc.Async.AsyncControllerActionInvoker.<>c__DisplayClass37.<BeginInvokeActionMethodWithFilters>b__31(AsyncCallback asyncCallback, Object asyncState)
   at System.Web.Mvc.Async.AsyncResultWrapper.WrappedAsyncResult`1.Begin(AsyncCallback callback, Object state, Int32 timeout)
   at System.Web.Mvc.Async.AsyncResultWrapper.Begin[TResult](AsyncCallback callback, Object state, BeginInvokeDelegate beginDelegate, EndInvokeDelegate`1 endDelegate, Object tag, Int32 timeout)
   at System.Web.Mvc.Async.AsyncResultWrapper.Begin[TResult](AsyncCallback callback, Object state, BeginInvokeDelegate beginDelegate, EndInvokeDelegate`1 endDelegate, Object tag)
   at System.Web.Mvc.Async.AsyncControllerActionInvoker.<>c__DisplayClass25.<BeginInvokeAction>b__1e(AsyncCallback asyncCallback, Object asyncState)
 2015-05-15 21:45:23,404 [25] INFO  StatisticalSolutions.Controllers.Base.BaseController - Application URL - /StatisticalSolutions/Base/StatisticalError 
 2015-05-15 21:45:23,405 [25] INFO  StatisticalSolutions.Controllers.Base.BaseController - Application URL - /StatisticalSolutions/Base/StatisticalError 
 2015-05-15 21:45:23,405 [25] ERROR StatisticalSolutions.Controllers.Base.BaseController - Statistical exception message - Exception has been thrown by the target of an invocation.
 2015-05-15 21:45:23,405 [25] ERROR StatisticalSolutions.Controllers.Base.BaseController - Statistical exception stack trace -    at System.RuntimeTypeHandle.CreateInstance(RuntimeType type, Boolean publicOnly, Boolean noCheck, Boolean& canBeCached, RuntimeMethodHandleInternal& ctor, Boolean& bNeedSecurityCheck)
   at System.RuntimeType.CreateInstanceSlow(Boolean publicOnly, Boolean skipCheckThis, Boolean fillCache, StackCrawlMark& stackMark)
   at System.RuntimeType.CreateInstanceDefaultCtor(Boolean publicOnly, Boolean skipCheckThis, Boolean fillCache, StackCrawlMark& stackMark)
   at System.Activator.CreateInstance(Type type, Boolean nonPublic)
   at System.Activator.CreateInstance(Type type)
   at System.Threading.LazyHelpers`1.ActivatorFactorySelector()
   at System.Threading.LazyInitializer.EnsureInitializedCore[T](T& target, Boolean& initialized, Object& syncLock, Func`1 valueFactory)
   at System.Threading.LazyInitializer.EnsureInitialized[T](T& target, Boolean& initialized, Object& syncLock)
   at StatisticalSolutions.Filters.InitializeSimpleMembershipAttribute.OnActionExecuting(ActionExecutingContext filterContext) in e:\Ola Projects\3rdPartyProjects\StatisticalSolutions\StatisticalSolutions\Filters\InitializeSimpleMembershipAttribute.cs:line 23
   at System.Web.Mvc.Async.AsyncControllerActionInvoker.InvokeActionMethodFilterAsynchronously(IActionFilter filter, ActionExecutingContext preContext, Func`1 nextInChain)
   at System.Web.Mvc.Async.AsyncControllerActionInvoker.InvokeActionMethodFilterAsynchronously(IActionFilter filter, ActionExecutingContext preContext, Func`1 nextInChain)
   at System.Web.Mvc.Async.AsyncControllerActionInvoker.<>c__DisplayClass37.<BeginInvokeActionMethodWithFilters>b__31(AsyncCallback asyncCallback, Object asyncState)
   at System.Web.Mvc.Async.AsyncResultWrapper.WrappedAsyncResult`1.Begin(AsyncCallback callback, Object state, Int32 timeout)
   at System.Web.Mvc.Async.AsyncResultWrapper.Begin[TResult](AsyncCallback callback, Object state, BeginInvokeDelegate beginDelegate, EndInvokeDelegate`1 endDelegate, Object tag, Int32 timeout)
   at System.Web.Mvc.Async.AsyncResultWrapper.Begin[TResult](AsyncCallback callback, Object state, BeginInvokeDelegate beginDelegate, EndInvokeDelegate`1 endDelegate, Object tag)
   at System.Web.Mvc.Async.AsyncControllerActionInvoker.<>c__DisplayClass25.<BeginInvokeAction>b__1e(AsyncCallback asyncCallback, Object asyncState)
 2015-05-15 21:45:43,551 [25] INFO  StatisticalSolutions.Controllers.Base.BaseController - Application URL - /StatisticalSolutions/Base/StatisticalError 
 2015-05-15 21:45:48,310 [25] INFO  StatisticalSolutions.Controllers.Base.BaseController - Application URL - /StatisticalSolutions/Base/StatisticalError 
 2015-05-15 21:45:48,310 [25] ERROR StatisticalSolutions.Controllers.Base.BaseController - Statistical exception message - Exception has been thrown by the target of an invocation.
 2015-05-15 21:45:48,311 [25] ERROR StatisticalSolutions.Controllers.Base.BaseController - Statistical exception stack trace -    at System.RuntimeTypeHandle.CreateInstance(RuntimeType type, Boolean publicOnly, Boolean noCheck, Boolean& canBeCached, RuntimeMethodHandleInternal& ctor, Boolean& bNeedSecurityCheck)
   at System.RuntimeType.CreateInstanceSlow(Boolean publicOnly, Boolean skipCheckThis, Boolean fillCache, StackCrawlMark& stackMark)
   at System.RuntimeType.CreateInstanceDefaultCtor(Boolean publicOnly, Boolean skipCheckThis, Boolean fillCache, StackCrawlMark& stackMark)
   at System.Activator.CreateInstance(Type type, Boolean nonPublic)
   at System.Activator.CreateInstance(Type type)
   at System.Threading.LazyHelpers`1.ActivatorFactorySelector()
   at System.Threading.LazyInitializer.EnsureInitializedCore[T](T& target, Boolean& initialized, Object& syncLock, Func`1 valueFactory)
   at System.Threading.LazyInitializer.EnsureInitialized[T](T& target, Boolean& initialized, Object& syncLock)
   at StatisticalSolutions.Filters.InitializeSimpleMembershipAttribute.OnActionExecuting(ActionExecutingContext filterContext) in e:\Ola Projects\3rdPartyProjects\StatisticalSolutions\StatisticalSolutions\Filters\InitializeSimpleMembershipAttribute.cs:line 23
   at System.Web.Mvc.Async.AsyncControllerActionInvoker.InvokeActionMethodFilterAsynchronously(IActionFilter filter, ActionExecutingContext preContext, Func`1 nextInChain)
   at System.Web.Mvc.Async.AsyncControllerActionInvoker.InvokeActionMethodFilterAsynchronously(IActionFilter filter, ActionExecutingContext preContext, Func`1 nextInChain)
   at System.Web.Mvc.Async.AsyncControllerActionInvoker.<>c__DisplayClass37.<BeginInvokeActionMethodWithFilters>b__31(AsyncCallback asyncCallback, Object asyncState)
   at System.Web.Mvc.Async.AsyncResultWrapper.WrappedAsyncResult`1.Begin(AsyncCallback callback, Object state, Int32 timeout)
   at System.Web.Mvc.Async.AsyncResultWrapper.Begin[TResult](AsyncCallback callback, Object state, BeginInvokeDelegate beginDelegate, EndInvokeDelegate`1 endDelegate, Object tag, Int32 timeout)
   at System.Web.Mvc.Async.AsyncResultWrapper.Begin[TResult](AsyncCallback callback, Object state, BeginInvokeDelegate beginDelegate, EndInvokeDelegate`1 endDelegate, Object tag)
   at System.Web.Mvc.Async.AsyncControllerActionInvoker.<>c__DisplayClass25.<BeginInvokeAction>b__1e(AsyncCallback asyncCallback, Object asyncState)
 2015-05-15 21:45:48,323 [40] INFO  StatisticalSolutions.Controllers.Base.BaseController - Application URL - /StatisticalSolutions/Base/StatisticalError 
 2015-05-15 21:45:48,324 [40] INFO  StatisticalSolutions.Controllers.Base.BaseController - Application URL - /StatisticalSolutions/Base/StatisticalError 
 2015-05-15 21:45:48,324 [40] ERROR StatisticalSolutions.Controllers.Base.BaseController - Statistical exception message - Exception has been thrown by the target of an invocation.
 2015-05-15 21:45:48,325 [40] ERROR StatisticalSolutions.Controllers.Base.BaseController - Statistical exception stack trace -    at System.RuntimeTypeHandle.CreateInstance(RuntimeType type, Boolean publicOnly, Boolean noCheck, Boolean& canBeCached, RuntimeMethodHandleInternal& ctor, Boolean& bNeedSecurityCheck)
   at System.RuntimeType.CreateInstanceSlow(Boolean publicOnly, Boolean skipCheckThis, Boolean fillCache, StackCrawlMark& stackMark)
   at System.RuntimeType.CreateInstanceDefaultCtor(Boolean publicOnly, Boolean skipCheckThis, Boolean fillCache, StackCrawlMark& stackMark)
   at System.Activator.CreateInstance(Type type, Boolean nonPublic)
   at System.Activator.CreateInstance(Type type)
   at System.Threading.LazyHelpers`1.ActivatorFactorySelector()
   at System.Threading.LazyInitializer.EnsureInitializedCore[T](T& target, Boolean& initialized, Object& syncLock, Func`1 valueFactory)
   at System.Threading.LazyInitializer.EnsureInitialized[T](T& target, Boolean& initialized, Object& syncLock)
   at StatisticalSolutions.Filters.InitializeSimpleMembershipAttribute.OnActionExecuting(ActionExecutingContext filterContext) in e:\Ola Projects\3rdPartyProjects\StatisticalSolutions\StatisticalSolutions\Filters\InitializeSimpleMembershipAttribute.cs:line 23
   at System.Web.Mvc.Async.AsyncControllerActionInvoker.InvokeActionMethodFilterAsynchronously(IActionFilter filter, ActionExecutingContext preContext, Func`1 nextInChain)
   at System.Web.Mvc.Async.AsyncControllerActionInvoker.InvokeActionMethodFilterAsynchronously(IActionFilter filter, ActionExecutingContext preContext, Func`1 nextInChain)
   at System.Web.Mvc.Async.AsyncControllerActionInvoker.<>c__DisplayClass37.<BeginInvokeActionMethodWithFilters>b__31(AsyncCallback asyncCallback, Object asyncState)
   at System.Web.Mvc.Async.AsyncResultWrapper.WrappedAsyncResult`1.Begin(AsyncCallback callback, Object state, Int32 timeout)
   at System.Web.Mvc.Async.AsyncResultWrapper.Begin[TResult](AsyncCallback callback, Object state, BeginInvokeDelegate beginDelegate, EndInvokeDelegate`1 endDelegate, Object tag, Int32 timeout)
   at System.Web.Mvc.Async.AsyncResultWrapper.Begin[TResult](AsyncCallback callback, Object state, BeginInvokeDelegate beginDelegate, EndInvokeDelegate`1 endDelegate, Object tag)
   at System.Web.Mvc.Async.AsyncControllerActionInvoker.<>c__DisplayClass25.<BeginInvokeAction>b__1e(AsyncCallback asyncCallback, Object asyncState)
 2015-05-15 21:45:48,331 [36] INFO  StatisticalSolutions.Controllers.Base.BaseController - Application URL - /StatisticalSolutions/Base/StatisticalError 
 2015-05-15 21:45:48,331 [36] INFO  StatisticalSolutions.Controllers.Base.BaseController - Application URL - /StatisticalSolutions/Base/StatisticalError 
 2015-05-15 21:45:48,332 [36] ERROR StatisticalSolutions.Controllers.Base.BaseController - Statistical exception message - Exception has been thrown by the target of an invocation.
 2015-05-15 21:45:48,332 [36] ERROR StatisticalSolutions.Controllers.Base.BaseController - Statistical exception stack trace -    at System.RuntimeTypeHandle.CreateInstance(RuntimeType type, Boolean publicOnly, Boolean noCheck, Boolean& canBeCached, RuntimeMethodHandleInternal& ctor, Boolean& bNeedSecurityCheck)
   at System.RuntimeType.CreateInstanceSlow(Boolean publicOnly, Boolean skipCheckThis, Boolean fillCache, StackCrawlMark& stackMark)
   at System.RuntimeType.CreateInstanceDefaultCtor(Boolean publicOnly, Boolean skipCheckThis, Boolean fillCache, StackCrawlMark& stackMark)
   at System.Activator.CreateInstance(Type type, Boolean nonPublic)
   at System.Activator.CreateInstance(Type type)
   at System.Threading.LazyHelpers`1.ActivatorFactorySelector()
   at System.Threading.LazyInitializer.EnsureInitializedCore[T](T& target, Boolean& initialized, Object& syncLock, Func`1 valueFactory)
   at System.Threading.LazyInitializer.EnsureInitialized[T](T& target, Boolean& initialized, Object& syncLock)
   at StatisticalSolutions.Filters.InitializeSimpleMembershipAttribute.OnActionExecuting(ActionExecutingContext filterContext) in e:\Ola Projects\3rdPartyProjects\StatisticalSolutions\StatisticalSolutions\Filters\InitializeSimpleMembershipAttribute.cs:line 23
   at System.Web.Mvc.Async.AsyncControllerActionInvoker.InvokeActionMethodFilterAsynchronously(IActionFilter filter, ActionExecutingContext preContext, Func`1 nextInChain)
   at System.Web.Mvc.Async.AsyncControllerActionInvoker.InvokeActionMethodFilterAsynchronously(IActionFilter filter, ActionExecutingContext preContext, Func`1 nextInChain)
   at System.Web.Mvc.Async.AsyncControllerActionInvoker.<>c__DisplayClass37.<BeginInvokeActionMethodWithFilters>b__31(AsyncCallback asyncCallback, Object asyncState)
   at System.Web.Mvc.Async.AsyncResultWrapper.WrappedAsyncResult`1.Begin(AsyncCallback callback, Object state, Int32 timeout)
   at System.Web.Mvc.Async.AsyncResultWrapper.Begin[TResult](AsyncCallback callback, Object state, BeginInvokeDelegate beginDelegate, EndInvokeDelegate`1 endDelegate, Object tag, Int32 timeout)
   at System.Web.Mvc.Async.AsyncResultWrapper.Begin[TResult](AsyncCallback callback, Object state, BeginInvokeDelegate beginDelegate, EndInvokeDelegate`1 endDelegate, Object tag)
   at System.Web.Mvc.Async.AsyncControllerActionInvoker.<>c__DisplayClass25.<BeginInvokeAction>b__1e(AsyncCallback asyncCallback, Object asyncState)
 2015-05-15 21:45:48,344 [38] INFO  StatisticalSolutions.Controllers.Base.BaseController - Application URL - /StatisticalSolutions/Base/StatisticalError 
 2015-05-15 21:45:48,345 [38] INFO  StatisticalSolutions.Controllers.Base.BaseController - Application URL - /StatisticalSolutions/Base/StatisticalError 
 2015-05-15 21:45:48,345 [38] ERROR StatisticalSolutions.Controllers.Base.BaseController - Statistical exception message - Exception has been thrown by the target of an invocation.
 2015-05-15 21:45:48,345 [38] ERROR StatisticalSolutions.Controllers.Base.BaseController - Statistical exception stack trace -    at System.RuntimeTypeHandle.CreateInstance(RuntimeType type, Boolean publicOnly, Boolean noCheck, Boolean& canBeCached, RuntimeMethodHandleInternal& ctor, Boolean& bNeedSecurityCheck)
   at System.RuntimeType.CreateInstanceSlow(Boolean publicOnly, Boolean skipCheckThis, Boolean fillCache, StackCrawlMark& stackMark)
   at System.RuntimeType.CreateInstanceDefaultCtor(Boolean publicOnly, Boolean skipCheckThis, Boolean fillCache, StackCrawlMark& stackMark)
   at System.Activator.CreateInstance(Type type, Boolean nonPublic)
   at System.Activator.CreateInstance(Type type)
   at System.Threading.LazyHelpers`1.ActivatorFactorySelector()
   at System.Threading.LazyInitializer.EnsureInitializedCore[T](T& target, Boolean& initialized, Object& syncLock, Func`1 valueFactory)
   at System.Threading.LazyInitializer.EnsureInitialized[T](T& target, Boolean& initialized, Object& syncLock)
   at StatisticalSolutions.Filters.InitializeSimpleMembershipAttribute.OnActionExecuting(ActionExecutingContext filterContext) in e:\Ola Projects\3rdPartyProjects\StatisticalSolutions\StatisticalSolutions\Filters\InitializeSimpleMembershipAttribute.cs:line 23
   at System.Web.Mvc.Async.AsyncControllerActionInvoker.InvokeActionMethodFilterAsynchronously(IActionFilter filter, ActionExecutingContext preContext, Func`1 nextInChain)
   at System.Web.Mvc.Async.AsyncControllerActionInvoker.InvokeActionMethodFilterAsynchronously(IActionFilter filter, ActionExecutingContext preContext, Func`1 nextInChain)
   at System.Web.Mvc.Async.AsyncControllerActionInvoker.<>c__DisplayClass37.<BeginInvokeActionMethodWithFilters>b__31(AsyncCallback asyncCallback, Object asyncState)
   at System.Web.Mvc.Async.AsyncResultWrapper.WrappedAsyncResult`1.Begin(AsyncCallback callback, Object state, Int32 timeout)
   at System.Web.Mvc.Async.AsyncResultWrapper.Begin[TResult](AsyncCallback callback, Object state, BeginInvokeDelegate beginDelegate, EndInvokeDelegate`1 endDelegate, Object tag, Int32 timeout)
   at System.Web.Mvc.Async.AsyncResultWrapper.Begin[TResult](AsyncCallback callback, Object state, BeginInvokeDelegate beginDelegate, EndInvokeDelegate`1 endDelegate, Object tag)
   at System.Web.Mvc.Async.AsyncControllerActionInvoker.<>c__DisplayClass25.<BeginInvokeAction>b__1e(AsyncCallback asyncCallback, Object asyncState)
 2015-05-15 21:45:48,350 [35] INFO  StatisticalSolutions.Controllers.Base.BaseController - Application URL - /StatisticalSolutions/Base/StatisticalError 
 2015-05-15 21:45:48,351 [35] INFO  StatisticalSolutions.Controllers.Base.BaseController - Application URL - /StatisticalSolutions/Base/StatisticalError 
 2015-05-15 21:45:48,352 [35] ERROR StatisticalSolutions.Controllers.Base.BaseController - Statistical exception message - Exception has been thrown by the target of an invocation.
 2015-05-15 21:45:48,352 [35] ERROR StatisticalSolutions.Controllers.Base.BaseController - Statistical exception stack trace -    at System.RuntimeTypeHandle.CreateInstance(RuntimeType type, Boolean publicOnly, Boolean noCheck, Boolean& canBeCached, RuntimeMethodHandleInternal& ctor, Boolean& bNeedSecurityCheck)
   at System.RuntimeType.CreateInstanceSlow(Boolean publicOnly, Boolean skipCheckThis, Boolean fillCache, StackCrawlMark& stackMark)
   at System.RuntimeType.CreateInstanceDefaultCtor(Boolean publicOnly, Boolean skipCheckThis, Boolean fillCache, StackCrawlMark& stackMark)
   at System.Activator.CreateInstance(Type type, Boolean nonPublic)
   at System.Activator.CreateInstance(Type type)
   at System.Threading.LazyHelpers`1.ActivatorFactorySelector()
   at System.Threading.LazyInitializer.EnsureInitializedCore[T](T& target, Boolean& initialized, Object& syncLock, Func`1 valueFactory)
   at System.Threading.LazyInitializer.EnsureInitialized[T](T& target, Boolean& initialized, Object& syncLock)
   at StatisticalSolutions.Filters.InitializeSimpleMembershipAttribute.OnActionExecuting(ActionExecutingContext filterContext) in e:\Ola Projects\3rdPartyProjects\StatisticalSolutions\StatisticalSolutions\Filters\InitializeSimpleMembershipAttribute.cs:line 23
   at System.Web.Mvc.Async.AsyncControllerActionInvoker.InvokeActionMethodFilterAsynchronously(IActionFilter filter, ActionExecutingContext preContext, Func`1 nextInChain)
   at System.Web.Mvc.Async.AsyncControllerActionInvoker.InvokeActionMethodFilterAsynchronously(IActionFilter filter, ActionExecutingContext preContext, Func`1 nextInChain)
   at System.Web.Mvc.Async.AsyncControllerActionInvoker.<>c__DisplayClass37.<BeginInvokeActionMethodWithFilters>b__31(AsyncCallback asyncCallback, Object asyncState)
   at System.Web.Mvc.Async.AsyncResultWrapper.WrappedAsyncResult`1.Begin(AsyncCallback callback, Object state, Int32 timeout)
   at System.Web.Mvc.Async.AsyncResultWrapper.Begin[TResult](AsyncCallback callback, Object state, BeginInvokeDelegate beginDelegate, EndInvokeDelegate`1 endDelegate, Object tag, Int32 timeout)
   at System.Web.Mvc.Async.AsyncResultWrapper.Begin[TResult](AsyncCallback callback, Object state, BeginInvokeDelegate beginDelegate, EndInvokeDelegate`1 endDelegate, Object tag)
   at System.Web.Mvc.Async.AsyncControllerActionInvoker.<>c__DisplayClass25.<BeginInvokeAction>b__1e(AsyncCallback asyncCallback, Object asyncState)
 2015-05-15 21:45:48,358 [39] INFO  StatisticalSolutions.Controllers.Base.BaseController - Application URL - /StatisticalSolutions/Base/StatisticalError 
 2015-05-15 21:45:48,359 [39] INFO  StatisticalSolutions.Controllers.Base.BaseController - Application URL - /StatisticalSolutions/Base/StatisticalError 
 2015-05-15 21:45:48,360 [39] ERROR StatisticalSolutions.Controllers.Base.BaseController - Statistical exception message - Exception has been thrown by the target of an invocation.
 2015-05-15 21:45:48,360 [39] ERROR StatisticalSolutions.Controllers.Base.BaseController - Statistical exception stack trace -    at System.RuntimeTypeHandle.CreateInstance(RuntimeType type, Boolean publicOnly, Boolean noCheck, Boolean& canBeCached, RuntimeMethodHandleInternal& ctor, Boolean& bNeedSecurityCheck)
   at System.RuntimeType.CreateInstanceSlow(Boolean publicOnly, Boolean skipCheckThis, Boolean fillCache, StackCrawlMark& stackMark)
   at System.RuntimeType.CreateInstanceDefaultCtor(Boolean publicOnly, Boolean skipCheckThis, Boolean fillCache, StackCrawlMark& stackMark)
   at System.Activator.CreateInstance(Type type, Boolean nonPublic)
   at System.Activator.CreateInstance(Type type)
   at System.Threading.LazyHelpers`1.ActivatorFactorySelector()
   at System.Threading.LazyInitializer.EnsureInitializedCore[T](T& target, Boolean& initialized, Object& syncLock, Func`1 valueFactory)
   at System.Threading.LazyInitializer.EnsureInitialized[T](T& target, Boolean& initialized, Object& syncLock)
   at StatisticalSolutions.Filters.InitializeSimpleMembershipAttribute.OnActionExecuting(ActionExecutingContext filterContext) in e:\Ola Projects\3rdPartyProjects\StatisticalSolutions\StatisticalSolutions\Filters\InitializeSimpleMembershipAttribute.cs:line 23
   at System.Web.Mvc.Async.AsyncControllerActionInvoker.InvokeActionMethodFilterAsynchronously(IActionFilter filter, ActionExecutingContext preContext, Func`1 nextInChain)
   at System.Web.Mvc.Async.AsyncControllerActionInvoker.InvokeActionMethodFilterAsynchronously(IActionFilter filter, ActionExecutingContext preContext, Func`1 nextInChain)
   at System.Web.Mvc.Async.AsyncControllerActionInvoker.<>c__DisplayClass37.<BeginInvokeActionMethodWithFilters>b__31(AsyncCallback asyncCallback, Object asyncState)
   at System.Web.Mvc.Async.AsyncResultWrapper.WrappedAsyncResult`1.Begin(AsyncCallback callback, Object state, Int32 timeout)
   at System.Web.Mvc.Async.AsyncResultWrapper.Begin[TResult](AsyncCallback callback, Object state, BeginInvokeDelegate beginDelegate, EndInvokeDelegate`1 endDelegate, Object tag, Int32 timeout)
   at System.Web.Mvc.Async.AsyncResultWrapper.Begin[TResult](AsyncCallback callback, Object state, BeginInvokeDelegate beginDelegate, EndInvokeDelegate`1 endDelegate, Object tag)
   at System.Web.Mvc.Async.AsyncControllerActionInvoker.<>c__DisplayClass25.<BeginInvokeAction>b__1e(AsyncCallback asyncCallback, Object asyncState)
 2015-05-15 21:45:48,365 [40] INFO  StatisticalSolutions.Controllers.Base.BaseController - Application URL - /StatisticalSolutions/Base/StatisticalError 
 2015-05-15 21:45:48,366 [40] INFO  StatisticalSolutions.Controllers.Base.BaseController - Application URL - /StatisticalSolutions/Base/StatisticalError 
 2015-05-15 21:45:48,367 [40] ERROR StatisticalSolutions.Controllers.Base.BaseController - Statistical exception message - Exception has been thrown by the target of an invocation.
 2015-05-15 21:45:48,367 [40] ERROR StatisticalSolutions.Controllers.Base.BaseController - Statistical exception stack trace -    at System.RuntimeTypeHandle.CreateInstance(RuntimeType type, Boolean publicOnly, Boolean noCheck, Boolean& canBeCached, RuntimeMethodHandleInternal& ctor, Boolean& bNeedSecurityCheck)
   at System.RuntimeType.CreateInstanceSlow(Boolean publicOnly, Boolean skipCheckThis, Boolean fillCache, StackCrawlMark& stackMark)
   at System.RuntimeType.CreateInstanceDefaultCtor(Boolean publicOnly, Boolean skipCheckThis, Boolean fillCache, StackCrawlMark& stackMark)
   at System.Activator.CreateInstance(Type type, Boolean nonPublic)
   at System.Activator.CreateInstance(Type type)
   at System.Threading.LazyHelpers`1.ActivatorFactorySelector()
   at System.Threading.LazyInitializer.EnsureInitializedCore[T](T& target, Boolean& initialized, Object& syncLock, Func`1 valueFactory)
   at System.Threading.LazyInitializer.EnsureInitialized[T](T& target, Boolean& initialized, Object& syncLock)
   at StatisticalSolutions.Filters.InitializeSimpleMembershipAttribute.OnActionExecuting(ActionExecutingContext filterContext) in e:\Ola Projects\3rdPartyProjects\StatisticalSolutions\StatisticalSolutions\Filters\InitializeSimpleMembershipAttribute.cs:line 23
   at System.Web.Mvc.Async.AsyncControllerActionInvoker.InvokeActionMethodFilterAsynchronously(IActionFilter filter, ActionExecutingContext preContext, Func`1 nextInChain)
   at System.Web.Mvc.Async.AsyncControllerActionInvoker.InvokeActionMethodFilterAsynchronously(IActionFilter filter, ActionExecutingContext preContext, Func`1 nextInChain)
   at System.Web.Mvc.Async.AsyncControllerActionInvoker.<>c__DisplayClass37.<BeginInvokeActionMethodWithFilters>b__31(AsyncCallback asyncCallback, Object asyncState)
   at System.Web.Mvc.Async.AsyncResultWrapper.WrappedAsyncResult`1.Begin(AsyncCallback callback, Object state, Int32 timeout)
   at System.Web.Mvc.Async.AsyncResultWrapper.Begin[TResult](AsyncCallback callback, Object state, BeginInvokeDelegate beginDelegate, EndInvokeDelegate`1 endDelegate, Object tag, Int32 timeout)
   at System.Web.Mvc.Async.AsyncResultWrapper.Begin[TResult](AsyncCallback callback, Object state, BeginInvokeDelegate beginDelegate, EndInvokeDelegate`1 endDelegate, Object tag)
   at System.Web.Mvc.Async.AsyncControllerActionInvoker.<>c__DisplayClass25.<BeginInvokeAction>b__1e(AsyncCallback asyncCallback, Object asyncState)
 2015-05-15 21:45:48,373 [38] INFO  StatisticalSolutions.Controllers.Base.BaseController - Application URL - /StatisticalSolutions/Base/StatisticalError 
 2015-05-15 21:45:48,374 [38] INFO  StatisticalSolutions.Controllers.Base.BaseController - Application URL - /StatisticalSolutions/Base/StatisticalError 
 2015-05-15 21:45:48,375 [38] ERROR StatisticalSolutions.Controllers.Base.BaseController - Statistical exception message - Exception has been thrown by the target of an invocation.
 2015-05-15 21:45:48,375 [38] ERROR StatisticalSolutions.Controllers.Base.BaseController - Statistical exception stack trace -    at System.RuntimeTypeHandle.CreateInstance(RuntimeType type, Boolean publicOnly, Boolean noCheck, Boolean& canBeCached, RuntimeMethodHandleInternal& ctor, Boolean& bNeedSecurityCheck)
   at System.RuntimeType.CreateInstanceSlow(Boolean publicOnly, Boolean skipCheckThis, Boolean fillCache, StackCrawlMark& stackMark)
   at System.RuntimeType.CreateInstanceDefaultCtor(Boolean publicOnly, Boolean skipCheckThis, Boolean fillCache, StackCrawlMark& stackMark)
   at System.Activator.CreateInstance(Type type, Boolean nonPublic)
   at System.Activator.CreateInstance(Type type)
   at System.Threading.LazyHelpers`1.ActivatorFactorySelector()
   at System.Threading.LazyInitializer.EnsureInitializedCore[T](T& target, Boolean& initialized, Object& syncLock, Func`1 valueFactory)
   at System.Threading.LazyInitializer.EnsureInitialized[T](T& target, Boolean& initialized, Object& syncLock)
   at StatisticalSolutions.Filters.InitializeSimpleMembershipAttribute.OnActionExecuting(ActionExecutingContext filterContext) in e:\Ola Projects\3rdPartyProjects\StatisticalSolutions\StatisticalSolutions\Filters\InitializeSimpleMembershipAttribute.cs:line 23
   at System.Web.Mvc.Async.AsyncControllerActionInvoker.InvokeActionMethodFilterAsynchronously(IActionFilter filter, ActionExecutingContext preContext, Func`1 nextInChain)
   at System.Web.Mvc.Async.AsyncControllerActionInvoker.InvokeActionMethodFilterAsynchronously(IActionFilter filter, ActionExecutingContext preContext, Func`1 nextInChain)
   at System.Web.Mvc.Async.AsyncControllerActionInvoker.<>c__DisplayClass37.<BeginInvokeActionMethodWithFilters>b__31(AsyncCallback asyncCallback, Object asyncState)
   at System.Web.Mvc.Async.AsyncResultWrapper.WrappedAsyncResult`1.Begin(AsyncCallback callback, Object state, Int32 timeout)
   at System.Web.Mvc.Async.AsyncResultWrapper.Begin[TResult](AsyncCallback callback, Object state, BeginInvokeDelegate beginDelegate, EndInvokeDelegate`1 endDelegate, Object tag, Int32 timeout)
   at System.Web.Mvc.Async.AsyncResultWrapper.Begin[TResult](AsyncCallback callback, Object state, BeginInvokeDelegate beginDelegate, EndInvokeDelegate`1 endDelegate, Object tag)
   at System.Web.Mvc.Async.AsyncControllerActionInvoker.<>c__DisplayClass25.<BeginInvokeAction>b__1e(AsyncCallback asyncCallback, Object asyncState)
 2015-05-15 21:45:48,380 [35] INFO  StatisticalSolutions.Controllers.Base.BaseController - Application URL - /StatisticalSolutions/Base/StatisticalError 
 2015-05-15 21:45:48,382 [35] INFO  StatisticalSolutions.Controllers.Base.BaseController - Application URL - /StatisticalSolutions/Base/StatisticalError 
 2015-05-15 21:45:48,382 [35] ERROR StatisticalSolutions.Controllers.Base.BaseController - Statistical exception message - Exception has been thrown by the target of an invocation.
 2015-05-15 21:45:48,382 [35] ERROR StatisticalSolutions.Controllers.Base.BaseController - Statistical exception stack trace -    at System.RuntimeTypeHandle.CreateInstance(RuntimeType type, Boolean publicOnly, Boolean noCheck, Boolean& canBeCached, RuntimeMethodHandleInternal& ctor, Boolean& bNeedSecurityCheck)
   at System.RuntimeType.CreateInstanceSlow(Boolean publicOnly, Boolean skipCheckThis, Boolean fillCache, StackCrawlMark& stackMark)
   at System.RuntimeType.CreateInstanceDefaultCtor(Boolean publicOnly, Boolean skipCheckThis, Boolean fillCache, StackCrawlMark& stackMark)
   at System.Activator.CreateInstance(Type type, Boolean nonPublic)
   at System.Activator.CreateInstance(Type type)
   at System.Threading.LazyHelpers`1.ActivatorFactorySelector()
   at System.Threading.LazyInitializer.EnsureInitializedCore[T](T& target, Boolean& initialized, Object& syncLock, Func`1 valueFactory)
   at System.Threading.LazyInitializer.EnsureInitialized[T](T& target, Boolean& initialized, Object& syncLock)
   at StatisticalSolutions.Filters.InitializeSimpleMembershipAttribute.OnActionExecuting(ActionExecutingContext filterContext) in e:\Ola Projects\3rdPartyProjects\StatisticalSolutions\StatisticalSolutions\Filters\InitializeSimpleMembershipAttribute.cs:line 23
   at System.Web.Mvc.Async.AsyncControllerActionInvoker.InvokeActionMethodFilterAsynchronously(IActionFilter filter, ActionExecutingContext preContext, Func`1 nextInChain)
   at System.Web.Mvc.Async.AsyncControllerActionInvoker.InvokeActionMethodFilterAsynchronously(IActionFilter filter, ActionExecutingContext preContext, Func`1 nextInChain)
   at System.Web.Mvc.Async.AsyncControllerActionInvoker.<>c__DisplayClass37.<BeginInvokeActionMethodWithFilters>b__31(AsyncCallback asyncCallback, Object asyncState)
   at System.Web.Mvc.Async.AsyncResultWrapper.WrappedAsyncResult`1.Begin(AsyncCallback callback, Object state, Int32 timeout)
   at System.Web.Mvc.Async.AsyncResultWrapper.Begin[TResult](AsyncCallback callback, Object state, BeginInvokeDelegate beginDelegate, EndInvokeDelegate`1 endDelegate, Object tag, Int32 timeout)
   at System.Web.Mvc.Async.AsyncResultWrapper.Begin[TResult](AsyncCallback callback, Object state, BeginInvokeDelegate beginDelegate, EndInvokeDelegate`1 endDelegate, Object tag)
   at System.Web.Mvc.Async.AsyncControllerActionInvoker.<>c__DisplayClass25.<BeginInvokeAction>b__1e(AsyncCallback asyncCallback, Object asyncState)
 2015-05-15 21:45:48,389 [39] INFO  StatisticalSolutions.Controllers.Base.BaseController - Application URL - /StatisticalSolutions/Base/StatisticalError 
 2015-05-15 21:45:48,391 [39] INFO  StatisticalSolutions.Controllers.Base.BaseController - Application URL - /StatisticalSolutions/Base/StatisticalError 
 2015-05-15 21:45:48,392 [39] ERROR StatisticalSolutions.Controllers.Base.BaseController - Statistical exception message - Exception has been thrown by the target of an invocation.
 2015-05-15 21:45:48,392 [39] ERROR StatisticalSolutions.Controllers.Base.BaseController - Statistical exception stack trace -    at System.RuntimeTypeHandle.CreateInstance(RuntimeType type, Boolean publicOnly, Boolean noCheck, Boolean& canBeCached, RuntimeMethodHandleInternal& ctor, Boolean& bNeedSecurityCheck)
   at System.RuntimeType.CreateInstanceSlow(Boolean publicOnly, Boolean skipCheckThis, Boolean fillCache, StackCrawlMark& stackMark)
   at System.RuntimeType.CreateInstanceDefaultCtor(Boolean publicOnly, Boolean skipCheckThis, Boolean fillCache, StackCrawlMark& stackMark)
   at System.Activator.CreateInstance(Type type, Boolean nonPublic)
   at System.Activator.CreateInstance(Type type)
   at System.Threading.LazyHelpers`1.ActivatorFactorySelector()
   at System.Threading.LazyInitializer.EnsureInitializedCore[T](T& target, Boolean& initialized, Object& syncLock, Func`1 valueFactory)
   at System.Threading.LazyInitializer.EnsureInitialized[T](T& target, Boolean& initialized, Object& syncLock)
   at StatisticalSolutions.Filters.InitializeSimpleMembershipAttribute.OnActionExecuting(ActionExecutingContext filterContext) in e:\Ola Projects\3rdPartyProjects\StatisticalSolutions\StatisticalSolutions\Filters\InitializeSimpleMembershipAttribute.cs:line 23
   at System.Web.Mvc.Async.AsyncControllerActionInvoker.InvokeActionMethodFilterAsynchronously(IActionFilter filter, ActionExecutingContext preContext, Func`1 nextInChain)
   at System.Web.Mvc.Async.AsyncControllerActionInvoker.InvokeActionMethodFilterAsynchronously(IActionFilter filter, ActionExecutingContext preContext, Func`1 nextInChain)
   at System.Web.Mvc.Async.AsyncControllerActionInvoker.<>c__DisplayClass37.<BeginInvokeActionMethodWithFilters>b__31(AsyncCallback asyncCallback, Object asyncState)
   at System.Web.Mvc.Async.AsyncResultWrapper.WrappedAsyncResult`1.Begin(AsyncCallback callback, Object state, Int32 timeout)
   at System.Web.Mvc.Async.AsyncResultWrapper.Begin[TResult](AsyncCallback callback, Object state, BeginInvokeDelegate beginDelegate, EndInvokeDelegate`1 endDelegate, Object tag, Int32 timeout)
   at System.Web.Mvc.Async.AsyncResultWrapper.Begin[TResult](AsyncCallback callback, Object state, BeginInvokeDelegate beginDelegate, EndInvokeDelegate`1 endDelegate, Object tag)
   at System.Web.Mvc.Async.AsyncControllerActionInvoker.<>c__DisplayClass25.<BeginInvokeAction>b__1e(AsyncCallback asyncCallback, Object asyncState)
 2015-05-15 21:45:48,397 [40] INFO  StatisticalSolutions.Controllers.Base.BaseController - Application URL - /StatisticalSolutions/Base/StatisticalError 
 2015-05-15 21:45:48,398 [40] INFO  StatisticalSolutions.Controllers.Base.BaseController - Application URL - /StatisticalSolutions/Base/StatisticalError 
 2015-05-15 21:45:48,399 [40] ERROR StatisticalSolutions.Controllers.Base.BaseController - Statistical exception message - Exception has been thrown by the target of an invocation.
 2015-05-15 21:45:48,399 [40] ERROR StatisticalSolutions.Controllers.Base.BaseController - Statistical exception stack trace -    at System.RuntimeTypeHandle.CreateInstance(RuntimeType type, Boolean publicOnly, Boolean noCheck, Boolean& canBeCached, RuntimeMethodHandleInternal& ctor, Boolean& bNeedSecurityCheck)
   at System.RuntimeType.CreateInstanceSlow(Boolean publicOnly, Boolean skipCheckThis, Boolean fillCache, StackCrawlMark& stackMark)
   at System.RuntimeType.CreateInstanceDefaultCtor(Boolean publicOnly, Boolean skipCheckThis, Boolean fillCache, StackCrawlMark& stackMark)
   at System.Activator.CreateInstance(Type type, Boolean nonPublic)
   at System.Activator.CreateInstance(Type type)
   at System.Threading.LazyHelpers`1.ActivatorFactorySelector()
   at System.Threading.LazyInitializer.EnsureInitializedCore[T](T& target, Boolean& initialized, Object& syncLock, Func`1 valueFactory)
   at System.Threading.LazyInitializer.EnsureInitialized[T](T& target, Boolean& initialized, Object& syncLock)
   at StatisticalSolutions.Filters.InitializeSimpleMembershipAttribute.OnActionExecuting(ActionExecutingContext filterContext) in e:\Ola Projects\3rdPartyProjects\StatisticalSolutions\StatisticalSolutions\Filters\InitializeSimpleMembershipAttribute.cs:line 23
   at System.Web.Mvc.Async.AsyncControllerActionInvoker.InvokeActionMethodFilterAsynchronously(IActionFilter filter, ActionExecutingContext preContext, Func`1 nextInChain)
   at System.Web.Mvc.Async.AsyncControllerActionInvoker.InvokeActionMethodFilterAsynchronously(IActionFilter filter, ActionExecutingContext preContext, Func`1 nextInChain)
   at System.Web.Mvc.Async.AsyncControllerActionInvoker.<>c__DisplayClass37.<BeginInvokeActionMethodWithFilters>b__31(AsyncCallback asyncCallback, Object asyncState)
   at System.Web.Mvc.Async.AsyncResultWrapper.WrappedAsyncResult`1.Begin(AsyncCallback callback, Object state, Int32 timeout)
   at System.Web.Mvc.Async.AsyncResultWrapper.Begin[TResult](AsyncCallback callback, Object state, BeginInvokeDelegate beginDelegate, EndInvokeDelegate`1 endDelegate, Object tag, Int32 timeout)
   at System.Web.Mvc.Async.AsyncResultWrapper.Begin[TResult](AsyncCallback callback, Object state, BeginInvokeDelegate beginDelegate, EndInvokeDelegate`1 endDelegate, Object tag)
   at System.Web.Mvc.Async.AsyncControllerActionInvoker.<>c__DisplayClass25.<BeginInvokeAction>b__1e(AsyncCallback asyncCallback, Object asyncState)
 2015-05-15 21:45:48,404 [38] INFO  StatisticalSolutions.Controllers.Base.BaseController - Application URL - /StatisticalSolutions/Base/StatisticalError 
 2015-05-15 21:45:48,406 [38] INFO  StatisticalSolutions.Controllers.Base.BaseController - Application URL - /StatisticalSolutions/Base/StatisticalError 
 2015-05-15 21:45:48,406 [38] ERROR StatisticalSolutions.Controllers.Base.BaseController - Statistical exception message - Exception has been thrown by the target of an invocation.
 2015-05-15 21:45:48,406 [38] ERROR StatisticalSolutions.Controllers.Base.BaseController - Statistical exception stack trace -    at System.RuntimeTypeHandle.CreateInstance(RuntimeType type, Boolean publicOnly, Boolean noCheck, Boolean& canBeCached, RuntimeMethodHandleInternal& ctor, Boolean& bNeedSecurityCheck)
   at System.RuntimeType.CreateInstanceSlow(Boolean publicOnly, Boolean skipCheckThis, Boolean fillCache, StackCrawlMark& stackMark)
   at System.RuntimeType.CreateInstanceDefaultCtor(Boolean publicOnly, Boolean skipCheckThis, Boolean fillCache, StackCrawlMark& stackMark)
   at System.Activator.CreateInstance(Type type, Boolean nonPublic)
   at System.Activator.CreateInstance(Type type)
   at System.Threading.LazyHelpers`1.ActivatorFactorySelector()
   at System.Threading.LazyInitializer.EnsureInitializedCore[T](T& target, Boolean& initialized, Object& syncLock, Func`1 valueFactory)
   at System.Threading.LazyInitializer.EnsureInitialized[T](T& target, Boolean& initialized, Object& syncLock)
   at StatisticalSolutions.Filters.InitializeSimpleMembershipAttribute.OnActionExecuting(ActionExecutingContext filterContext) in e:\Ola Projects\3rdPartyProjects\StatisticalSolutions\StatisticalSolutions\Filters\InitializeSimpleMembershipAttribute.cs:line 23
   at System.Web.Mvc.Async.AsyncControllerActionInvoker.InvokeActionMethodFilterAsynchronously(IActionFilter filter, ActionExecutingContext preContext, Func`1 nextInChain)
   at System.Web.Mvc.Async.AsyncControllerActionInvoker.InvokeActionMethodFilterAsynchronously(IActionFilter filter, ActionExecutingContext preContext, Func`1 nextInChain)
   at System.Web.Mvc.Async.AsyncControllerActionInvoker.<>c__DisplayClass37.<BeginInvokeActionMethodWithFilters>b__31(AsyncCallback asyncCallback, Object asyncState)
   at System.Web.Mvc.Async.AsyncResultWrapper.WrappedAsyncResult`1.Begin(AsyncCallback callback, Object state, Int32 timeout)
   at System.Web.Mvc.Async.AsyncResultWrapper.Begin[TResult](AsyncCallback callback, Object state, BeginInvokeDelegate beginDelegate, EndInvokeDelegate`1 endDelegate, Object tag, Int32 timeout)
   at System.Web.Mvc.Async.AsyncResultWrapper.Begin[TResult](AsyncCallback callback, Object state, BeginInvokeDelegate beginDelegate, EndInvokeDelegate`1 endDelegate, Object tag)
   at System.Web.Mvc.Async.AsyncControllerActionInvoker.<>c__DisplayClass25.<BeginInvokeAction>b__1e(AsyncCallback asyncCallback, Object asyncState)
 2015-05-15 21:45:48,411 [35] INFO  StatisticalSolutions.Controllers.Base.BaseController - Application URL - /StatisticalSolutions/Base/StatisticalError 
 2015-05-15 21:45:48,412 [35] INFO  StatisticalSolutions.Controllers.Base.BaseController - Application URL - /StatisticalSolutions/Base/StatisticalError 
 2015-05-15 21:45:48,412 [35] ERROR StatisticalSolutions.Controllers.Base.BaseController - Statistical exception message - Exception has been thrown by the target of an invocation.
 2015-05-15 21:45:48,413 [35] ERROR StatisticalSolutions.Controllers.Base.BaseController - Statistical exception stack trace -    at System.RuntimeTypeHandle.CreateInstance(RuntimeType type, Boolean publicOnly, Boolean noCheck, Boolean& canBeCached, RuntimeMethodHandleInternal& ctor, Boolean& bNeedSecurityCheck)
   at System.RuntimeType.CreateInstanceSlow(Boolean publicOnly, Boolean skipCheckThis, Boolean fillCache, StackCrawlMark& stackMark)
   at System.RuntimeType.CreateInstanceDefaultCtor(Boolean publicOnly, Boolean skipCheckThis, Boolean fillCache, StackCrawlMark& stackMark)
   at System.Activator.CreateInstance(Type type, Boolean nonPublic)
   at System.Activator.CreateInstance(Type type)
   at System.Threading.LazyHelpers`1.ActivatorFactorySelector()
   at System.Threading.LazyInitializer.EnsureInitializedCore[T](T& target, Boolean& initialized, Object& syncLock, Func`1 valueFactory)
   at System.Threading.LazyInitializer.EnsureInitialized[T](T& target, Boolean& initialized, Object& syncLock)
   at StatisticalSolutions.Filters.InitializeSimpleMembershipAttribute.OnActionExecuting(ActionExecutingContext filterContext) in e:\Ola Projects\3rdPartyProjects\StatisticalSolutions\StatisticalSolutions\Filters\InitializeSimpleMembershipAttribute.cs:line 23
   at System.Web.Mvc.Async.AsyncControllerActionInvoker.InvokeActionMethodFilterAsynchronously(IActionFilter filter, ActionExecutingContext preContext, Func`1 nextInChain)
   at System.Web.Mvc.Async.AsyncControllerActionInvoker.InvokeActionMethodFilterAsynchronously(IActionFilter filter, ActionExecutingContext preContext, Func`1 nextInChain)
   at System.Web.Mvc.Async.AsyncControllerActionInvoker.<>c__DisplayClass37.<BeginInvokeActionMethodWithFilters>b__31(AsyncCallback asyncCallback, Object asyncState)
   at System.Web.Mvc.Async.AsyncResultWrapper.WrappedAsyncResult`1.Begin(AsyncCallback callback, Object state, Int32 timeout)
   at System.Web.Mvc.Async.AsyncResultWrapper.Begin[TResult](AsyncCallback callback, Object state, BeginInvokeDelegate beginDelegate, EndInvokeDelegate`1 endDelegate, Object tag, Int32 timeout)
   at System.Web.Mvc.Async.AsyncResultWrapper.Begin[TResult](AsyncCallback callback, Object state, BeginInvokeDelegate beginDelegate, EndInvokeDelegate`1 endDelegate, Object tag)
   at System.Web.Mvc.Async.AsyncControllerActionInvoker.<>c__DisplayClass25.<BeginInvokeAction>b__1e(AsyncCallback asyncCallback, Object asyncState)
 2015-05-15 21:45:48,418 [25] INFO  StatisticalSolutions.Controllers.Base.BaseController - Application URL - /StatisticalSolutions/Base/StatisticalError 
 2015-05-15 21:45:48,419 [25] INFO  StatisticalSolutions.Controllers.Base.BaseController - Application URL - /StatisticalSolutions/Base/StatisticalError 
 2015-05-15 21:45:48,419 [25] ERROR StatisticalSolutions.Controllers.Base.BaseController - Statistical exception message - Exception has been thrown by the target of an invocation.
 2015-05-15 21:45:48,419 [25] ERROR StatisticalSolutions.Controllers.Base.BaseController - Statistical exception stack trace -    at System.RuntimeTypeHandle.CreateInstance(RuntimeType type, Boolean publicOnly, Boolean noCheck, Boolean& canBeCached, RuntimeMethodHandleInternal& ctor, Boolean& bNeedSecurityCheck)
   at System.RuntimeType.CreateInstanceSlow(Boolean publicOnly, Boolean skipCheckThis, Boolean fillCache, StackCrawlMark& stackMark)
   at System.RuntimeType.CreateInstanceDefaultCtor(Boolean publicOnly, Boolean skipCheckThis, Boolean fillCache, StackCrawlMark& stackMark)
   at System.Activator.CreateInstance(Type type, Boolean nonPublic)
   at System.Activator.CreateInstance(Type type)
   at System.Threading.LazyHelpers`1.ActivatorFactorySelector()
   at System.Threading.LazyInitializer.EnsureInitializedCore[T](T& target, Boolean& initialized, Object& syncLock, Func`1 valueFactory)
   at System.Threading.LazyInitializer.EnsureInitialized[T](T& target, Boolean& initialized, Object& syncLock)
   at StatisticalSolutions.Filters.InitializeSimpleMembershipAttribute.OnActionExecuting(ActionExecutingContext filterContext) in e:\Ola Projects\3rdPartyProjects\StatisticalSolutions\StatisticalSolutions\Filters\InitializeSimpleMembershipAttribute.cs:line 23
   at System.Web.Mvc.Async.AsyncControllerActionInvoker.InvokeActionMethodFilterAsynchronously(IActionFilter filter, ActionExecutingContext preContext, Func`1 nextInChain)
   at System.Web.Mvc.Async.AsyncControllerActionInvoker.InvokeActionMethodFilterAsynchronously(IActionFilter filter, ActionExecutingContext preContext, Func`1 nextInChain)
   at System.Web.Mvc.Async.AsyncControllerActionInvoker.<>c__DisplayClass37.<BeginInvokeActionMethodWithFilters>b__31(AsyncCallback asyncCallback, Object asyncState)
   at System.Web.Mvc.Async.AsyncResultWrapper.WrappedAsyncResult`1.Begin(AsyncCallback callback, Object state, Int32 timeout)
   at System.Web.Mvc.Async.AsyncResultWrapper.Begin[TResult](AsyncCallback callback, Object state, BeginInvokeDelegate beginDelegate, EndInvokeDelegate`1 endDelegate, Object tag, Int32 timeout)
   at System.Web.Mvc.Async.AsyncResultWrapper.Begin[TResult](AsyncCallback callback, Object state, BeginInvokeDelegate beginDelegate, EndInvokeDelegate`1 endDelegate, Object tag)
   at System.Web.Mvc.Async.AsyncControllerActionInvoker.<>c__DisplayClass25.<BeginInvokeAction>b__1e(AsyncCallback asyncCallback, Object asyncState)
 2015-05-15 21:45:48,428 [39] INFO  StatisticalSolutions.Controllers.Base.BaseController - Application URL - /StatisticalSolutions/Base/StatisticalError 
 2015-05-15 21:45:48,429 [39] INFO  StatisticalSolutions.Controllers.Base.BaseController - Application URL - /StatisticalSolutions/Base/StatisticalError 
 2015-05-15 21:45:48,429 [39] ERROR StatisticalSolutions.Controllers.Base.BaseController - Statistical exception message - Exception has been thrown by the target of an invocation.
 2015-05-15 21:45:48,430 [39] ERROR StatisticalSolutions.Controllers.Base.BaseController - Statistical exception stack trace -    at System.RuntimeTypeHandle.CreateInstance(RuntimeType type, Boolean publicOnly, Boolean noCheck, Boolean& canBeCached, RuntimeMethodHandleInternal& ctor, Boolean& bNeedSecurityCheck)
   at System.RuntimeType.CreateInstanceSlow(Boolean publicOnly, Boolean skipCheckThis, Boolean fillCache, StackCrawlMark& stackMark)
   at System.RuntimeType.CreateInstanceDefaultCtor(Boolean publicOnly, Boolean skipCheckThis, Boolean fillCache, StackCrawlMark& stackMark)
   at System.Activator.CreateInstance(Type type, Boolean nonPublic)
   at System.Activator.CreateInstance(Type type)
   at System.Threading.LazyHelpers`1.ActivatorFactorySelector()
   at System.Threading.LazyInitializer.EnsureInitializedCore[T](T& target, Boolean& initialized, Object& syncLock, Func`1 valueFactory)
   at System.Threading.LazyInitializer.EnsureInitialized[T](T& target, Boolean& initialized, Object& syncLock)
   at StatisticalSolutions.Filters.InitializeSimpleMembershipAttribute.OnActionExecuting(ActionExecutingContext filterContext) in e:\Ola Projects\3rdPartyProjects\StatisticalSolutions\StatisticalSolutions\Filters\InitializeSimpleMembershipAttribute.cs:line 23
   at System.Web.Mvc.Async.AsyncControllerActionInvoker.InvokeActionMethodFilterAsynchronously(IActionFilter filter, ActionExecutingContext preContext, Func`1 nextInChain)
   at System.Web.Mvc.Async.AsyncControllerActionInvoker.InvokeActionMethodFilterAsynchronously(IActionFilter filter, ActionExecutingContext preContext, Func`1 nextInChain)
   at System.Web.Mvc.Async.AsyncControllerActionInvoker.<>c__DisplayClass37.<BeginInvokeActionMethodWithFilters>b__31(AsyncCallback asyncCallback, Object asyncState)
   at System.Web.Mvc.Async.AsyncResultWrapper.WrappedAsyncResult`1.Begin(AsyncCallback callback, Object state, Int32 timeout)
   at System.Web.Mvc.Async.AsyncResultWrapper.Begin[TResult](AsyncCallback callback, Object state, BeginInvokeDelegate beginDelegate, EndInvokeDelegate`1 endDelegate, Object tag, Int32 timeout)
   at System.Web.Mvc.Async.AsyncResultWrapper.Begin[TResult](AsyncCallback callback, Object state, BeginInvokeDelegate beginDelegate, EndInvokeDelegate`1 endDelegate, Object tag)
   at System.Web.Mvc.Async.AsyncControllerActionInvoker.<>c__DisplayClass25.<BeginInvokeAction>b__1e(AsyncCallback asyncCallback, Object asyncState)
 2015-05-15 21:45:48,434 [36] INFO  StatisticalSolutions.Controllers.Base.BaseController - Application URL - /StatisticalSolutions/Base/StatisticalError 
 2015-05-15 21:45:48,435 [36] INFO  StatisticalSolutions.Controllers.Base.BaseController - Application URL - /StatisticalSolutions/Base/StatisticalError 
 2015-05-15 21:45:48,436 [36] ERROR StatisticalSolutions.Controllers.Base.BaseController - Statistical exception message - Exception has been thrown by the target of an invocation.
 2015-05-15 21:45:48,436 [36] ERROR StatisticalSolutions.Controllers.Base.BaseController - Statistical exception stack trace -    at System.RuntimeTypeHandle.CreateInstance(RuntimeType type, Boolean publicOnly, Boolean noCheck, Boolean& canBeCached, RuntimeMethodHandleInternal& ctor, Boolean& bNeedSecurityCheck)
   at System.RuntimeType.CreateInstanceSlow(Boolean publicOnly, Boolean skipCheckThis, Boolean fillCache, StackCrawlMark& stackMark)
   at System.RuntimeType.CreateInstanceDefaultCtor(Boolean publicOnly, Boolean skipCheckThis, Boolean fillCache, StackCrawlMark& stackMark)
   at System.Activator.CreateInstance(Type type, Boolean nonPublic)
   at System.Activator.CreateInstance(Type type)
   at System.Threading.LazyHelpers`1.ActivatorFactorySelector()
   at System.Threading.LazyInitializer.EnsureInitializedCore[T](T& target, Boolean& initialized, Object& syncLock, Func`1 valueFactory)
   at System.Threading.LazyInitializer.EnsureInitialized[T](T& target, Boolean& initialized, Object& syncLock)
   at StatisticalSolutions.Filters.InitializeSimpleMembershipAttribute.OnActionExecuting(ActionExecutingContext filterContext) in e:\Ola Projects\3rdPartyProjects\StatisticalSolutions\StatisticalSolutions\Filters\InitializeSimpleMembershipAttribute.cs:line 23
   at System.Web.Mvc.Async.AsyncControllerActionInvoker.InvokeActionMethodFilterAsynchronously(IActionFilter filter, ActionExecutingContext preContext, Func`1 nextInChain)
   at System.Web.Mvc.Async.AsyncControllerActionInvoker.InvokeActionMethodFilterAsynchronously(IActionFilter filter, ActionExecutingContext preContext, Func`1 nextInChain)
   at System.Web.Mvc.Async.AsyncControllerActionInvoker.<>c__DisplayClass37.<BeginInvokeActionMethodWithFilters>b__31(AsyncCallback asyncCallback, Object asyncState)
   at System.Web.Mvc.Async.AsyncResultWrapper.WrappedAsyncResult`1.Begin(AsyncCallback callback, Object state, Int32 timeout)
   at System.Web.Mvc.Async.AsyncResultWrapper.Begin[TResult](AsyncCallback callback, Object state, BeginInvokeDelegate beginDelegate, EndInvokeDelegate`1 endDelegate, Object tag, Int32 timeout)
   at System.Web.Mvc.Async.AsyncResultWrapper.Begin[TResult](AsyncCallback callback, Object state, BeginInvokeDelegate beginDelegate, EndInvokeDelegate`1 endDelegate, Object tag)
   at System.Web.Mvc.Async.AsyncControllerActionInvoker.<>c__DisplayClass25.<BeginInvokeAction>b__1e(AsyncCallback asyncCallback, Object asyncState)
 2015-05-15 21:45:48,441 [38] INFO  StatisticalSolutions.Controllers.Base.BaseController - Application URL - /StatisticalSolutions/Base/StatisticalError 
 2015-05-15 21:45:48,442 [38] INFO  StatisticalSolutions.Controllers.Base.BaseController - Application URL - /StatisticalSolutions/Base/StatisticalError 
 2015-05-15 21:45:48,442 [38] ERROR StatisticalSolutions.Controllers.Base.BaseController - Statistical exception message - Exception has been thrown by the target of an invocation.
 2015-05-15 21:45:48,443 [38] ERROR StatisticalSolutions.Controllers.Base.BaseController - Statistical exception stack trace -    at System.RuntimeTypeHandle.CreateInstance(RuntimeType type, Boolean publicOnly, Boolean noCheck, Boolean& canBeCached, RuntimeMethodHandleInternal& ctor, Boolean& bNeedSecurityCheck)
   at System.RuntimeType.CreateInstanceSlow(Boolean publicOnly, Boolean skipCheckThis, Boolean fillCache, StackCrawlMark& stackMark)
   at System.RuntimeType.CreateInstanceDefaultCtor(Boolean publicOnly, Boolean skipCheckThis, Boolean fillCache, StackCrawlMark& stackMark)
   at System.Activator.CreateInstance(Type type, Boolean nonPublic)
   at System.Activator.CreateInstance(Type type)
   at System.Threading.LazyHelpers`1.ActivatorFactorySelector()
   at System.Threading.LazyInitializer.EnsureInitializedCore[T](T& target, Boolean& initialized, Object& syncLock, Func`1 valueFactory)
   at System.Threading.LazyInitializer.EnsureInitialized[T](T& target, Boolean& initialized, Object& syncLock)
   at StatisticalSolutions.Filters.InitializeSimpleMembershipAttribute.OnActionExecuting(ActionExecutingContext filterContext) in e:\Ola Projects\3rdPartyProjects\StatisticalSolutions\StatisticalSolutions\Filters\InitializeSimpleMembershipAttribute.cs:line 23
   at System.Web.Mvc.Async.AsyncControllerActionInvoker.InvokeActionMethodFilterAsynchronously(IActionFilter filter, ActionExecutingContext preContext, Func`1 nextInChain)
   at System.Web.Mvc.Async.AsyncControllerActionInvoker.InvokeActionMethodFilterAsynchronously(IActionFilter filter, ActionExecutingContext preContext, Func`1 nextInChain)
   at System.Web.Mvc.Async.AsyncControllerActionInvoker.<>c__DisplayClass37.<BeginInvokeActionMethodWithFilters>b__31(AsyncCallback asyncCallback, Object asyncState)
   at System.Web.Mvc.Async.AsyncResultWrapper.WrappedAsyncResult`1.Begin(AsyncCallback callback, Object state, Int32 timeout)
   at System.Web.Mvc.Async.AsyncResultWrapper.Begin[TResult](AsyncCallback callback, Object state, BeginInvokeDelegate beginDelegate, EndInvokeDelegate`1 endDelegate, Object tag, Int32 timeout)
   at System.Web.Mvc.Async.AsyncResultWrapper.Begin[TResult](AsyncCallback callback, Object state, BeginInvokeDelegate beginDelegate, EndInvokeDelegate`1 endDelegate, Object tag)
   at System.Web.Mvc.Async.AsyncControllerActionInvoker.<>c__DisplayClass25.<BeginInvokeAction>b__1e(AsyncCallback asyncCallback, Object asyncState)
 2015-05-15 21:45:48,447 [35] INFO  StatisticalSolutions.Controllers.Base.BaseController - Application URL - /StatisticalSolutions/Base/StatisticalError 
 2015-05-15 21:45:48,448 [35] INFO  StatisticalSolutions.Controllers.Base.BaseController - Application URL - /StatisticalSolutions/Base/StatisticalError 
 2015-05-15 21:45:48,449 [35] ERROR StatisticalSolutions.Controllers.Base.BaseController - Statistical exception message - Exception has been thrown by the target of an invocation.
 2015-05-15 21:45:48,449 [35] ERROR StatisticalSolutions.Controllers.Base.BaseController - Statistical exception stack trace -    at System.RuntimeTypeHandle.CreateInstance(RuntimeType type, Boolean publicOnly, Boolean noCheck, Boolean& canBeCached, RuntimeMethodHandleInternal& ctor, Boolean& bNeedSecurityCheck)
   at System.RuntimeType.CreateInstanceSlow(Boolean publicOnly, Boolean skipCheckThis, Boolean fillCache, StackCrawlMark& stackMark)
   at System.RuntimeType.CreateInstanceDefaultCtor(Boolean publicOnly, Boolean skipCheckThis, Boolean fillCache, StackCrawlMark& stackMark)
   at System.Activator.CreateInstance(Type type, Boolean nonPublic)
   at System.Activator.CreateInstance(Type type)
   at System.Threading.LazyHelpers`1.ActivatorFactorySelector()
   at System.Threading.LazyInitializer.EnsureInitializedCore[T](T& target, Boolean& initialized, Object& syncLock, Func`1 valueFactory)
   at System.Threading.LazyInitializer.EnsureInitialized[T](T& target, Boolean& initialized, Object& syncLock)
   at StatisticalSolutions.Filters.InitializeSimpleMembershipAttribute.OnActionExecuting(ActionExecutingContext filterContext) in e:\Ola Projects\3rdPartyProjects\StatisticalSolutions\StatisticalSolutions\Filters\InitializeSimpleMembershipAttribute.cs:line 23
   at System.Web.Mvc.Async.AsyncControllerActionInvoker.InvokeActionMethodFilterAsynchronously(IActionFilter filter, ActionExecutingContext preContext, Func`1 nextInChain)
   at System.Web.Mvc.Async.AsyncControllerActionInvoker.InvokeActionMethodFilterAsynchronously(IActionFilter filter, ActionExecutingContext preContext, Func`1 nextInChain)
   at System.Web.Mvc.Async.AsyncControllerActionInvoker.<>c__DisplayClass37.<BeginInvokeActionMethodWithFilters>b__31(AsyncCallback asyncCallback, Object asyncState)
   at System.Web.Mvc.Async.AsyncResultWrapper.WrappedAsyncResult`1.Begin(AsyncCallback callback, Object state, Int32 timeout)
   at System.Web.Mvc.Async.AsyncResultWrapper.Begin[TResult](AsyncCallback callback, Object state, BeginInvokeDelegate beginDelegate, EndInvokeDelegate`1 endDelegate, Object tag, Int32 timeout)
   at System.Web.Mvc.Async.AsyncResultWrapper.Begin[TResult](AsyncCallback callback, Object state, BeginInvokeDelegate beginDelegate, EndInvokeDelegate`1 endDelegate, Object tag)
   at System.Web.Mvc.Async.AsyncControllerActionInvoker.<>c__DisplayClass25.<BeginInvokeAction>b__1e(AsyncCallback asyncCallback, Object asyncState)
 2015-05-15 21:45:48,454 [40] INFO  StatisticalSolutions.Controllers.Base.BaseController - Application URL - /StatisticalSolutions/Base/StatisticalError 
 2015-05-15 21:45:48,456 [40] INFO  StatisticalSolutions.Controllers.Base.BaseController - Application URL - /StatisticalSolutions/Base/StatisticalError 
 2015-05-15 21:45:48,456 [40] ERROR StatisticalSolutions.Controllers.Base.BaseController - Statistical exception message - Exception has been thrown by the target of an invocation.
 2015-05-15 21:45:48,456 [40] ERROR StatisticalSolutions.Controllers.Base.BaseController - Statistical exception stack trace -    at System.RuntimeTypeHandle.CreateInstance(RuntimeType type, Boolean publicOnly, Boolean noCheck, Boolean& canBeCached, RuntimeMethodHandleInternal& ctor, Boolean& bNeedSecurityCheck)
   at System.RuntimeType.CreateInstanceSlow(Boolean publicOnly, Boolean skipCheckThis, Boolean fillCache, StackCrawlMark& stackMark)
   at System.RuntimeType.CreateInstanceDefaultCtor(Boolean publicOnly, Boolean skipCheckThis, Boolean fillCache, StackCrawlMark& stackMark)
   at System.Activator.CreateInstance(Type type, Boolean nonPublic)
   at System.Activator.CreateInstance(Type type)
   at System.Threading.LazyHelpers`1.ActivatorFactorySelector()
   at System.Threading.LazyInitializer.EnsureInitializedCore[T](T& target, Boolean& initialized, Object& syncLock, Func`1 valueFactory)
   at System.Threading.LazyInitializer.EnsureInitialized[T](T& target, Boolean& initialized, Object& syncLock)
   at StatisticalSolutions.Filters.InitializeSimpleMembershipAttribute.OnActionExecuting(ActionExecutingContext filterContext) in e:\Ola Projects\3rdPartyProjects\StatisticalSolutions\StatisticalSolutions\Filters\InitializeSimpleMembershipAttribute.cs:line 23
   at System.Web.Mvc.Async.AsyncControllerActionInvoker.InvokeActionMethodFilterAsynchronously(IActionFilter filter, ActionExecutingContext preContext, Func`1 nextInChain)
   at System.Web.Mvc.Async.AsyncControllerActionInvoker.InvokeActionMethodFilterAsynchronously(IActionFilter filter, ActionExecutingContext preContext, Func`1 nextInChain)
   at System.Web.Mvc.Async.AsyncControllerActionInvoker.<>c__DisplayClass37.<BeginInvokeActionMethodWithFilters>b__31(AsyncCallback asyncCallback, Object asyncState)
   at System.Web.Mvc.Async.AsyncResultWrapper.WrappedAsyncResult`1.Begin(AsyncCallback callback, Object state, Int32 timeout)
   at System.Web.Mvc.Async.AsyncResultWrapper.Begin[TResult](AsyncCallback callback, Object state, BeginInvokeDelegate beginDelegate, EndInvokeDelegate`1 endDelegate, Object tag, Int32 timeout)
   at System.Web.Mvc.Async.AsyncResultWrapper.Begin[TResult](AsyncCallback callback, Object state, BeginInvokeDelegate beginDelegate, EndInvokeDelegate`1 endDelegate, Object tag)
   at System.Web.Mvc.Async.AsyncControllerActionInvoker.<>c__DisplayClass25.<BeginInvokeAction>b__1e(AsyncCallback asyncCallback, Object asyncState)
 2015-05-15 21:45:48,461 [39] INFO  StatisticalSolutions.Controllers.Base.BaseController - Application URL - /StatisticalSolutions/Base/StatisticalError 
 2015-05-15 21:45:48,462 [39] INFO  StatisticalSolutions.Controllers.Base.BaseController - Application URL - /StatisticalSolutions/Base/StatisticalError 
 2015-05-15 21:45:48,462 [39] ERROR StatisticalSolutions.Controllers.Base.BaseController - Statistical exception message - Exception has been thrown by the target of an invocation.
 2015-05-15 21:45:48,463 [39] ERROR StatisticalSolutions.Controllers.Base.BaseController - Statistical exception stack trace -    at System.RuntimeTypeHandle.CreateInstance(RuntimeType type, Boolean publicOnly, Boolean noCheck, Boolean& canBeCached, RuntimeMethodHandleInternal& ctor, Boolean& bNeedSecurityCheck)
   at System.RuntimeType.CreateInstanceSlow(Boolean publicOnly, Boolean skipCheckThis, Boolean fillCache, StackCrawlMark& stackMark)
   at System.RuntimeType.CreateInstanceDefaultCtor(Boolean publicOnly, Boolean skipCheckThis, Boolean fillCache, StackCrawlMark& stackMark)
   at System.Activator.CreateInstance(Type type, Boolean nonPublic)
   at System.Activator.CreateInstance(Type type)
   at System.Threading.LazyHelpers`1.ActivatorFactorySelector()
   at System.Threading.LazyInitializer.EnsureInitializedCore[T](T& target, Boolean& initialized, Object& syncLock, Func`1 valueFactory)
   at System.Threading.LazyInitializer.EnsureInitialized[T](T& target, Boolean& initialized, Object& syncLock)
   at StatisticalSolutions.Filters.InitializeSimpleMembershipAttribute.OnActionExecuting(ActionExecutingContext filterContext) in e:\Ola Projects\3rdPartyProjects\StatisticalSolutions\StatisticalSolutions\Filters\InitializeSimpleMembershipAttribute.cs:line 23
   at System.Web.Mvc.Async.AsyncControllerActionInvoker.InvokeActionMethodFilterAsynchronously(IActionFilter filter, ActionExecutingContext preContext, Func`1 nextInChain)
   at System.Web.Mvc.Async.AsyncControllerActionInvoker.InvokeActionMethodFilterAsynchronously(IActionFilter filter, ActionExecutingContext preContext, Func`1 nextInChain)
   at System.Web.Mvc.Async.AsyncControllerActionInvoker.<>c__DisplayClass37.<BeginInvokeActionMethodWithFilters>b__31(AsyncCallback asyncCallback, Object asyncState)
   at System.Web.Mvc.Async.AsyncResultWrapper.WrappedAsyncResult`1.Begin(AsyncCallback callback, Object state, Int32 timeout)
   at System.Web.Mvc.Async.AsyncResultWrapper.Begin[TResult](AsyncCallback callback, Object state, BeginInvokeDelegate beginDelegate, EndInvokeDelegate`1 endDelegate, Object tag, Int32 timeout)
   at System.Web.Mvc.Async.AsyncResultWrapper.Begin[TResult](AsyncCallback callback, Object state, BeginInvokeDelegate beginDelegate, EndInvokeDelegate`1 endDelegate, Object tag)
   at System.Web.Mvc.Async.AsyncControllerActionInvoker.<>c__DisplayClass25.<BeginInvokeAction>b__1e(AsyncCallback asyncCallback, Object asyncState)
 2015-05-15 21:45:48,468 [38] INFO  StatisticalSolutions.Controllers.Base.BaseController - Application URL - /StatisticalSolutions/Base/StatisticalError 
 2015-05-15 21:45:48,469 [38] INFO  StatisticalSolutions.Controllers.Base.BaseController - Application URL - /StatisticalSolutions/Base/StatisticalError 
 2015-05-15 21:45:48,469 [38] ERROR StatisticalSolutions.Controllers.Base.BaseController - Statistical exception message - Exception has been thrown by the target of an invocation.
 2015-05-15 21:45:48,469 [38] ERROR StatisticalSolutions.Controllers.Base.BaseController - Statistical exception stack trace -    at System.RuntimeTypeHandle.CreateInstance(RuntimeType type, Boolean publicOnly, Boolean noCheck, Boolean& canBeCached, RuntimeMethodHandleInternal& ctor, Boolean& bNeedSecurityCheck)
   at System.RuntimeType.CreateInstanceSlow(Boolean publicOnly, Boolean skipCheckThis, Boolean fillCache, StackCrawlMark& stackMark)
   at System.RuntimeType.CreateInstanceDefaultCtor(Boolean publicOnly, Boolean skipCheckThis, Boolean fillCache, StackCrawlMark& stackMark)
   at System.Activator.CreateInstance(Type type, Boolean nonPublic)
   at System.Activator.CreateInstance(Type type)
   at System.Threading.LazyHelpers`1.ActivatorFactorySelector()
   at System.Threading.LazyInitializer.EnsureInitializedCore[T](T& target, Boolean& initialized, Object& syncLock, Func`1 valueFactory)
   at System.Threading.LazyInitializer.EnsureInitialized[T](T& target, Boolean& initialized, Object& syncLock)
   at StatisticalSolutions.Filters.InitializeSimpleMembershipAttribute.OnActionExecuting(ActionExecutingContext filterContext) in e:\Ola Projects\3rdPartyProjects\StatisticalSolutions\StatisticalSolutions\Filters\InitializeSimpleMembershipAttribute.cs:line 23
   at System.Web.Mvc.Async.AsyncControllerActionInvoker.InvokeActionMethodFilterAsynchronously(IActionFilter filter, ActionExecutingContext preContext, Func`1 nextInChain)
   at System.Web.Mvc.Async.AsyncControllerActionInvoker.InvokeActionMethodFilterAsynchronously(IActionFilter filter, ActionExecutingContext preContext, Func`1 nextInChain)
   at System.Web.Mvc.Async.AsyncControllerActionInvoker.<>c__DisplayClass37.<BeginInvokeActionMethodWithFilters>b__31(AsyncCallback asyncCallback, Object asyncState)
   at System.Web.Mvc.Async.AsyncResultWrapper.WrappedAsyncResult`1.Begin(AsyncCallback callback, Object state, Int32 timeout)
   at System.Web.Mvc.Async.AsyncResultWrapper.Begin[TResult](AsyncCallback callback, Object state, BeginInvokeDelegate beginDelegate, EndInvokeDelegate`1 endDelegate, Object tag, Int32 timeout)
   at System.Web.Mvc.Async.AsyncResultWrapper.Begin[TResult](AsyncCallback callback, Object state, BeginInvokeDelegate beginDelegate, EndInvokeDelegate`1 endDelegate, Object tag)
   at System.Web.Mvc.Async.AsyncControllerActionInvoker.<>c__DisplayClass25.<BeginInvokeAction>b__1e(AsyncCallback asyncCallback, Object asyncState)
 2015-05-15 21:45:53,474 [35] INFO  StatisticalSolutions.Controllers.Base.BaseController - Application URL - /StatisticalSolutions/Base/StatisticalError 
 2015-05-15 21:45:53,474 [35] INFO  StatisticalSolutions.Controllers.Base.BaseController - Application URL - /StatisticalSolutions/Base/StatisticalError 
 2015-05-15 21:45:53,474 [35] ERROR StatisticalSolutions.Controllers.Base.BaseController - Statistical exception message - Exception has been thrown by the target of an invocation.
 2015-05-15 21:45:53,474 [35] ERROR StatisticalSolutions.Controllers.Base.BaseController - Statistical exception stack trace -    at System.RuntimeTypeHandle.CreateInstance(RuntimeType type, Boolean publicOnly, Boolean noCheck, Boolean& canBeCached, RuntimeMethodHandleInternal& ctor, Boolean& bNeedSecurityCheck)
   at System.RuntimeType.CreateInstanceSlow(Boolean publicOnly, Boolean skipCheckThis, Boolean fillCache, StackCrawlMark& stackMark)
   at System.RuntimeType.CreateInstanceDefaultCtor(Boolean publicOnly, Boolean skipCheckThis, Boolean fillCache, StackCrawlMark& stackMark)
   at System.Activator.CreateInstance(Type type, Boolean nonPublic)
   at System.Activator.CreateInstance(Type type)
   at System.Threading.LazyHelpers`1.ActivatorFactorySelector()
   at System.Threading.LazyInitializer.EnsureInitializedCore[T](T& target, Boolean& initialized, Object& syncLock, Func`1 valueFactory)
   at System.Threading.LazyInitializer.EnsureInitialized[T](T& target, Boolean& initialized, Object& syncLock)
   at StatisticalSolutions.Filters.InitializeSimpleMembershipAttribute.OnActionExecuting(ActionExecutingContext filterContext) in e:\Ola Projects\3rdPartyProjects\StatisticalSolutions\StatisticalSolutions\Filters\InitializeSimpleMembershipAttribute.cs:line 23
   at System.Web.Mvc.Async.AsyncControllerActionInvoker.InvokeActionMethodFilterAsynchronously(IActionFilter filter, ActionExecutingContext preContext, Func`1 nextInChain)
   at System.Web.Mvc.Async.AsyncControllerActionInvoker.InvokeActionMethodFilterAsynchronously(IActionFilter filter, ActionExecutingContext preContext, Func`1 nextInChain)
   at System.Web.Mvc.Async.AsyncControllerActionInvoker.<>c__DisplayClass37.<BeginInvokeActionMethodWithFilters>b__31(AsyncCallback asyncCallback, Object asyncState)
   at System.Web.Mvc.Async.AsyncResultWrapper.WrappedAsyncResult`1.Begin(AsyncCallback callback, Object state, Int32 timeout)
   at System.Web.Mvc.Async.AsyncResultWrapper.Begin[TResult](AsyncCallback callback, Object state, BeginInvokeDelegate beginDelegate, EndInvokeDelegate`1 endDelegate, Object tag, Int32 timeout)
   at System.Web.Mvc.Async.AsyncResultWrapper.Begin[TResult](AsyncCallback callback, Object state, BeginInvokeDelegate beginDelegate, EndInvokeDelegate`1 endDelegate, Object tag)
   at System.Web.Mvc.Async.AsyncControllerActionInvoker.<>c__DisplayClass25.<BeginInvokeAction>b__1e(AsyncCallback asyncCallback, Object asyncState)
 2015-05-15 21:45:53,504 [25] INFO  StatisticalSolutions.Controllers.Base.BaseController - Application URL - /StatisticalSolutions/Base/StatisticalError 
 2015-05-15 21:45:53,505 [25] INFO  StatisticalSolutions.Controllers.Base.BaseController - Application URL - /StatisticalSolutions/Base/StatisticalError 
 2015-05-15 21:45:53,506 [25] ERROR StatisticalSolutions.Controllers.Base.BaseController - Statistical exception message - Exception has been thrown by the target of an invocation.
 2015-05-15 21:45:53,506 [25] ERROR StatisticalSolutions.Controllers.Base.BaseController - Statistical exception stack trace -    at System.RuntimeTypeHandle.CreateInstance(RuntimeType type, Boolean publicOnly, Boolean noCheck, Boolean& canBeCached, RuntimeMethodHandleInternal& ctor, Boolean& bNeedSecurityCheck)
   at System.RuntimeType.CreateInstanceSlow(Boolean publicOnly, Boolean skipCheckThis, Boolean fillCache, StackCrawlMark& stackMark)
   at System.RuntimeType.CreateInstanceDefaultCtor(Boolean publicOnly, Boolean skipCheckThis, Boolean fillCache, StackCrawlMark& stackMark)
   at System.Activator.CreateInstance(Type type, Boolean nonPublic)
   at System.Activator.CreateInstance(Type type)
   at System.Threading.LazyHelpers`1.ActivatorFactorySelector()
   at System.Threading.LazyInitializer.EnsureInitializedCore[T](T& target, Boolean& initialized, Object& syncLock, Func`1 valueFactory)
   at System.Threading.LazyInitializer.EnsureInitialized[T](T& target, Boolean& initialized, Object& syncLock)
   at StatisticalSolutions.Filters.InitializeSimpleMembershipAttribute.OnActionExecuting(ActionExecutingContext filterContext) in e:\Ola Projects\3rdPartyProjects\StatisticalSolutions\StatisticalSolutions\Filters\InitializeSimpleMembershipAttribute.cs:line 23
   at System.Web.Mvc.Async.AsyncControllerActionInvoker.InvokeActionMethodFilterAsynchronously(IActionFilter filter, ActionExecutingContext preContext, Func`1 nextInChain)
   at System.Web.Mvc.Async.AsyncControllerActionInvoker.InvokeActionMethodFilterAsynchronously(IActionFilter filter, ActionExecutingContext preContext, Func`1 nextInChain)
   at System.Web.Mvc.Async.AsyncControllerActionInvoker.<>c__DisplayClass37.<BeginInvokeActionMethodWithFilters>b__31(AsyncCallback asyncCallback, Object asyncState)
   at System.Web.Mvc.Async.AsyncResultWrapper.WrappedAsyncResult`1.Begin(AsyncCallback callback, Object state, Int32 timeout)
   at System.Web.Mvc.Async.AsyncResultWrapper.Begin[TResult](AsyncCallback callback, Object state, BeginInvokeDelegate beginDelegate, EndInvokeDelegate`1 endDelegate, Object tag, Int32 timeout)
   at System.Web.Mvc.Async.AsyncResultWrapper.Begin[TResult](AsyncCallback callback, Object state, BeginInvokeDelegate beginDelegate, EndInvokeDelegate`1 endDelegate, Object tag)
   at System.Web.Mvc.Async.AsyncControllerActionInvoker.<>c__DisplayClass25.<BeginInvokeAction>b__1e(AsyncCallback asyncCallback, Object asyncState)
 2015-05-15 21:45:53,520 [40] INFO  StatisticalSolutions.Controllers.Base.BaseController - Application URL - /StatisticalSolutions/Base/StatisticalError 
 2015-05-15 21:45:53,521 [40] INFO  StatisticalSolutions.Controllers.Base.BaseController - Application URL - /StatisticalSolutions/Base/StatisticalError 
 2015-05-15 21:45:53,521 [40] ERROR StatisticalSolutions.Controllers.Base.BaseController - Statistical exception message - Exception has been thrown by the target of an invocation.
 2015-05-15 21:45:53,521 [40] ERROR StatisticalSolutions.Controllers.Base.BaseController - Statistical exception stack trace -    at System.RuntimeTypeHandle.CreateInstance(RuntimeType type, Boolean publicOnly, Boolean noCheck, Boolean& canBeCached, RuntimeMethodHandleInternal& ctor, Boolean& bNeedSecurityCheck)
   at System.RuntimeType.CreateInstanceSlow(Boolean publicOnly, Boolean skipCheckThis, Boolean fillCache, StackCrawlMark& stackMark)
   at System.RuntimeType.CreateInstanceDefaultCtor(Boolean publicOnly, Boolean skipCheckThis, Boolean fillCache, StackCrawlMark& stackMark)
   at System.Activator.CreateInstance(Type type, Boolean nonPublic)
   at System.Activator.CreateInstance(Type type)
   at System.Threading.LazyHelpers`1.ActivatorFactorySelector()
   at System.Threading.LazyInitializer.EnsureInitializedCore[T](T& target, Boolean& initialized, Object& syncLock, Func`1 valueFactory)
   at System.Threading.LazyInitializer.EnsureInitialized[T](T& target, Boolean& initialized, Object& syncLock)
   at StatisticalSolutions.Filters.InitializeSimpleMembershipAttribute.OnActionExecuting(ActionExecutingContext filterContext) in e:\Ola Projects\3rdPartyProjects\StatisticalSolutions\StatisticalSolutions\Filters\InitializeSimpleMembershipAttribute.cs:line 23
   at System.Web.Mvc.Async.AsyncControllerActionInvoker.InvokeActionMethodFilterAsynchronously(IActionFilter filter, ActionExecutingContext preContext, Func`1 nextInChain)
   at System.Web.Mvc.Async.AsyncControllerActionInvoker.InvokeActionMethodFilterAsynchronously(IActionFilter filter, ActionExecutingContext preContext, Func`1 nextInChain)
   at System.Web.Mvc.Async.AsyncControllerActionInvoker.<>c__DisplayClass37.<BeginInvokeActionMethodWithFilters>b__31(AsyncCallback asyncCallback, Object asyncState)
   at System.Web.Mvc.Async.AsyncResultWrapper.WrappedAsyncResult`1.Begin(AsyncCallback callback, Object state, Int32 timeout)
   at System.Web.Mvc.Async.AsyncResultWrapper.Begin[TResult](AsyncCallback callback, Object state, BeginInvokeDelegate beginDelegate, EndInvokeDelegate`1 endDelegate, Object tag, Int32 timeout)
   at System.Web.Mvc.Async.AsyncResultWrapper.Begin[TResult](AsyncCallback callback, Object state, BeginInvokeDelegate beginDelegate, EndInvokeDelegate`1 endDelegate, Object tag)
   at System.Web.Mvc.Async.AsyncControllerActionInvoker.<>c__DisplayClass25.<BeginInvokeAction>b__1e(AsyncCallback asyncCallback, Object asyncState)
 2015-05-15 21:45:53,542 [36] INFO  StatisticalSolutions.Controllers.Base.BaseController - Application URL - /StatisticalSolutions/Base/StatisticalError 
 2015-05-15 21:45:53,543 [36] INFO  StatisticalSolutions.Controllers.Base.BaseController - Application URL - /StatisticalSolutions/Base/StatisticalError 
 2015-05-15 21:45:53,543 [36] ERROR StatisticalSolutions.Controllers.Base.BaseController - Statistical exception message - Exception has been thrown by the target of an invocation.
 2015-05-15 21:45:53,543 [36] ERROR StatisticalSolutions.Controllers.Base.BaseController - Statistical exception stack trace -    at System.RuntimeTypeHandle.CreateInstance(RuntimeType type, Boolean publicOnly, Boolean noCheck, Boolean& canBeCached, RuntimeMethodHandleInternal& ctor, Boolean& bNeedSecurityCheck)
   at System.RuntimeType.CreateInstanceSlow(Boolean publicOnly, Boolean skipCheckThis, Boolean fillCache, StackCrawlMark& stackMark)
   at System.RuntimeType.CreateInstanceDefaultCtor(Boolean publicOnly, Boolean skipCheckThis, Boolean fillCache, StackCrawlMark& stackMark)
   at System.Activator.CreateInstance(Type type, Boolean nonPublic)
   at System.Activator.CreateInstance(Type type)
   at System.Threading.LazyHelpers`1.ActivatorFactorySelector()
   at System.Threading.LazyInitializer.EnsureInitializedCore[T](T& target, Boolean& initialized, Object& syncLock, Func`1 valueFactory)
   at System.Threading.LazyInitializer.EnsureInitialized[T](T& target, Boolean& initialized, Object& syncLock)
   at StatisticalSolutions.Filters.InitializeSimpleMembershipAttribute.OnActionExecuting(ActionExecutingContext filterContext) in e:\Ola Projects\3rdPartyProjects\StatisticalSolutions\StatisticalSolutions\Filters\InitializeSimpleMembershipAttribute.cs:line 23
   at System.Web.Mvc.Async.AsyncControllerActionInvoker.InvokeActionMethodFilterAsynchronously(IActionFilter filter, ActionExecutingContext preContext, Func`1 nextInChain)
   at System.Web.Mvc.Async.AsyncControllerActionInvoker.InvokeActionMethodFilterAsynchronously(IActionFilter filter, ActionExecutingContext preContext, Func`1 nextInChain)
   at System.Web.Mvc.Async.AsyncControllerActionInvoker.<>c__DisplayClass37.<BeginInvokeActionMethodWithFilters>b__31(AsyncCallback asyncCallback, Object asyncState)
   at System.Web.Mvc.Async.AsyncResultWrapper.WrappedAsyncResult`1.Begin(AsyncCallback callback, Object state, Int32 timeout)
   at System.Web.Mvc.Async.AsyncResultWrapper.Begin[TResult](AsyncCallback callback, Object state, BeginInvokeDelegate beginDelegate, EndInvokeDelegate`1 endDelegate, Object tag, Int32 timeout)
   at System.Web.Mvc.Async.AsyncResultWrapper.Begin[TResult](AsyncCallback callback, Object state, BeginInvokeDelegate beginDelegate, EndInvokeDelegate`1 endDelegate, Object tag)
   at System.Web.Mvc.Async.AsyncControllerActionInvoker.<>c__DisplayClass25.<BeginInvokeAction>b__1e(AsyncCallback asyncCallback, Object asyncState)
 2015-05-15 21:45:53,558 [36] INFO  StatisticalSolutions.Controllers.Base.BaseController - Application URL - /StatisticalSolutions/Base/StatisticalError 
 2015-05-15 21:45:53,559 [36] INFO  StatisticalSolutions.Controllers.Base.BaseController - Application URL - /StatisticalSolutions/Base/StatisticalError 
 2015-05-15 21:45:53,559 [36] ERROR StatisticalSolutions.Controllers.Base.BaseController - Statistical exception message - Exception has been thrown by the target of an invocation.
 2015-05-15 21:45:53,559 [36] ERROR StatisticalSolutions.Controllers.Base.BaseController - Statistical exception stack trace -    at System.RuntimeTypeHandle.CreateInstance(RuntimeType type, Boolean publicOnly, Boolean noCheck, Boolean& canBeCached, RuntimeMethodHandleInternal& ctor, Boolean& bNeedSecurityCheck)
   at System.RuntimeType.CreateInstanceSlow(Boolean publicOnly, Boolean skipCheckThis, Boolean fillCache, StackCrawlMark& stackMark)
   at System.RuntimeType.CreateInstanceDefaultCtor(Boolean publicOnly, Boolean skipCheckThis, Boolean fillCache, StackCrawlMark& stackMark)
   at System.Activator.CreateInstance(Type type, Boolean nonPublic)
   at System.Activator.CreateInstance(Type type)
   at System.Threading.LazyHelpers`1.ActivatorFactorySelector()
   at System.Threading.LazyInitializer.EnsureInitializedCore[T](T& target, Boolean& initialized, Object& syncLock, Func`1 valueFactory)
   at System.Threading.LazyInitializer.EnsureInitialized[T](T& target, Boolean& initialized, Object& syncLock)
   at StatisticalSolutions.Filters.InitializeSimpleMembershipAttribute.OnActionExecuting(ActionExecutingContext filterContext) in e:\Ola Projects\3rdPartyProjects\StatisticalSolutions\StatisticalSolutions\Filters\InitializeSimpleMembershipAttribute.cs:line 23
   at System.Web.Mvc.Async.AsyncControllerActionInvoker.InvokeActionMethodFilterAsynchronously(IActionFilter filter, ActionExecutingContext preContext, Func`1 nextInChain)
   at System.Web.Mvc.Async.AsyncControllerActionInvoker.InvokeActionMethodFilterAsynchronously(IActionFilter filter, ActionExecutingContext preContext, Func`1 nextInChain)
   at System.Web.Mvc.Async.AsyncControllerActionInvoker.<>c__DisplayClass37.<BeginInvokeActionMethodWithFilters>b__31(AsyncCallback asyncCallback, Object asyncState)
   at System.Web.Mvc.Async.AsyncResultWrapper.WrappedAsyncResult`1.Begin(AsyncCallback callback, Object state, Int32 timeout)
   at System.Web.Mvc.Async.AsyncResultWrapper.Begin[TResult](AsyncCallback callback, Object state, BeginInvokeDelegate beginDelegate, EndInvokeDelegate`1 endDelegate, Object tag, Int32 timeout)
   at System.Web.Mvc.Async.AsyncResultWrapper.Begin[TResult](AsyncCallback callback, Object state, BeginInvokeDelegate beginDelegate, EndInvokeDelegate`1 endDelegate, Object tag)
   at System.Web.Mvc.Async.AsyncControllerActionInvoker.<>c__DisplayClass25.<BeginInvokeAction>b__1e(AsyncCallback asyncCallback, Object asyncState)
 2015-05-15 21:45:53,576 [39] INFO  StatisticalSolutions.Controllers.Base.BaseController - Application URL - /StatisticalSolutions/Base/StatisticalError 
 2015-05-15 21:45:53,577 [39] INFO  StatisticalSolutions.Controllers.Base.BaseController - Application URL - /StatisticalSolutions/Base/StatisticalError 
 2015-05-15 21:45:53,578 [39] ERROR StatisticalSolutions.Controllers.Base.BaseController - Statistical exception message - Exception has been thrown by the target of an invocation.
 2015-05-15 21:45:53,578 [39] ERROR StatisticalSolutions.Controllers.Base.BaseController - Statistical exception stack trace -    at System.RuntimeTypeHandle.CreateInstance(RuntimeType type, Boolean publicOnly, Boolean noCheck, Boolean& canBeCached, RuntimeMethodHandleInternal& ctor, Boolean& bNeedSecurityCheck)
   at System.RuntimeType.CreateInstanceSlow(Boolean publicOnly, Boolean skipCheckThis, Boolean fillCache, StackCrawlMark& stackMark)
   at System.RuntimeType.CreateInstanceDefaultCtor(Boolean publicOnly, Boolean skipCheckThis, Boolean fillCache, StackCrawlMark& stackMark)
   at System.Activator.CreateInstance(Type type, Boolean nonPublic)
   at System.Activator.CreateInstance(Type type)
   at System.Threading.LazyHelpers`1.ActivatorFactorySelector()
   at System.Threading.LazyInitializer.EnsureInitializedCore[T](T& target, Boolean& initialized, Object& syncLock, Func`1 valueFactory)
   at System.Threading.LazyInitializer.EnsureInitialized[T](T& target, Boolean& initialized, Object& syncLock)
   at StatisticalSolutions.Filters.InitializeSimpleMembershipAttribute.OnActionExecuting(ActionExecutingContext filterContext) in e:\Ola Projects\3rdPartyProjects\StatisticalSolutions\StatisticalSolutions\Filters\InitializeSimpleMembershipAttribute.cs:line 23
   at System.Web.Mvc.Async.AsyncControllerActionInvoker.InvokeActionMethodFilterAsynchronously(IActionFilter filter, ActionExecutingContext preContext, Func`1 nextInChain)
   at System.Web.Mvc.Async.AsyncControllerActionInvoker.InvokeActionMethodFilterAsynchronously(IActionFilter filter, ActionExecutingContext preContext, Func`1 nextInChain)
   at System.Web.Mvc.Async.AsyncControllerActionInvoker.<>c__DisplayClass37.<BeginInvokeActionMethodWithFilters>b__31(AsyncCallback asyncCallback, Object asyncState)
   at System.Web.Mvc.Async.AsyncResultWrapper.WrappedAsyncResult`1.Begin(AsyncCallback callback, Object state, Int32 timeout)
   at System.Web.Mvc.Async.AsyncResultWrapper.Begin[TResult](AsyncCallback callback, Object state, BeginInvokeDelegate beginDelegate, EndInvokeDelegate`1 endDelegate, Object tag, Int32 timeout)
   at System.Web.Mvc.Async.AsyncResultWrapper.Begin[TResult](AsyncCallback callback, Object state, BeginInvokeDelegate beginDelegate, EndInvokeDelegate`1 endDelegate, Object tag)
   at System.Web.Mvc.Async.AsyncControllerActionInvoker.<>c__DisplayClass25.<BeginInvokeAction>b__1e(AsyncCallback asyncCallback, Object asyncState)
 2015-05-15 21:45:53,592 [35] INFO  StatisticalSolutions.Controllers.Base.BaseController - Application URL - /StatisticalSolutions/Base/StatisticalError 
 2015-05-15 21:45:53,594 [35] INFO  StatisticalSolutions.Controllers.Base.BaseController - Application URL - /StatisticalSolutions/Base/StatisticalError 
 2015-05-15 21:45:53,594 [35] ERROR StatisticalSolutions.Controllers.Base.BaseController - Statistical exception message - Exception has been thrown by the target of an invocation.
 2015-05-15 21:45:53,594 [35] ERROR StatisticalSolutions.Controllers.Base.BaseController - Statistical exception stack trace -    at System.RuntimeTypeHandle.CreateInstance(RuntimeType type, Boolean publicOnly, Boolean noCheck, Boolean& canBeCached, RuntimeMethodHandleInternal& ctor, Boolean& bNeedSecurityCheck)
   at System.RuntimeType.CreateInstanceSlow(Boolean publicOnly, Boolean skipCheckThis, Boolean fillCache, StackCrawlMark& stackMark)
   at System.RuntimeType.CreateInstanceDefaultCtor(Boolean publicOnly, Boolean skipCheckThis, Boolean fillCache, StackCrawlMark& stackMark)
   at System.Activator.CreateInstance(Type type, Boolean nonPublic)
   at System.Activator.CreateInstance(Type type)
   at System.Threading.LazyHelpers`1.ActivatorFactorySelector()
   at System.Threading.LazyInitializer.EnsureInitializedCore[T](T& target, Boolean& initialized, Object& syncLock, Func`1 valueFactory)
   at System.Threading.LazyInitializer.EnsureInitialized[T](T& target, Boolean& initialized, Object& syncLock)
   at StatisticalSolutions.Filters.InitializeSimpleMembershipAttribute.OnActionExecuting(ActionExecutingContext filterContext) in e:\Ola Projects\3rdPartyProjects\StatisticalSolutions\StatisticalSolutions\Filters\InitializeSimpleMembershipAttribute.cs:line 23
   at System.Web.Mvc.Async.AsyncControllerActionInvoker.InvokeActionMethodFilterAsynchronously(IActionFilter filter, ActionExecutingContext preContext, Func`1 nextInChain)
   at System.Web.Mvc.Async.AsyncControllerActionInvoker.InvokeActionMethodFilterAsynchronously(IActionFilter filter, ActionExecutingContext preContext, Func`1 nextInChain)
   at System.Web.Mvc.Async.AsyncControllerActionInvoker.<>c__DisplayClass37.<BeginInvokeActionMethodWithFilters>b__31(AsyncCallback asyncCallback, Object asyncState)
   at System.Web.Mvc.Async.AsyncResultWrapper.WrappedAsyncResult`1.Begin(AsyncCallback callback, Object state, Int32 timeout)
   at System.Web.Mvc.Async.AsyncResultWrapper.Begin[TResult](AsyncCallback callback, Object state, BeginInvokeDelegate beginDelegate, EndInvokeDelegate`1 endDelegate, Object tag, Int32 timeout)
   at System.Web.Mvc.Async.AsyncResultWrapper.Begin[TResult](AsyncCallback callback, Object state, BeginInvokeDelegate beginDelegate, EndInvokeDelegate`1 endDelegate, Object tag)
   at System.Web.Mvc.Async.AsyncControllerActionInvoker.<>c__DisplayClass25.<BeginInvokeAction>b__1e(AsyncCallback asyncCallback, Object asyncState)
 2015-05-15 21:45:53,605 [40] INFO  StatisticalSolutions.Controllers.Base.BaseController - Application URL - /StatisticalSolutions/Base/StatisticalError 
 2015-05-15 21:45:53,606 [40] INFO  StatisticalSolutions.Controllers.Base.BaseController - Application URL - /StatisticalSolutions/Base/StatisticalError 
 2015-05-15 21:45:53,607 [40] ERROR StatisticalSolutions.Controllers.Base.BaseController - Statistical exception message - Exception has been thrown by the target of an invocation.
 2015-05-15 21:45:53,607 [40] ERROR StatisticalSolutions.Controllers.Base.BaseController - Statistical exception stack trace -    at System.RuntimeTypeHandle.CreateInstance(RuntimeType type, Boolean publicOnly, Boolean noCheck, Boolean& canBeCached, RuntimeMethodHandleInternal& ctor, Boolean& bNeedSecurityCheck)
   at System.RuntimeType.CreateInstanceSlow(Boolean publicOnly, Boolean skipCheckThis, Boolean fillCache, StackCrawlMark& stackMark)
   at System.RuntimeType.CreateInstanceDefaultCtor(Boolean publicOnly, Boolean skipCheckThis, Boolean fillCache, StackCrawlMark& stackMark)
   at System.Activator.CreateInstance(Type type, Boolean nonPublic)
   at System.Activator.CreateInstance(Type type)
   at System.Threading.LazyHelpers`1.ActivatorFactorySelector()
   at System.Threading.LazyInitializer.EnsureInitializedCore[T](T& target, Boolean& initialized, Object& syncLock, Func`1 valueFactory)
   at System.Threading.LazyInitializer.EnsureInitialized[T](T& target, Boolean& initialized, Object& syncLock)
   at StatisticalSolutions.Filters.InitializeSimpleMembershipAttribute.OnActionExecuting(ActionExecutingContext filterContext) in e:\Ola Projects\3rdPartyProjects\StatisticalSolutions\StatisticalSolutions\Filters\InitializeSimpleMembershipAttribute.cs:line 23
   at System.Web.Mvc.Async.AsyncControllerActionInvoker.InvokeActionMethodFilterAsynchronously(IActionFilter filter, ActionExecutingContext preContext, Func`1 nextInChain)
   at System.Web.Mvc.Async.AsyncControllerActionInvoker.InvokeActionMethodFilterAsynchronously(IActionFilter filter, ActionExecutingContext preContext, Func`1 nextInChain)
   at System.Web.Mvc.Async.AsyncControllerActionInvoker.<>c__DisplayClass37.<BeginInvokeActionMethodWithFilters>b__31(AsyncCallback asyncCallback, Object asyncState)
   at System.Web.Mvc.Async.AsyncResultWrapper.WrappedAsyncResult`1.Begin(AsyncCallback callback, Object state, Int32 timeout)
   at System.Web.Mvc.Async.AsyncResultWrapper.Begin[TResult](AsyncCallback callback, Object state, BeginInvokeDelegate beginDelegate, EndInvokeDelegate`1 endDelegate, Object tag, Int32 timeout)
   at System.Web.Mvc.Async.AsyncResultWrapper.Begin[TResult](AsyncCallback callback, Object state, BeginInvokeDelegate beginDelegate, EndInvokeDelegate`1 endDelegate, Object tag)
   at System.Web.Mvc.Async.AsyncControllerActionInvoker.<>c__DisplayClass25.<BeginInvokeAction>b__1e(AsyncCallback asyncCallback, Object asyncState)
 2015-05-15 21:45:53,614 [38] INFO  StatisticalSolutions.Controllers.Base.BaseController - Application URL - /StatisticalSolutions/Base/StatisticalError 
 2015-05-15 21:45:53,616 [38] INFO  StatisticalSolutions.Controllers.Base.BaseController - Application URL - /StatisticalSolutions/Base/StatisticalError 
 2015-05-15 21:45:53,616 [38] ERROR StatisticalSolutions.Controllers.Base.BaseController - Statistical exception message - Exception has been thrown by the target of an invocation.
 2015-05-15 21:45:53,616 [38] ERROR StatisticalSolutions.Controllers.Base.BaseController - Statistical exception stack trace -    at System.RuntimeTypeHandle.CreateInstance(RuntimeType type, Boolean publicOnly, Boolean noCheck, Boolean& canBeCached, RuntimeMethodHandleInternal& ctor, Boolean& bNeedSecurityCheck)
   at System.RuntimeType.CreateInstanceSlow(Boolean publicOnly, Boolean skipCheckThis, Boolean fillCache, StackCrawlMark& stackMark)
   at System.RuntimeType.CreateInstanceDefaultCtor(Boolean publicOnly, Boolean skipCheckThis, Boolean fillCache, StackCrawlMark& stackMark)
   at System.Activator.CreateInstance(Type type, Boolean nonPublic)
   at System.Activator.CreateInstance(Type type)
   at System.Threading.LazyHelpers`1.ActivatorFactorySelector()
   at System.Threading.LazyInitializer.EnsureInitializedCore[T](T& target, Boolean& initialized, Object& syncLock, Func`1 valueFactory)
   at System.Threading.LazyInitializer.EnsureInitialized[T](T& target, Boolean& initialized, Object& syncLock)
   at StatisticalSolutions.Filters.InitializeSimpleMembershipAttribute.OnActionExecuting(ActionExecutingContext filterContext) in e:\Ola Projects\3rdPartyProjects\StatisticalSolutions\StatisticalSolutions\Filters\InitializeSimpleMembershipAttribute.cs:line 23
   at System.Web.Mvc.Async.AsyncControllerActionInvoker.InvokeActionMethodFilterAsynchronously(IActionFilter filter, ActionExecutingContext preContext, Func`1 nextInChain)
   at System.Web.Mvc.Async.AsyncControllerActionInvoker.InvokeActionMethodFilterAsynchronously(IActionFilter filter, ActionExecutingContext preContext, Func`1 nextInChain)
   at System.Web.Mvc.Async.AsyncControllerActionInvoker.<>c__DisplayClass37.<BeginInvokeActionMethodWithFilters>b__31(AsyncCallback asyncCallback, Object asyncState)
   at System.Web.Mvc.Async.AsyncResultWrapper.WrappedAsyncResult`1.Begin(AsyncCallback callback, Object state, Int32 timeout)
   at System.Web.Mvc.Async.AsyncResultWrapper.Begin[TResult](AsyncCallback callback, Object state, BeginInvokeDelegate beginDelegate, EndInvokeDelegate`1 endDelegate, Object tag, Int32 timeout)
   at System.Web.Mvc.Async.AsyncResultWrapper.Begin[TResult](AsyncCallback callback, Object state, BeginInvokeDelegate beginDelegate, EndInvokeDelegate`1 endDelegate, Object tag)
   at System.Web.Mvc.Async.AsyncControllerActionInvoker.<>c__DisplayClass25.<BeginInvokeAction>b__1e(AsyncCallback asyncCallback, Object asyncState)
 2015-05-15 21:45:53,624 [39] INFO  StatisticalSolutions.Controllers.Base.BaseController - Application URL - /StatisticalSolutions/Base/StatisticalError 
 2015-05-15 21:45:53,625 [39] INFO  StatisticalSolutions.Controllers.Base.BaseController - Application URL - /StatisticalSolutions/Base/StatisticalError 
 2015-05-15 21:45:53,625 [39] ERROR StatisticalSolutions.Controllers.Base.BaseController - Statistical exception message - Exception has been thrown by the target of an invocation.
 2015-05-15 21:45:53,626 [39] ERROR StatisticalSolutions.Controllers.Base.BaseController - Statistical exception stack trace -    at System.RuntimeTypeHandle.CreateInstance(RuntimeType type, Boolean publicOnly, Boolean noCheck, Boolean& canBeCached, RuntimeMethodHandleInternal& ctor, Boolean& bNeedSecurityCheck)
   at System.RuntimeType.CreateInstanceSlow(Boolean publicOnly, Boolean skipCheckThis, Boolean fillCache, StackCrawlMark& stackMark)
   at System.RuntimeType.CreateInstanceDefaultCtor(Boolean publicOnly, Boolean skipCheckThis, Boolean fillCache, StackCrawlMark& stackMark)
   at System.Activator.CreateInstance(Type type, Boolean nonPublic)
   at System.Activator.CreateInstance(Type type)
   at System.Threading.LazyHelpers`1.ActivatorFactorySelector()
   at System.Threading.LazyInitializer.EnsureInitializedCore[T](T& target, Boolean& initialized, Object& syncLock, Func`1 valueFactory)
   at System.Threading.LazyInitializer.EnsureInitialized[T](T& target, Boolean& initialized, Object& syncLock)
   at StatisticalSolutions.Filters.InitializeSimpleMembershipAttribute.OnActionExecuting(ActionExecutingContext filterContext) in e:\Ola Projects\3rdPartyProjects\StatisticalSolutions\StatisticalSolutions\Filters\InitializeSimpleMembershipAttribute.cs:line 23
   at System.Web.Mvc.Async.AsyncControllerActionInvoker.InvokeActionMethodFilterAsynchronously(IActionFilter filter, ActionExecutingContext preContext, Func`1 nextInChain)
   at System.Web.Mvc.Async.AsyncControllerActionInvoker.InvokeActionMethodFilterAsynchronously(IActionFilter filter, ActionExecutingContext preContext, Func`1 nextInChain)
   at System.Web.Mvc.Async.AsyncControllerActionInvoker.<>c__DisplayClass37.<BeginInvokeActionMethodWithFilters>b__31(AsyncCallback asyncCallback, Object asyncState)
   at System.Web.Mvc.Async.AsyncResultWrapper.WrappedAsyncResult`1.Begin(AsyncCallback callback, Object state, Int32 timeout)
   at System.Web.Mvc.Async.AsyncResultWrapper.Begin[TResult](AsyncCallback callback, Object state, BeginInvokeDelegate beginDelegate, EndInvokeDelegate`1 endDelegate, Object tag, Int32 timeout)
   at System.Web.Mvc.Async.AsyncResultWrapper.Begin[TResult](AsyncCallback callback, Object state, BeginInvokeDelegate beginDelegate, EndInvokeDelegate`1 endDelegate, Object tag)
   at System.Web.Mvc.Async.AsyncControllerActionInvoker.<>c__DisplayClass25.<BeginInvokeAction>b__1e(AsyncCallback asyncCallback, Object asyncState)
 2015-05-15 21:45:53,633 [25] INFO  StatisticalSolutions.Controllers.Base.BaseController - Application URL - /StatisticalSolutions/Base/StatisticalError 
 2015-05-15 21:45:53,634 [25] INFO  StatisticalSolutions.Controllers.Base.BaseController - Application URL - /StatisticalSolutions/Base/StatisticalError 
 2015-05-15 21:45:53,634 [25] ERROR StatisticalSolutions.Controllers.Base.BaseController - Statistical exception message - Exception has been thrown by the target of an invocation.
 2015-05-15 21:45:53,635 [25] ERROR StatisticalSolutions.Controllers.Base.BaseController - Statistical exception stack trace -    at System.RuntimeTypeHandle.CreateInstance(RuntimeType type, Boolean publicOnly, Boolean noCheck, Boolean& canBeCached, RuntimeMethodHandleInternal& ctor, Boolean& bNeedSecurityCheck)
   at System.RuntimeType.CreateInstanceSlow(Boolean publicOnly, Boolean skipCheckThis, Boolean fillCache, StackCrawlMark& stackMark)
   at System.RuntimeType.CreateInstanceDefaultCtor(Boolean publicOnly, Boolean skipCheckThis, Boolean fillCache, StackCrawlMark& stackMark)
   at System.Activator.CreateInstance(Type type, Boolean nonPublic)
   at System.Activator.CreateInstance(Type type)
   at System.Threading.LazyHelpers`1.ActivatorFactorySelector()
   at System.Threading.LazyInitializer.EnsureInitializedCore[T](T& target, Boolean& initialized, Object& syncLock, Func`1 valueFactory)
   at System.Threading.LazyInitializer.EnsureInitialized[T](T& target, Boolean& initialized, Object& syncLock)
   at StatisticalSolutions.Filters.InitializeSimpleMembershipAttribute.OnActionExecuting(ActionExecutingContext filterContext) in e:\Ola Projects\3rdPartyProjects\StatisticalSolutions\StatisticalSolutions\Filters\InitializeSimpleMembershipAttribute.cs:line 23
   at System.Web.Mvc.Async.AsyncControllerActionInvoker.InvokeActionMethodFilterAsynchronously(IActionFilter filter, ActionExecutingContext preContext, Func`1 nextInChain)
   at System.Web.Mvc.Async.AsyncControllerActionInvoker.InvokeActionMethodFilterAsynchronously(IActionFilter filter, ActionExecutingContext preContext, Func`1 nextInChain)
   at System.Web.Mvc.Async.AsyncControllerActionInvoker.<>c__DisplayClass37.<BeginInvokeActionMethodWithFilters>b__31(AsyncCallback asyncCallback, Object asyncState)
   at System.Web.Mvc.Async.AsyncResultWrapper.WrappedAsyncResult`1.Begin(AsyncCallback callback, Object state, Int32 timeout)
   at System.Web.Mvc.Async.AsyncResultWrapper.Begin[TResult](AsyncCallback callback, Object state, BeginInvokeDelegate beginDelegate, EndInvokeDelegate`1 endDelegate, Object tag, Int32 timeout)
   at System.Web.Mvc.Async.AsyncResultWrapper.Begin[TResult](AsyncCallback callback, Object state, BeginInvokeDelegate beginDelegate, EndInvokeDelegate`1 endDelegate, Object tag)
   at System.Web.Mvc.Async.AsyncControllerActionInvoker.<>c__DisplayClass25.<BeginInvokeAction>b__1e(AsyncCallback asyncCallback, Object asyncState)
 2015-05-15 21:45:53,643 [40] INFO  StatisticalSolutions.Controllers.Base.BaseController - Application URL - /StatisticalSolutions/Base/StatisticalError 
 2015-05-15 21:45:53,644 [40] INFO  StatisticalSolutions.Controllers.Base.BaseController - Application URL - /StatisticalSolutions/Base/StatisticalError 
 2015-05-15 21:45:53,645 [40] ERROR StatisticalSolutions.Controllers.Base.BaseController - Statistical exception message - Exception has been thrown by the target of an invocation.
 2015-05-15 21:45:53,645 [40] ERROR StatisticalSolutions.Controllers.Base.BaseController - Statistical exception stack trace -    at System.RuntimeTypeHandle.CreateInstance(RuntimeType type, Boolean publicOnly, Boolean noCheck, Boolean& canBeCached, RuntimeMethodHandleInternal& ctor, Boolean& bNeedSecurityCheck)
   at System.RuntimeType.CreateInstanceSlow(Boolean publicOnly, Boolean skipCheckThis, Boolean fillCache, StackCrawlMark& stackMark)
   at System.RuntimeType.CreateInstanceDefaultCtor(Boolean publicOnly, Boolean skipCheckThis, Boolean fillCache, StackCrawlMark& stackMark)
   at System.Activator.CreateInstance(Type type, Boolean nonPublic)
   at System.Activator.CreateInstance(Type type)
   at System.Threading.LazyHelpers`1.ActivatorFactorySelector()
   at System.Threading.LazyInitializer.EnsureInitializedCore[T](T& target, Boolean& initialized, Object& syncLock, Func`1 valueFactory)
   at System.Threading.LazyInitializer.EnsureInitialized[T](T& target, Boolean& initialized, Object& syncLock)
   at StatisticalSolutions.Filters.InitializeSimpleMembershipAttribute.OnActionExecuting(ActionExecutingContext filterContext) in e:\Ola Projects\3rdPartyProjects\StatisticalSolutions\StatisticalSolutions\Filters\InitializeSimpleMembershipAttribute.cs:line 23
   at System.Web.Mvc.Async.AsyncControllerActionInvoker.InvokeActionMethodFilterAsynchronously(IActionFilter filter, ActionExecutingContext preContext, Func`1 nextInChain)
   at System.Web.Mvc.Async.AsyncControllerActionInvoker.InvokeActionMethodFilterAsynchronously(IActionFilter filter, ActionExecutingContext preContext, Func`1 nextInChain)
   at System.Web.Mvc.Async.AsyncControllerActionInvoker.<>c__DisplayClass37.<BeginInvokeActionMethodWithFilters>b__31(AsyncCallback asyncCallback, Object asyncState)
   at System.Web.Mvc.Async.AsyncResultWrapper.WrappedAsyncResult`1.Begin(AsyncCallback callback, Object state, Int32 timeout)
   at System.Web.Mvc.Async.AsyncResultWrapper.Begin[TResult](AsyncCallback callback, Object state, BeginInvokeDelegate beginDelegate, EndInvokeDelegate`1 endDelegate, Object tag, Int32 timeout)
   at System.Web.Mvc.Async.AsyncResultWrapper.Begin[TResult](AsyncCallback callback, Object state, BeginInvokeDelegate beginDelegate, EndInvokeDelegate`1 endDelegate, Object tag)
   at System.Web.Mvc.Async.AsyncControllerActionInvoker.<>c__DisplayClass25.<BeginInvokeAction>b__1e(AsyncCallback asyncCallback, Object asyncState)
 2015-05-15 21:45:53,652 [36] INFO  StatisticalSolutions.Controllers.Base.BaseController - Application URL - /StatisticalSolutions/Base/StatisticalError 
 2015-05-15 21:45:53,654 [36] INFO  StatisticalSolutions.Controllers.Base.BaseController - Application URL - /StatisticalSolutions/Base/StatisticalError 
 2015-05-15 21:45:53,654 [36] ERROR StatisticalSolutions.Controllers.Base.BaseController - Statistical exception message - Exception has been thrown by the target of an invocation.
 2015-05-15 21:45:53,654 [36] ERROR StatisticalSolutions.Controllers.Base.BaseController - Statistical exception stack trace -    at System.RuntimeTypeHandle.CreateInstance(RuntimeType type, Boolean publicOnly, Boolean noCheck, Boolean& canBeCached, RuntimeMethodHandleInternal& ctor, Boolean& bNeedSecurityCheck)
   at System.RuntimeType.CreateInstanceSlow(Boolean publicOnly, Boolean skipCheckThis, Boolean fillCache, StackCrawlMark& stackMark)
   at System.RuntimeType.CreateInstanceDefaultCtor(Boolean publicOnly, Boolean skipCheckThis, Boolean fillCache, StackCrawlMark& stackMark)
   at System.Activator.CreateInstance(Type type, Boolean nonPublic)
   at System.Activator.CreateInstance(Type type)
   at System.Threading.LazyHelpers`1.ActivatorFactorySelector()
   at System.Threading.LazyInitializer.EnsureInitializedCore[T](T& target, Boolean& initialized, Object& syncLock, Func`1 valueFactory)
   at System.Threading.LazyInitializer.EnsureInitialized[T](T& target, Boolean& initialized, Object& syncLock)
   at StatisticalSolutions.Filters.InitializeSimpleMembershipAttribute.OnActionExecuting(ActionExecutingContext filterContext) in e:\Ola Projects\3rdPartyProjects\StatisticalSolutions\StatisticalSolutions\Filters\InitializeSimpleMembershipAttribute.cs:line 23
   at System.Web.Mvc.Async.AsyncControllerActionInvoker.InvokeActionMethodFilterAsynchronously(IActionFilter filter, ActionExecutingContext preContext, Func`1 nextInChain)
   at System.Web.Mvc.Async.AsyncControllerActionInvoker.InvokeActionMethodFilterAsynchronously(IActionFilter filter, ActionExecutingContext preContext, Func`1 nextInChain)
   at System.Web.Mvc.Async.AsyncControllerActionInvoker.<>c__DisplayClass37.<BeginInvokeActionMethodWithFilters>b__31(AsyncCallback asyncCallback, Object asyncState)
   at System.Web.Mvc.Async.AsyncResultWrapper.WrappedAsyncResult`1.Begin(AsyncCallback callback, Object state, Int32 timeout)
   at System.Web.Mvc.Async.AsyncResultWrapper.Begin[TResult](AsyncCallback callback, Object state, BeginInvokeDelegate beginDelegate, EndInvokeDelegate`1 endDelegate, Object tag, Int32 timeout)
   at System.Web.Mvc.Async.AsyncResultWrapper.Begin[TResult](AsyncCallback callback, Object state, BeginInvokeDelegate beginDelegate, EndInvokeDelegate`1 endDelegate, Object tag)
   at System.Web.Mvc.Async.AsyncControllerActionInvoker.<>c__DisplayClass25.<BeginInvokeAction>b__1e(AsyncCallback asyncCallback, Object asyncState)
 2015-05-15 21:45:53,663 [38] INFO  StatisticalSolutions.Controllers.Base.BaseController - Application URL - /StatisticalSolutions/Base/StatisticalError 
 2015-05-15 21:45:53,665 [38] INFO  StatisticalSolutions.Controllers.Base.BaseController - Application URL - /StatisticalSolutions/Base/StatisticalError 
 2015-05-15 21:45:53,666 [38] ERROR StatisticalSolutions.Controllers.Base.BaseController - Statistical exception message - Exception has been thrown by the target of an invocation.
 2015-05-15 21:45:53,666 [38] ERROR StatisticalSolutions.Controllers.Base.BaseController - Statistical exception stack trace -    at System.RuntimeTypeHandle.CreateInstance(RuntimeType type, Boolean publicOnly, Boolean noCheck, Boolean& canBeCached, RuntimeMethodHandleInternal& ctor, Boolean& bNeedSecurityCheck)
   at System.RuntimeType.CreateInstanceSlow(Boolean publicOnly, Boolean skipCheckThis, Boolean fillCache, StackCrawlMark& stackMark)
   at System.RuntimeType.CreateInstanceDefaultCtor(Boolean publicOnly, Boolean skipCheckThis, Boolean fillCache, StackCrawlMark& stackMark)
   at System.Activator.CreateInstance(Type type, Boolean nonPublic)
   at System.Activator.CreateInstance(Type type)
   at System.Threading.LazyHelpers`1.ActivatorFactorySelector()
   at System.Threading.LazyInitializer.EnsureInitializedCore[T](T& target, Boolean& initialized, Object& syncLock, Func`1 valueFactory)
   at System.Threading.LazyInitializer.EnsureInitialized[T](T& target, Boolean& initialized, Object& syncLock)
   at StatisticalSolutions.Filters.InitializeSimpleMembershipAttribute.OnActionExecuting(ActionExecutingContext filterContext) in e:\Ola Projects\3rdPartyProjects\StatisticalSolutions\StatisticalSolutions\Filters\InitializeSimpleMembershipAttribute.cs:line 23
   at System.Web.Mvc.Async.AsyncControllerActionInvoker.InvokeActionMethodFilterAsynchronously(IActionFilter filter, ActionExecutingContext preContext, Func`1 nextInChain)
   at System.Web.Mvc.Async.AsyncControllerActionInvoker.InvokeActionMethodFilterAsynchronously(IActionFilter filter, ActionExecutingContext preContext, Func`1 nextInChain)
   at System.Web.Mvc.Async.AsyncControllerActionInvoker.<>c__DisplayClass37.<BeginInvokeActionMethodWithFilters>b__31(AsyncCallback asyncCallback, Object asyncState)
   at System.Web.Mvc.Async.AsyncResultWrapper.WrappedAsyncResult`1.Begin(AsyncCallback callback, Object state, Int32 timeout)
   at System.Web.Mvc.Async.AsyncResultWrapper.Begin[TResult](AsyncCallback callback, Object state, BeginInvokeDelegate beginDelegate, EndInvokeDelegate`1 endDelegate, Object tag, Int32 timeout)
   at System.Web.Mvc.Async.AsyncResultWrapper.Begin[TResult](AsyncCallback callback, Object state, BeginInvokeDelegate beginDelegate, EndInvokeDelegate`1 endDelegate, Object tag)
   at System.Web.Mvc.Async.AsyncControllerActionInvoker.<>c__DisplayClass25.<BeginInvokeAction>b__1e(AsyncCallback asyncCallback, Object asyncState)
 2015-05-15 21:45:53,672 [39] INFO  StatisticalSolutions.Controllers.Base.BaseController - Application URL - /StatisticalSolutions/Base/StatisticalError 
 2015-05-15 21:45:53,673 [39] INFO  StatisticalSolutions.Controllers.Base.BaseController - Application URL - /StatisticalSolutions/Base/StatisticalError 
 2015-05-15 21:45:53,673 [39] ERROR StatisticalSolutions.Controllers.Base.BaseController - Statistical exception message - Exception has been thrown by the target of an invocation.
 2015-05-15 21:45:53,674 [39] ERROR StatisticalSolutions.Controllers.Base.BaseController - Statistical exception stack trace -    at System.RuntimeTypeHandle.CreateInstance(RuntimeType type, Boolean publicOnly, Boolean noCheck, Boolean& canBeCached, RuntimeMethodHandleInternal& ctor, Boolean& bNeedSecurityCheck)
   at System.RuntimeType.CreateInstanceSlow(Boolean publicOnly, Boolean skipCheckThis, Boolean fillCache, StackCrawlMark& stackMark)
   at System.RuntimeType.CreateInstanceDefaultCtor(Boolean publicOnly, Boolean skipCheckThis, Boolean fillCache, StackCrawlMark& stackMark)
   at System.Activator.CreateInstance(Type type, Boolean nonPublic)
   at System.Activator.CreateInstance(Type type)
   at System.Threading.LazyHelpers`1.ActivatorFactorySelector()
   at System.Threading.LazyInitializer.EnsureInitializedCore[T](T& target, Boolean& initialized, Object& syncLock, Func`1 valueFactory)
   at System.Threading.LazyInitializer.EnsureInitialized[T](T& target, Boolean& initialized, Object& syncLock)
   at StatisticalSolutions.Filters.InitializeSimpleMembershipAttribute.OnActionExecuting(ActionExecutingContext filterContext) in e:\Ola Projects\3rdPartyProjects\StatisticalSolutions\StatisticalSolutions\Filters\InitializeSimpleMembershipAttribute.cs:line 23
   at System.Web.Mvc.Async.AsyncControllerActionInvoker.InvokeActionMethodFilterAsynchronously(IActionFilter filter, ActionExecutingContext preContext, Func`1 nextInChain)
   at System.Web.Mvc.Async.AsyncControllerActionInvoker.InvokeActionMethodFilterAsynchronously(IActionFilter filter, ActionExecutingContext preContext, Func`1 nextInChain)
   at System.Web.Mvc.Async.AsyncControllerActionInvoker.<>c__DisplayClass37.<BeginInvokeActionMethodWithFilters>b__31(AsyncCallback asyncCallback, Object asyncState)
   at System.Web.Mvc.Async.AsyncResultWrapper.WrappedAsyncResult`1.Begin(AsyncCallback callback, Object state, Int32 timeout)
   at System.Web.Mvc.Async.AsyncResultWrapper.Begin[TResult](AsyncCallback callback, Object state, BeginInvokeDelegate beginDelegate, EndInvokeDelegate`1 endDelegate, Object tag, Int32 timeout)
   at System.Web.Mvc.Async.AsyncResultWrapper.Begin[TResult](AsyncCallback callback, Object state, BeginInvokeDelegate beginDelegate, EndInvokeDelegate`1 endDelegate, Object tag)
   at System.Web.Mvc.Async.AsyncControllerActionInvoker.<>c__DisplayClass25.<BeginInvokeAction>b__1e(AsyncCallback asyncCallback, Object asyncState)
 2015-05-15 21:45:53,685 [25] INFO  StatisticalSolutions.Controllers.Base.BaseController - Application URL - /StatisticalSolutions/Base/StatisticalError 
 2015-05-15 21:45:53,686 [25] INFO  StatisticalSolutions.Controllers.Base.BaseController - Application URL - /StatisticalSolutions/Base/StatisticalError 
 2015-05-15 21:45:53,686 [25] ERROR StatisticalSolutions.Controllers.Base.BaseController - Statistical exception message - Exception has been thrown by the target of an invocation.
 2015-05-15 21:45:53,686 [25] ERROR StatisticalSolutions.Controllers.Base.BaseController - Statistical exception stack trace -    at System.RuntimeTypeHandle.CreateInstance(RuntimeType type, Boolean publicOnly, Boolean noCheck, Boolean& canBeCached, RuntimeMethodHandleInternal& ctor, Boolean& bNeedSecurityCheck)
   at System.RuntimeType.CreateInstanceSlow(Boolean publicOnly, Boolean skipCheckThis, Boolean fillCache, StackCrawlMark& stackMark)
   at System.RuntimeType.CreateInstanceDefaultCtor(Boolean publicOnly, Boolean skipCheckThis, Boolean fillCache, StackCrawlMark& stackMark)
   at System.Activator.CreateInstance(Type type, Boolean nonPublic)
   at System.Activator.CreateInstance(Type type)
   at System.Threading.LazyHelpers`1.ActivatorFactorySelector()
   at System.Threading.LazyInitializer.EnsureInitializedCore[T](T& target, Boolean& initialized, Object& syncLock, Func`1 valueFactory)
   at System.Threading.LazyInitializer.EnsureInitialized[T](T& target, Boolean& initialized, Object& syncLock)
   at StatisticalSolutions.Filters.InitializeSimpleMembershipAttribute.OnActionExecuting(ActionExecutingContext filterContext) in e:\Ola Projects\3rdPartyProjects\StatisticalSolutions\StatisticalSolutions\Filters\InitializeSimpleMembershipAttribute.cs:line 23
   at System.Web.Mvc.Async.AsyncControllerActionInvoker.InvokeActionMethodFilterAsynchronously(IActionFilter filter, ActionExecutingContext preContext, Func`1 nextInChain)
   at System.Web.Mvc.Async.AsyncControllerActionInvoker.InvokeActionMethodFilterAsynchronously(IActionFilter filter, ActionExecutingContext preContext, Func`1 nextInChain)
   at System.Web.Mvc.Async.AsyncControllerActionInvoker.<>c__DisplayClass37.<BeginInvokeActionMethodWithFilters>b__31(AsyncCallback asyncCallback, Object asyncState)
   at System.Web.Mvc.Async.AsyncResultWrapper.WrappedAsyncResult`1.Begin(AsyncCallback callback, Object state, Int32 timeout)
   at System.Web.Mvc.Async.AsyncResultWrapper.Begin[TResult](AsyncCallback callback, Object state, BeginInvokeDelegate beginDelegate, EndInvokeDelegate`1 endDelegate, Object tag, Int32 timeout)
   at System.Web.Mvc.Async.AsyncResultWrapper.Begin[TResult](AsyncCallback callback, Object state, BeginInvokeDelegate beginDelegate, EndInvokeDelegate`1 endDelegate, Object tag)
   at System.Web.Mvc.Async.AsyncControllerActionInvoker.<>c__DisplayClass25.<BeginInvokeAction>b__1e(AsyncCallback asyncCallback, Object asyncState)
 2015-05-15 21:45:53,694 [36] INFO  StatisticalSolutions.Controllers.Base.BaseController - Application URL - /StatisticalSolutions/Base/StatisticalError 
 2015-05-15 21:45:53,695 [36] INFO  StatisticalSolutions.Controllers.Base.BaseController - Application URL - /StatisticalSolutions/Base/StatisticalError 
 2015-05-15 21:45:53,695 [36] ERROR StatisticalSolutions.Controllers.Base.BaseController - Statistical exception message - Exception has been thrown by the target of an invocation.
 2015-05-15 21:45:53,695 [36] ERROR StatisticalSolutions.Controllers.Base.BaseController - Statistical exception stack trace -    at System.RuntimeTypeHandle.CreateInstance(RuntimeType type, Boolean publicOnly, Boolean noCheck, Boolean& canBeCached, RuntimeMethodHandleInternal& ctor, Boolean& bNeedSecurityCheck)
   at System.RuntimeType.CreateInstanceSlow(Boolean publicOnly, Boolean skipCheckThis, Boolean fillCache, StackCrawlMark& stackMark)
   at System.RuntimeType.CreateInstanceDefaultCtor(Boolean publicOnly, Boolean skipCheckThis, Boolean fillCache, StackCrawlMark& stackMark)
   at System.Activator.CreateInstance(Type type, Boolean nonPublic)
   at System.Activator.CreateInstance(Type type)
   at System.Threading.LazyHelpers`1.ActivatorFactorySelector()
   at System.Threading.LazyInitializer.EnsureInitializedCore[T](T& target, Boolean& initialized, Object& syncLock, Func`1 valueFactory)
   at System.Threading.LazyInitializer.EnsureInitialized[T](T& target, Boolean& initialized, Object& syncLock)
   at StatisticalSolutions.Filters.InitializeSimpleMembershipAttribute.OnActionExecuting(ActionExecutingContext filterContext) in e:\Ola Projects\3rdPartyProjects\StatisticalSolutions\StatisticalSolutions\Filters\InitializeSimpleMembershipAttribute.cs:line 23
   at System.Web.Mvc.Async.AsyncControllerActionInvoker.InvokeActionMethodFilterAsynchronously(IActionFilter filter, ActionExecutingContext preContext, Func`1 nextInChain)
   at System.Web.Mvc.Async.AsyncControllerActionInvoker.InvokeActionMethodFilterAsynchronously(IActionFilter filter, ActionExecutingContext preContext, Func`1 nextInChain)
   at System.Web.Mvc.Async.AsyncControllerActionInvoker.<>c__DisplayClass37.<BeginInvokeActionMethodWithFilters>b__31(AsyncCallback asyncCallback, Object asyncState)
   at System.Web.Mvc.Async.AsyncResultWrapper.WrappedAsyncResult`1.Begin(AsyncCallback callback, Object state, Int32 timeout)
   at System.Web.Mvc.Async.AsyncResultWrapper.Begin[TResult](AsyncCallback callback, Object state, BeginInvokeDelegate beginDelegate, EndInvokeDelegate`1 endDelegate, Object tag, Int32 timeout)
   at System.Web.Mvc.Async.AsyncResultWrapper.Begin[TResult](AsyncCallback callback, Object state, BeginInvokeDelegate beginDelegate, EndInvokeDelegate`1 endDelegate, Object tag)
   at System.Web.Mvc.Async.AsyncControllerActionInvoker.<>c__DisplayClass25.<BeginInvokeAction>b__1e(AsyncCallback asyncCallback, Object asyncState)
 2015-05-15 21:45:53,703 [38] INFO  StatisticalSolutions.Controllers.Base.BaseController - Application URL - /StatisticalSolutions/Base/StatisticalError 
 2015-05-15 21:45:53,704 [38] INFO  StatisticalSolutions.Controllers.Base.BaseController - Application URL - /StatisticalSolutions/Base/StatisticalError 
 2015-05-15 21:45:53,705 [38] ERROR StatisticalSolutions.Controllers.Base.BaseController - Statistical exception message - Exception has been thrown by the target of an invocation.
 2015-05-15 21:45:53,705 [38] ERROR StatisticalSolutions.Controllers.Base.BaseController - Statistical exception stack trace -    at System.RuntimeTypeHandle.CreateInstance(RuntimeType type, Boolean publicOnly, Boolean noCheck, Boolean& canBeCached, RuntimeMethodHandleInternal& ctor, Boolean& bNeedSecurityCheck)
   at System.RuntimeType.CreateInstanceSlow(Boolean publicOnly, Boolean skipCheckThis, Boolean fillCache, StackCrawlMark& stackMark)
   at System.RuntimeType.CreateInstanceDefaultCtor(Boolean publicOnly, Boolean skipCheckThis, Boolean fillCache, StackCrawlMark& stackMark)
   at System.Activator.CreateInstance(Type type, Boolean nonPublic)
   at System.Activator.CreateInstance(Type type)
   at System.Threading.LazyHelpers`1.ActivatorFactorySelector()
   at System.Threading.LazyInitializer.EnsureInitializedCore[T](T& target, Boolean& initialized, Object& syncLock, Func`1 valueFactory)
   at System.Threading.LazyInitializer.EnsureInitialized[T](T& target, Boolean& initialized, Object& syncLock)
   at StatisticalSolutions.Filters.InitializeSimpleMembershipAttribute.OnActionExecuting(ActionExecutingContext filterContext) in e:\Ola Projects\3rdPartyProjects\StatisticalSolutions\StatisticalSolutions\Filters\InitializeSimpleMembershipAttribute.cs:line 23
   at System.Web.Mvc.Async.AsyncControllerActionInvoker.InvokeActionMethodFilterAsynchronously(IActionFilter filter, ActionExecutingContext preContext, Func`1 nextInChain)
   at System.Web.Mvc.Async.AsyncControllerActionInvoker.InvokeActionMethodFilterAsynchronously(IActionFilter filter, ActionExecutingContext preContext, Func`1 nextInChain)
   at System.Web.Mvc.Async.AsyncControllerActionInvoker.<>c__DisplayClass37.<BeginInvokeActionMethodWithFilters>b__31(AsyncCallback asyncCallback, Object asyncState)
   at System.Web.Mvc.Async.AsyncResultWrapper.WrappedAsyncResult`1.Begin(AsyncCallback callback, Object state, Int32 timeout)
   at System.Web.Mvc.Async.AsyncResultWrapper.Begin[TResult](AsyncCallback callback, Object state, BeginInvokeDelegate beginDelegate, EndInvokeDelegate`1 endDelegate, Object tag, Int32 timeout)
   at System.Web.Mvc.Async.AsyncResultWrapper.Begin[TResult](AsyncCallback callback, Object state, BeginInvokeDelegate beginDelegate, EndInvokeDelegate`1 endDelegate, Object tag)
   at System.Web.Mvc.Async.AsyncControllerActionInvoker.<>c__DisplayClass25.<BeginInvokeAction>b__1e(AsyncCallback asyncCallback, Object asyncState)
 2015-05-15 21:45:53,713 [35] INFO  StatisticalSolutions.Controllers.Base.BaseController - Application URL - /StatisticalSolutions/Base/StatisticalError 
 2015-05-15 21:45:53,714 [35] INFO  StatisticalSolutions.Controllers.Base.BaseController - Application URL - /StatisticalSolutions/Base/StatisticalError 
 2015-05-15 21:45:53,715 [35] ERROR StatisticalSolutions.Controllers.Base.BaseController - Statistical exception message - Exception has been thrown by the target of an invocation.
 2015-05-15 21:45:53,716 [35] ERROR StatisticalSolutions.Controllers.Base.BaseController - Statistical exception stack trace -    at System.RuntimeTypeHandle.CreateInstance(RuntimeType type, Boolean publicOnly, Boolean noCheck, Boolean& canBeCached, RuntimeMethodHandleInternal& ctor, Boolean& bNeedSecurityCheck)
   at System.RuntimeType.CreateInstanceSlow(Boolean publicOnly, Boolean skipCheckThis, Boolean fillCache, StackCrawlMark& stackMark)
   at System.RuntimeType.CreateInstanceDefaultCtor(Boolean publicOnly, Boolean skipCheckThis, Boolean fillCache, StackCrawlMark& stackMark)
   at System.Activator.CreateInstance(Type type, Boolean nonPublic)
   at System.Activator.CreateInstance(Type type)
   at System.Threading.LazyHelpers`1.ActivatorFactorySelector()
   at System.Threading.LazyInitializer.EnsureInitializedCore[T](T& target, Boolean& initialized, Object& syncLock, Func`1 valueFactory)
   at System.Threading.LazyInitializer.EnsureInitialized[T](T& target, Boolean& initialized, Object& syncLock)
   at StatisticalSolutions.Filters.InitializeSimpleMembershipAttribute.OnActionExecuting(ActionExecutingContext filterContext) in e:\Ola Projects\3rdPartyProjects\StatisticalSolutions\StatisticalSolutions\Filters\InitializeSimpleMembershipAttribute.cs:line 23
   at System.Web.Mvc.Async.AsyncControllerActionInvoker.InvokeActionMethodFilterAsynchronously(IActionFilter filter, ActionExecutingContext preContext, Func`1 nextInChain)
   at System.Web.Mvc.Async.AsyncControllerActionInvoker.InvokeActionMethodFilterAsynchronously(IActionFilter filter, ActionExecutingContext preContext, Func`1 nextInChain)
   at System.Web.Mvc.Async.AsyncControllerActionInvoker.<>c__DisplayClass37.<BeginInvokeActionMethodWithFilters>b__31(AsyncCallback asyncCallback, Object asyncState)
   at System.Web.Mvc.Async.AsyncResultWrapper.WrappedAsyncResult`1.Begin(AsyncCallback callback, Object state, Int32 timeout)
   at System.Web.Mvc.Async.AsyncResultWrapper.Begin[TResult](AsyncCallback callback, Object state, BeginInvokeDelegate beginDelegate, EndInvokeDelegate`1 endDelegate, Object tag, Int32 timeout)
   at System.Web.Mvc.Async.AsyncResultWrapper.Begin[TResult](AsyncCallback callback, Object state, BeginInvokeDelegate beginDelegate, EndInvokeDelegate`1 endDelegate, Object tag)
   at System.Web.Mvc.Async.AsyncControllerActionInvoker.<>c__DisplayClass25.<BeginInvokeAction>b__1e(AsyncCallback asyncCallback, Object asyncState)
 2015-05-15 21:45:53,723 [25] INFO  StatisticalSolutions.Controllers.Base.BaseController - Application URL - /StatisticalSolutions/Base/StatisticalError 
 2015-05-15 21:45:53,725 [25] INFO  StatisticalSolutions.Controllers.Base.BaseController - Application URL - /StatisticalSolutions/Base/StatisticalError 
 2015-05-15 21:45:53,725 [25] ERROR StatisticalSolutions.Controllers.Base.BaseController - Statistical exception message - Exception has been thrown by the target of an invocation.
 2015-05-15 21:45:53,725 [25] ERROR StatisticalSolutions.Controllers.Base.BaseController - Statistical exception stack trace -    at System.RuntimeTypeHandle.CreateInstance(RuntimeType type, Boolean publicOnly, Boolean noCheck, Boolean& canBeCached, RuntimeMethodHandleInternal& ctor, Boolean& bNeedSecurityCheck)
   at System.RuntimeType.CreateInstanceSlow(Boolean publicOnly, Boolean skipCheckThis, Boolean fillCache, StackCrawlMark& stackMark)
   at System.RuntimeType.CreateInstanceDefaultCtor(Boolean publicOnly, Boolean skipCheckThis, Boolean fillCache, StackCrawlMark& stackMark)
   at System.Activator.CreateInstance(Type type, Boolean nonPublic)
   at System.Activator.CreateInstance(Type type)
   at System.Threading.LazyHelpers`1.ActivatorFactorySelector()
   at System.Threading.LazyInitializer.EnsureInitializedCore[T](T& target, Boolean& initialized, Object& syncLock, Func`1 valueFactory)
   at System.Threading.LazyInitializer.EnsureInitialized[T](T& target, Boolean& initialized, Object& syncLock)
   at StatisticalSolutions.Filters.InitializeSimpleMembershipAttribute.OnActionExecuting(ActionExecutingContext filterContext) in e:\Ola Projects\3rdPartyProjects\StatisticalSolutions\StatisticalSolutions\Filters\InitializeSimpleMembershipAttribute.cs:line 23
   at System.Web.Mvc.Async.AsyncControllerActionInvoker.InvokeActionMethodFilterAsynchronously(IActionFilter filter, ActionExecutingContext preContext, Func`1 nextInChain)
   at System.Web.Mvc.Async.AsyncControllerActionInvoker.InvokeActionMethodFilterAsynchronously(IActionFilter filter, ActionExecutingContext preContext, Func`1 nextInChain)
   at System.Web.Mvc.Async.AsyncControllerActionInvoker.<>c__DisplayClass37.<BeginInvokeActionMethodWithFilters>b__31(AsyncCallback asyncCallback, Object asyncState)
   at System.Web.Mvc.Async.AsyncResultWrapper.WrappedAsyncResult`1.Begin(AsyncCallback callback, Object state, Int32 timeout)
   at System.Web.Mvc.Async.AsyncResultWrapper.Begin[TResult](AsyncCallback callback, Object state, BeginInvokeDelegate beginDelegate, EndInvokeDelegate`1 endDelegate, Object tag, Int32 timeout)
   at System.Web.Mvc.Async.AsyncResultWrapper.Begin[TResult](AsyncCallback callback, Object state, BeginInvokeDelegate beginDelegate, EndInvokeDelegate`1 endDelegate, Object tag)
   at System.Web.Mvc.Async.AsyncControllerActionInvoker.<>c__DisplayClass25.<BeginInvokeAction>b__1e(AsyncCallback asyncCallback, Object asyncState)
 2015-05-15 21:45:53,731 [40] INFO  StatisticalSolutions.Controllers.Base.BaseController - Application URL - /StatisticalSolutions/Base/StatisticalError 
 2015-05-15 21:45:53,733 [40] INFO  StatisticalSolutions.Controllers.Base.BaseController - Application URL - /StatisticalSolutions/Base/StatisticalError 
 2015-05-15 21:45:53,733 [40] ERROR StatisticalSolutions.Controllers.Base.BaseController - Statistical exception message - Exception has been thrown by the target of an invocation.
 2015-05-15 21:45:53,733 [40] ERROR StatisticalSolutions.Controllers.Base.BaseController - Statistical exception stack trace -    at System.RuntimeTypeHandle.CreateInstance(RuntimeType type, Boolean publicOnly, Boolean noCheck, Boolean& canBeCached, RuntimeMethodHandleInternal& ctor, Boolean& bNeedSecurityCheck)
   at System.RuntimeType.CreateInstanceSlow(Boolean publicOnly, Boolean skipCheckThis, Boolean fillCache, StackCrawlMark& stackMark)
   at System.RuntimeType.CreateInstanceDefaultCtor(Boolean publicOnly, Boolean skipCheckThis, Boolean fillCache, StackCrawlMark& stackMark)
   at System.Activator.CreateInstance(Type type, Boolean nonPublic)
   at System.Activator.CreateInstance(Type type)
   at System.Threading.LazyHelpers`1.ActivatorFactorySelector()
   at System.Threading.LazyInitializer.EnsureInitializedCore[T](T& target, Boolean& initialized, Object& syncLock, Func`1 valueFactory)
   at System.Threading.LazyInitializer.EnsureInitialized[T](T& target, Boolean& initialized, Object& syncLock)
   at StatisticalSolutions.Filters.InitializeSimpleMembershipAttribute.OnActionExecuting(ActionExecutingContext filterContext) in e:\Ola Projects\3rdPartyProjects\StatisticalSolutions\StatisticalSolutions\Filters\InitializeSimpleMembershipAttribute.cs:line 23
   at System.Web.Mvc.Async.AsyncControllerActionInvoker.InvokeActionMethodFilterAsynchronously(IActionFilter filter, ActionExecutingContext preContext, Func`1 nextInChain)
   at System.Web.Mvc.Async.AsyncControllerActionInvoker.InvokeActionMethodFilterAsynchronously(IActionFilter filter, ActionExecutingContext preContext, Func`1 nextInChain)
   at System.Web.Mvc.Async.AsyncControllerActionInvoker.<>c__DisplayClass37.<BeginInvokeActionMethodWithFilters>b__31(AsyncCallback asyncCallback, Object asyncState)
   at System.Web.Mvc.Async.AsyncResultWrapper.WrappedAsyncResult`1.Begin(AsyncCallback callback, Object state, Int32 timeout)
   at System.Web.Mvc.Async.AsyncResultWrapper.Begin[TResult](AsyncCallback callback, Object state, BeginInvokeDelegate beginDelegate, EndInvokeDelegate`1 endDelegate, Object tag, Int32 timeout)
   at System.Web.Mvc.Async.AsyncResultWrapper.Begin[TResult](AsyncCallback callback, Object state, BeginInvokeDelegate beginDelegate, EndInvokeDelegate`1 endDelegate, Object tag)
   at System.Web.Mvc.Async.AsyncControllerActionInvoker.<>c__DisplayClass25.<BeginInvokeAction>b__1e(AsyncCallback asyncCallback, Object asyncState)
 