2015-05-18 02:18:34,660 [6] INFO  StatisticalSolutions.Controllers.Base.BaseController - Application URL - /StatisticalSolutions/ 
 2015-05-18 02:19:15,070 [11] INFO  StatisticalSolutions.Controllers.Base.BaseController - Application URL - /StatisticalSolutions/Admin/ConsultantList 
 2015-05-18 02:19:40,234 [11] INFO  StatisticalSolutions.Controllers.Base.BaseController - Application URL - /StatisticalSolutions/Admin/EditConsultant/2 
 2015-05-18 02:20:29,402 [11] INFO  StatisticalSolutions.Controllers.Base.BaseController - Application URL - /StatisticalSolutions/Admin/EditConsultant/2 
 2015-05-18 02:22:00,833 [12] INFO  StatisticalSolutions.Controllers.Base.BaseController - Application URL - /StatisticalSolutions/Admin/ConsultantList 
 2015-05-18 02:37:20,120 [32] INFO  StatisticalSolutions.Controllers.Base.BaseController - Application URL - /StatisticalSolutions/ 
 2015-05-18 02:37:34,511 [40] INFO  StatisticalSolutions.Controllers.Base.BaseController - Application URL - /StatisticalSolutions/ 
 2015-05-18 02:42:49,234 [38] INFO  StatisticalSolutions.Controllers.Base.BaseController - Application URL - /StatisticalSolutions/ 
 2015-05-18 02:42:53,501 [39] INFO  StatisticalSolutions.Controllers.Base.BaseController - Application URL - /StatisticalSolutions/ 
 2015-05-18 02:43:20,204 [38] INFO  StatisticalSolutions.Controllers.Base.BaseController - Application URL - /StatisticalSolutions/Admin/ConsultantList 
 2015-05-18 02:44:50,961 [28] INFO  StatisticalSolutions.Controllers.Base.BaseController - Application URL - /StatisticalSolutions/Admin/EditConsultant/1 
 2015-05-18 02:44:53,595 [28] INFO  StatisticalSolutions.Controllers.Base.BaseController - Application URL - /StatisticalSolutions/Admin/EditConsultant/1 
 2015-05-18 02:44:53,598 [28] ERROR StatisticalSolutions.Controllers.Base.BaseController - Statistical exception message - Encountered end tag "div" with no matching start tag.  Are your start/end tags properly balanced?

 2015-05-18 02:44:53,598 [28] ERROR StatisticalSolutions.Controllers.Base.BaseController - Statistical exception stack trace -    at System.Web.WebPages.Razor.RazorBuildProvider.EnsureGeneratedCode()
   at System.Web.WebPages.Razor.RazorBuildProvider.get_CodeCompilerType()
   at System.Web.Compilation.BuildProvider.GetCompilerTypeFromBuildProvider(BuildProvider buildProvider)
   at System.Web.Compilation.BuildProvidersCompiler.ProcessBuildProviders()
   at System.Web.Compilation.BuildProvidersCompiler.PerformBuild()
   at System.Web.Compilation.BuildManager.CompileWebFile(VirtualPath virtualPath)
   at System.Web.Compilation.BuildManager.GetVPathBuildResultInternal(VirtualPath virtualPath, Boolean noBuild, Boolean allowCrossApp, Boolean allowBuildInPrecompile, Boolean throwIfNotFound, Boolean ensureIsUpToDate)
   at System.Web.Compilation.BuildManager.GetVPathBuildResultWithNoAssert(HttpContext context, VirtualPath virtualPath, Boolean noBuild, Boolean allowCrossApp, Boolean allowBuildInPrecompile, Boolean throwIfNotFound, Boolean ensureIsUpToDate)
   at System.Web.Compilation.BuildManager.GetVirtualPathObjectFactory(VirtualPath virtualPath, HttpContext context, Boolean allowCrossApp, Boolean throwIfNotFound)
   at System.Web.Mvc.BuildManagerWrapper.System.Web.Mvc.IBuildManager.FileExists(String virtualPath)
   at Microsoft.Web.Mvc.ViewEngineFixWorker`1.FileExists(ControllerContext controllerContext, String virtualPath)
   at System.Web.WebPages.DefaultDisplayMode.GetDisplayInfo(HttpContextBase httpContext, String virtualPath, Func`2 virtualPathExists)
   at System.Linq.Enumerable.WhereSelectListIterator`2.MoveNext()
   at System.Linq.Enumerable.FirstOrDefault[TSource](IEnumerable`1 source, Func`2 predicate)
   at System.Web.WebPages.DisplayModeProvider.GetDisplayInfoForVirtualPath(String virtualPath, HttpContextBase httpContext, Func`2 virtualPathExists, IDisplayMode currentDisplayMode)
   at Microsoft.Web.Mvc.ViewEngineFixWorker`1.GetPathFromGeneralName(ControllerContext controllerContext, List`1 locations, String name, String controllerName, String areaName, String cacheKey, String[]& searchedLocations)
   at Microsoft.Web.Mvc.ViewEngineFixWorker`1.GetPath(ControllerContext controllerContext, String[] locations, String[] areaLocations, String locationsPropertyName, String name, String controllerName, String cacheKeyPrefix, Boolean useCache, String[]& searchedLocations)
   at Microsoft.Web.Mvc.ViewEngineFixWorker`1.FindView(ControllerContext controllerContext, String viewName, String masterName, Boolean useCache)
   at System.Web.Mvc.ViewEngineCollection.<>c__DisplayClassc.<FindView>b__b(IViewEngine e)
   at System.Web.Mvc.ViewEngineCollection.Find(Func`2 lookup, Boolean trackSearchedPaths)
   at System.Web.Mvc.ViewResult.FindView(ControllerContext context)
   at System.Web.Mvc.ViewResultBase.ExecuteResult(ControllerContext context)
   at System.Web.Mvc.ControllerActionInvoker.<>c__DisplayClass1a.<InvokeActionResultWithFilters>b__17()
   at System.Web.Mvc.ControllerActionInvoker.InvokeActionResultFilter(IResultFilter filter, ResultExecutingContext preContext, Func`1 continuation)
   at System.Web.Mvc.ControllerActionInvoker.InvokeActionResultFilter(IResultFilter filter, ResultExecutingContext preContext, Func`1 continuation)
   at System.Web.Mvc.ControllerActionInvoker.InvokeActionResultWithFilters(ControllerContext controllerContext, IList`1 filters, ActionResult actionResult)
   at System.Web.Mvc.Async.AsyncControllerActionInvoker.<>c__DisplayClass25.<BeginInvokeAction>b__22(IAsyncResult asyncResult)
 2015-05-18 02:44:53,662 [35] INFO  StatisticalSolutions.Controllers.Base.BaseController - Application URL - /StatisticalSolutions/Base/StatisticalError 
 2015-05-18 02:44:53,663 [35] INFO  StatisticalSolutions.Controllers.Base.BaseController - Application URL - /StatisticalSolutions/Base/StatisticalError 
 2015-05-18 02:45:58,912 [27] INFO  StatisticalSolutions.Controllers.Base.BaseController - Application URL - /StatisticalSolutions/Admin/EditConsultant/2 
 2015-05-18 02:47:36,702 [17] INFO  StatisticalSolutions.Controllers.Base.BaseController - Application URL - /StatisticalSolutions/Admin/EditConsultant/2 
 2015-05-18 02:47:39,381 [13] INFO  StatisticalSolutions.Controllers.Base.BaseController - Application URL - /StatisticalSolutions/Admin/ConsultantList 
 2015-05-18 02:47:45,638 [17] INFO  StatisticalSolutions.Controllers.Base.BaseController - Application URL - /StatisticalSolutions/Admin/EditConsultant/1 
 2015-05-18 02:48:36,061 [13] INFO  StatisticalSolutions.Controllers.Base.BaseController - Application URL - /StatisticalSolutions/Admin/EditConsultant/1 
 2015-05-18 02:48:36,220 [13] ERROR StatisticalSolutions.Controllers.Base.BaseController - Function EditConsultant Error  - Object reference not set to an instance of an object.
 2015-05-18 02:48:36,223 [13] ERROR StatisticalSolutions.Controllers.Base.BaseController - Statistical exception message - Object reference not set to an instance of an object.
 System.NullReferenceException: Object reference not set to an instance of an object.
   at StatisticalSolutions.Controllers.AdminController.EditConsultant(instructor model, HttpPostedFileBase file) in e:\Ola Projects\3rdPartyProjects\StatisticalSolutions\StatisticalSolutions\Controllers\AdminController.cs:line 355
2015-05-18 02:48:38,916 [13] INFO  StatisticalSolutions.Controllers.Base.BaseController - Application URL - /StatisticalSolutions/Admin/EditConsultant/1 
 2015-05-18 02:49:49,707 [24] INFO  StatisticalSolutions.Controllers.Base.BaseController - Application URL - /StatisticalSolutions/Admin/EditConsultant/1 
 2015-05-18 02:49:51,559 [35] INFO  StatisticalSolutions.Controllers.Base.BaseController - Application URL - /StatisticalSolutions/Admin/ConsultantList 
 2015-05-18 02:52:17,605 [22] INFO  StatisticalSolutions.Controllers.Base.BaseController - Application URL - /StatisticalSolutions/Instructor/Consultants 
 2015-05-18 02:52:24,155 [22] INFO  StatisticalSolutions.Controllers.Base.BaseController - Application URL - /StatisticalSolutions/Instructor/Consultants 
 2015-05-18 02:52:24,156 [22] ERROR StatisticalSolutions.Controllers.Base.BaseController - Statistical exception message - e:\Ola Projects\3rdPartyProjects\StatisticalSolutions\StatisticalSolutions\Views\Instructor\Consultants.cshtml(24): error CS0839: Argument missing
 2015-05-18 02:52:24,156 [22] ERROR StatisticalSolutions.Controllers.Base.BaseController - Statistical exception stack trace -    at System.Web.Compilation.AssemblyBuilder.Compile()
   at System.Web.Compilation.BuildProvidersCompiler.PerformBuild()
   at System.Web.Compilation.BuildManager.CompileWebFile(VirtualPath virtualPath)
   at System.Web.Compilation.BuildManager.GetVPathBuildResultInternal(VirtualPath virtualPath, Boolean noBuild, Boolean allowCrossApp, Boolean allowBuildInPrecompile, Boolean throwIfNotFound, Boolean ensureIsUpToDate)
   at System.Web.Compilation.BuildManager.GetVPathBuildResultWithNoAssert(HttpContext context, VirtualPath virtualPath, Boolean noBuild, Boolean allowCrossApp, Boolean allowBuildInPrecompile, Boolean throwIfNotFound, Boolean ensureIsUpToDate)
   at System.Web.Compilation.BuildManager.GetVirtualPathObjectFactory(VirtualPath virtualPath, HttpContext context, Boolean allowCrossApp, Boolean throwIfNotFound)
   at System.Web.Mvc.BuildManagerWrapper.System.Web.Mvc.IBuildManager.FileExists(String virtualPath)
   at Microsoft.Web.Mvc.ViewEngineFixWorker`1.FileExists(ControllerContext controllerContext, String virtualPath)
   at System.Web.WebPages.DefaultDisplayMode.GetDisplayInfo(HttpContextBase httpContext, String virtualPath, Func`2 virtualPathExists)
   at System.Linq.Enumerable.WhereSelectListIterator`2.MoveNext()
   at System.Linq.Enumerable.FirstOrDefault[TSource](IEnumerable`1 source, Func`2 predicate)
   at System.Web.WebPages.DisplayModeProvider.GetDisplayInfoForVirtualPath(String virtualPath, HttpContextBase httpContext, Func`2 virtualPathExists, IDisplayMode currentDisplayMode)
   at Microsoft.Web.Mvc.ViewEngineFixWorker`1.GetPathFromGeneralName(ControllerContext controllerContext, List`1 locations, String name, String controllerName, String areaName, String cacheKey, String[]& searchedLocations)
   at Microsoft.Web.Mvc.ViewEngineFixWorker`1.GetPath(ControllerContext controllerContext, String[] locations, String[] areaLocations, String locationsPropertyName, String name, String controllerName, String cacheKeyPrefix, Boolean useCache, String[]& searchedLocations)
   at Microsoft.Web.Mvc.ViewEngineFixWorker`1.FindView(ControllerContext controllerContext, String viewName, String masterName, Boolean useCache)
   at System.Web.Mvc.ViewEngineCollection.<>c__DisplayClassc.<FindView>b__b(IViewEngine e)
   at System.Web.Mvc.ViewEngineCollection.Find(Func`2 lookup, Boolean trackSearchedPaths)
   at System.Web.Mvc.ViewResult.FindView(ControllerContext context)
   at System.Web.Mvc.ViewResultBase.ExecuteResult(ControllerContext context)
   at System.Web.Mvc.ControllerActionInvoker.<>c__DisplayClass1a.<InvokeActionResultWithFilters>b__17()
   at System.Web.Mvc.ControllerActionInvoker.InvokeActionResultFilter(IResultFilter filter, ResultExecutingContext preContext, Func`1 continuation)
   at System.Web.Mvc.ControllerActionInvoker.InvokeActionResultFilter(IResultFilter filter, ResultExecutingContext preContext, Func`1 continuation)
   at System.Web.Mvc.ControllerActionInvoker.InvokeActionResultWithFilters(ControllerContext controllerContext, IList`1 filters, ActionResult actionResult)
   at System.Web.Mvc.Async.AsyncControllerActionInvoker.<>c__DisplayClass25.<BeginInvokeAction>b__22(IAsyncResult asyncResult)
 2015-05-18 02:52:24,219 [23] INFO  StatisticalSolutions.Controllers.Base.BaseController - Application URL - /StatisticalSolutions/Base/StatisticalError 
 2015-05-18 02:52:24,219 [23] INFO  StatisticalSolutions.Controllers.Base.BaseController - Application URL - /StatisticalSolutions/Base/StatisticalError 
 2015-05-18 02:53:30,289 [35] INFO  StatisticalSolutions.Controllers.Base.BaseController - Application URL - /StatisticalSolutions/ 
 2015-05-18 02:53:32,159 [23] INFO  StatisticalSolutions.Controllers.Base.BaseController - Application URL - /StatisticalSolutions/ 
 2015-05-18 02:53:46,243 [36] INFO  StatisticalSolutions.Controllers.Base.BaseController - Application URL - /StatisticalSolutions/Admin/ConsultantList 
 2015-05-18 02:54:13,105 [36] INFO  StatisticalSolutions.Controllers.Base.BaseController - Application URL - /StatisticalSolutions/Admin/EditConsultant/2 
 2015-05-18 03:01:36,136 [31] INFO  StatisticalSolutions.Controllers.Base.BaseController - Application URL - /StatisticalSolutions/ 
 2015-05-18 03:01:51,950 [10] INFO  StatisticalSolutions.Controllers.Base.BaseController - Application URL - /StatisticalSolutions/ 
 2015-05-18 03:02:04,934 [10] INFO  StatisticalSolutions.Controllers.Base.BaseController - Application URL - /StatisticalSolutions/Admin/ConsultantList 
 2015-05-18 03:02:27,551 [10] INFO  StatisticalSolutions.Controllers.Base.BaseController - Application URL - /StatisticalSolutions/Admin/EditConsultant/1 
 2015-05-18 03:03:46,345 [43] INFO  StatisticalSolutions.Controllers.Base.BaseController - Application URL - /StatisticalSolutions/Admin/EditConsultant/1 
 2015-05-18 03:03:52,200 [43] INFO  StatisticalSolutions.Controllers.Base.BaseController - Application URL - /StatisticalSolutions/Admin/ConsultantList 
 2015-05-18 03:06:29,632 [7] INFO  StatisticalSolutions.Controllers.Base.BaseController - Application URL - /StatisticalSolutions/Admin/ConsultantList 
 2015-05-18 03:08:20,672 [30] INFO  StatisticalSolutions.Controllers.Base.BaseController - Application URL - /StatisticalSolutions/Admin/ConsultantList 
 2015-05-18 03:08:32,111 [7] INFO  StatisticalSolutions.Controllers.Base.BaseController - Application URL - /StatisticalSolutions/ 
 2015-05-18 03:08:32,596 [30] INFO  StatisticalSolutions.Controllers.Base.BaseController - Application URL - /StatisticalSolutions/ 
 2015-05-18 03:09:03,257 [23] INFO  StatisticalSolutions.Controllers.Base.BaseController - Application URL - /StatisticalSolutions/Admin/ConsultantList 
 2015-05-18 03:09:52,908 [7] INFO  StatisticalSolutions.Controllers.Base.BaseController - Application URL - /StatisticalSolutions/Admin/ConsultantList 
 2015-05-18 03:12:23,474 [7] INFO  StatisticalSolutions.Controllers.Base.BaseController - Application URL - /StatisticalSolutions/Admin/ConsultantList 
 2015-05-18 03:13:13,908 [7] INFO  StatisticalSolutions.Controllers.Base.BaseController - Application URL - /StatisticalSolutions/Admin/ConsultantList 
 2015-05-18 03:21:33,509 [48] INFO  StatisticalSolutions.Controllers.Base.BaseController - Application URL - /StatisticalSolutions/ 
 2015-05-18 03:21:58,805 [46] INFO  StatisticalSolutions.Controllers.Base.BaseController - Application URL - /StatisticalSolutions/Admin/ConsultantList 
 2015-05-18 03:22:45,050 [24] INFO  StatisticalSolutions.Controllers.Base.BaseController - Application URL - /StatisticalSolutions/Admin/ConsultantList 
 2015-05-18 03:22:56,887 [6] INFO  StatisticalSolutions.Controllers.Base.BaseController - Application URL - /StatisticalSolutions/ 
 2015-05-18 03:22:58,264 [33] INFO  StatisticalSolutions.Controllers.Base.BaseController - Application URL - /StatisticalSolutions/ 
 2015-05-18 03:26:31,345 [18] INFO  StatisticalSolutions.Controllers.Base.BaseController - Application URL - /StatisticalSolutions/ 
 2015-05-18 03:26:45,326 [21] INFO  StatisticalSolutions.Controllers.Base.BaseController - Application URL - /StatisticalSolutions/Instructor/Consultants 
 2015-05-18 03:27:31,166 [21] INFO  StatisticalSolutions.Controllers.Base.BaseController - Application URL - /StatisticalSolutions/Instructor/Consultants 
 2015-05-18 03:27:31,169 [21] ERROR StatisticalSolutions.Controllers.Base.BaseController - Statistical exception message - e:\Ola Projects\3rdPartyProjects\StatisticalSolutions\StatisticalSolutions\Views\Instructor\Consultants.cshtml(24): error CS0839: Argument missing
 2015-05-18 03:27:31,170 [21] ERROR StatisticalSolutions.Controllers.Base.BaseController - Statistical exception stack trace -    at System.Web.Compilation.AssemblyBuilder.Compile()
   at System.Web.Compilation.BuildProvidersCompiler.PerformBuild()
   at System.Web.Compilation.BuildManager.CompileWebFile(VirtualPath virtualPath)
   at System.Web.Compilation.BuildManager.GetVPathBuildResultInternal(VirtualPath virtualPath, Boolean noBuild, Boolean allowCrossApp, Boolean allowBuildInPrecompile, Boolean throwIfNotFound, Boolean ensureIsUpToDate)
   at System.Web.Compilation.BuildManager.GetVPathBuildResultWithNoAssert(HttpContext context, VirtualPath virtualPath, Boolean noBuild, Boolean allowCrossApp, Boolean allowBuildInPrecompile, Boolean throwIfNotFound, Boolean ensureIsUpToDate)
   at System.Web.Compilation.BuildManager.GetObjectFactory(String virtualPath, Boolean throwIfNotFound)
   at System.Web.Mvc.BuildManagerWrapper.System.Web.Mvc.IBuildManager.FileExists(String virtualPath)
   at Microsoft.Web.Mvc.ViewEngineFixWorker`1.FileExists(ControllerContext controllerContext, String virtualPath)
   at System.Web.WebPages.DefaultDisplayMode.GetDisplayInfo(HttpContextBase httpContext, String virtualPath, Func`2 virtualPathExists)
   at System.Linq.Enumerable.WhereSelectListIterator`2.MoveNext()
   at System.Linq.Enumerable.FirstOrDefault[TSource](IEnumerable`1 source, Func`2 predicate)
   at System.Web.WebPages.DisplayModeProvider.GetDisplayInfoForVirtualPath(String virtualPath, HttpContextBase httpContext, Func`2 virtualPathExists, IDisplayMode currentDisplayMode)
   at Microsoft.Web.Mvc.ViewEngineFixWorker`1.GetPathFromGeneralName(ControllerContext controllerContext, List`1 locations, String name, String controllerName, String areaName, String cacheKey, String[]& searchedLocations)
   at Microsoft.Web.Mvc.ViewEngineFixWorker`1.GetPath(ControllerContext controllerContext, String[] locations, String[] areaLocations, String locationsPropertyName, String name, String controllerName, String cacheKeyPrefix, Boolean useCache, String[]& searchedLocations)
   at Microsoft.Web.Mvc.ViewEngineFixWorker`1.FindView(ControllerContext controllerContext, String viewName, String masterName, Boolean useCache)
   at System.Web.Mvc.ViewEngineCollection.<>c__DisplayClassc.<FindView>b__b(IViewEngine e)
   at System.Web.Mvc.ViewEngineCollection.Find(Func`2 lookup, Boolean trackSearchedPaths)
   at System.Web.Mvc.ViewResult.FindView(ControllerContext context)
   at System.Web.Mvc.ViewResultBase.ExecuteResult(ControllerContext context)
   at System.Web.Mvc.ControllerActionInvoker.<>c__DisplayClass1a.<InvokeActionResultWithFilters>b__17()
   at System.Web.Mvc.ControllerActionInvoker.InvokeActionResultFilter(IResultFilter filter, ResultExecutingContext preContext, Func`1 continuation)
   at System.Web.Mvc.ControllerActionInvoker.InvokeActionResultFilter(IResultFilter filter, ResultExecutingContext preContext, Func`1 continuation)
   at System.Web.Mvc.ControllerActionInvoker.InvokeActionResultWithFilters(ControllerContext controllerContext, IList`1 filters, ActionResult actionResult)
   at System.Web.Mvc.Async.AsyncControllerActionInvoker.<>c__DisplayClass25.<BeginInvokeAction>b__22(IAsyncResult asyncResult)
 2015-05-18 03:27:31,194 [15] INFO  StatisticalSolutions.Controllers.Base.BaseController - Application URL - /StatisticalSolutions/Base/StatisticalError 
 2015-05-18 03:27:31,197 [15] INFO  StatisticalSolutions.Controllers.Base.BaseController - Application URL - /StatisticalSolutions/Base/StatisticalError 
 2015-05-18 03:33:45,090 [21] INFO  StatisticalSolutions.Controllers.Base.BaseController - Application URL - /StatisticalSolutions/ 
 2015-05-18 03:33:58,451 [6] INFO  StatisticalSolutions.Controllers.Base.BaseController - Application URL - /StatisticalSolutions/Instructor/Consultants 
 2015-05-18 03:34:17,973 [6] INFO  StatisticalSolutions.Controllers.Base.BaseController - Application URL - /StatisticalSolutions/Instructor/Consultants 
 2015-05-18 03:34:17,974 [6] ERROR StatisticalSolutions.Controllers.Base.BaseController - Statistical exception message - e:\Ola Projects\3rdPartyProjects\StatisticalSolutions\StatisticalSolutions\Views\Instructor\Consultants.cshtml(24): error CS0839: Argument missing
 2015-05-18 03:34:17,975 [6] ERROR StatisticalSolutions.Controllers.Base.BaseController - Statistical exception stack trace -    at System.Web.Compilation.AssemblyBuilder.Compile()
   at System.Web.Compilation.BuildProvidersCompiler.PerformBuild()
   at System.Web.Compilation.BuildManager.CompileWebFile(VirtualPath virtualPath)
   at System.Web.Compilation.BuildManager.GetVPathBuildResultInternal(VirtualPath virtualPath, Boolean noBuild, Boolean allowCrossApp, Boolean allowBuildInPrecompile, Boolean throwIfNotFound, Boolean ensureIsUpToDate)
   at System.Web.Compilation.BuildManager.GetVPathBuildResultWithNoAssert(HttpContext context, VirtualPath virtualPath, Boolean noBuild, Boolean allowCrossApp, Boolean allowBuildInPrecompile, Boolean throwIfNotFound, Boolean ensureIsUpToDate)
   at System.Web.Compilation.BuildManager.GetObjectFactory(String virtualPath, Boolean throwIfNotFound)
   at System.Web.Mvc.BuildManagerWrapper.System.Web.Mvc.IBuildManager.FileExists(String virtualPath)
   at Microsoft.Web.Mvc.ViewEngineFixWorker`1.FileExists(ControllerContext controllerContext, String virtualPath)
   at System.Web.WebPages.DefaultDisplayMode.GetDisplayInfo(HttpContextBase httpContext, String virtualPath, Func`2 virtualPathExists)
   at System.Linq.Enumerable.WhereSelectListIterator`2.MoveNext()
   at System.Linq.Enumerable.FirstOrDefault[TSource](IEnumerable`1 source, Func`2 predicate)
   at System.Web.WebPages.DisplayModeProvider.GetDisplayInfoForVirtualPath(String virtualPath, HttpContextBase httpContext, Func`2 virtualPathExists, IDisplayMode currentDisplayMode)
   at Microsoft.Web.Mvc.ViewEngineFixWorker`1.GetPathFromGeneralName(ControllerContext controllerContext, List`1 locations, String name, String controllerName, String areaName, String cacheKey, String[]& searchedLocations)
   at Microsoft.Web.Mvc.ViewEngineFixWorker`1.GetPath(ControllerContext controllerContext, String[] locations, String[] areaLocations, String locationsPropertyName, String name, String controllerName, String cacheKeyPrefix, Boolean useCache, String[]& searchedLocations)
   at Microsoft.Web.Mvc.ViewEngineFixWorker`1.FindView(ControllerContext controllerContext, String viewName, String masterName, Boolean useCache)
   at System.Web.Mvc.ViewEngineCollection.<>c__DisplayClassc.<FindView>b__b(IViewEngine e)
   at System.Web.Mvc.ViewEngineCollection.Find(Func`2 lookup, Boolean trackSearchedPaths)
   at System.Web.Mvc.ViewResult.FindView(ControllerContext context)
   at System.Web.Mvc.ViewResultBase.ExecuteResult(ControllerContext context)
   at System.Web.Mvc.ControllerActionInvoker.<>c__DisplayClass1a.<InvokeActionResultWithFilters>b__17()
   at System.Web.Mvc.ControllerActionInvoker.InvokeActionResultFilter(IResultFilter filter, ResultExecutingContext preContext, Func`1 continuation)
   at System.Web.Mvc.ControllerActionInvoker.InvokeActionResultFilter(IResultFilter filter, ResultExecutingContext preContext, Func`1 continuation)
   at System.Web.Mvc.ControllerActionInvoker.InvokeActionResultWithFilters(ControllerContext controllerContext, IList`1 filters, ActionResult actionResult)
   at System.Web.Mvc.Async.AsyncControllerActionInvoker.<>c__DisplayClass25.<BeginInvokeAction>b__22(IAsyncResult asyncResult)
 2015-05-18 03:34:18,114 [9] INFO  StatisticalSolutions.Controllers.Base.BaseController - Application URL - /StatisticalSolutions/Base/StatisticalError 
 2015-05-18 03:34:18,116 [9] INFO  StatisticalSolutions.Controllers.Base.BaseController - Application URL - /StatisticalSolutions/Base/StatisticalError 
 2015-05-18 03:35:31,099 [6] INFO  StatisticalSolutions.Controllers.Base.BaseController - Application URL - /StatisticalSolutions/ 
 2015-05-18 03:35:35,318 [7] INFO  StatisticalSolutions.Controllers.Base.BaseController - Application URL - /StatisticalSolutions/Instructor/Consultants 
 2015-05-18 03:35:37,068 [8] INFO  StatisticalSolutions.Controllers.Base.BaseController - Application URL - /StatisticalSolutions 
 2015-05-18 03:35:45,042 [9] INFO  StatisticalSolutions.Controllers.Base.BaseController - Application URL - /StatisticalSolutions/Workshop/Workshop 
 2015-05-18 03:35:45,042 [9] INFO  StatisticalSolutions.Controllers.Base.BaseController - Application URL - /StatisticalSolutions/Workshop/Workshop 
 2015-05-18 03:35:45,043 [9] ERROR StatisticalSolutions.Controllers.Base.BaseController - Statistical exception message - The parameters dictionary contains a null entry for parameter 'seminar_id' of non-nullable type 'System.Int32' for method 'System.Web.Mvc.ActionResult Workshop(Int32)' in 'StatisticalSolutions.Controllers.WorkshopController'. An optional parameter must be a reference type, a nullable type, or be declared as an optional parameter.
Parameter name: parameters
 2015-05-18 03:35:45,043 [9] ERROR StatisticalSolutions.Controllers.Base.BaseController - Statistical exception stack trace -    at System.Web.Mvc.ActionDescriptor.ExtractParameterFromDictionary(ParameterInfo parameterInfo, IDictionary`2 parameters, MethodInfo methodInfo)
   at System.Linq.Enumerable.WhereSelectArrayIterator`2.MoveNext()
   at System.Linq.Buffer`1..ctor(IEnumerable`1 source)
   at System.Linq.Enumerable.ToArray[TSource](IEnumerable`1 source)
   at System.Web.Mvc.ReflectedActionDescriptor.Execute(ControllerContext controllerContext, IDictionary`2 parameters)
   at System.Web.Mvc.ControllerActionInvoker.InvokeActionMethod(ControllerContext controllerContext, ActionDescriptor actionDescriptor, IDictionary`2 parameters)
   at System.Web.Mvc.Async.AsyncControllerActionInvoker.<>c__DisplayClass42.<BeginInvokeSynchronousActionMethod>b__41()
   at System.Web.Mvc.Async.AsyncControllerActionInvoker.<>c__DisplayClass37.<>c__DisplayClass39.<BeginInvokeActionMethodWithFilters>b__33()
   at System.Web.Mvc.Async.AsyncControllerActionInvoker.<>c__DisplayClass4f.<InvokeActionMethodFilterAsynchronously>b__49()
   at System.Web.Mvc.Async.AsyncControllerActionInvoker.<>c__DisplayClass4f.<InvokeActionMethodFilterAsynchronously>b__49()
   at System.Web.Mvc.Async.AsyncControllerActionInvoker.<>c__DisplayClass37.<BeginInvokeActionMethodWithFilters>b__36(IAsyncResult asyncResult)
   at System.Web.Mvc.Async.AsyncControllerActionInvoker.<>c__DisplayClass25.<>c__DisplayClass2a.<BeginInvokeAction>b__20()
   at System.Web.Mvc.Async.AsyncControllerActionInvoker.<>c__DisplayClass25.<BeginInvokeAction>b__22(IAsyncResult asyncResult)
 2015-05-18 03:35:45,051 [6] INFO  StatisticalSolutions.Controllers.Base.BaseController - Application URL - /StatisticalSolutions/Base/StatisticalError 
 2015-05-18 03:35:45,051 [6] INFO  StatisticalSolutions.Controllers.Base.BaseController - Application URL - /StatisticalSolutions/Base/StatisticalError 
 2015-05-18 03:35:53,955 [7] INFO  StatisticalSolutions.Controllers.Base.BaseController - Application URL - /StatisticalSolutions/Instructor/Consultant 
 2015-05-18 03:35:55,954 [7] INFO  StatisticalSolutions.Controllers.Base.BaseController - Application URL - /StatisticalSolutions/Instructor/Consultant 
 2015-05-18 03:35:55,954 [7] ERROR StatisticalSolutions.Controllers.Base.BaseController - Statistical exception message - Cannot perform runtime binding on a null reference
 2015-05-18 03:35:55,954 [7] ERROR StatisticalSolutions.Controllers.Base.BaseController - Statistical exception stack trace -    at CallSite.Target(Closure , CallSite , Object )
   at System.Dynamic.UpdateDelegates.UpdateAndExecute1[T0,TRet](CallSite site, T0 arg0)
   at ASP._Page_Views_Instructor_Consultants_cshtml.Execute() in e:\Ola Projects\3rdPartyProjects\StatisticalSolutions\StatisticalSolutions\Views\Instructor\Consultants.cshtml:line 37
   at System.Web.WebPages.WebPageBase.ExecutePageHierarchy()
   at System.Web.Mvc.WebViewPage.ExecutePageHierarchy()
   at System.Web.WebPages.StartPage.ExecutePageHierarchy()
   at System.Web.WebPages.WebPageBase.ExecutePageHierarchy(WebPageContext pageContext, TextWriter writer, WebPageRenderingBase startPage)
   at System.Web.Mvc.ViewResultBase.ExecuteResult(ControllerContext context)
   at System.Web.Mvc.ControllerActionInvoker.<>c__DisplayClass1a.<InvokeActionResultWithFilters>b__17()
   at System.Web.Mvc.ControllerActionInvoker.InvokeActionResultFilter(IResultFilter filter, ResultExecutingContext preContext, Func`1 continuation)
   at System.Web.Mvc.ControllerActionInvoker.InvokeActionResultFilter(IResultFilter filter, ResultExecutingContext preContext, Func`1 continuation)
   at System.Web.Mvc.ControllerActionInvoker.InvokeActionResultWithFilters(ControllerContext controllerContext, IList`1 filters, ActionResult actionResult)
   at System.Web.Mvc.Async.AsyncControllerActionInvoker.<>c__DisplayClass25.<BeginInvokeAction>b__22(IAsyncResult asyncResult)
 2015-05-18 03:35:55,969 [8] INFO  StatisticalSolutions.Controllers.Base.BaseController - Application URL - /StatisticalSolutions/Base/StatisticalError 
 2015-05-18 03:35:55,969 [8] INFO  StatisticalSolutions.Controllers.Base.BaseController - Application URL - /StatisticalSolutions/Base/StatisticalError 
 2015-05-18 03:38:43,856 [9] INFO  StatisticalSolutions.Controllers.Base.BaseController - Application URL - /StatisticalSolutions/Instructor/Consultants 
 2015-05-18 03:38:45,615 [14] INFO  StatisticalSolutions.Controllers.Base.BaseController - Application URL - /StatisticalSolutions 
 2015-05-18 03:38:46,253 [8] INFO  StatisticalSolutions.Controllers.Base.BaseController - Application URL - /StatisticalSolutions 
 2015-05-18 03:38:52,943 [8] INFO  StatisticalSolutions.Controllers.Base.BaseController - Application URL - /StatisticalSolutions/Instructor/Consultant 
 2015-05-18 03:38:54,712 [8] INFO  StatisticalSolutions.Controllers.Base.BaseController - Application URL - /StatisticalSolutions/Instructor/Consultant 
 2015-05-18 03:38:54,713 [8] ERROR StatisticalSolutions.Controllers.Base.BaseController - Statistical exception message - Cannot perform runtime binding on a null reference
 2015-05-18 03:38:54,713 [8] ERROR StatisticalSolutions.Controllers.Base.BaseController - Statistical exception stack trace -    at CallSite.Target(Closure , CallSite , Object )
   at System.Dynamic.UpdateDelegates.UpdateAndExecute1[T0,TRet](CallSite site, T0 arg0)
   at ASP._Page_Views_Instructor_Consultants_cshtml.Execute() in e:\Ola Projects\3rdPartyProjects\StatisticalSolutions\StatisticalSolutions\Views\Instructor\Consultants.cshtml:line 37
   at System.Web.WebPages.WebPageBase.ExecutePageHierarchy()
   at System.Web.Mvc.WebViewPage.ExecutePageHierarchy()
   at System.Web.WebPages.StartPage.ExecutePageHierarchy()
   at System.Web.WebPages.WebPageBase.ExecutePageHierarchy(WebPageContext pageContext, TextWriter writer, WebPageRenderingBase startPage)
   at System.Web.Mvc.ViewResultBase.ExecuteResult(ControllerContext context)
   at System.Web.Mvc.ControllerActionInvoker.<>c__DisplayClass1a.<InvokeActionResultWithFilters>b__17()
   at System.Web.Mvc.ControllerActionInvoker.InvokeActionResultFilter(IResultFilter filter, ResultExecutingContext preContext, Func`1 continuation)
   at System.Web.Mvc.ControllerActionInvoker.InvokeActionResultFilter(IResultFilter filter, ResultExecutingContext preContext, Func`1 continuation)
   at System.Web.Mvc.ControllerActionInvoker.InvokeActionResultWithFilters(ControllerContext controllerContext, IList`1 filters, ActionResult actionResult)
   at System.Web.Mvc.Async.AsyncControllerActionInvoker.<>c__DisplayClass25.<BeginInvokeAction>b__22(IAsyncResult asyncResult)
 2015-05-18 03:38:54,727 [9] INFO  StatisticalSolutions.Controllers.Base.BaseController - Application URL - /StatisticalSolutions/Base/StatisticalError 
 2015-05-18 03:38:54,728 [9] INFO  StatisticalSolutions.Controllers.Base.BaseController - Application URL - /StatisticalSolutions/Base/StatisticalError 
 2015-05-18 03:39:01,610 [9] INFO  StatisticalSolutions.Controllers.Base.BaseController - Application URL - /StatisticalSolutions/Instructor/Consultant 
 2015-05-18 03:39:03,415 [9] INFO  StatisticalSolutions.Controllers.Base.BaseController - Application URL - /StatisticalSolutions/Instructor/Consultant 
 2015-05-18 03:39:03,416 [9] ERROR StatisticalSolutions.Controllers.Base.BaseController - Statistical exception message - Cannot perform runtime binding on a null reference
 2015-05-18 03:39:03,416 [9] ERROR StatisticalSolutions.Controllers.Base.BaseController - Statistical exception stack trace -    at CallSite.Target(Closure , CallSite , Object )
   at ASP._Page_Views_Instructor_Consultants_cshtml.Execute() in e:\Ola Projects\3rdPartyProjects\StatisticalSolutions\StatisticalSolutions\Views\Instructor\Consultants.cshtml:line 37
   at System.Web.WebPages.WebPageBase.ExecutePageHierarchy()
   at System.Web.Mvc.WebViewPage.ExecutePageHierarchy()
   at System.Web.WebPages.StartPage.ExecutePageHierarchy()
   at System.Web.WebPages.WebPageBase.ExecutePageHierarchy(WebPageContext pageContext, TextWriter writer, WebPageRenderingBase startPage)
   at System.Web.Mvc.ViewResultBase.ExecuteResult(ControllerContext context)
   at System.Web.Mvc.ControllerActionInvoker.<>c__DisplayClass1a.<InvokeActionResultWithFilters>b__17()
   at System.Web.Mvc.ControllerActionInvoker.InvokeActionResultFilter(IResultFilter filter, ResultExecutingContext preContext, Func`1 continuation)
   at System.Web.Mvc.ControllerActionInvoker.InvokeActionResultFilter(IResultFilter filter, ResultExecutingContext preContext, Func`1 continuation)
   at System.Web.Mvc.ControllerActionInvoker.InvokeActionResultWithFilters(ControllerContext controllerContext, IList`1 filters, ActionResult actionResult)
   at System.Web.Mvc.Async.AsyncControllerActionInvoker.<>c__DisplayClass25.<BeginInvokeAction>b__22(IAsyncResult asyncResult)
 2015-05-18 03:39:03,431 [8] INFO  StatisticalSolutions.Controllers.Base.BaseController - Application URL - /StatisticalSolutions/Base/StatisticalError 
 2015-05-18 03:39:03,432 [8] INFO  StatisticalSolutions.Controllers.Base.BaseController - Application URL - /StatisticalSolutions/Base/StatisticalError 
 2015-05-18 03:41:48,239 [17] INFO  StatisticalSolutions.Controllers.Base.BaseController - Application URL - /StatisticalSolutions/ 
 2015-05-18 03:42:00,182 [8] INFO  StatisticalSolutions.Controllers.Base.BaseController - Application URL - /StatisticalSolutions/Instructor/Consultants 
 2015-05-18 03:42:29,764 [17] INFO  StatisticalSolutions.Controllers.Base.BaseController - Application URL - /StatisticalSolutions 
 2015-05-18 03:42:35,236 [17] INFO  StatisticalSolutions.Controllers.Base.BaseController - Application URL - /StatisticalSolutions/Instructor/Consultant/1 
 2015-05-18 03:44:39,454 [17] INFO  StatisticalSolutions.Controllers.Base.BaseController - Application URL - /StatisticalSolutions/Instructor/Consultant/1 
 2015-05-18 03:44:39,457 [17] ERROR StatisticalSolutions.Controllers.Base.BaseController - Statistical exception message - Cannot perform runtime binding on a null reference
 2015-05-18 03:44:39,458 [17] ERROR StatisticalSolutions.Controllers.Base.BaseController - Statistical exception stack trace -    at CallSite.Target(Closure , CallSite , Object )
   at System.Dynamic.UpdateDelegates.UpdateAndExecute1[T0,TRet](CallSite site, T0 arg0)
   at ASP._Page_Views_Instructor_Consultants_cshtml.Execute() in e:\Ola Projects\3rdPartyProjects\StatisticalSolutions\StatisticalSolutions\Views\Instructor\Consultants.cshtml:line 37
   at System.Web.WebPages.WebPageBase.ExecutePageHierarchy()
   at System.Web.Mvc.WebViewPage.ExecutePageHierarchy()
   at System.Web.WebPages.StartPage.ExecutePageHierarchy()
   at System.Web.WebPages.WebPageBase.ExecutePageHierarchy(WebPageContext pageContext, TextWriter writer, WebPageRenderingBase startPage)
   at System.Web.Mvc.ViewResultBase.ExecuteResult(ControllerContext context)
   at System.Web.Mvc.ControllerActionInvoker.<>c__DisplayClass1a.<InvokeActionResultWithFilters>b__17()
   at System.Web.Mvc.ControllerActionInvoker.InvokeActionResultFilter(IResultFilter filter, ResultExecutingContext preContext, Func`1 continuation)
   at System.Web.Mvc.ControllerActionInvoker.InvokeActionResultFilter(IResultFilter filter, ResultExecutingContext preContext, Func`1 continuation)
   at System.Web.Mvc.ControllerActionInvoker.InvokeActionResultWithFilters(ControllerContext controllerContext, IList`1 filters, ActionResult actionResult)
   at System.Web.Mvc.Async.AsyncControllerActionInvoker.<>c__DisplayClass25.<BeginInvokeAction>b__22(IAsyncResult asyncResult)
 2015-05-18 03:44:39,963 [10] INFO  StatisticalSolutions.Controllers.Base.BaseController - Application URL - /StatisticalSolutions/Instructor/Consultant/2 
 2015-05-18 03:45:33,713 [10] INFO  StatisticalSolutions.Controllers.Base.BaseController - Application URL - /StatisticalSolutions/Instructor/Consultant/2 
 2015-05-18 03:45:33,714 [10] ERROR StatisticalSolutions.Controllers.Base.BaseController - Statistical exception message - Cannot perform runtime binding on a null reference
 2015-05-18 03:45:33,715 [10] ERROR StatisticalSolutions.Controllers.Base.BaseController - Statistical exception stack trace -    at CallSite.Target(Closure , CallSite , Object )
   at ASP._Page_Views_Instructor_Consultants_cshtml.Execute() in e:\Ola Projects\3rdPartyProjects\StatisticalSolutions\StatisticalSolutions\Views\Instructor\Consultants.cshtml:line 37
   at System.Web.WebPages.WebPageBase.ExecutePageHierarchy()
   at System.Web.Mvc.WebViewPage.ExecutePageHierarchy()
   at System.Web.WebPages.StartPage.ExecutePageHierarchy()
   at System.Web.WebPages.WebPageBase.ExecutePageHierarchy(WebPageContext pageContext, TextWriter writer, WebPageRenderingBase startPage)
   at System.Web.Mvc.ViewResultBase.ExecuteResult(ControllerContext context)
   at System.Web.Mvc.ControllerActionInvoker.<>c__DisplayClass1a.<InvokeActionResultWithFilters>b__17()
   at System.Web.Mvc.ControllerActionInvoker.InvokeActionResultFilter(IResultFilter filter, ResultExecutingContext preContext, Func`1 continuation)
   at System.Web.Mvc.ControllerActionInvoker.InvokeActionResultFilter(IResultFilter filter, ResultExecutingContext preContext, Func`1 continuation)
   at System.Web.Mvc.ControllerActionInvoker.InvokeActionResultWithFilters(ControllerContext controllerContext, IList`1 filters, ActionResult actionResult)
   at System.Web.Mvc.Async.AsyncControllerActionInvoker.<>c__DisplayClass25.<BeginInvokeAction>b__22(IAsyncResult asyncResult)
 2015-05-18 03:45:33,743 [13] INFO  StatisticalSolutions.Controllers.Base.BaseController - Application URL - /StatisticalSolutions/Base/StatisticalError 
 2015-05-18 03:45:33,745 [13] INFO  StatisticalSolutions.Controllers.Base.BaseController - Application URL - /StatisticalSolutions/Base/StatisticalError 
 2015-05-18 03:45:56,192 [23] INFO  StatisticalSolutions.Controllers.Base.BaseController - Application URL - /StatisticalSolutions/ 
 2015-05-18 03:45:58,230 [9] INFO  StatisticalSolutions.Controllers.Base.BaseController - Application URL - /StatisticalSolutions/Instructor/Consultants 
 2015-05-18 03:46:02,500 [10] INFO  StatisticalSolutions.Controllers.Base.BaseController - Application URL - /StatisticalSolutions 
 2015-05-18 03:46:05,666 [9] INFO  StatisticalSolutions.Controllers.Base.BaseController - Application URL - /StatisticalSolutions/Instructor/Consultant/2 
 2015-05-18 03:46:09,551 [10] INFO  StatisticalSolutions.Controllers.Base.BaseController - Application URL - /StatisticalSolutions 
 2015-05-18 03:47:26,738 [9] INFO  StatisticalSolutions.Controllers.Base.BaseController - Application URL - /StatisticalSolutions/Instructor/Consultant/2 
 2015-05-18 03:48:14,393 [9] INFO  StatisticalSolutions.Controllers.Base.BaseController - Application URL - /StatisticalSolutions/Instructor/Consultant/2 
 2015-05-18 03:48:14,406 [9] ERROR StatisticalSolutions.Controllers.Base.BaseController - Statistical exception message - Object reference not set to an instance of an object.
 2015-05-18 03:48:14,406 [9] ERROR StatisticalSolutions.Controllers.Base.BaseController - Statistical exception stack trace -    at ASP._Page_Views_Instructor_Consultants_cshtml.Execute() in e:\Ola Projects\3rdPartyProjects\StatisticalSolutions\StatisticalSolutions\Views\Instructor\Consultants.cshtml:line 47
   at System.Web.WebPages.WebPageBase.ExecutePageHierarchy()
   at System.Web.Mvc.WebViewPage.ExecutePageHierarchy()
   at System.Web.WebPages.StartPage.ExecutePageHierarchy()
   at System.Web.WebPages.WebPageBase.ExecutePageHierarchy(WebPageContext pageContext, TextWriter writer, WebPageRenderingBase startPage)
   at System.Web.Mvc.ViewResultBase.ExecuteResult(ControllerContext context)
   at System.Web.Mvc.ControllerActionInvoker.<>c__DisplayClass1a.<InvokeActionResultWithFilters>b__17()
   at System.Web.Mvc.ControllerActionInvoker.InvokeActionResultFilter(IResultFilter filter, ResultExecutingContext preContext, Func`1 continuation)
   at System.Web.Mvc.ControllerActionInvoker.InvokeActionResultFilter(IResultFilter filter, ResultExecutingContext preContext, Func`1 continuation)
   at System.Web.Mvc.ControllerActionInvoker.InvokeActionResultWithFilters(ControllerContext controllerContext, IList`1 filters, ActionResult actionResult)
   at System.Web.Mvc.Async.AsyncControllerActionInvoker.<>c__DisplayClass25.<BeginInvokeAction>b__22(IAsyncResult asyncResult)
 2015-05-18 03:48:14,494 [19] INFO  StatisticalSolutions.Controllers.Base.BaseController - Application URL - /StatisticalSolutions/Base/StatisticalError 
 2015-05-18 03:48:14,495 [19] INFO  StatisticalSolutions.Controllers.Base.BaseController - Application URL - /StatisticalSolutions/Base/StatisticalError 
 2015-05-18 03:48:20,257 [9] INFO  StatisticalSolutions.Controllers.Base.BaseController - Application URL - /StatisticalSolutions/Instructor/Consultant/2 
 2015-05-18 03:48:26,718 [19] INFO  StatisticalSolutions.Controllers.Base.BaseController - Application URL - /StatisticalSolutions 
 2015-05-18 03:48:34,293 [19] INFO  StatisticalSolutions.Controllers.Base.BaseController - Application URL - /StatisticalSolutions/Instructor/Consultant/1 
 2015-05-18 03:51:01,037 [29] INFO  StatisticalSolutions.Controllers.Base.BaseController - Application URL - /StatisticalSolutions/Instructor/Consultant/1 
 2015-05-18 03:52:54,096 [28] INFO  StatisticalSolutions.Controllers.Base.BaseController - Application URL - /StatisticalSolutions/Instructor/Consultant/1 
 2015-05-18 03:54:01,771 [15] INFO  StatisticalSolutions.Controllers.Base.BaseController - Application URL - /StatisticalSolutions/Instructor/Consultant/1 
 2015-05-18 03:54:47,463 [15] INFO  StatisticalSolutions.Controllers.Base.BaseController - Application URL - /StatisticalSolutions/Instructor/Consultant/1 
 2015-05-18 03:55:15,744 [12] INFO  StatisticalSolutions.Controllers.Base.BaseController - Application URL - /StatisticalSolutions/Instructor/Consultant/1 
 2015-05-18 03:55:40,812 [33] INFO  StatisticalSolutions.Controllers.Base.BaseController - Application URL - /StatisticalSolutions/Instructor/Consultant/2 
 2015-05-18 03:55:43,134 [12] INFO  StatisticalSolutions.Controllers.Base.BaseController - Application URL - /StatisticalSolutions 
 2015-05-18 03:55:49,756 [34] INFO  StatisticalSolutions.Controllers.Base.BaseController - Application URL - /StatisticalSolutions/ 
 2015-05-18 03:56:01,620 [34] INFO  StatisticalSolutions.Controllers.Base.BaseController - Application URL - /StatisticalSolutions/Admin/ConsultantList 
 2015-05-18 03:56:03,943 [33] INFO  StatisticalSolutions.Controllers.Base.BaseController - Application URL - /StatisticalSolutions 
 2015-05-18 03:56:08,617 [28] INFO  StatisticalSolutions.Controllers.Base.BaseController - Application URL - /StatisticalSolutions/Admin/EditConsultant/2 
 2015-05-18 03:57:47,839 [15] INFO  StatisticalSolutions.Controllers.Base.BaseController - Application URL - /StatisticalSolutions/Admin/ConsultantList 
 2015-05-18 03:57:48,475 [12] INFO  StatisticalSolutions.Controllers.Base.BaseController - Application URL - /StatisticalSolutions 
 2015-05-18 03:57:53,390 [15] INFO  StatisticalSolutions.Controllers.Base.BaseController - Application URL - /StatisticalSolutions/Admin/EditConsultant/2 
 2015-05-18 03:58:51,467 [21] INFO  StatisticalSolutions.Controllers.Base.BaseController - Application URL - /StatisticalSolutions/Admin/EditConsultant/2 
 2015-05-18 03:58:56,343 [21] INFO  StatisticalSolutions.Controllers.Base.BaseController - Application URL - /StatisticalSolutions/Admin/ConsultantList 
 2015-05-18 03:59:28,535 [21] INFO  StatisticalSolutions.Controllers.Base.BaseController - Application URL - /StatisticalSolutions/Instructor/Consultants 
 2015-05-18 03:59:54,549 [7] INFO  StatisticalSolutions.Controllers.Base.BaseController - Application URL - /StatisticalSolutions/Admin/EditConsultant/2 
 2015-05-18 04:00:44,906 [24] INFO  StatisticalSolutions.Controllers.Base.BaseController - Application URL - /StatisticalSolutions/Admin/EditConsultant/2 
 2015-05-18 04:00:49,826 [24] ERROR StatisticalSolutions.Controllers.Base.BaseController - Function EditConsultant Error  - Object reference not set to an instance of an object.
 2015-05-18 04:00:49,829 [24] ERROR StatisticalSolutions.Controllers.Base.BaseController - Statistical exception message - Object reference not set to an instance of an object.
 System.NullReferenceException: Object reference not set to an instance of an object.
   at StatisticalSolutions.Controllers.AdminController.EditConsultant(instructor model, HttpPostedFileBase file) in e:\Ola Projects\3rdPartyProjects\StatisticalSolutions\StatisticalSolutions\Controllers\AdminController.cs:line 355
2015-05-18 04:00:55,448 [29] INFO  StatisticalSolutions.Controllers.Base.BaseController - Application URL - /StatisticalSolutions/Admin/EditConsultant/2 
 2015-05-18 04:01:00,226 [21] INFO  StatisticalSolutions.Controllers.Base.BaseController - Application URL - /StatisticalSolutions/Admin/EditConsultant/2 
 2015-05-18 04:01:32,117 [21] INFO  StatisticalSolutions.Controllers.Base.BaseController - Application URL - /StatisticalSolutions/Admin/EditConsultant/2 
 2015-05-18 04:01:37,780 [7] INFO  StatisticalSolutions.Controllers.Base.BaseController - Application URL - /StatisticalSolutions/Admin/ConsultantList 
 2015-05-18 04:01:49,474 [24] INFO  StatisticalSolutions.Controllers.Base.BaseController - Application URL - /StatisticalSolutions/Admin/EditConsultant/1 
 2015-05-18 04:02:14,618 [7] INFO  StatisticalSolutions.Controllers.Base.BaseController - Application URL - /StatisticalSolutions/Admin/EditConsultant/1 
 2015-05-18 04:02:17,113 [29] INFO  StatisticalSolutions.Controllers.Base.BaseController - Application URL - /StatisticalSolutions/Admin/ConsultantList 
 2015-05-18 04:02:25,117 [18] INFO  StatisticalSolutions.Controllers.Base.BaseController - Application URL - /StatisticalSolutions/Workshop/Register 
 2015-05-18 04:02:41,393 [18] INFO  StatisticalSolutions.Controllers.Base.BaseController - Application URL - /StatisticalSolutions/Instructor/Consultants 
 2015-05-18 04:02:52,712 [18] INFO  StatisticalSolutions.Controllers.Base.BaseController - Application URL - /StatisticalSolutions/Instructor/Consultant/1 
 2015-05-18 04:02:58,788 [9] INFO  StatisticalSolutions.Controllers.Base.BaseController - Application URL - /StatisticalSolutions/Workshop/Workshop 
 2015-05-18 04:02:58,982 [9] INFO  StatisticalSolutions.Controllers.Base.BaseController - Application URL - /StatisticalSolutions/Workshop/Workshop 
 2015-05-18 04:02:58,982 [9] ERROR StatisticalSolutions.Controllers.Base.BaseController - Statistical exception message - The parameters dictionary contains a null entry for parameter 'seminar_id' of non-nullable type 'System.Int32' for method 'System.Web.Mvc.ActionResult Workshop(Int32)' in 'StatisticalSolutions.Controllers.WorkshopController'. An optional parameter must be a reference type, a nullable type, or be declared as an optional parameter.
Parameter name: parameters
 2015-05-18 04:02:58,983 [9] ERROR StatisticalSolutions.Controllers.Base.BaseController - Statistical exception stack trace -    at System.Web.Mvc.ActionDescriptor.ExtractParameterFromDictionary(ParameterInfo parameterInfo, IDictionary`2 parameters, MethodInfo methodInfo)
   at System.Linq.Enumerable.WhereSelectArrayIterator`2.MoveNext()
   at System.Linq.Buffer`1..ctor(IEnumerable`1 source)
   at System.Linq.Enumerable.ToArray[TSource](IEnumerable`1 source)
   at System.Web.Mvc.ReflectedActionDescriptor.Execute(ControllerContext controllerContext, IDictionary`2 parameters)
   at System.Web.Mvc.ControllerActionInvoker.InvokeActionMethod(ControllerContext controllerContext, ActionDescriptor actionDescriptor, IDictionary`2 parameters)
   at System.Web.Mvc.Async.AsyncControllerActionInvoker.<>c__DisplayClass37.<>c__DisplayClass39.<BeginInvokeActionMethodWithFilters>b__33()
   at System.Web.Mvc.Async.AsyncControllerActionInvoker.<>c__DisplayClass4f.<InvokeActionMethodFilterAsynchronously>b__49()
   at System.Web.Mvc.Async.AsyncControllerActionInvoker.<>c__DisplayClass4f.<InvokeActionMethodFilterAsynchronously>b__49()
   at System.Web.Mvc.Async.AsyncControllerActionInvoker.<>c__DisplayClass37.<BeginInvokeActionMethodWithFilters>b__36(IAsyncResult asyncResult)
   at System.Web.Mvc.Async.AsyncControllerActionInvoker.<>c__DisplayClass25.<>c__DisplayClass2a.<BeginInvokeAction>b__20()
   at System.Web.Mvc.Async.AsyncControllerActionInvoker.<>c__DisplayClass25.<BeginInvokeAction>b__22(IAsyncResult asyncResult)
 2015-05-18 04:02:59,028 [24] INFO  StatisticalSolutions.Controllers.Base.BaseController - Application URL - /StatisticalSolutions/Base/StatisticalError 
 2015-05-18 04:02:59,028 [24] INFO  StatisticalSolutions.Controllers.Base.BaseController - Application URL - /StatisticalSolutions/Base/StatisticalError 
 2015-05-18 04:04:02,834 [24] INFO  StatisticalSolutions.Controllers.Base.BaseController - Application URL - /StatisticalSolutions/Instructor/Consultant/1 
 2015-05-18 04:04:10,624 [18] INFO  StatisticalSolutions.Controllers.Base.BaseController - Application URL - /StatisticalSolutions/Workshop/Workshop 
 2015-05-18 04:04:10,816 [18] INFO  StatisticalSolutions.Controllers.Base.BaseController - Application URL - /StatisticalSolutions/Workshop/Workshop 
 2015-05-18 04:04:10,817 [18] ERROR StatisticalSolutions.Controllers.Base.BaseController - Statistical exception message - The parameters dictionary contains a null entry for parameter 'seminar_id' of non-nullable type 'System.Int32' for method 'System.Web.Mvc.ActionResult Workshop(Int32)' in 'StatisticalSolutions.Controllers.WorkshopController'. An optional parameter must be a reference type, a nullable type, or be declared as an optional parameter.
Parameter name: parameters
 2015-05-18 04:04:10,817 [18] ERROR StatisticalSolutions.Controllers.Base.BaseController - Statistical exception stack trace -    at System.Web.Mvc.ActionDescriptor.ExtractParameterFromDictionary(ParameterInfo parameterInfo, IDictionary`2 parameters, MethodInfo methodInfo)
   at System.Linq.Enumerable.WhereSelectArrayIterator`2.MoveNext()
   at System.Linq.Buffer`1..ctor(IEnumerable`1 source)
   at System.Linq.Enumerable.ToArray[TSource](IEnumerable`1 source)
   at System.Web.Mvc.ReflectedActionDescriptor.Execute(ControllerContext controllerContext, IDictionary`2 parameters)
   at System.Web.Mvc.ControllerActionInvoker.InvokeActionMethod(ControllerContext controllerContext, ActionDescriptor actionDescriptor, IDictionary`2 parameters)
   at System.Web.Mvc.Async.AsyncControllerActionInvoker.<>c__DisplayClass37.<>c__DisplayClass39.<BeginInvokeActionMethodWithFilters>b__33()
   at System.Web.Mvc.Async.AsyncControllerActionInvoker.<>c__DisplayClass4f.<InvokeActionMethodFilterAsynchronously>b__49()
   at System.Web.Mvc.Async.AsyncControllerActionInvoker.<>c__DisplayClass4f.<InvokeActionMethodFilterAsynchronously>b__49()
   at System.Web.Mvc.Async.AsyncControllerActionInvoker.<>c__DisplayClass37.<BeginInvokeActionMethodWithFilters>b__36(IAsyncResult asyncResult)
   at System.Web.Mvc.Async.AsyncControllerActionInvoker.<>c__DisplayClass25.<>c__DisplayClass2a.<BeginInvokeAction>b__20()
   at System.Web.Mvc.Async.AsyncControllerActionInvoker.<>c__DisplayClass25.<BeginInvokeAction>b__22(IAsyncResult asyncResult)
 2015-05-18 04:04:10,863 [7] INFO  StatisticalSolutions.Controllers.Base.BaseController - Application URL - /StatisticalSolutions/Base/StatisticalError 
 2015-05-18 04:04:10,863 [7] INFO  StatisticalSolutions.Controllers.Base.BaseController - Application URL - /StatisticalSolutions/Base/StatisticalError 
 2015-05-18 04:11:44,630 [26] INFO  StatisticalSolutions.Controllers.Base.BaseController - Application URL - /StatisticalSolutions/ 
 2015-05-18 04:11:47,467 [41] INFO  StatisticalSolutions.Controllers.Base.BaseController - Application URL - /StatisticalSolutions/Instructor/Consultants 
 2015-05-18 04:12:38,184 [26] INFO  StatisticalSolutions.Controllers.Base.BaseController - Application URL - /StatisticalSolutions/Instructor/Consultants 
 2015-05-18 04:15:07,540 [47] INFO  StatisticalSolutions.Controllers.Base.BaseController - Application URL - /StatisticalSolutions/Instructor/Consultants 
 2015-05-18 04:15:37,433 [44] INFO  StatisticalSolutions.Controllers.Base.BaseController - Application URL - /StatisticalSolutions/Instructor/Consultants 
 2015-05-18 04:15:58,793 [42] INFO  StatisticalSolutions.Controllers.Base.BaseController - Application URL - /StatisticalSolutions/Instructor/Consultants 
 2015-05-18 04:17:22,825 [55] INFO  StatisticalSolutions.Controllers.Base.BaseController - Application URL - /StatisticalSolutions/Instructor/Consultants 
 2015-05-18 04:17:42,580 [42] INFO  StatisticalSolutions.Controllers.Base.BaseController - Application URL - /StatisticalSolutions/Workshop/WorkShops 
 2015-05-18 04:17:53,213 [42] INFO  StatisticalSolutions.Controllers.Base.BaseController - Application URL - /StatisticalSolutions/Workshop/Workshop 
 2015-05-18 04:18:46,127 [53] INFO  StatisticalSolutions.Controllers.Base.BaseController - Application URL - /StatisticalSolutions/Instructor/Consultants 
 2015-05-18 04:18:54,283 [53] INFO  StatisticalSolutions.Controllers.Base.BaseController - Application URL - /StatisticalSolutions/Workshop/Workshop 
 2015-05-18 04:19:01,806 [14] INFO  StatisticalSolutions.Controllers.Base.BaseController - Application URL - /StatisticalSolutions/Workshop/Workshop 
 2015-05-18 04:19:14,241 [14] INFO  StatisticalSolutions.Controllers.Base.BaseController - Application URL - /StatisticalSolutions/Workshop/Workshop 
 2015-05-18 04:21:08,418 [8] INFO  StatisticalSolutions.Controllers.Base.BaseController - Application URL - /StatisticalSolutions/Workshop/Register/0 
 2015-05-18 04:24:13,427 [43] INFO  StatisticalSolutions.Controllers.Base.BaseController - Application URL - /StatisticalSolutions/Workshop/Workshop 
 2015-05-18 04:25:05,509 [53] INFO  StatisticalSolutions.Controllers.Base.BaseController - Application URL - /StatisticalSolutions/ 
 2015-05-18 04:25:19,060 [43] INFO  StatisticalSolutions.Controllers.Base.BaseController - Application URL - /StatisticalSolutions/Admin/ClientsList 
 2015-05-18 04:25:32,835 [51] INFO  StatisticalSolutions.Controllers.Base.BaseController - Application URL - /StatisticalSolutions/Admin/AddWorkshop 
 2015-05-18 04:27:05,679 [51] INFO  StatisticalSolutions.Controllers.Base.BaseController - Application URL - /StatisticalSolutions/Admin/AddConsultant 
 2015-05-18 04:28:06,667 [26] INFO  StatisticalSolutions.Controllers.Base.BaseController - Application URL - /StatisticalSolutions/Admin/AddClient 
 2015-05-18 04:28:32,393 [26] INFO  StatisticalSolutions.Controllers.Base.BaseController - Application URL - /StatisticalSolutions/Admin/WorkshopList 
 2015-05-18 04:28:49,912 [41] INFO  StatisticalSolutions.Controllers.Base.BaseController - Application URL - /StatisticalSolutions/Admin/ConsultantList 
 2015-05-18 04:29:09,683 [41] INFO  StatisticalSolutions.Controllers.Base.BaseController - Application URL - /StatisticalSolutions/Admin/StudentList 
 2015-05-18 04:29:16,923 [44] INFO  StatisticalSolutions.Controllers.Base.BaseController - Application URL - /StatisticalSolutions/Admin/ClientsList 
 2015-05-18 04:29:24,432 [13] INFO  StatisticalSolutions.Controllers.Base.BaseController - Application URL - /StatisticalSolutions/Admin/EditClient/4 
 2015-05-18 04:30:18,097 [41] INFO  StatisticalSolutions.Controllers.Base.BaseController - Application URL - /StatisticalSolutions/Admin/EditClient/4 
 2015-05-18 04:30:39,294 [26] INFO  StatisticalSolutions.Controllers.Base.BaseController - Application URL - /StatisticalSolutions/Admin/ClientsList 
 2015-05-18 04:30:47,497 [18] INFO  StatisticalSolutions.Controllers.Base.BaseController - Application URL - /StatisticalSolutions/Admin/StudentList 
 2015-05-18 04:30:50,673 [18] INFO  StatisticalSolutions.Controllers.Base.BaseController - Application URL - /StatisticalSolutions/Admin/EditStudent/2 
 2015-05-18 04:31:39,966 [13] INFO  StatisticalSolutions.Controllers.Base.BaseController - Application URL - /StatisticalSolutions/Admin/ConsultantList 
 2015-05-18 04:31:45,572 [18] INFO  StatisticalSolutions.Controllers.Base.BaseController - Application URL - /StatisticalSolutions/Admin/EditConsultant/1 
 2015-05-18 04:32:26,581 [18] INFO  StatisticalSolutions.Controllers.Base.BaseController - Application URL - /StatisticalSolutions/Admin/EditConsultant/1 
 2015-05-18 04:33:05,545 [18] INFO  StatisticalSolutions.Controllers.Base.BaseController - Application URL - /StatisticalSolutions/Admin/EditConsultant/1 
 2015-05-18 10:03:37,231 [7] INFO  StatisticalSolutions.Controllers.Base.BaseController - Application URL - /StatisticalSolutions/ 
 2015-05-18 10:05:59,641 [17] INFO  StatisticalSolutions.Controllers.Base.BaseController - Application URL - /StatisticalSolutions/Admin/AddConsultant 
 2015-05-18 10:07:08,247 [7] INFO  StatisticalSolutions.Controllers.Base.BaseController - Application URL - /StatisticalSolutions/Admin/AddWorkshop 
 2015-05-18 10:10:31,593 [7] INFO  StatisticalSolutions.Controllers.Base.BaseController - Application URL - /StatisticalSolutions/ 
 2015-05-18 10:17:05,598 [6] INFO  StatisticalSolutions.Controllers.Base.BaseController - Application URL - /StatisticalSolutions/ 
 2015-05-18 10:17:30,755 [6] INFO  StatisticalSolutions.Controllers.Base.BaseController - Application URL - /StatisticalSolutions/Admin/AddWorkshop 
 2015-05-18 10:21:50,714 [21] INFO  StatisticalSolutions.Controllers.Base.BaseController - Application URL - /StatisticalSolutions/Admin/AddWorkshop 
 2015-05-18 10:22:32,658 [21] ERROR StatisticalSolutions.Controllers.Base.BaseController - Function AddWorkshop Error  - Object reference not set to an instance of an object.
 2015-05-18 10:22:32,662 [21] ERROR StatisticalSolutions.Controllers.Base.BaseController - Statistical exception message - Object reference not set to an instance of an object.
 System.NullReferenceException: Object reference not set to an instance of an object.
   at StatisticalSolutions.DataAccess.DAL.addseminar(seminar model) in e:\Ola Projects\3rdPartyProjects\StatisticalSolutions\StatisticalSolutions\DataAccess\DAL.cs:line 621
   at StatisticalSolutions.Controllers.AdminController.AddWorkshop(seminar model) in e:\Ola Projects\3rdPartyProjects\StatisticalSolutions\StatisticalSolutions\Controllers\AdminController.cs:line 81
2015-05-18 10:28:20,814 [24] INFO  StatisticalSolutions.Controllers.Base.BaseController - Application URL - /StatisticalSolutions/ 
 2015-05-18 10:28:35,186 [27] INFO  StatisticalSolutions.Controllers.Base.BaseController - Application URL - /StatisticalSolutions/ 
 2015-05-18 10:28:53,007 [24] INFO  StatisticalSolutions.Controllers.Base.BaseController - Application URL - /StatisticalSolutions/Admin/AddWorkshop 
 2015-05-18 10:30:47,105 [30] INFO  StatisticalSolutions.Controllers.Base.BaseController - Application URL - /StatisticalSolutions/Admin/AddWorkshop 
 2015-05-18 10:30:52,364 [30] ERROR StatisticalSolutions.Controllers.Base.BaseController - Function AddWorkshop Error  - Object reference not set to an instance of an object.
 2015-05-18 10:30:52,366 [30] ERROR StatisticalSolutions.Controllers.Base.BaseController - Statistical exception message - Object reference not set to an instance of an object.
 System.NullReferenceException: Object reference not set to an instance of an object.
   at StatisticalSolutions.DataAccess.DAL.addseminar(seminar model) in e:\Ola Projects\3rdPartyProjects\StatisticalSolutions\StatisticalSolutions\DataAccess\DAL.cs:line 621
   at StatisticalSolutions.Controllers.AdminController.AddWorkshop(seminar model) in e:\Ola Projects\3rdPartyProjects\StatisticalSolutions\StatisticalSolutions\Controllers\AdminController.cs:line 81
2015-05-18 10:31:01,781 [30] INFO  StatisticalSolutions.Controllers.Base.BaseController - Application URL - /StatisticalSolutions/Admin/AddWorkshop 
 2015-05-18 10:31:19,822 [30] INFO  StatisticalSolutions.Controllers.Base.BaseController - Application URL - /StatisticalSolutions/Admin/AddWorkshop 
 2015-05-18 10:32:14,695 [24] INFO  StatisticalSolutions.Controllers.Base.BaseController - Application URL - /StatisticalSolutions/Admin/WorkshopList 
 2015-05-18 10:41:24,033 [23] INFO  StatisticalSolutions.Controllers.Base.BaseController - Application URL - /StatisticalSolutions/ 
 2015-05-18 10:42:54,802 [23] INFO  StatisticalSolutions.Controllers.Base.BaseController - Application URL - /StatisticalSolutions/ 
 2015-05-18 10:42:54,804 [23] ERROR StatisticalSolutions.Controllers.Base.BaseController - Statistical exception message - Exception has been thrown by the target of an invocation.
 2015-05-18 10:42:54,805 [23] ERROR StatisticalSolutions.Controllers.Base.BaseController - Statistical exception stack trace -    at System.RuntimeTypeHandle.CreateInstance(RuntimeType type, Boolean publicOnly, Boolean noCheck, Boolean& canBeCached, RuntimeMethodHandleInternal& ctor, Boolean& bNeedSecurityCheck)
   at System.RuntimeType.CreateInstanceSlow(Boolean publicOnly, Boolean skipCheckThis, Boolean fillCache, StackCrawlMark& stackMark)
   at System.RuntimeType.CreateInstanceDefaultCtor(Boolean publicOnly, Boolean skipCheckThis, Boolean fillCache, StackCrawlMark& stackMark)
   at System.Activator.CreateInstance(Type type, Boolean nonPublic)
   at System.Activator.CreateInstance(Type type)
   at System.Threading.LazyHelpers`1.ActivatorFactorySelector()
   at System.Threading.LazyInitializer.EnsureInitializedCore[T](T& target, Boolean& initialized, Object& syncLock, Func`1 valueFactory)
   at System.Threading.LazyInitializer.EnsureInitialized[T](T& target, Boolean& initialized, Object& syncLock)
   at StatisticalSolutions.Filters.InitializeSimpleMembershipAttribute.OnActionExecuting(ActionExecutingContext filterContext) in e:\Ola Projects\3rdPartyProjects\StatisticalSolutions\StatisticalSolutions\Filters\InitializeSimpleMembershipAttribute.cs:line 23
   at System.Web.Mvc.Async.AsyncControllerActionInvoker.InvokeActionMethodFilterAsynchronously(IActionFilter filter, ActionExecutingContext preContext, Func`1 nextInChain)
   at System.Web.Mvc.Async.AsyncControllerActionInvoker.InvokeActionMethodFilterAsynchronously(IActionFilter filter, ActionExecutingContext preContext, Func`1 nextInChain)
   at System.Web.Mvc.Async.AsyncControllerActionInvoker.<>c__DisplayClass37.<BeginInvokeActionMethodWithFilters>b__31(AsyncCallback asyncCallback, Object asyncState)
   at System.Web.Mvc.Async.AsyncResultWrapper.WrappedAsyncResult`1.Begin(AsyncCallback callback, Object state, Int32 timeout)
   at System.Web.Mvc.Async.AsyncResultWrapper.Begin[TResult](AsyncCallback callback, Object state, BeginInvokeDelegate beginDelegate, EndInvokeDelegate`1 endDelegate, Object tag, Int32 timeout)
   at System.Web.Mvc.Async.AsyncResultWrapper.Begin[TResult](AsyncCallback callback, Object state, BeginInvokeDelegate beginDelegate, EndInvokeDelegate`1 endDelegate, Object tag)
   at System.Web.Mvc.Async.AsyncControllerActionInvoker.<>c__DisplayClass25.<BeginInvokeAction>b__1e(AsyncCallback asyncCallback, Object asyncState)
 2015-05-18 10:42:54,956 [15] INFO  StatisticalSolutions.Controllers.Base.BaseController - Application URL - /StatisticalSolutions/Base/StatisticalError 
 2015-05-18 10:43:01,836 [15] INFO  StatisticalSolutions.Controllers.Base.BaseController - Application URL - /StatisticalSolutions/Base/StatisticalError 
 2015-05-18 10:58:22,689 [22] INFO  StatisticalSolutions.Controllers.Base.BaseController - Application URL - /StatisticalSolutions/ 
 2015-05-18 10:58:31,655 [6] INFO  StatisticalSolutions.Controllers.Base.BaseController - Application URL - /StatisticalSolutions/ 
 2015-05-18 10:58:46,273 [6] INFO  StatisticalSolutions.Controllers.Base.BaseController - Application URL - /StatisticalSolutions/ 
 2015-05-18 10:58:46,274 [6] ERROR StatisticalSolutions.Controllers.Base.BaseController - Statistical exception message - Exception has been thrown by the target of an invocation.
 2015-05-18 10:58:46,275 [6] ERROR StatisticalSolutions.Controllers.Base.BaseController - Statistical exception stack trace -    at System.RuntimeTypeHandle.CreateInstance(RuntimeType type, Boolean publicOnly, Boolean noCheck, Boolean& canBeCached, RuntimeMethodHandleInternal& ctor, Boolean& bNeedSecurityCheck)
   at System.RuntimeType.CreateInstanceSlow(Boolean publicOnly, Boolean skipCheckThis, Boolean fillCache, StackCrawlMark& stackMark)
   at System.RuntimeType.CreateInstanceDefaultCtor(Boolean publicOnly, Boolean skipCheckThis, Boolean fillCache, StackCrawlMark& stackMark)
   at System.Activator.CreateInstance(Type type, Boolean nonPublic)
   at System.Activator.CreateInstance(Type type)
   at System.Threading.LazyHelpers`1.ActivatorFactorySelector()
   at System.Threading.LazyInitializer.EnsureInitializedCore[T](T& target, Boolean& initialized, Object& syncLock, Func`1 valueFactory)
   at System.Threading.LazyInitializer.EnsureInitialized[T](T& target, Boolean& initialized, Object& syncLock)
   at StatisticalSolutions.Filters.InitializeSimpleMembershipAttribute.OnActionExecuting(ActionExecutingContext filterContext) in e:\Ola Projects\3rdPartyProjects\StatisticalSolutions\StatisticalSolutions\Filters\InitializeSimpleMembershipAttribute.cs:line 23
   at System.Web.Mvc.Async.AsyncControllerActionInvoker.InvokeActionMethodFilterAsynchronously(IActionFilter filter, ActionExecutingContext preContext, Func`1 nextInChain)
   at System.Web.Mvc.Async.AsyncControllerActionInvoker.InvokeActionMethodFilterAsynchronously(IActionFilter filter, ActionExecutingContext preContext, Func`1 nextInChain)
   at System.Web.Mvc.Async.AsyncControllerActionInvoker.<>c__DisplayClass37.<BeginInvokeActionMethodWithFilters>b__31(AsyncCallback asyncCallback, Object asyncState)
   at System.Web.Mvc.Async.AsyncResultWrapper.WrappedAsyncResult`1.Begin(AsyncCallback callback, Object state, Int32 timeout)
   at System.Web.Mvc.Async.AsyncResultWrapper.Begin[TResult](AsyncCallback callback, Object state, BeginInvokeDelegate beginDelegate, EndInvokeDelegate`1 endDelegate, Object tag, Int32 timeout)
   at System.Web.Mvc.Async.AsyncResultWrapper.Begin[TResult](AsyncCallback callback, Object state, BeginInvokeDelegate beginDelegate, EndInvokeDelegate`1 endDelegate, Object tag)
   at System.Web.Mvc.Async.AsyncControllerActionInvoker.<>c__DisplayClass25.<BeginInvokeAction>b__1e(AsyncCallback asyncCallback, Object asyncState)
 2015-05-18 10:58:46,423 [7] INFO  StatisticalSolutions.Controllers.Base.BaseController - Application URL - /StatisticalSolutions/Base/StatisticalError 
 2015-05-18 10:58:46,425 [7] INFO  StatisticalSolutions.Controllers.Base.BaseController - Application URL - /StatisticalSolutions/Base/StatisticalError 
 2015-05-18 10:58:46,425 [7] ERROR StatisticalSolutions.Controllers.Base.BaseController - Statistical exception message - Exception has been thrown by the target of an invocation.
 2015-05-18 10:58:46,426 [7] ERROR StatisticalSolutions.Controllers.Base.BaseController - Statistical exception stack trace -    at System.RuntimeTypeHandle.CreateInstance(RuntimeType type, Boolean publicOnly, Boolean noCheck, Boolean& canBeCached, RuntimeMethodHandleInternal& ctor, Boolean& bNeedSecurityCheck)
   at System.RuntimeType.CreateInstanceSlow(Boolean publicOnly, Boolean skipCheckThis, Boolean fillCache, StackCrawlMark& stackMark)
   at System.RuntimeType.CreateInstanceDefaultCtor(Boolean publicOnly, Boolean skipCheckThis, Boolean fillCache, StackCrawlMark& stackMark)
   at System.Activator.CreateInstance(Type type, Boolean nonPublic)
   at System.Activator.CreateInstance(Type type)
   at System.Threading.LazyHelpers`1.ActivatorFactorySelector()
   at System.Threading.LazyInitializer.EnsureInitializedCore[T](T& target, Boolean& initialized, Object& syncLock, Func`1 valueFactory)
   at System.Threading.LazyInitializer.EnsureInitialized[T](T& target, Boolean& initialized, Object& syncLock)
   at StatisticalSolutions.Filters.InitializeSimpleMembershipAttribute.OnActionExecuting(ActionExecutingContext filterContext) in e:\Ola Projects\3rdPartyProjects\StatisticalSolutions\StatisticalSolutions\Filters\InitializeSimpleMembershipAttribute.cs:line 23
   at System.Web.Mvc.Async.AsyncControllerActionInvoker.InvokeActionMethodFilterAsynchronously(IActionFilter filter, ActionExecutingContext preContext, Func`1 nextInChain)
   at System.Web.Mvc.Async.AsyncControllerActionInvoker.InvokeActionMethodFilterAsynchronously(IActionFilter filter, ActionExecutingContext preContext, Func`1 nextInChain)
   at System.Web.Mvc.Async.AsyncControllerActionInvoker.<>c__DisplayClass37.<BeginInvokeActionMethodWithFilters>b__31(AsyncCallback asyncCallback, Object asyncState)
   at System.Web.Mvc.Async.AsyncResultWrapper.WrappedAsyncResult`1.Begin(AsyncCallback callback, Object state, Int32 timeout)
   at System.Web.Mvc.Async.AsyncResultWrapper.Begin[TResult](AsyncCallback callback, Object state, BeginInvokeDelegate beginDelegate, EndInvokeDelegate`1 endDelegate, Object tag, Int32 timeout)
   at System.Web.Mvc.Async.AsyncResultWrapper.Begin[TResult](AsyncCallback callback, Object state, BeginInvokeDelegate beginDelegate, EndInvokeDelegate`1 endDelegate, Object tag)
   at System.Web.Mvc.Async.AsyncControllerActionInvoker.<>c__DisplayClass25.<BeginInvokeAction>b__1e(AsyncCallback asyncCallback, Object asyncState)
 2015-05-18 10:58:46,434 [6] INFO  StatisticalSolutions.Controllers.Base.BaseController - Application URL - /StatisticalSolutions/Base/StatisticalError 
 2015-05-18 10:58:46,435 [6] INFO  StatisticalSolutions.Controllers.Base.BaseController - Application URL - /StatisticalSolutions/Base/StatisticalError 
 2015-05-18 10:58:46,435 [6] ERROR StatisticalSolutions.Controllers.Base.BaseController - Statistical exception message - Exception has been thrown by the target of an invocation.
 2015-05-18 10:58:46,436 [6] ERROR StatisticalSolutions.Controllers.Base.BaseController - Statistical exception stack trace -    at System.RuntimeTypeHandle.CreateInstance(RuntimeType type, Boolean publicOnly, Boolean noCheck, Boolean& canBeCached, RuntimeMethodHandleInternal& ctor, Boolean& bNeedSecurityCheck)
   at System.RuntimeType.CreateInstanceSlow(Boolean publicOnly, Boolean skipCheckThis, Boolean fillCache, StackCrawlMark& stackMark)
   at System.RuntimeType.CreateInstanceDefaultCtor(Boolean publicOnly, Boolean skipCheckThis, Boolean fillCache, StackCrawlMark& stackMark)
   at System.Activator.CreateInstance(Type type, Boolean nonPublic)
   at System.Activator.CreateInstance(Type type)
   at System.Threading.LazyHelpers`1.ActivatorFactorySelector()
   at System.Threading.LazyInitializer.EnsureInitializedCore[T](T& target, Boolean& initialized, Object& syncLock, Func`1 valueFactory)
   at System.Threading.LazyInitializer.EnsureInitialized[T](T& target, Boolean& initialized, Object& syncLock)
   at StatisticalSolutions.Filters.InitializeSimpleMembershipAttribute.OnActionExecuting(ActionExecutingContext filterContext) in e:\Ola Projects\3rdPartyProjects\StatisticalSolutions\StatisticalSolutions\Filters\InitializeSimpleMembershipAttribute.cs:line 23
   at System.Web.Mvc.Async.AsyncControllerActionInvoker.InvokeActionMethodFilterAsynchronously(IActionFilter filter, ActionExecutingContext preContext, Func`1 nextInChain)
   at System.Web.Mvc.Async.AsyncControllerActionInvoker.InvokeActionMethodFilterAsynchronously(IActionFilter filter, ActionExecutingContext preContext, Func`1 nextInChain)
   at System.Web.Mvc.Async.AsyncControllerActionInvoker.<>c__DisplayClass37.<BeginInvokeActionMethodWithFilters>b__31(AsyncCallback asyncCallback, Object asyncState)
   at System.Web.Mvc.Async.AsyncResultWrapper.WrappedAsyncResult`1.Begin(AsyncCallback callback, Object state, Int32 timeout)
   at System.Web.Mvc.Async.AsyncResultWrapper.Begin[TResult](AsyncCallback callback, Object state, BeginInvokeDelegate beginDelegate, EndInvokeDelegate`1 endDelegate, Object tag, Int32 timeout)
   at System.Web.Mvc.Async.AsyncResultWrapper.Begin[TResult](AsyncCallback callback, Object state, BeginInvokeDelegate beginDelegate, EndInvokeDelegate`1 endDelegate, Object tag)
   at System.Web.Mvc.Async.AsyncControllerActionInvoker.<>c__DisplayClass25.<BeginInvokeAction>b__1e(AsyncCallback asyncCallback, Object asyncState)
 2015-05-18 10:58:46,442 [8] INFO  StatisticalSolutions.Controllers.Base.BaseController - Application URL - /StatisticalSolutions/Base/StatisticalError 
 2015-05-18 10:58:46,443 [8] INFO  StatisticalSolutions.Controllers.Base.BaseController - Application URL - /StatisticalSolutions/Base/StatisticalError 
 2015-05-18 10:58:46,444 [8] ERROR StatisticalSolutions.Controllers.Base.BaseController - Statistical exception message - Exception has been thrown by the target of an invocation.
 2015-05-18 10:58:46,444 [8] ERROR StatisticalSolutions.Controllers.Base.BaseController - Statistical exception stack trace -    at System.RuntimeTypeHandle.CreateInstance(RuntimeType type, Boolean publicOnly, Boolean noCheck, Boolean& canBeCached, RuntimeMethodHandleInternal& ctor, Boolean& bNeedSecurityCheck)
   at System.RuntimeType.CreateInstanceSlow(Boolean publicOnly, Boolean skipCheckThis, Boolean fillCache, StackCrawlMark& stackMark)
   at System.RuntimeType.CreateInstanceDefaultCtor(Boolean publicOnly, Boolean skipCheckThis, Boolean fillCache, StackCrawlMark& stackMark)
   at System.Activator.CreateInstance(Type type, Boolean nonPublic)
   at System.Activator.CreateInstance(Type type)
   at System.Threading.LazyHelpers`1.ActivatorFactorySelector()
   at System.Threading.LazyInitializer.EnsureInitializedCore[T](T& target, Boolean& initialized, Object& syncLock, Func`1 valueFactory)
   at System.Threading.LazyInitializer.EnsureInitialized[T](T& target, Boolean& initialized, Object& syncLock)
   at StatisticalSolutions.Filters.InitializeSimpleMembershipAttribute.OnActionExecuting(ActionExecutingContext filterContext) in e:\Ola Projects\3rdPartyProjects\StatisticalSolutions\StatisticalSolutions\Filters\InitializeSimpleMembershipAttribute.cs:line 23
   at System.Web.Mvc.Async.AsyncControllerActionInvoker.InvokeActionMethodFilterAsynchronously(IActionFilter filter, ActionExecutingContext preContext, Func`1 nextInChain)
   at System.Web.Mvc.Async.AsyncControllerActionInvoker.InvokeActionMethodFilterAsynchronously(IActionFilter filter, ActionExecutingContext preContext, Func`1 nextInChain)
   at System.Web.Mvc.Async.AsyncControllerActionInvoker.<>c__DisplayClass37.<BeginInvokeActionMethodWithFilters>b__31(AsyncCallback asyncCallback, Object asyncState)
   at System.Web.Mvc.Async.AsyncResultWrapper.WrappedAsyncResult`1.Begin(AsyncCallback callback, Object state, Int32 timeout)
   at System.Web.Mvc.Async.AsyncResultWrapper.Begin[TResult](AsyncCallback callback, Object state, BeginInvokeDelegate beginDelegate, EndInvokeDelegate`1 endDelegate, Object tag, Int32 timeout)
   at System.Web.Mvc.Async.AsyncResultWrapper.Begin[TResult](AsyncCallback callback, Object state, BeginInvokeDelegate beginDelegate, EndInvokeDelegate`1 endDelegate, Object tag)
   at System.Web.Mvc.Async.AsyncControllerActionInvoker.<>c__DisplayClass25.<BeginInvokeAction>b__1e(AsyncCallback asyncCallback, Object asyncState)
 2015-05-18 10:58:46,450 [7] INFO  StatisticalSolutions.Controllers.Base.BaseController - Application URL - /StatisticalSolutions/Base/StatisticalError 
 2015-05-18 10:58:46,452 [7] INFO  StatisticalSolutions.Controllers.Base.BaseController - Application URL - /StatisticalSolutions/Base/StatisticalError 
 2015-05-18 10:58:46,453 [7] ERROR StatisticalSolutions.Controllers.Base.BaseController - Statistical exception message - Exception has been thrown by the target of an invocation.
 2015-05-18 10:58:46,453 [7] ERROR StatisticalSolutions.Controllers.Base.BaseController - Statistical exception stack trace -    at System.RuntimeTypeHandle.CreateInstance(RuntimeType type, Boolean publicOnly, Boolean noCheck, Boolean& canBeCached, RuntimeMethodHandleInternal& ctor, Boolean& bNeedSecurityCheck)
   at System.RuntimeType.CreateInstanceSlow(Boolean publicOnly, Boolean skipCheckThis, Boolean fillCache, StackCrawlMark& stackMark)
   at System.RuntimeType.CreateInstanceDefaultCtor(Boolean publicOnly, Boolean skipCheckThis, Boolean fillCache, StackCrawlMark& stackMark)
   at System.Activator.CreateInstance(Type type, Boolean nonPublic)
   at System.Activator.CreateInstance(Type type)
   at System.Threading.LazyHelpers`1.ActivatorFactorySelector()
   at System.Threading.LazyInitializer.EnsureInitializedCore[T](T& target, Boolean& initialized, Object& syncLock, Func`1 valueFactory)
   at System.Threading.LazyInitializer.EnsureInitialized[T](T& target, Boolean& initialized, Object& syncLock)
   at StatisticalSolutions.Filters.InitializeSimpleMembershipAttribute.OnActionExecuting(ActionExecutingContext filterContext) in e:\Ola Projects\3rdPartyProjects\StatisticalSolutions\StatisticalSolutions\Filters\InitializeSimpleMembershipAttribute.cs:line 23
   at System.Web.Mvc.Async.AsyncControllerActionInvoker.InvokeActionMethodFilterAsynchronously(IActionFilter filter, ActionExecutingContext preContext, Func`1 nextInChain)
   at System.Web.Mvc.Async.AsyncControllerActionInvoker.InvokeActionMethodFilterAsynchronously(IActionFilter filter, ActionExecutingContext preContext, Func`1 nextInChain)
   at System.Web.Mvc.Async.AsyncControllerActionInvoker.<>c__DisplayClass37.<BeginInvokeActionMethodWithFilters>b__31(AsyncCallback asyncCallback, Object asyncState)
   at System.Web.Mvc.Async.AsyncResultWrapper.WrappedAsyncResult`1.Begin(AsyncCallback callback, Object state, Int32 timeout)
   at System.Web.Mvc.Async.AsyncResultWrapper.Begin[TResult](AsyncCallback callback, Object state, BeginInvokeDelegate beginDelegate, EndInvokeDelegate`1 endDelegate, Object tag, Int32 timeout)
   at System.Web.Mvc.Async.AsyncResultWrapper.Begin[TResult](AsyncCallback callback, Object state, BeginInvokeDelegate beginDelegate, EndInvokeDelegate`1 endDelegate, Object tag)
   at System.Web.Mvc.Async.AsyncControllerActionInvoker.<>c__DisplayClass25.<BeginInvokeAction>b__1e(AsyncCallback asyncCallback, Object asyncState)
 2015-05-18 10:58:46,460 [6] INFO  StatisticalSolutions.Controllers.Base.BaseController - Application URL - /StatisticalSolutions/Base/StatisticalError 
 2015-05-18 10:58:46,461 [6] INFO  StatisticalSolutions.Controllers.Base.BaseController - Application URL - /StatisticalSolutions/Base/StatisticalError 
 2015-05-18 10:58:46,461 [6] ERROR StatisticalSolutions.Controllers.Base.BaseController - Statistical exception message - Exception has been thrown by the target of an invocation.
 2015-05-18 10:58:46,461 [6] ERROR StatisticalSolutions.Controllers.Base.BaseController - Statistical exception stack trace -    at System.RuntimeTypeHandle.CreateInstance(RuntimeType type, Boolean publicOnly, Boolean noCheck, Boolean& canBeCached, RuntimeMethodHandleInternal& ctor, Boolean& bNeedSecurityCheck)
   at System.RuntimeType.CreateInstanceSlow(Boolean publicOnly, Boolean skipCheckThis, Boolean fillCache, StackCrawlMark& stackMark)
   at System.RuntimeType.CreateInstanceDefaultCtor(Boolean publicOnly, Boolean skipCheckThis, Boolean fillCache, StackCrawlMark& stackMark)
   at System.Activator.CreateInstance(Type type, Boolean nonPublic)
   at System.Activator.CreateInstance(Type type)
   at System.Threading.LazyHelpers`1.ActivatorFactorySelector()
   at System.Threading.LazyInitializer.EnsureInitializedCore[T](T& target, Boolean& initialized, Object& syncLock, Func`1 valueFactory)
   at System.Threading.LazyInitializer.EnsureInitialized[T](T& target, Boolean& initialized, Object& syncLock)
   at StatisticalSolutions.Filters.InitializeSimpleMembershipAttribute.OnActionExecuting(ActionExecutingContext filterContext) in e:\Ola Projects\3rdPartyProjects\StatisticalSolutions\StatisticalSolutions\Filters\InitializeSimpleMembershipAttribute.cs:line 23
   at System.Web.Mvc.Async.AsyncControllerActionInvoker.InvokeActionMethodFilterAsynchronously(IActionFilter filter, ActionExecutingContext preContext, Func`1 nextInChain)
   at System.Web.Mvc.Async.AsyncControllerActionInvoker.InvokeActionMethodFilterAsynchronously(IActionFilter filter, ActionExecutingContext preContext, Func`1 nextInChain)
   at System.Web.Mvc.Async.AsyncControllerActionInvoker.<>c__DisplayClass37.<BeginInvokeActionMethodWithFilters>b__31(AsyncCallback asyncCallback, Object asyncState)
   at System.Web.Mvc.Async.AsyncResultWrapper.WrappedAsyncResult`1.Begin(AsyncCallback callback, Object state, Int32 timeout)
   at System.Web.Mvc.Async.AsyncResultWrapper.Begin[TResult](AsyncCallback callback, Object state, BeginInvokeDelegate beginDelegate, EndInvokeDelegate`1 endDelegate, Object tag, Int32 timeout)
   at System.Web.Mvc.Async.AsyncResultWrapper.Begin[TResult](AsyncCallback callback, Object state, BeginInvokeDelegate beginDelegate, EndInvokeDelegate`1 endDelegate, Object tag)
   at System.Web.Mvc.Async.AsyncControllerActionInvoker.<>c__DisplayClass25.<BeginInvokeAction>b__1e(AsyncCallback asyncCallback, Object asyncState)
 2015-05-18 10:58:46,467 [8] INFO  StatisticalSolutions.Controllers.Base.BaseController - Application URL - /StatisticalSolutions/Base/StatisticalError 
 2015-05-18 10:58:46,468 [8] INFO  StatisticalSolutions.Controllers.Base.BaseController - Application URL - /StatisticalSolutions/Base/StatisticalError 
 2015-05-18 10:58:46,468 [8] ERROR StatisticalSolutions.Controllers.Base.BaseController - Statistical exception message - Exception has been thrown by the target of an invocation.
 2015-05-18 10:58:46,468 [8] ERROR StatisticalSolutions.Controllers.Base.BaseController - Statistical exception stack trace -    at System.RuntimeTypeHandle.CreateInstance(RuntimeType type, Boolean publicOnly, Boolean noCheck, Boolean& canBeCached, RuntimeMethodHandleInternal& ctor, Boolean& bNeedSecurityCheck)
   at System.RuntimeType.CreateInstanceSlow(Boolean publicOnly, Boolean skipCheckThis, Boolean fillCache, StackCrawlMark& stackMark)
   at System.RuntimeType.CreateInstanceDefaultCtor(Boolean publicOnly, Boolean skipCheckThis, Boolean fillCache, StackCrawlMark& stackMark)
   at System.Activator.CreateInstance(Type type, Boolean nonPublic)
   at System.Activator.CreateInstance(Type type)
   at System.Threading.LazyHelpers`1.ActivatorFactorySelector()
   at System.Threading.LazyInitializer.EnsureInitializedCore[T](T& target, Boolean& initialized, Object& syncLock, Func`1 valueFactory)
   at System.Threading.LazyInitializer.EnsureInitialized[T](T& target, Boolean& initialized, Object& syncLock)
   at StatisticalSolutions.Filters.InitializeSimpleMembershipAttribute.OnActionExecuting(ActionExecutingContext filterContext) in e:\Ola Projects\3rdPartyProjects\StatisticalSolutions\StatisticalSolutions\Filters\InitializeSimpleMembershipAttribute.cs:line 23
   at System.Web.Mvc.Async.AsyncControllerActionInvoker.InvokeActionMethodFilterAsynchronously(IActionFilter filter, ActionExecutingContext preContext, Func`1 nextInChain)
   at System.Web.Mvc.Async.AsyncControllerActionInvoker.InvokeActionMethodFilterAsynchronously(IActionFilter filter, ActionExecutingContext preContext, Func`1 nextInChain)
   at System.Web.Mvc.Async.AsyncControllerActionInvoker.<>c__DisplayClass37.<BeginInvokeActionMethodWithFilters>b__31(AsyncCallback asyncCallback, Object asyncState)
   at System.Web.Mvc.Async.AsyncResultWrapper.WrappedAsyncResult`1.Begin(AsyncCallback callback, Object state, Int32 timeout)
   at System.Web.Mvc.Async.AsyncResultWrapper.Begin[TResult](AsyncCallback callback, Object state, BeginInvokeDelegate beginDelegate, EndInvokeDelegate`1 endDelegate, Object tag, Int32 timeout)
   at System.Web.Mvc.Async.AsyncResultWrapper.Begin[TResult](AsyncCallback callback, Object state, BeginInvokeDelegate beginDelegate, EndInvokeDelegate`1 endDelegate, Object tag)
   at System.Web.Mvc.Async.AsyncControllerActionInvoker.<>c__DisplayClass25.<BeginInvokeAction>b__1e(AsyncCallback asyncCallback, Object asyncState)
 2015-05-18 10:58:46,475 [7] INFO  StatisticalSolutions.Controllers.Base.BaseController - Application URL - /StatisticalSolutions/Base/StatisticalError 
 2015-05-18 10:58:46,476 [7] INFO  StatisticalSolutions.Controllers.Base.BaseController - Application URL - /StatisticalSolutions/Base/StatisticalError 
 2015-05-18 10:58:46,476 [7] ERROR StatisticalSolutions.Controllers.Base.BaseController - Statistical exception message - Exception has been thrown by the target of an invocation.
 2015-05-18 10:58:46,476 [7] ERROR StatisticalSolutions.Controllers.Base.BaseController - Statistical exception stack trace -    at System.RuntimeTypeHandle.CreateInstance(RuntimeType type, Boolean publicOnly, Boolean noCheck, Boolean& canBeCached, RuntimeMethodHandleInternal& ctor, Boolean& bNeedSecurityCheck)
   at System.RuntimeType.CreateInstanceSlow(Boolean publicOnly, Boolean skipCheckThis, Boolean fillCache, StackCrawlMark& stackMark)
   at System.RuntimeType.CreateInstanceDefaultCtor(Boolean publicOnly, Boolean skipCheckThis, Boolean fillCache, StackCrawlMark& stackMark)
   at System.Activator.CreateInstance(Type type, Boolean nonPublic)
   at System.Activator.CreateInstance(Type type)
   at System.Threading.LazyHelpers`1.ActivatorFactorySelector()
   at System.Threading.LazyInitializer.EnsureInitializedCore[T](T& target, Boolean& initialized, Object& syncLock, Func`1 valueFactory)
   at System.Threading.LazyInitializer.EnsureInitialized[T](T& target, Boolean& initialized, Object& syncLock)
   at StatisticalSolutions.Filters.InitializeSimpleMembershipAttribute.OnActionExecuting(ActionExecutingContext filterContext) in e:\Ola Projects\3rdPartyProjects\StatisticalSolutions\StatisticalSolutions\Filters\InitializeSimpleMembershipAttribute.cs:line 23
   at System.Web.Mvc.Async.AsyncControllerActionInvoker.InvokeActionMethodFilterAsynchronously(IActionFilter filter, ActionExecutingContext preContext, Func`1 nextInChain)
   at System.Web.Mvc.Async.AsyncControllerActionInvoker.InvokeActionMethodFilterAsynchronously(IActionFilter filter, ActionExecutingContext preContext, Func`1 nextInChain)
   at System.Web.Mvc.Async.AsyncControllerActionInvoker.<>c__DisplayClass37.<BeginInvokeActionMethodWithFilters>b__31(AsyncCallback asyncCallback, Object asyncState)
   at System.Web.Mvc.Async.AsyncResultWrapper.WrappedAsyncResult`1.Begin(AsyncCallback callback, Object state, Int32 timeout)
   at System.Web.Mvc.Async.AsyncResultWrapper.Begin[TResult](AsyncCallback callback, Object state, BeginInvokeDelegate beginDelegate, EndInvokeDelegate`1 endDelegate, Object tag, Int32 timeout)
   at System.Web.Mvc.Async.AsyncResultWrapper.Begin[TResult](AsyncCallback callback, Object state, BeginInvokeDelegate beginDelegate, EndInvokeDelegate`1 endDelegate, Object tag)
   at System.Web.Mvc.Async.AsyncControllerActionInvoker.<>c__DisplayClass25.<BeginInvokeAction>b__1e(AsyncCallback asyncCallback, Object asyncState)
 2015-05-18 10:58:46,482 [9] INFO  StatisticalSolutions.Controllers.Base.BaseController - Application URL - /StatisticalSolutions/Base/StatisticalError 
 2015-05-18 10:58:46,483 [9] INFO  StatisticalSolutions.Controllers.Base.BaseController - Application URL - /StatisticalSolutions/Base/StatisticalError 
 2015-05-18 10:58:46,484 [9] ERROR StatisticalSolutions.Controllers.Base.BaseController - Statistical exception message - Exception has been thrown by the target of an invocation.
 2015-05-18 10:58:46,484 [9] ERROR StatisticalSolutions.Controllers.Base.BaseController - Statistical exception stack trace -    at System.RuntimeTypeHandle.CreateInstance(RuntimeType type, Boolean publicOnly, Boolean noCheck, Boolean& canBeCached, RuntimeMethodHandleInternal& ctor, Boolean& bNeedSecurityCheck)
   at System.RuntimeType.CreateInstanceSlow(Boolean publicOnly, Boolean skipCheckThis, Boolean fillCache, StackCrawlMark& stackMark)
   at System.RuntimeType.CreateInstanceDefaultCtor(Boolean publicOnly, Boolean skipCheckThis, Boolean fillCache, StackCrawlMark& stackMark)
   at System.Activator.CreateInstance(Type type, Boolean nonPublic)
   at System.Activator.CreateInstance(Type type)
   at System.Threading.LazyHelpers`1.ActivatorFactorySelector()
   at System.Threading.LazyInitializer.EnsureInitializedCore[T](T& target, Boolean& initialized, Object& syncLock, Func`1 valueFactory)
   at System.Threading.LazyInitializer.EnsureInitialized[T](T& target, Boolean& initialized, Object& syncLock)
   at StatisticalSolutions.Filters.InitializeSimpleMembershipAttribute.OnActionExecuting(ActionExecutingContext filterContext) in e:\Ola Projects\3rdPartyProjects\StatisticalSolutions\StatisticalSolutions\Filters\InitializeSimpleMembershipAttribute.cs:line 23
   at System.Web.Mvc.Async.AsyncControllerActionInvoker.InvokeActionMethodFilterAsynchronously(IActionFilter filter, ActionExecutingContext preContext, Func`1 nextInChain)
   at System.Web.Mvc.Async.AsyncControllerActionInvoker.InvokeActionMethodFilterAsynchronously(IActionFilter filter, ActionExecutingContext preContext, Func`1 nextInChain)
   at System.Web.Mvc.Async.AsyncControllerActionInvoker.<>c__DisplayClass37.<BeginInvokeActionMethodWithFilters>b__31(AsyncCallback asyncCallback, Object asyncState)
   at System.Web.Mvc.Async.AsyncResultWrapper.WrappedAsyncResult`1.Begin(AsyncCallback callback, Object state, Int32 timeout)
   at System.Web.Mvc.Async.AsyncResultWrapper.Begin[TResult](AsyncCallback callback, Object state, BeginInvokeDelegate beginDelegate, EndInvokeDelegate`1 endDelegate, Object tag, Int32 timeout)
   at System.Web.Mvc.Async.AsyncResultWrapper.Begin[TResult](AsyncCallback callback, Object state, BeginInvokeDelegate beginDelegate, EndInvokeDelegate`1 endDelegate, Object tag)
   at System.Web.Mvc.Async.AsyncControllerActionInvoker.<>c__DisplayClass25.<BeginInvokeAction>b__1e(AsyncCallback asyncCallback, Object asyncState)
 2015-05-18 10:58:46,490 [8] INFO  StatisticalSolutions.Controllers.Base.BaseController - Application URL - /StatisticalSolutions/Base/StatisticalError 
 2015-05-18 10:58:46,491 [8] INFO  StatisticalSolutions.Controllers.Base.BaseController - Application URL - /StatisticalSolutions/Base/StatisticalError 
 2015-05-18 10:58:46,491 [8] ERROR StatisticalSolutions.Controllers.Base.BaseController - Statistical exception message - Exception has been thrown by the target of an invocation.
 2015-05-18 10:58:46,491 [8] ERROR StatisticalSolutions.Controllers.Base.BaseController - Statistical exception stack trace -    at System.RuntimeTypeHandle.CreateInstance(RuntimeType type, Boolean publicOnly, Boolean noCheck, Boolean& canBeCached, RuntimeMethodHandleInternal& ctor, Boolean& bNeedSecurityCheck)
   at System.RuntimeType.CreateInstanceSlow(Boolean publicOnly, Boolean skipCheckThis, Boolean fillCache, StackCrawlMark& stackMark)
   at System.RuntimeType.CreateInstanceDefaultCtor(Boolean publicOnly, Boolean skipCheckThis, Boolean fillCache, StackCrawlMark& stackMark)
   at System.Activator.CreateInstance(Type type, Boolean nonPublic)
   at System.Activator.CreateInstance(Type type)
   at System.Threading.LazyHelpers`1.ActivatorFactorySelector()
   at System.Threading.LazyInitializer.EnsureInitializedCore[T](T& target, Boolean& initialized, Object& syncLock, Func`1 valueFactory)
   at System.Threading.LazyInitializer.EnsureInitialized[T](T& target, Boolean& initialized, Object& syncLock)
   at StatisticalSolutions.Filters.InitializeSimpleMembershipAttribute.OnActionExecuting(ActionExecutingContext filterContext) in e:\Ola Projects\3rdPartyProjects\StatisticalSolutions\StatisticalSolutions\Filters\InitializeSimpleMembershipAttribute.cs:line 23
   at System.Web.Mvc.Async.AsyncControllerActionInvoker.InvokeActionMethodFilterAsynchronously(IActionFilter filter, ActionExecutingContext preContext, Func`1 nextInChain)
   at System.Web.Mvc.Async.AsyncControllerActionInvoker.InvokeActionMethodFilterAsynchronously(IActionFilter filter, ActionExecutingContext preContext, Func`1 nextInChain)
   at System.Web.Mvc.Async.AsyncControllerActionInvoker.<>c__DisplayClass37.<BeginInvokeActionMethodWithFilters>b__31(AsyncCallback asyncCallback, Object asyncState)
   at System.Web.Mvc.Async.AsyncResultWrapper.WrappedAsyncResult`1.Begin(AsyncCallback callback, Object state, Int32 timeout)
   at System.Web.Mvc.Async.AsyncResultWrapper.Begin[TResult](AsyncCallback callback, Object state, BeginInvokeDelegate beginDelegate, EndInvokeDelegate`1 endDelegate, Object tag, Int32 timeout)
   at System.Web.Mvc.Async.AsyncResultWrapper.Begin[TResult](AsyncCallback callback, Object state, BeginInvokeDelegate beginDelegate, EndInvokeDelegate`1 endDelegate, Object tag)
   at System.Web.Mvc.Async.AsyncControllerActionInvoker.<>c__DisplayClass25.<BeginInvokeAction>b__1e(AsyncCallback asyncCallback, Object asyncState)
 2015-05-18 10:58:46,497 [6] INFO  StatisticalSolutions.Controllers.Base.BaseController - Application URL - /StatisticalSolutions/Base/StatisticalError 
 2015-05-18 10:58:46,498 [6] INFO  StatisticalSolutions.Controllers.Base.BaseController - Application URL - /StatisticalSolutions/Base/StatisticalError 
 2015-05-18 10:58:46,499 [6] ERROR StatisticalSolutions.Controllers.Base.BaseController - Statistical exception message - Exception has been thrown by the target of an invocation.
 2015-05-18 10:58:46,499 [6] ERROR StatisticalSolutions.Controllers.Base.BaseController - Statistical exception stack trace -    at System.RuntimeTypeHandle.CreateInstance(RuntimeType type, Boolean publicOnly, Boolean noCheck, Boolean& canBeCached, RuntimeMethodHandleInternal& ctor, Boolean& bNeedSecurityCheck)
   at System.RuntimeType.CreateInstanceSlow(Boolean publicOnly, Boolean skipCheckThis, Boolean fillCache, StackCrawlMark& stackMark)
   at System.RuntimeType.CreateInstanceDefaultCtor(Boolean publicOnly, Boolean skipCheckThis, Boolean fillCache, StackCrawlMark& stackMark)
   at System.Activator.CreateInstance(Type type, Boolean nonPublic)
   at System.Activator.CreateInstance(Type type)
   at System.Threading.LazyHelpers`1.ActivatorFactorySelector()
   at System.Threading.LazyInitializer.EnsureInitializedCore[T](T& target, Boolean& initialized, Object& syncLock, Func`1 valueFactory)
   at System.Threading.LazyInitializer.EnsureInitialized[T](T& target, Boolean& initialized, Object& syncLock)
   at StatisticalSolutions.Filters.InitializeSimpleMembershipAttribute.OnActionExecuting(ActionExecutingContext filterContext) in e:\Ola Projects\3rdPartyProjects\StatisticalSolutions\StatisticalSolutions\Filters\InitializeSimpleMembershipAttribute.cs:line 23
   at System.Web.Mvc.Async.AsyncControllerActionInvoker.InvokeActionMethodFilterAsynchronously(IActionFilter filter, ActionExecutingContext preContext, Func`1 nextInChain)
   at System.Web.Mvc.Async.AsyncControllerActionInvoker.InvokeActionMethodFilterAsynchronously(IActionFilter filter, ActionExecutingContext preContext, Func`1 nextInChain)
   at System.Web.Mvc.Async.AsyncControllerActionInvoker.<>c__DisplayClass37.<BeginInvokeActionMethodWithFilters>b__31(AsyncCallback asyncCallback, Object asyncState)
   at System.Web.Mvc.Async.AsyncResultWrapper.WrappedAsyncResult`1.Begin(AsyncCallback callback, Object state, Int32 timeout)
   at System.Web.Mvc.Async.AsyncResultWrapper.Begin[TResult](AsyncCallback callback, Object state, BeginInvokeDelegate beginDelegate, EndInvokeDelegate`1 endDelegate, Object tag, Int32 timeout)
   at System.Web.Mvc.Async.AsyncResultWrapper.Begin[TResult](AsyncCallback callback, Object state, BeginInvokeDelegate beginDelegate, EndInvokeDelegate`1 endDelegate, Object tag)
   at System.Web.Mvc.Async.AsyncControllerActionInvoker.<>c__DisplayClass25.<BeginInvokeAction>b__1e(AsyncCallback asyncCallback, Object asyncState)
 2015-05-18 10:58:46,505 [9] INFO  StatisticalSolutions.Controllers.Base.BaseController - Application URL - /StatisticalSolutions/Base/StatisticalError 
 2015-05-18 10:58:46,506 [9] INFO  StatisticalSolutions.Controllers.Base.BaseController - Application URL - /StatisticalSolutions/Base/StatisticalError 
 2015-05-18 10:58:46,507 [9] ERROR StatisticalSolutions.Controllers.Base.BaseController - Statistical exception message - Exception has been thrown by the target of an invocation.
 2015-05-18 10:58:46,507 [9] ERROR StatisticalSolutions.Controllers.Base.BaseController - Statistical exception stack trace -    at System.RuntimeTypeHandle.CreateInstance(RuntimeType type, Boolean publicOnly, Boolean noCheck, Boolean& canBeCached, RuntimeMethodHandleInternal& ctor, Boolean& bNeedSecurityCheck)
   at System.RuntimeType.CreateInstanceSlow(Boolean publicOnly, Boolean skipCheckThis, Boolean fillCache, StackCrawlMark& stackMark)
   at System.RuntimeType.CreateInstanceDefaultCtor(Boolean publicOnly, Boolean skipCheckThis, Boolean fillCache, StackCrawlMark& stackMark)
   at System.Activator.CreateInstance(Type type, Boolean nonPublic)
   at System.Activator.CreateInstance(Type type)
   at System.Threading.LazyHelpers`1.ActivatorFactorySelector()
   at System.Threading.LazyInitializer.EnsureInitializedCore[T](T& target, Boolean& initialized, Object& syncLock, Func`1 valueFactory)
   at System.Threading.LazyInitializer.EnsureInitialized[T](T& target, Boolean& initialized, Object& syncLock)
   at StatisticalSolutions.Filters.InitializeSimpleMembershipAttribute.OnActionExecuting(ActionExecutingContext filterContext) in e:\Ola Projects\3rdPartyProjects\StatisticalSolutions\StatisticalSolutions\Filters\InitializeSimpleMembershipAttribute.cs:line 23
   at System.Web.Mvc.Async.AsyncControllerActionInvoker.InvokeActionMethodFilterAsynchronously(IActionFilter filter, ActionExecutingContext preContext, Func`1 nextInChain)
   at System.Web.Mvc.Async.AsyncControllerActionInvoker.InvokeActionMethodFilterAsynchronously(IActionFilter filter, ActionExecutingContext preContext, Func`1 nextInChain)
   at System.Web.Mvc.Async.AsyncControllerActionInvoker.<>c__DisplayClass37.<BeginInvokeActionMethodWithFilters>b__31(AsyncCallback asyncCallback, Object asyncState)
   at System.Web.Mvc.Async.AsyncResultWrapper.WrappedAsyncResult`1.Begin(AsyncCallback callback, Object state, Int32 timeout)
   at System.Web.Mvc.Async.AsyncResultWrapper.Begin[TResult](AsyncCallback callback, Object state, BeginInvokeDelegate beginDelegate, EndInvokeDelegate`1 endDelegate, Object tag, Int32 timeout)
   at System.Web.Mvc.Async.AsyncResultWrapper.Begin[TResult](AsyncCallback callback, Object state, BeginInvokeDelegate beginDelegate, EndInvokeDelegate`1 endDelegate, Object tag)
   at System.Web.Mvc.Async.AsyncControllerActionInvoker.<>c__DisplayClass25.<BeginInvokeAction>b__1e(AsyncCallback asyncCallback, Object asyncState)
 2015-05-18 10:58:46,514 [8] INFO  StatisticalSolutions.Controllers.Base.BaseController - Application URL - /StatisticalSolutions/Base/StatisticalError 
 2015-05-18 10:58:46,515 [8] INFO  StatisticalSolutions.Controllers.Base.BaseController - Application URL - /StatisticalSolutions/Base/StatisticalError 
 2015-05-18 10:58:46,515 [8] ERROR StatisticalSolutions.Controllers.Base.BaseController - Statistical exception message - Exception has been thrown by the target of an invocation.
 2015-05-18 10:58:46,515 [8] ERROR StatisticalSolutions.Controllers.Base.BaseController - Statistical exception stack trace -    at System.RuntimeTypeHandle.CreateInstance(RuntimeType type, Boolean publicOnly, Boolean noCheck, Boolean& canBeCached, RuntimeMethodHandleInternal& ctor, Boolean& bNeedSecurityCheck)
   at System.RuntimeType.CreateInstanceSlow(Boolean publicOnly, Boolean skipCheckThis, Boolean fillCache, StackCrawlMark& stackMark)
   at System.RuntimeType.CreateInstanceDefaultCtor(Boolean publicOnly, Boolean skipCheckThis, Boolean fillCache, StackCrawlMark& stackMark)
   at System.Activator.CreateInstance(Type type, Boolean nonPublic)
   at System.Activator.CreateInstance(Type type)
   at System.Threading.LazyHelpers`1.ActivatorFactorySelector()
   at System.Threading.LazyInitializer.EnsureInitializedCore[T](T& target, Boolean& initialized, Object& syncLock, Func`1 valueFactory)
   at System.Threading.LazyInitializer.EnsureInitialized[T](T& target, Boolean& initialized, Object& syncLock)
   at StatisticalSolutions.Filters.InitializeSimpleMembershipAttribute.OnActionExecuting(ActionExecutingContext filterContext) in e:\Ola Projects\3rdPartyProjects\StatisticalSolutions\StatisticalSolutions\Filters\InitializeSimpleMembershipAttribute.cs:line 23
   at System.Web.Mvc.Async.AsyncControllerActionInvoker.InvokeActionMethodFilterAsynchronously(IActionFilter filter, ActionExecutingContext preContext, Func`1 nextInChain)
   at System.Web.Mvc.Async.AsyncControllerActionInvoker.InvokeActionMethodFilterAsynchronously(IActionFilter filter, ActionExecutingContext preContext, Func`1 nextInChain)
   at System.Web.Mvc.Async.AsyncControllerActionInvoker.<>c__DisplayClass37.<BeginInvokeActionMethodWithFilters>b__31(AsyncCallback asyncCallback, Object asyncState)
   at System.Web.Mvc.Async.AsyncResultWrapper.WrappedAsyncResult`1.Begin(AsyncCallback callback, Object state, Int32 timeout)
   at System.Web.Mvc.Async.AsyncResultWrapper.Begin[TResult](AsyncCallback callback, Object state, BeginInvokeDelegate beginDelegate, EndInvokeDelegate`1 endDelegate, Object tag, Int32 timeout)
   at System.Web.Mvc.Async.AsyncResultWrapper.Begin[TResult](AsyncCallback callback, Object state, BeginInvokeDelegate beginDelegate, EndInvokeDelegate`1 endDelegate, Object tag)
   at System.Web.Mvc.Async.AsyncControllerActionInvoker.<>c__DisplayClass25.<BeginInvokeAction>b__1e(AsyncCallback asyncCallback, Object asyncState)
 2015-05-18 10:58:46,522 [6] INFO  StatisticalSolutions.Controllers.Base.BaseController - Application URL - /StatisticalSolutions/Base/StatisticalError 
 2015-05-18 10:58:46,523 [6] INFO  StatisticalSolutions.Controllers.Base.BaseController - Application URL - /StatisticalSolutions/Base/StatisticalError 
 2015-05-18 10:58:46,523 [6] ERROR StatisticalSolutions.Controllers.Base.BaseController - Statistical exception message - Exception has been thrown by the target of an invocation.
 2015-05-18 10:58:46,523 [6] ERROR StatisticalSolutions.Controllers.Base.BaseController - Statistical exception stack trace -    at System.RuntimeTypeHandle.CreateInstance(RuntimeType type, Boolean publicOnly, Boolean noCheck, Boolean& canBeCached, RuntimeMethodHandleInternal& ctor, Boolean& bNeedSecurityCheck)
   at System.RuntimeType.CreateInstanceSlow(Boolean publicOnly, Boolean skipCheckThis, Boolean fillCache, StackCrawlMark& stackMark)
   at System.RuntimeType.CreateInstanceDefaultCtor(Boolean publicOnly, Boolean skipCheckThis, Boolean fillCache, StackCrawlMark& stackMark)
   at System.Activator.CreateInstance(Type type, Boolean nonPublic)
   at System.Activator.CreateInstance(Type type)
   at System.Threading.LazyHelpers`1.ActivatorFactorySelector()
   at System.Threading.LazyInitializer.EnsureInitializedCore[T](T& target, Boolean& initialized, Object& syncLock, Func`1 valueFactory)
   at System.Threading.LazyInitializer.EnsureInitialized[T](T& target, Boolean& initialized, Object& syncLock)
   at StatisticalSolutions.Filters.InitializeSimpleMembershipAttribute.OnActionExecuting(ActionExecutingContext filterContext) in e:\Ola Projects\3rdPartyProjects\StatisticalSolutions\StatisticalSolutions\Filters\InitializeSimpleMembershipAttribute.cs:line 23
   at System.Web.Mvc.Async.AsyncControllerActionInvoker.InvokeActionMethodFilterAsynchronously(IActionFilter filter, ActionExecutingContext preContext, Func`1 nextInChain)
   at System.Web.Mvc.Async.AsyncControllerActionInvoker.InvokeActionMethodFilterAsynchronously(IActionFilter filter, ActionExecutingContext preContext, Func`1 nextInChain)
   at System.Web.Mvc.Async.AsyncControllerActionInvoker.<>c__DisplayClass37.<BeginInvokeActionMethodWithFilters>b__31(AsyncCallback asyncCallback, Object asyncState)
   at System.Web.Mvc.Async.AsyncResultWrapper.WrappedAsyncResult`1.Begin(AsyncCallback callback, Object state, Int32 timeout)
   at System.Web.Mvc.Async.AsyncResultWrapper.Begin[TResult](AsyncCallback callback, Object state, BeginInvokeDelegate beginDelegate, EndInvokeDelegate`1 endDelegate, Object tag, Int32 timeout)
   at System.Web.Mvc.Async.AsyncResultWrapper.Begin[TResult](AsyncCallback callback, Object state, BeginInvokeDelegate beginDelegate, EndInvokeDelegate`1 endDelegate, Object tag)
   at System.Web.Mvc.Async.AsyncControllerActionInvoker.<>c__DisplayClass25.<BeginInvokeAction>b__1e(AsyncCallback asyncCallback, Object asyncState)
 2015-05-18 10:58:46,530 [9] INFO  StatisticalSolutions.Controllers.Base.BaseController - Application URL - /StatisticalSolutions/Base/StatisticalError 
 2015-05-18 10:58:46,531 [9] INFO  StatisticalSolutions.Controllers.Base.BaseController - Application URL - /StatisticalSolutions/Base/StatisticalError 
 2015-05-18 10:58:46,532 [9] ERROR StatisticalSolutions.Controllers.Base.BaseController - Statistical exception message - Exception has been thrown by the target of an invocation.
 2015-05-18 10:58:46,532 [9] ERROR StatisticalSolutions.Controllers.Base.BaseController - Statistical exception stack trace -    at System.RuntimeTypeHandle.CreateInstance(RuntimeType type, Boolean publicOnly, Boolean noCheck, Boolean& canBeCached, RuntimeMethodHandleInternal& ctor, Boolean& bNeedSecurityCheck)
   at System.RuntimeType.CreateInstanceSlow(Boolean publicOnly, Boolean skipCheckThis, Boolean fillCache, StackCrawlMark& stackMark)
   at System.RuntimeType.CreateInstanceDefaultCtor(Boolean publicOnly, Boolean skipCheckThis, Boolean fillCache, StackCrawlMark& stackMark)
   at System.Activator.CreateInstance(Type type, Boolean nonPublic)
   at System.Activator.CreateInstance(Type type)
   at System.Threading.LazyHelpers`1.ActivatorFactorySelector()
   at System.Threading.LazyInitializer.EnsureInitializedCore[T](T& target, Boolean& initialized, Object& syncLock, Func`1 valueFactory)
   at System.Threading.LazyInitializer.EnsureInitialized[T](T& target, Boolean& initialized, Object& syncLock)
   at StatisticalSolutions.Filters.InitializeSimpleMembershipAttribute.OnActionExecuting(ActionExecutingContext filterContext) in e:\Ola Projects\3rdPartyProjects\StatisticalSolutions\StatisticalSolutions\Filters\InitializeSimpleMembershipAttribute.cs:line 23
   at System.Web.Mvc.Async.AsyncControllerActionInvoker.InvokeActionMethodFilterAsynchronously(IActionFilter filter, ActionExecutingContext preContext, Func`1 nextInChain)
   at System.Web.Mvc.Async.AsyncControllerActionInvoker.InvokeActionMethodFilterAsynchronously(IActionFilter filter, ActionExecutingContext preContext, Func`1 nextInChain)
   at System.Web.Mvc.Async.AsyncControllerActionInvoker.<>c__DisplayClass37.<BeginInvokeActionMethodWithFilters>b__31(AsyncCallback asyncCallback, Object asyncState)
   at System.Web.Mvc.Async.AsyncResultWrapper.WrappedAsyncResult`1.Begin(AsyncCallback callback, Object state, Int32 timeout)
   at System.Web.Mvc.Async.AsyncResultWrapper.Begin[TResult](AsyncCallback callback, Object state, BeginInvokeDelegate beginDelegate, EndInvokeDelegate`1 endDelegate, Object tag, Int32 timeout)
   at System.Web.Mvc.Async.AsyncResultWrapper.Begin[TResult](AsyncCallback callback, Object state, BeginInvokeDelegate beginDelegate, EndInvokeDelegate`1 endDelegate, Object tag)
   at System.Web.Mvc.Async.AsyncControllerActionInvoker.<>c__DisplayClass25.<BeginInvokeAction>b__1e(AsyncCallback asyncCallback, Object asyncState)
 2015-05-18 10:58:46,539 [8] INFO  StatisticalSolutions.Controllers.Base.BaseController - Application URL - /StatisticalSolutions/Base/StatisticalError 
 2015-05-18 10:58:46,540 [8] INFO  StatisticalSolutions.Controllers.Base.BaseController - Application URL - /StatisticalSolutions/Base/StatisticalError 
 2015-05-18 10:58:46,541 [8] ERROR StatisticalSolutions.Controllers.Base.BaseController - Statistical exception message - Exception has been thrown by the target of an invocation.
 2015-05-18 10:58:46,541 [8] ERROR StatisticalSolutions.Controllers.Base.BaseController - Statistical exception stack trace -    at System.RuntimeTypeHandle.CreateInstance(RuntimeType type, Boolean publicOnly, Boolean noCheck, Boolean& canBeCached, RuntimeMethodHandleInternal& ctor, Boolean& bNeedSecurityCheck)
   at System.RuntimeType.CreateInstanceSlow(Boolean publicOnly, Boolean skipCheckThis, Boolean fillCache, StackCrawlMark& stackMark)
   at System.RuntimeType.CreateInstanceDefaultCtor(Boolean publicOnly, Boolean skipCheckThis, Boolean fillCache, StackCrawlMark& stackMark)
   at System.Activator.CreateInstance(Type type, Boolean nonPublic)
   at System.Activator.CreateInstance(Type type)
   at System.Threading.LazyHelpers`1.ActivatorFactorySelector()
   at System.Threading.LazyInitializer.EnsureInitializedCore[T](T& target, Boolean& initialized, Object& syncLock, Func`1 valueFactory)
   at System.Threading.LazyInitializer.EnsureInitialized[T](T& target, Boolean& initialized, Object& syncLock)
   at StatisticalSolutions.Filters.InitializeSimpleMembershipAttribute.OnActionExecuting(ActionExecutingContext filterContext) in e:\Ola Projects\3rdPartyProjects\StatisticalSolutions\StatisticalSolutions\Filters\InitializeSimpleMembershipAttribute.cs:line 23
   at System.Web.Mvc.Async.AsyncControllerActionInvoker.InvokeActionMethodFilterAsynchronously(IActionFilter filter, ActionExecutingContext preContext, Func`1 nextInChain)
   at System.Web.Mvc.Async.AsyncControllerActionInvoker.InvokeActionMethodFilterAsynchronously(IActionFilter filter, ActionExecutingContext preContext, Func`1 nextInChain)
   at System.Web.Mvc.Async.AsyncControllerActionInvoker.<>c__DisplayClass37.<BeginInvokeActionMethodWithFilters>b__31(AsyncCallback asyncCallback, Object asyncState)
   at System.Web.Mvc.Async.AsyncResultWrapper.WrappedAsyncResult`1.Begin(AsyncCallback callback, Object state, Int32 timeout)
   at System.Web.Mvc.Async.AsyncResultWrapper.Begin[TResult](AsyncCallback callback, Object state, BeginInvokeDelegate beginDelegate, EndInvokeDelegate`1 endDelegate, Object tag, Int32 timeout)
   at System.Web.Mvc.Async.AsyncResultWrapper.Begin[TResult](AsyncCallback callback, Object state, BeginInvokeDelegate beginDelegate, EndInvokeDelegate`1 endDelegate, Object tag)
   at System.Web.Mvc.Async.AsyncControllerActionInvoker.<>c__DisplayClass25.<BeginInvokeAction>b__1e(AsyncCallback asyncCallback, Object asyncState)
 2015-05-18 10:58:46,548 [7] INFO  StatisticalSolutions.Controllers.Base.BaseController - Application URL - /StatisticalSolutions/Base/StatisticalError 
 2015-05-18 10:58:46,549 [7] INFO  StatisticalSolutions.Controllers.Base.BaseController - Application URL - /StatisticalSolutions/Base/StatisticalError 
 2015-05-18 10:58:46,549 [7] ERROR StatisticalSolutions.Controllers.Base.BaseController - Statistical exception message - Exception has been thrown by the target of an invocation.
 2015-05-18 10:58:46,549 [7] ERROR StatisticalSolutions.Controllers.Base.BaseController - Statistical exception stack trace -    at System.RuntimeTypeHandle.CreateInstance(RuntimeType type, Boolean publicOnly, Boolean noCheck, Boolean& canBeCached, RuntimeMethodHandleInternal& ctor, Boolean& bNeedSecurityCheck)
   at System.RuntimeType.CreateInstanceSlow(Boolean publicOnly, Boolean skipCheckThis, Boolean fillCache, StackCrawlMark& stackMark)
   at System.RuntimeType.CreateInstanceDefaultCtor(Boolean publicOnly, Boolean skipCheckThis, Boolean fillCache, StackCrawlMark& stackMark)
   at System.Activator.CreateInstance(Type type, Boolean nonPublic)
   at System.Activator.CreateInstance(Type type)
   at System.Threading.LazyHelpers`1.ActivatorFactorySelector()
   at System.Threading.LazyInitializer.EnsureInitializedCore[T](T& target, Boolean& initialized, Object& syncLock, Func`1 valueFactory)
   at System.Threading.LazyInitializer.EnsureInitialized[T](T& target, Boolean& initialized, Object& syncLock)
   at StatisticalSolutions.Filters.InitializeSimpleMembershipAttribute.OnActionExecuting(ActionExecutingContext filterContext) in e:\Ola Projects\3rdPartyProjects\StatisticalSolutions\StatisticalSolutions\Filters\InitializeSimpleMembershipAttribute.cs:line 23
   at System.Web.Mvc.Async.AsyncControllerActionInvoker.InvokeActionMethodFilterAsynchronously(IActionFilter filter, ActionExecutingContext preContext, Func`1 nextInChain)
   at System.Web.Mvc.Async.AsyncControllerActionInvoker.InvokeActionMethodFilterAsynchronously(IActionFilter filter, ActionExecutingContext preContext, Func`1 nextInChain)
   at System.Web.Mvc.Async.AsyncControllerActionInvoker.<>c__DisplayClass37.<BeginInvokeActionMethodWithFilters>b__31(AsyncCallback asyncCallback, Object asyncState)
   at System.Web.Mvc.Async.AsyncResultWrapper.WrappedAsyncResult`1.Begin(AsyncCallback callback, Object state, Int32 timeout)
   at System.Web.Mvc.Async.AsyncResultWrapper.Begin[TResult](AsyncCallback callback, Object state, BeginInvokeDelegate beginDelegate, EndInvokeDelegate`1 endDelegate, Object tag, Int32 timeout)
   at System.Web.Mvc.Async.AsyncResultWrapper.Begin[TResult](AsyncCallback callback, Object state, BeginInvokeDelegate beginDelegate, EndInvokeDelegate`1 endDelegate, Object tag)
   at System.Web.Mvc.Async.AsyncControllerActionInvoker.<>c__DisplayClass25.<BeginInvokeAction>b__1e(AsyncCallback asyncCallback, Object asyncState)
 2015-05-18 10:58:46,555 [9] INFO  StatisticalSolutions.Controllers.Base.BaseController - Application URL - /StatisticalSolutions/Base/StatisticalError 
 2015-05-18 10:58:46,556 [9] INFO  StatisticalSolutions.Controllers.Base.BaseController - Application URL - /StatisticalSolutions/Base/StatisticalError 
 2015-05-18 10:58:46,556 [9] ERROR StatisticalSolutions.Controllers.Base.BaseController - Statistical exception message - Exception has been thrown by the target of an invocation.
 2015-05-18 10:58:46,556 [9] ERROR StatisticalSolutions.Controllers.Base.BaseController - Statistical exception stack trace -    at System.RuntimeTypeHandle.CreateInstance(RuntimeType type, Boolean publicOnly, Boolean noCheck, Boolean& canBeCached, RuntimeMethodHandleInternal& ctor, Boolean& bNeedSecurityCheck)
   at System.RuntimeType.CreateInstanceSlow(Boolean publicOnly, Boolean skipCheckThis, Boolean fillCache, StackCrawlMark& stackMark)
   at System.RuntimeType.CreateInstanceDefaultCtor(Boolean publicOnly, Boolean skipCheckThis, Boolean fillCache, StackCrawlMark& stackMark)
   at System.Activator.CreateInstance(Type type, Boolean nonPublic)
   at System.Activator.CreateInstance(Type type)
   at System.Threading.LazyHelpers`1.ActivatorFactorySelector()
   at System.Threading.LazyInitializer.EnsureInitializedCore[T](T& target, Boolean& initialized, Object& syncLock, Func`1 valueFactory)
   at System.Threading.LazyInitializer.EnsureInitialized[T](T& target, Boolean& initialized, Object& syncLock)
   at StatisticalSolutions.Filters.InitializeSimpleMembershipAttribute.OnActionExecuting(ActionExecutingContext filterContext) in e:\Ola Projects\3rdPartyProjects\StatisticalSolutions\StatisticalSolutions\Filters\InitializeSimpleMembershipAttribute.cs:line 23
   at System.Web.Mvc.Async.AsyncControllerActionInvoker.InvokeActionMethodFilterAsynchronously(IActionFilter filter, ActionExecutingContext preContext, Func`1 nextInChain)
   at System.Web.Mvc.Async.AsyncControllerActionInvoker.InvokeActionMethodFilterAsynchronously(IActionFilter filter, ActionExecutingContext preContext, Func`1 nextInChain)
   at System.Web.Mvc.Async.AsyncControllerActionInvoker.<>c__DisplayClass37.<BeginInvokeActionMethodWithFilters>b__31(AsyncCallback asyncCallback, Object asyncState)
   at System.Web.Mvc.Async.AsyncResultWrapper.WrappedAsyncResult`1.Begin(AsyncCallback callback, Object state, Int32 timeout)
   at System.Web.Mvc.Async.AsyncResultWrapper.Begin[TResult](AsyncCallback callback, Object state, BeginInvokeDelegate beginDelegate, EndInvokeDelegate`1 endDelegate, Object tag, Int32 timeout)
   at System.Web.Mvc.Async.AsyncResultWrapper.Begin[TResult](AsyncCallback callback, Object state, BeginInvokeDelegate beginDelegate, EndInvokeDelegate`1 endDelegate, Object tag)
   at System.Web.Mvc.Async.AsyncControllerActionInvoker.<>c__DisplayClass25.<BeginInvokeAction>b__1e(AsyncCallback asyncCallback, Object asyncState)
 2015-05-18 10:58:46,563 [6] INFO  StatisticalSolutions.Controllers.Base.BaseController - Application URL - /StatisticalSolutions/Base/StatisticalError 
 2015-05-18 10:58:46,564 [6] INFO  StatisticalSolutions.Controllers.Base.BaseController - Application URL - /StatisticalSolutions/Base/StatisticalError 
 2015-05-18 10:58:46,564 [6] ERROR StatisticalSolutions.Controllers.Base.BaseController - Statistical exception message - Exception has been thrown by the target of an invocation.
 2015-05-18 10:58:46,565 [6] ERROR StatisticalSolutions.Controllers.Base.BaseController - Statistical exception stack trace -    at System.RuntimeTypeHandle.CreateInstance(RuntimeType type, Boolean publicOnly, Boolean noCheck, Boolean& canBeCached, RuntimeMethodHandleInternal& ctor, Boolean& bNeedSecurityCheck)
   at System.RuntimeType.CreateInstanceSlow(Boolean publicOnly, Boolean skipCheckThis, Boolean fillCache, StackCrawlMark& stackMark)
   at System.RuntimeType.CreateInstanceDefaultCtor(Boolean publicOnly, Boolean skipCheckThis, Boolean fillCache, StackCrawlMark& stackMark)
   at System.Activator.CreateInstance(Type type, Boolean nonPublic)
   at System.Activator.CreateInstance(Type type)
   at System.Threading.LazyHelpers`1.ActivatorFactorySelector()
   at System.Threading.LazyInitializer.EnsureInitializedCore[T](T& target, Boolean& initialized, Object& syncLock, Func`1 valueFactory)
   at System.Threading.LazyInitializer.EnsureInitialized[T](T& target, Boolean& initialized, Object& syncLock)
   at StatisticalSolutions.Filters.InitializeSimpleMembershipAttribute.OnActionExecuting(ActionExecutingContext filterContext) in e:\Ola Projects\3rdPartyProjects\StatisticalSolutions\StatisticalSolutions\Filters\InitializeSimpleMembershipAttribute.cs:line 23
   at System.Web.Mvc.Async.AsyncControllerActionInvoker.InvokeActionMethodFilterAsynchronously(IActionFilter filter, ActionExecutingContext preContext, Func`1 nextInChain)
   at System.Web.Mvc.Async.AsyncControllerActionInvoker.InvokeActionMethodFilterAsynchronously(IActionFilter filter, ActionExecutingContext preContext, Func`1 nextInChain)
   at System.Web.Mvc.Async.AsyncControllerActionInvoker.<>c__DisplayClass37.<BeginInvokeActionMethodWithFilters>b__31(AsyncCallback asyncCallback, Object asyncState)
   at System.Web.Mvc.Async.AsyncResultWrapper.WrappedAsyncResult`1.Begin(AsyncCallback callback, Object state, Int32 timeout)
   at System.Web.Mvc.Async.AsyncResultWrapper.Begin[TResult](AsyncCallback callback, Object state, BeginInvokeDelegate beginDelegate, EndInvokeDelegate`1 endDelegate, Object tag, Int32 timeout)
   at System.Web.Mvc.Async.AsyncResultWrapper.Begin[TResult](AsyncCallback callback, Object state, BeginInvokeDelegate beginDelegate, EndInvokeDelegate`1 endDelegate, Object tag)
   at System.Web.Mvc.Async.AsyncControllerActionInvoker.<>c__DisplayClass25.<BeginInvokeAction>b__1e(AsyncCallback asyncCallback, Object asyncState)
 2015-05-18 10:58:46,571 [7] INFO  StatisticalSolutions.Controllers.Base.BaseController - Application URL - /StatisticalSolutions/Base/StatisticalError 
 2015-05-18 10:58:46,572 [7] INFO  StatisticalSolutions.Controllers.Base.BaseController - Application URL - /StatisticalSolutions/Base/StatisticalError 
 2015-05-18 10:58:46,572 [7] ERROR StatisticalSolutions.Controllers.Base.BaseController - Statistical exception message - Exception has been thrown by the target of an invocation.
 2015-05-18 10:58:46,572 [7] ERROR StatisticalSolutions.Controllers.Base.BaseController - Statistical exception stack trace -    at System.RuntimeTypeHandle.CreateInstance(RuntimeType type, Boolean publicOnly, Boolean noCheck, Boolean& canBeCached, RuntimeMethodHandleInternal& ctor, Boolean& bNeedSecurityCheck)
   at System.RuntimeType.CreateInstanceSlow(Boolean publicOnly, Boolean skipCheckThis, Boolean fillCache, StackCrawlMark& stackMark)
   at System.RuntimeType.CreateInstanceDefaultCtor(Boolean publicOnly, Boolean skipCheckThis, Boolean fillCache, StackCrawlMark& stackMark)
   at System.Activator.CreateInstance(Type type, Boolean nonPublic)
   at System.Activator.CreateInstance(Type type)
   at System.Threading.LazyHelpers`1.ActivatorFactorySelector()
   at System.Threading.LazyInitializer.EnsureInitializedCore[T](T& target, Boolean& initialized, Object& syncLock, Func`1 valueFactory)
   at System.Threading.LazyInitializer.EnsureInitialized[T](T& target, Boolean& initialized, Object& syncLock)
   at StatisticalSolutions.Filters.InitializeSimpleMembershipAttribute.OnActionExecuting(ActionExecutingContext filterContext) in e:\Ola Projects\3rdPartyProjects\StatisticalSolutions\StatisticalSolutions\Filters\InitializeSimpleMembershipAttribute.cs:line 23
   at System.Web.Mvc.Async.AsyncControllerActionInvoker.InvokeActionMethodFilterAsynchronously(IActionFilter filter, ActionExecutingContext preContext, Func`1 nextInChain)
   at System.Web.Mvc.Async.AsyncControllerActionInvoker.InvokeActionMethodFilterAsynchronously(IActionFilter filter, ActionExecutingContext preContext, Func`1 nextInChain)
   at System.Web.Mvc.Async.AsyncControllerActionInvoker.<>c__DisplayClass37.<BeginInvokeActionMethodWithFilters>b__31(AsyncCallback asyncCallback, Object asyncState)
   at System.Web.Mvc.Async.AsyncResultWrapper.WrappedAsyncResult`1.Begin(AsyncCallback callback, Object state, Int32 timeout)
   at System.Web.Mvc.Async.AsyncResultWrapper.Begin[TResult](AsyncCallback callback, Object state, BeginInvokeDelegate beginDelegate, EndInvokeDelegate`1 endDelegate, Object tag, Int32 timeout)
   at System.Web.Mvc.Async.AsyncResultWrapper.Begin[TResult](AsyncCallback callback, Object state, BeginInvokeDelegate beginDelegate, EndInvokeDelegate`1 endDelegate, Object tag)
   at System.Web.Mvc.Async.AsyncControllerActionInvoker.<>c__DisplayClass25.<BeginInvokeAction>b__1e(AsyncCallback asyncCallback, Object asyncState)
 2015-05-18 10:58:46,580 [8] INFO  StatisticalSolutions.Controllers.Base.BaseController - Application URL - /StatisticalSolutions/Base/StatisticalError 
 2015-05-18 10:58:46,581 [8] INFO  StatisticalSolutions.Controllers.Base.BaseController - Application URL - /StatisticalSolutions/Base/StatisticalError 
 2015-05-18 10:58:46,581 [8] ERROR StatisticalSolutions.Controllers.Base.BaseController - Statistical exception message - Exception has been thrown by the target of an invocation.
 2015-05-18 10:58:46,582 [8] ERROR StatisticalSolutions.Controllers.Base.BaseController - Statistical exception stack trace -    at System.RuntimeTypeHandle.CreateInstance(RuntimeType type, Boolean publicOnly, Boolean noCheck, Boolean& canBeCached, RuntimeMethodHandleInternal& ctor, Boolean& bNeedSecurityCheck)
   at System.RuntimeType.CreateInstanceSlow(Boolean publicOnly, Boolean skipCheckThis, Boolean fillCache, StackCrawlMark& stackMark)
   at System.RuntimeType.CreateInstanceDefaultCtor(Boolean publicOnly, Boolean skipCheckThis, Boolean fillCache, StackCrawlMark& stackMark)
   at System.Activator.CreateInstance(Type type, Boolean nonPublic)
   at System.Activator.CreateInstance(Type type)
   at System.Threading.LazyHelpers`1.ActivatorFactorySelector()
   at System.Threading.LazyInitializer.EnsureInitializedCore[T](T& target, Boolean& initialized, Object& syncLock, Func`1 valueFactory)
   at System.Threading.LazyInitializer.EnsureInitialized[T](T& target, Boolean& initialized, Object& syncLock)
   at StatisticalSolutions.Filters.InitializeSimpleMembershipAttribute.OnActionExecuting(ActionExecutingContext filterContext) in e:\Ola Projects\3rdPartyProjects\StatisticalSolutions\StatisticalSolutions\Filters\InitializeSimpleMembershipAttribute.cs:line 23
   at System.Web.Mvc.Async.AsyncControllerActionInvoker.InvokeActionMethodFilterAsynchronously(IActionFilter filter, ActionExecutingContext preContext, Func`1 nextInChain)
   at System.Web.Mvc.Async.AsyncControllerActionInvoker.InvokeActionMethodFilterAsynchronously(IActionFilter filter, ActionExecutingContext preContext, Func`1 nextInChain)
   at System.Web.Mvc.Async.AsyncControllerActionInvoker.<>c__DisplayClass37.<BeginInvokeActionMethodWithFilters>b__31(AsyncCallback asyncCallback, Object asyncState)
   at System.Web.Mvc.Async.AsyncResultWrapper.WrappedAsyncResult`1.Begin(AsyncCallback callback, Object state, Int32 timeout)
   at System.Web.Mvc.Async.AsyncResultWrapper.Begin[TResult](AsyncCallback callback, Object state, BeginInvokeDelegate beginDelegate, EndInvokeDelegate`1 endDelegate, Object tag, Int32 timeout)
   at System.Web.Mvc.Async.AsyncResultWrapper.Begin[TResult](AsyncCallback callback, Object state, BeginInvokeDelegate beginDelegate, EndInvokeDelegate`1 endDelegate, Object tag)
   at System.Web.Mvc.Async.AsyncControllerActionInvoker.<>c__DisplayClass25.<BeginInvokeAction>b__1e(AsyncCallback asyncCallback, Object asyncState)
 2015-05-18 10:58:46,715 [6] INFO  StatisticalSolutions.Controllers.Base.BaseController - Application URL - /StatisticalSolutions/Base/StatisticalError 
 2015-05-18 10:58:46,717 [6] INFO  StatisticalSolutions.Controllers.Base.BaseController - Application URL - /StatisticalSolutions/Base/StatisticalError 
 2015-05-18 10:58:46,717 [6] ERROR StatisticalSolutions.Controllers.Base.BaseController - Statistical exception message - Exception has been thrown by the target of an invocation.
 2015-05-18 10:58:46,717 [6] ERROR StatisticalSolutions.Controllers.Base.BaseController - Statistical exception stack trace -    at System.RuntimeTypeHandle.CreateInstance(RuntimeType type, Boolean publicOnly, Boolean noCheck, Boolean& canBeCached, RuntimeMethodHandleInternal& ctor, Boolean& bNeedSecurityCheck)
   at System.RuntimeType.CreateInstanceSlow(Boolean publicOnly, Boolean skipCheckThis, Boolean fillCache, StackCrawlMark& stackMark)
   at System.RuntimeType.CreateInstanceDefaultCtor(Boolean publicOnly, Boolean skipCheckThis, Boolean fillCache, StackCrawlMark& stackMark)
   at System.Activator.CreateInstance(Type type, Boolean nonPublic)
   at System.Activator.CreateInstance(Type type)
   at System.Threading.LazyHelpers`1.ActivatorFactorySelector()
   at System.Threading.LazyInitializer.EnsureInitializedCore[T](T& target, Boolean& initialized, Object& syncLock, Func`1 valueFactory)
   at System.Threading.LazyInitializer.EnsureInitialized[T](T& target, Boolean& initialized, Object& syncLock)
   at StatisticalSolutions.Filters.InitializeSimpleMembershipAttribute.OnActionExecuting(ActionExecutingContext filterContext) in e:\Ola Projects\3rdPartyProjects\StatisticalSolutions\StatisticalSolutions\Filters\InitializeSimpleMembershipAttribute.cs:line 23
   at System.Web.Mvc.Async.AsyncControllerActionInvoker.InvokeActionMethodFilterAsynchronously(IActionFilter filter, ActionExecutingContext preContext, Func`1 nextInChain)
   at System.Web.Mvc.Async.AsyncControllerActionInvoker.InvokeActionMethodFilterAsynchronously(IActionFilter filter, ActionExecutingContext preContext, Func`1 nextInChain)
   at System.Web.Mvc.Async.AsyncControllerActionInvoker.<>c__DisplayClass37.<BeginInvokeActionMethodWithFilters>b__31(AsyncCallback asyncCallback, Object asyncState)
   at System.Web.Mvc.Async.AsyncResultWrapper.WrappedAsyncResult`1.Begin(AsyncCallback callback, Object state, Int32 timeout)
   at System.Web.Mvc.Async.AsyncResultWrapper.Begin[TResult](AsyncCallback callback, Object state, BeginInvokeDelegate beginDelegate, EndInvokeDelegate`1 endDelegate, Object tag, Int32 timeout)
   at System.Web.Mvc.Async.AsyncResultWrapper.Begin[TResult](AsyncCallback callback, Object state, BeginInvokeDelegate beginDelegate, EndInvokeDelegate`1 endDelegate, Object tag)
   at System.Web.Mvc.Async.AsyncControllerActionInvoker.<>c__DisplayClass25.<BeginInvokeAction>b__1e(AsyncCallback asyncCallback, Object asyncState)
 2015-05-18 10:58:46,733 [7] INFO  StatisticalSolutions.Controllers.Base.BaseController - Application URL - /StatisticalSolutions/Base/StatisticalError 
 2015-05-18 10:58:46,734 [7] INFO  StatisticalSolutions.Controllers.Base.BaseController - Application URL - /StatisticalSolutions/Base/StatisticalError 
 2015-05-18 10:58:46,735 [7] ERROR StatisticalSolutions.Controllers.Base.BaseController - Statistical exception message - Exception has been thrown by the target of an invocation.
 2015-05-18 10:58:46,735 [7] ERROR StatisticalSolutions.Controllers.Base.BaseController - Statistical exception stack trace -    at System.RuntimeTypeHandle.CreateInstance(RuntimeType type, Boolean publicOnly, Boolean noCheck, Boolean& canBeCached, RuntimeMethodHandleInternal& ctor, Boolean& bNeedSecurityCheck)
   at System.RuntimeType.CreateInstanceSlow(Boolean publicOnly, Boolean skipCheckThis, Boolean fillCache, StackCrawlMark& stackMark)
   at System.RuntimeType.CreateInstanceDefaultCtor(Boolean publicOnly, Boolean skipCheckThis, Boolean fillCache, StackCrawlMark& stackMark)
   at System.Activator.CreateInstance(Type type, Boolean nonPublic)
   at System.Activator.CreateInstance(Type type)
   at System.Threading.LazyHelpers`1.ActivatorFactorySelector()
   at System.Threading.LazyInitializer.EnsureInitializedCore[T](T& target, Boolean& initialized, Object& syncLock, Func`1 valueFactory)
   at System.Threading.LazyInitializer.EnsureInitialized[T](T& target, Boolean& initialized, Object& syncLock)
   at StatisticalSolutions.Filters.InitializeSimpleMembershipAttribute.OnActionExecuting(ActionExecutingContext filterContext) in e:\Ola Projects\3rdPartyProjects\StatisticalSolutions\StatisticalSolutions\Filters\InitializeSimpleMembershipAttribute.cs:line 23
   at System.Web.Mvc.Async.AsyncControllerActionInvoker.InvokeActionMethodFilterAsynchronously(IActionFilter filter, ActionExecutingContext preContext, Func`1 nextInChain)
   at System.Web.Mvc.Async.AsyncControllerActionInvoker.InvokeActionMethodFilterAsynchronously(IActionFilter filter, ActionExecutingContext preContext, Func`1 nextInChain)
   at System.Web.Mvc.Async.AsyncControllerActionInvoker.<>c__DisplayClass37.<BeginInvokeActionMethodWithFilters>b__31(AsyncCallback asyncCallback, Object asyncState)
   at System.Web.Mvc.Async.AsyncResultWrapper.WrappedAsyncResult`1.Begin(AsyncCallback callback, Object state, Int32 timeout)
   at System.Web.Mvc.Async.AsyncResultWrapper.Begin[TResult](AsyncCallback callback, Object state, BeginInvokeDelegate beginDelegate, EndInvokeDelegate`1 endDelegate, Object tag, Int32 timeout)
   at System.Web.Mvc.Async.AsyncResultWrapper.Begin[TResult](AsyncCallback callback, Object state, BeginInvokeDelegate beginDelegate, EndInvokeDelegate`1 endDelegate, Object tag)
   at System.Web.Mvc.Async.AsyncControllerActionInvoker.<>c__DisplayClass25.<BeginInvokeAction>b__1e(AsyncCallback asyncCallback, Object asyncState)
 2015-05-18 10:58:46,741 [9] INFO  StatisticalSolutions.Controllers.Base.BaseController - Application URL - /StatisticalSolutions/Base/StatisticalError 
 2015-05-18 10:58:46,742 [9] INFO  StatisticalSolutions.Controllers.Base.BaseController - Application URL - /StatisticalSolutions/Base/StatisticalError 
 2015-05-18 10:58:46,742 [9] ERROR StatisticalSolutions.Controllers.Base.BaseController - Statistical exception message - Exception has been thrown by the target of an invocation.
 2015-05-18 10:58:46,743 [9] ERROR StatisticalSolutions.Controllers.Base.BaseController - Statistical exception stack trace -    at System.RuntimeTypeHandle.CreateInstance(RuntimeType type, Boolean publicOnly, Boolean noCheck, Boolean& canBeCached, RuntimeMethodHandleInternal& ctor, Boolean& bNeedSecurityCheck)
   at System.RuntimeType.CreateInstanceSlow(Boolean publicOnly, Boolean skipCheckThis, Boolean fillCache, StackCrawlMark& stackMark)
   at System.RuntimeType.CreateInstanceDefaultCtor(Boolean publicOnly, Boolean skipCheckThis, Boolean fillCache, StackCrawlMark& stackMark)
   at System.Activator.CreateInstance(Type type, Boolean nonPublic)
   at System.Activator.CreateInstance(Type type)
   at System.Threading.LazyHelpers`1.ActivatorFactorySelector()
   at System.Threading.LazyInitializer.EnsureInitializedCore[T](T& target, Boolean& initialized, Object& syncLock, Func`1 valueFactory)
   at System.Threading.LazyInitializer.EnsureInitialized[T](T& target, Boolean& initialized, Object& syncLock)
   at StatisticalSolutions.Filters.InitializeSimpleMembershipAttribute.OnActionExecuting(ActionExecutingContext filterContext) in e:\Ola Projects\3rdPartyProjects\StatisticalSolutions\StatisticalSolutions\Filters\InitializeSimpleMembershipAttribute.cs:line 23
   at System.Web.Mvc.Async.AsyncControllerActionInvoker.InvokeActionMethodFilterAsynchronously(IActionFilter filter, ActionExecutingContext preContext, Func`1 nextInChain)
   at System.Web.Mvc.Async.AsyncControllerActionInvoker.InvokeActionMethodFilterAsynchronously(IActionFilter filter, ActionExecutingContext preContext, Func`1 nextInChain)
   at System.Web.Mvc.Async.AsyncControllerActionInvoker.<>c__DisplayClass37.<BeginInvokeActionMethodWithFilters>b__31(AsyncCallback asyncCallback, Object asyncState)
   at System.Web.Mvc.Async.AsyncResultWrapper.WrappedAsyncResult`1.Begin(AsyncCallback callback, Object state, Int32 timeout)
   at System.Web.Mvc.Async.AsyncResultWrapper.Begin[TResult](AsyncCallback callback, Object state, BeginInvokeDelegate beginDelegate, EndInvokeDelegate`1 endDelegate, Object tag, Int32 timeout)
   at System.Web.Mvc.Async.AsyncResultWrapper.Begin[TResult](AsyncCallback callback, Object state, BeginInvokeDelegate beginDelegate, EndInvokeDelegate`1 endDelegate, Object tag)
   at System.Web.Mvc.Async.AsyncControllerActionInvoker.<>c__DisplayClass25.<BeginInvokeAction>b__1e(AsyncCallback asyncCallback, Object asyncState)
 2015-05-18 10:58:46,749 [6] INFO  StatisticalSolutions.Controllers.Base.BaseController - Application URL - /StatisticalSolutions/Base/StatisticalError 
 2015-05-18 10:58:46,750 [6] INFO  StatisticalSolutions.Controllers.Base.BaseController - Application URL - /StatisticalSolutions/Base/StatisticalError 
 2015-05-18 10:58:46,750 [6] ERROR StatisticalSolutions.Controllers.Base.BaseController - Statistical exception message - Exception has been thrown by the target of an invocation.
 2015-05-18 10:58:46,750 [6] ERROR StatisticalSolutions.Controllers.Base.BaseController - Statistical exception stack trace -    at System.RuntimeTypeHandle.CreateInstance(RuntimeType type, Boolean publicOnly, Boolean noCheck, Boolean& canBeCached, RuntimeMethodHandleInternal& ctor, Boolean& bNeedSecurityCheck)
   at System.RuntimeType.CreateInstanceSlow(Boolean publicOnly, Boolean skipCheckThis, Boolean fillCache, StackCrawlMark& stackMark)
   at System.RuntimeType.CreateInstanceDefaultCtor(Boolean publicOnly, Boolean skipCheckThis, Boolean fillCache, StackCrawlMark& stackMark)
   at System.Activator.CreateInstance(Type type, Boolean nonPublic)
   at System.Activator.CreateInstance(Type type)
   at System.Threading.LazyHelpers`1.ActivatorFactorySelector()
   at System.Threading.LazyInitializer.EnsureInitializedCore[T](T& target, Boolean& initialized, Object& syncLock, Func`1 valueFactory)
   at System.Threading.LazyInitializer.EnsureInitialized[T](T& target, Boolean& initialized, Object& syncLock)
   at StatisticalSolutions.Filters.InitializeSimpleMembershipAttribute.OnActionExecuting(ActionExecutingContext filterContext) in e:\Ola Projects\3rdPartyProjects\StatisticalSolutions\StatisticalSolutions\Filters\InitializeSimpleMembershipAttribute.cs:line 23
   at System.Web.Mvc.Async.AsyncControllerActionInvoker.InvokeActionMethodFilterAsynchronously(IActionFilter filter, ActionExecutingContext preContext, Func`1 nextInChain)
   at System.Web.Mvc.Async.AsyncControllerActionInvoker.InvokeActionMethodFilterAsynchronously(IActionFilter filter, ActionExecutingContext preContext, Func`1 nextInChain)
   at System.Web.Mvc.Async.AsyncControllerActionInvoker.<>c__DisplayClass37.<BeginInvokeActionMethodWithFilters>b__31(AsyncCallback asyncCallback, Object asyncState)
   at System.Web.Mvc.Async.AsyncResultWrapper.WrappedAsyncResult`1.Begin(AsyncCallback callback, Object state, Int32 timeout)
   at System.Web.Mvc.Async.AsyncResultWrapper.Begin[TResult](AsyncCallback callback, Object state, BeginInvokeDelegate beginDelegate, EndInvokeDelegate`1 endDelegate, Object tag, Int32 timeout)
   at System.Web.Mvc.Async.AsyncResultWrapper.Begin[TResult](AsyncCallback callback, Object state, BeginInvokeDelegate beginDelegate, EndInvokeDelegate`1 endDelegate, Object tag)
   at System.Web.Mvc.Async.AsyncControllerActionInvoker.<>c__DisplayClass25.<BeginInvokeAction>b__1e(AsyncCallback asyncCallback, Object asyncState)
 2015-05-18 10:58:46,756 [7] INFO  StatisticalSolutions.Controllers.Base.BaseController - Application URL - /StatisticalSolutions/Base/StatisticalError 
 2015-05-18 10:58:46,758 [7] INFO  StatisticalSolutions.Controllers.Base.BaseController - Application URL - /StatisticalSolutions/Base/StatisticalError 
 2015-05-18 10:58:46,758 [7] ERROR StatisticalSolutions.Controllers.Base.BaseController - Statistical exception message - Exception has been thrown by the target of an invocation.
 2015-05-18 10:58:46,758 [7] ERROR StatisticalSolutions.Controllers.Base.BaseController - Statistical exception stack trace -    at System.RuntimeTypeHandle.CreateInstance(RuntimeType type, Boolean publicOnly, Boolean noCheck, Boolean& canBeCached, RuntimeMethodHandleInternal& ctor, Boolean& bNeedSecurityCheck)
   at System.RuntimeType.CreateInstanceSlow(Boolean publicOnly, Boolean skipCheckThis, Boolean fillCache, StackCrawlMark& stackMark)
   at System.RuntimeType.CreateInstanceDefaultCtor(Boolean publicOnly, Boolean skipCheckThis, Boolean fillCache, StackCrawlMark& stackMark)
   at System.Activator.CreateInstance(Type type, Boolean nonPublic)
   at System.Activator.CreateInstance(Type type)
   at System.Threading.LazyHelpers`1.ActivatorFactorySelector()
   at System.Threading.LazyInitializer.EnsureInitializedCore[T](T& target, Boolean& initialized, Object& syncLock, Func`1 valueFactory)
   at System.Threading.LazyInitializer.EnsureInitialized[T](T& target, Boolean& initialized, Object& syncLock)
   at StatisticalSolutions.Filters.InitializeSimpleMembershipAttribute.OnActionExecuting(ActionExecutingContext filterContext) in e:\Ola Projects\3rdPartyProjects\StatisticalSolutions\StatisticalSolutions\Filters\InitializeSimpleMembershipAttribute.cs:line 23
   at System.Web.Mvc.Async.AsyncControllerActionInvoker.InvokeActionMethodFilterAsynchronously(IActionFilter filter, ActionExecutingContext preContext, Func`1 nextInChain)
   at System.Web.Mvc.Async.AsyncControllerActionInvoker.InvokeActionMethodFilterAsynchronously(IActionFilter filter, ActionExecutingContext preContext, Func`1 nextInChain)
   at System.Web.Mvc.Async.AsyncControllerActionInvoker.<>c__DisplayClass37.<BeginInvokeActionMethodWithFilters>b__31(AsyncCallback asyncCallback, Object asyncState)
   at System.Web.Mvc.Async.AsyncResultWrapper.WrappedAsyncResult`1.Begin(AsyncCallback callback, Object state, Int32 timeout)
   at System.Web.Mvc.Async.AsyncResultWrapper.Begin[TResult](AsyncCallback callback, Object state, BeginInvokeDelegate beginDelegate, EndInvokeDelegate`1 endDelegate, Object tag, Int32 timeout)
   at System.Web.Mvc.Async.AsyncResultWrapper.Begin[TResult](AsyncCallback callback, Object state, BeginInvokeDelegate beginDelegate, EndInvokeDelegate`1 endDelegate, Object tag)
   at System.Web.Mvc.Async.AsyncControllerActionInvoker.<>c__DisplayClass25.<BeginInvokeAction>b__1e(AsyncCallback asyncCallback, Object asyncState)
 2015-05-18 10:58:46,766 [8] INFO  StatisticalSolutions.Controllers.Base.BaseController - Application URL - /StatisticalSolutions/Base/StatisticalError 
 2015-05-18 10:58:46,767 [8] INFO  StatisticalSolutions.Controllers.Base.BaseController - Application URL - /StatisticalSolutions/Base/StatisticalError 
 2015-05-18 10:58:46,767 [8] ERROR StatisticalSolutions.Controllers.Base.BaseController - Statistical exception message - Exception has been thrown by the target of an invocation.
 2015-05-18 10:58:46,767 [8] ERROR StatisticalSolutions.Controllers.Base.BaseController - Statistical exception stack trace -    at System.RuntimeTypeHandle.CreateInstance(RuntimeType type, Boolean publicOnly, Boolean noCheck, Boolean& canBeCached, RuntimeMethodHandleInternal& ctor, Boolean& bNeedSecurityCheck)
   at System.RuntimeType.CreateInstanceSlow(Boolean publicOnly, Boolean skipCheckThis, Boolean fillCache, StackCrawlMark& stackMark)
   at System.RuntimeType.CreateInstanceDefaultCtor(Boolean publicOnly, Boolean skipCheckThis, Boolean fillCache, StackCrawlMark& stackMark)
   at System.Activator.CreateInstance(Type type, Boolean nonPublic)
   at System.Activator.CreateInstance(Type type)
   at System.Threading.LazyHelpers`1.ActivatorFactorySelector()
   at System.Threading.LazyInitializer.EnsureInitializedCore[T](T& target, Boolean& initialized, Object& syncLock, Func`1 valueFactory)
   at System.Threading.LazyInitializer.EnsureInitialized[T](T& target, Boolean& initialized, Object& syncLock)
   at StatisticalSolutions.Filters.InitializeSimpleMembershipAttribute.OnActionExecuting(ActionExecutingContext filterContext) in e:\Ola Projects\3rdPartyProjects\StatisticalSolutions\StatisticalSolutions\Filters\InitializeSimpleMembershipAttribute.cs:line 23
   at System.Web.Mvc.Async.AsyncControllerActionInvoker.InvokeActionMethodFilterAsynchronously(IActionFilter filter, ActionExecutingContext preContext, Func`1 nextInChain)
   at System.Web.Mvc.Async.AsyncControllerActionInvoker.InvokeActionMethodFilterAsynchronously(IActionFilter filter, ActionExecutingContext preContext, Func`1 nextInChain)
   at System.Web.Mvc.Async.AsyncControllerActionInvoker.<>c__DisplayClass37.<BeginInvokeActionMethodWithFilters>b__31(AsyncCallback asyncCallback, Object asyncState)
   at System.Web.Mvc.Async.AsyncResultWrapper.WrappedAsyncResult`1.Begin(AsyncCallback callback, Object state, Int32 timeout)
   at System.Web.Mvc.Async.AsyncResultWrapper.Begin[TResult](AsyncCallback callback, Object state, BeginInvokeDelegate beginDelegate, EndInvokeDelegate`1 endDelegate, Object tag, Int32 timeout)
   at System.Web.Mvc.Async.AsyncResultWrapper.Begin[TResult](AsyncCallback callback, Object state, BeginInvokeDelegate beginDelegate, EndInvokeDelegate`1 endDelegate, Object tag)
   at System.Web.Mvc.Async.AsyncControllerActionInvoker.<>c__DisplayClass25.<BeginInvokeAction>b__1e(AsyncCallback asyncCallback, Object asyncState)
 2015-05-18 10:58:46,773 [6] INFO  StatisticalSolutions.Controllers.Base.BaseController - Application URL - /StatisticalSolutions/Base/StatisticalError 
 2015-05-18 10:58:46,774 [6] INFO  StatisticalSolutions.Controllers.Base.BaseController - Application URL - /StatisticalSolutions/Base/StatisticalError 
 2015-05-18 10:58:46,775 [6] ERROR StatisticalSolutions.Controllers.Base.BaseController - Statistical exception message - Exception has been thrown by the target of an invocation.
 2015-05-18 10:58:46,775 [6] ERROR StatisticalSolutions.Controllers.Base.BaseController - Statistical exception stack trace -    at System.RuntimeTypeHandle.CreateInstance(RuntimeType type, Boolean publicOnly, Boolean noCheck, Boolean& canBeCached, RuntimeMethodHandleInternal& ctor, Boolean& bNeedSecurityCheck)
   at System.RuntimeType.CreateInstanceSlow(Boolean publicOnly, Boolean skipCheckThis, Boolean fillCache, StackCrawlMark& stackMark)
   at System.RuntimeType.CreateInstanceDefaultCtor(Boolean publicOnly, Boolean skipCheckThis, Boolean fillCache, StackCrawlMark& stackMark)
   at System.Activator.CreateInstance(Type type, Boolean nonPublic)
   at System.Activator.CreateInstance(Type type)
   at System.Threading.LazyHelpers`1.ActivatorFactorySelector()
   at System.Threading.LazyInitializer.EnsureInitializedCore[T](T& target, Boolean& initialized, Object& syncLock, Func`1 valueFactory)
   at System.Threading.LazyInitializer.EnsureInitialized[T](T& target, Boolean& initialized, Object& syncLock)
   at StatisticalSolutions.Filters.InitializeSimpleMembershipAttribute.OnActionExecuting(ActionExecutingContext filterContext) in e:\Ola Projects\3rdPartyProjects\StatisticalSolutions\StatisticalSolutions\Filters\InitializeSimpleMembershipAttribute.cs:line 23
   at System.Web.Mvc.Async.AsyncControllerActionInvoker.InvokeActionMethodFilterAsynchronously(IActionFilter filter, ActionExecutingContext preContext, Func`1 nextInChain)
   at System.Web.Mvc.Async.AsyncControllerActionInvoker.InvokeActionMethodFilterAsynchronously(IActionFilter filter, ActionExecutingContext preContext, Func`1 nextInChain)
   at System.Web.Mvc.Async.AsyncControllerActionInvoker.<>c__DisplayClass37.<BeginInvokeActionMethodWithFilters>b__31(AsyncCallback asyncCallback, Object asyncState)
   at System.Web.Mvc.Async.AsyncResultWrapper.WrappedAsyncResult`1.Begin(AsyncCallback callback, Object state, Int32 timeout)
   at System.Web.Mvc.Async.AsyncResultWrapper.Begin[TResult](AsyncCallback callback, Object state, BeginInvokeDelegate beginDelegate, EndInvokeDelegate`1 endDelegate, Object tag, Int32 timeout)
   at System.Web.Mvc.Async.AsyncResultWrapper.Begin[TResult](AsyncCallback callback, Object state, BeginInvokeDelegate beginDelegate, EndInvokeDelegate`1 endDelegate, Object tag)
   at System.Web.Mvc.Async.AsyncControllerActionInvoker.<>c__DisplayClass25.<BeginInvokeAction>b__1e(AsyncCallback asyncCallback, Object asyncState)
 2015-05-18 10:58:46,782 [7] INFO  StatisticalSolutions.Controllers.Base.BaseController - Application URL - /StatisticalSolutions/Base/StatisticalError 
 2015-05-18 10:58:46,785 [7] INFO  StatisticalSolutions.Controllers.Base.BaseController - Application URL - /StatisticalSolutions/Base/StatisticalError 
 2015-05-18 10:58:46,786 [7] ERROR StatisticalSolutions.Controllers.Base.BaseController - Statistical exception message - Exception has been thrown by the target of an invocation.
 2015-05-18 10:58:46,787 [7] ERROR StatisticalSolutions.Controllers.Base.BaseController - Statistical exception stack trace -    at System.RuntimeTypeHandle.CreateInstance(RuntimeType type, Boolean publicOnly, Boolean noCheck, Boolean& canBeCached, RuntimeMethodHandleInternal& ctor, Boolean& bNeedSecurityCheck)
   at System.RuntimeType.CreateInstanceSlow(Boolean publicOnly, Boolean skipCheckThis, Boolean fillCache, StackCrawlMark& stackMark)
   at System.RuntimeType.CreateInstanceDefaultCtor(Boolean publicOnly, Boolean skipCheckThis, Boolean fillCache, StackCrawlMark& stackMark)
   at System.Activator.CreateInstance(Type type, Boolean nonPublic)
   at System.Activator.CreateInstance(Type type)
   at System.Threading.LazyHelpers`1.ActivatorFactorySelector()
   at System.Threading.LazyInitializer.EnsureInitializedCore[T](T& target, Boolean& initialized, Object& syncLock, Func`1 valueFactory)
   at System.Threading.LazyInitializer.EnsureInitialized[T](T& target, Boolean& initialized, Object& syncLock)
   at StatisticalSolutions.Filters.InitializeSimpleMembershipAttribute.OnActionExecuting(ActionExecutingContext filterContext) in e:\Ola Projects\3rdPartyProjects\StatisticalSolutions\StatisticalSolutions\Filters\InitializeSimpleMembershipAttribute.cs:line 23
   at System.Web.Mvc.Async.AsyncControllerActionInvoker.InvokeActionMethodFilterAsynchronously(IActionFilter filter, ActionExecutingContext preContext, Func`1 nextInChain)
   at System.Web.Mvc.Async.AsyncControllerActionInvoker.InvokeActionMethodFilterAsynchronously(IActionFilter filter, ActionExecutingContext preContext, Func`1 nextInChain)
   at System.Web.Mvc.Async.AsyncControllerActionInvoker.<>c__DisplayClass37.<BeginInvokeActionMethodWithFilters>b__31(AsyncCallback asyncCallback, Object asyncState)
   at System.Web.Mvc.Async.AsyncResultWrapper.WrappedAsyncResult`1.Begin(AsyncCallback callback, Object state, Int32 timeout)
   at System.Web.Mvc.Async.AsyncResultWrapper.Begin[TResult](AsyncCallback callback, Object state, BeginInvokeDelegate beginDelegate, EndInvokeDelegate`1 endDelegate, Object tag, Int32 timeout)
   at System.Web.Mvc.Async.AsyncResultWrapper.Begin[TResult](AsyncCallback callback, Object state, BeginInvokeDelegate beginDelegate, EndInvokeDelegate`1 endDelegate, Object tag)
   at System.Web.Mvc.Async.AsyncControllerActionInvoker.<>c__DisplayClass25.<BeginInvokeAction>b__1e(AsyncCallback asyncCallback, Object asyncState)
 2015-05-18 10:58:46,796 [8] INFO  StatisticalSolutions.Controllers.Base.BaseController - Application URL - /StatisticalSolutions/Base/StatisticalError 
 2015-05-18 10:58:46,797 [8] INFO  StatisticalSolutions.Controllers.Base.BaseController - Application URL - /StatisticalSolutions/Base/StatisticalError 
 2015-05-18 10:58:46,797 [8] ERROR StatisticalSolutions.Controllers.Base.BaseController - Statistical exception message - Exception has been thrown by the target of an invocation.
 2015-05-18 10:58:46,797 [8] ERROR StatisticalSolutions.Controllers.Base.BaseController - Statistical exception stack trace -    at System.RuntimeTypeHandle.CreateInstance(RuntimeType type, Boolean publicOnly, Boolean noCheck, Boolean& canBeCached, RuntimeMethodHandleInternal& ctor, Boolean& bNeedSecurityCheck)
   at System.RuntimeType.CreateInstanceSlow(Boolean publicOnly, Boolean skipCheckThis, Boolean fillCache, StackCrawlMark& stackMark)
   at System.RuntimeType.CreateInstanceDefaultCtor(Boolean publicOnly, Boolean skipCheckThis, Boolean fillCache, StackCrawlMark& stackMark)
   at System.Activator.CreateInstance(Type type, Boolean nonPublic)
   at System.Activator.CreateInstance(Type type)
   at System.Threading.LazyHelpers`1.ActivatorFactorySelector()
   at System.Threading.LazyInitializer.EnsureInitializedCore[T](T& target, Boolean& initialized, Object& syncLock, Func`1 valueFactory)
   at System.Threading.LazyInitializer.EnsureInitialized[T](T& target, Boolean& initialized, Object& syncLock)
   at StatisticalSolutions.Filters.InitializeSimpleMembershipAttribute.OnActionExecuting(ActionExecutingContext filterContext) in e:\Ola Projects\3rdPartyProjects\StatisticalSolutions\StatisticalSolutions\Filters\InitializeSimpleMembershipAttribute.cs:line 23
   at System.Web.Mvc.Async.AsyncControllerActionInvoker.InvokeActionMethodFilterAsynchronously(IActionFilter filter, ActionExecutingContext preContext, Func`1 nextInChain)
   at System.Web.Mvc.Async.AsyncControllerActionInvoker.InvokeActionMethodFilterAsynchronously(IActionFilter filter, ActionExecutingContext preContext, Func`1 nextInChain)
   at System.Web.Mvc.Async.AsyncControllerActionInvoker.<>c__DisplayClass37.<BeginInvokeActionMethodWithFilters>b__31(AsyncCallback asyncCallback, Object asyncState)
   at System.Web.Mvc.Async.AsyncResultWrapper.WrappedAsyncResult`1.Begin(AsyncCallback callback, Object state, Int32 timeout)
   at System.Web.Mvc.Async.AsyncResultWrapper.Begin[TResult](AsyncCallback callback, Object state, BeginInvokeDelegate beginDelegate, EndInvokeDelegate`1 endDelegate, Object tag, Int32 timeout)
   at System.Web.Mvc.Async.AsyncResultWrapper.Begin[TResult](AsyncCallback callback, Object state, BeginInvokeDelegate beginDelegate, EndInvokeDelegate`1 endDelegate, Object tag)
   at System.Web.Mvc.Async.AsyncControllerActionInvoker.<>c__DisplayClass25.<BeginInvokeAction>b__1e(AsyncCallback asyncCallback, Object asyncState)
 2015-05-18 10:58:46,803 [6] INFO  StatisticalSolutions.Controllers.Base.BaseController - Application URL - /StatisticalSolutions/Base/StatisticalError 
 2015-05-18 10:58:46,804 [6] INFO  StatisticalSolutions.Controllers.Base.BaseController - Application URL - /StatisticalSolutions/Base/StatisticalError 
 2015-05-18 10:58:46,804 [6] ERROR StatisticalSolutions.Controllers.Base.BaseController - Statistical exception message - Exception has been thrown by the target of an invocation.
 2015-05-18 10:58:46,804 [6] ERROR StatisticalSolutions.Controllers.Base.BaseController - Statistical exception stack trace -    at System.RuntimeTypeHandle.CreateInstance(RuntimeType type, Boolean publicOnly, Boolean noCheck, Boolean& canBeCached, RuntimeMethodHandleInternal& ctor, Boolean& bNeedSecurityCheck)
   at System.RuntimeType.CreateInstanceSlow(Boolean publicOnly, Boolean skipCheckThis, Boolean fillCache, StackCrawlMark& stackMark)
   at System.RuntimeType.CreateInstanceDefaultCtor(Boolean publicOnly, Boolean skipCheckThis, Boolean fillCache, StackCrawlMark& stackMark)
   at System.Activator.CreateInstance(Type type, Boolean nonPublic)
   at System.Activator.CreateInstance(Type type)
   at System.Threading.LazyHelpers`1.ActivatorFactorySelector()
   at System.Threading.LazyInitializer.EnsureInitializedCore[T](T& target, Boolean& initialized, Object& syncLock, Func`1 valueFactory)
   at System.Threading.LazyInitializer.EnsureInitialized[T](T& target, Boolean& initialized, Object& syncLock)
   at StatisticalSolutions.Filters.InitializeSimpleMembershipAttribute.OnActionExecuting(ActionExecutingContext filterContext) in e:\Ola Projects\3rdPartyProjects\StatisticalSolutions\StatisticalSolutions\Filters\InitializeSimpleMembershipAttribute.cs:line 23
   at System.Web.Mvc.Async.AsyncControllerActionInvoker.InvokeActionMethodFilterAsynchronously(IActionFilter filter, ActionExecutingContext preContext, Func`1 nextInChain)
   at System.Web.Mvc.Async.AsyncControllerActionInvoker.InvokeActionMethodFilterAsynchronously(IActionFilter filter, ActionExecutingContext preContext, Func`1 nextInChain)
   at System.Web.Mvc.Async.AsyncControllerActionInvoker.<>c__DisplayClass37.<BeginInvokeActionMethodWithFilters>b__31(AsyncCallback asyncCallback, Object asyncState)
   at System.Web.Mvc.Async.AsyncResultWrapper.WrappedAsyncResult`1.Begin(AsyncCallback callback, Object state, Int32 timeout)
   at System.Web.Mvc.Async.AsyncResultWrapper.Begin[TResult](AsyncCallback callback, Object state, BeginInvokeDelegate beginDelegate, EndInvokeDelegate`1 endDelegate, Object tag, Int32 timeout)
   at System.Web.Mvc.Async.AsyncResultWrapper.Begin[TResult](AsyncCallback callback, Object state, BeginInvokeDelegate beginDelegate, EndInvokeDelegate`1 endDelegate, Object tag)
   at System.Web.Mvc.Async.AsyncControllerActionInvoker.<>c__DisplayClass25.<BeginInvokeAction>b__1e(AsyncCallback asyncCallback, Object asyncState)
 2015-05-18 10:58:46,812 [7] INFO  StatisticalSolutions.Controllers.Base.BaseController - Application URL - /StatisticalSolutions/Base/StatisticalError 
 2015-05-18 10:58:46,814 [7] INFO  StatisticalSolutions.Controllers.Base.BaseController - Application URL - /StatisticalSolutions/Base/StatisticalError 
 2015-05-18 10:58:46,814 [7] ERROR StatisticalSolutions.Controllers.Base.BaseController - Statistical exception message - Exception has been thrown by the target of an invocation.
 2015-05-18 10:58:46,814 [7] ERROR StatisticalSolutions.Controllers.Base.BaseController - Statistical exception stack trace -    at System.RuntimeTypeHandle.CreateInstance(RuntimeType type, Boolean publicOnly, Boolean noCheck, Boolean& canBeCached, RuntimeMethodHandleInternal& ctor, Boolean& bNeedSecurityCheck)
   at System.RuntimeType.CreateInstanceSlow(Boolean publicOnly, Boolean skipCheckThis, Boolean fillCache, StackCrawlMark& stackMark)
   at System.RuntimeType.CreateInstanceDefaultCtor(Boolean publicOnly, Boolean skipCheckThis, Boolean fillCache, StackCrawlMark& stackMark)
   at System.Activator.CreateInstance(Type type, Boolean nonPublic)
   at System.Activator.CreateInstance(Type type)
   at System.Threading.LazyHelpers`1.ActivatorFactorySelector()
   at System.Threading.LazyInitializer.EnsureInitializedCore[T](T& target, Boolean& initialized, Object& syncLock, Func`1 valueFactory)
   at System.Threading.LazyInitializer.EnsureInitialized[T](T& target, Boolean& initialized, Object& syncLock)
   at StatisticalSolutions.Filters.InitializeSimpleMembershipAttribute.OnActionExecuting(ActionExecutingContext filterContext) in e:\Ola Projects\3rdPartyProjects\StatisticalSolutions\StatisticalSolutions\Filters\InitializeSimpleMembershipAttribute.cs:line 23
   at System.Web.Mvc.Async.AsyncControllerActionInvoker.InvokeActionMethodFilterAsynchronously(IActionFilter filter, ActionExecutingContext preContext, Func`1 nextInChain)
   at System.Web.Mvc.Async.AsyncControllerActionInvoker.InvokeActionMethodFilterAsynchronously(IActionFilter filter, ActionExecutingContext preContext, Func`1 nextInChain)
   at System.Web.Mvc.Async.AsyncControllerActionInvoker.<>c__DisplayClass37.<BeginInvokeActionMethodWithFilters>b__31(AsyncCallback asyncCallback, Object asyncState)
   at System.Web.Mvc.Async.AsyncResultWrapper.WrappedAsyncResult`1.Begin(AsyncCallback callback, Object state, Int32 timeout)
   at System.Web.Mvc.Async.AsyncResultWrapper.Begin[TResult](AsyncCallback callback, Object state, BeginInvokeDelegate beginDelegate, EndInvokeDelegate`1 endDelegate, Object tag, Int32 timeout)
   at System.Web.Mvc.Async.AsyncResultWrapper.Begin[TResult](AsyncCallback callback, Object state, BeginInvokeDelegate beginDelegate, EndInvokeDelegate`1 endDelegate, Object tag)
   at System.Web.Mvc.Async.AsyncControllerActionInvoker.<>c__DisplayClass25.<BeginInvokeAction>b__1e(AsyncCallback asyncCallback, Object asyncState)
 2015-05-18 10:58:46,820 [8] INFO  StatisticalSolutions.Controllers.Base.BaseController - Application URL - /StatisticalSolutions/Base/StatisticalError 
 2015-05-18 10:58:46,821 [8] INFO  StatisticalSolutions.Controllers.Base.BaseController - Application URL - /StatisticalSolutions/Base/StatisticalError 
 2015-05-18 10:58:46,821 [8] ERROR StatisticalSolutions.Controllers.Base.BaseController - Statistical exception message - Exception has been thrown by the target of an invocation.
 2015-05-18 10:58:46,822 [8] ERROR StatisticalSolutions.Controllers.Base.BaseController - Statistical exception stack trace -    at System.RuntimeTypeHandle.CreateInstance(RuntimeType type, Boolean publicOnly, Boolean noCheck, Boolean& canBeCached, RuntimeMethodHandleInternal& ctor, Boolean& bNeedSecurityCheck)
   at System.RuntimeType.CreateInstanceSlow(Boolean publicOnly, Boolean skipCheckThis, Boolean fillCache, StackCrawlMark& stackMark)
   at System.RuntimeType.CreateInstanceDefaultCtor(Boolean publicOnly, Boolean skipCheckThis, Boolean fillCache, StackCrawlMark& stackMark)
   at System.Activator.CreateInstance(Type type, Boolean nonPublic)
   at System.Activator.CreateInstance(Type type)
   at System.Threading.LazyHelpers`1.ActivatorFactorySelector()
   at System.Threading.LazyInitializer.EnsureInitializedCore[T](T& target, Boolean& initialized, Object& syncLock, Func`1 valueFactory)
   at System.Threading.LazyInitializer.EnsureInitialized[T](T& target, Boolean& initialized, Object& syncLock)
   at StatisticalSolutions.Filters.InitializeSimpleMembershipAttribute.OnActionExecuting(ActionExecutingContext filterContext) in e:\Ola Projects\3rdPartyProjects\StatisticalSolutions\StatisticalSolutions\Filters\InitializeSimpleMembershipAttribute.cs:line 23
   at System.Web.Mvc.Async.AsyncControllerActionInvoker.InvokeActionMethodFilterAsynchronously(IActionFilter filter, ActionExecutingContext preContext, Func`1 nextInChain)
   at System.Web.Mvc.Async.AsyncControllerActionInvoker.InvokeActionMethodFilterAsynchronously(IActionFilter filter, ActionExecutingContext preContext, Func`1 nextInChain)
   at System.Web.Mvc.Async.AsyncControllerActionInvoker.<>c__DisplayClass37.<BeginInvokeActionMethodWithFilters>b__31(AsyncCallback asyncCallback, Object asyncState)
   at System.Web.Mvc.Async.AsyncResultWrapper.WrappedAsyncResult`1.Begin(AsyncCallback callback, Object state, Int32 timeout)
   at System.Web.Mvc.Async.AsyncResultWrapper.Begin[TResult](AsyncCallback callback, Object state, BeginInvokeDelegate beginDelegate, EndInvokeDelegate`1 endDelegate, Object tag, Int32 timeout)
   at System.Web.Mvc.Async.AsyncResultWrapper.Begin[TResult](AsyncCallback callback, Object state, BeginInvokeDelegate beginDelegate, EndInvokeDelegate`1 endDelegate, Object tag)
   at System.Web.Mvc.Async.AsyncControllerActionInvoker.<>c__DisplayClass25.<BeginInvokeAction>b__1e(AsyncCallback asyncCallback, Object asyncState)
 2015-05-18 10:58:46,828 [9] INFO  StatisticalSolutions.Controllers.Base.BaseController - Application URL - /StatisticalSolutions/Base/StatisticalError 
 2015-05-18 10:58:46,829 [9] INFO  StatisticalSolutions.Controllers.Base.BaseController - Application URL - /StatisticalSolutions/Base/StatisticalError 
 2015-05-18 10:58:46,829 [9] ERROR StatisticalSolutions.Controllers.Base.BaseController - Statistical exception message - Exception has been thrown by the target of an invocation.
 2015-05-18 10:58:46,830 [9] ERROR StatisticalSolutions.Controllers.Base.BaseController - Statistical exception stack trace -    at System.RuntimeTypeHandle.CreateInstance(RuntimeType type, Boolean publicOnly, Boolean noCheck, Boolean& canBeCached, RuntimeMethodHandleInternal& ctor, Boolean& bNeedSecurityCheck)
   at System.RuntimeType.CreateInstanceSlow(Boolean publicOnly, Boolean skipCheckThis, Boolean fillCache, StackCrawlMark& stackMark)
   at System.RuntimeType.CreateInstanceDefaultCtor(Boolean publicOnly, Boolean skipCheckThis, Boolean fillCache, StackCrawlMark& stackMark)
   at System.Activator.CreateInstance(Type type, Boolean nonPublic)
   at System.Activator.CreateInstance(Type type)
   at System.Threading.LazyHelpers`1.ActivatorFactorySelector()
   at System.Threading.LazyInitializer.EnsureInitializedCore[T](T& target, Boolean& initialized, Object& syncLock, Func`1 valueFactory)
   at System.Threading.LazyInitializer.EnsureInitialized[T](T& target, Boolean& initialized, Object& syncLock)
   at StatisticalSolutions.Filters.InitializeSimpleMembershipAttribute.OnActionExecuting(ActionExecutingContext filterContext) in e:\Ola Projects\3rdPartyProjects\StatisticalSolutions\StatisticalSolutions\Filters\InitializeSimpleMembershipAttribute.cs:line 23
   at System.Web.Mvc.Async.AsyncControllerActionInvoker.InvokeActionMethodFilterAsynchronously(IActionFilter filter, ActionExecutingContext preContext, Func`1 nextInChain)
   at System.Web.Mvc.Async.AsyncControllerActionInvoker.InvokeActionMethodFilterAsynchronously(IActionFilter filter, ActionExecutingContext preContext, Func`1 nextInChain)
   at System.Web.Mvc.Async.AsyncControllerActionInvoker.<>c__DisplayClass37.<BeginInvokeActionMethodWithFilters>b__31(AsyncCallback asyncCallback, Object asyncState)
   at System.Web.Mvc.Async.AsyncResultWrapper.WrappedAsyncResult`1.Begin(AsyncCallback callback, Object state, Int32 timeout)
   at System.Web.Mvc.Async.AsyncResultWrapper.Begin[TResult](AsyncCallback callback, Object state, BeginInvokeDelegate beginDelegate, EndInvokeDelegate`1 endDelegate, Object tag, Int32 timeout)
   at System.Web.Mvc.Async.AsyncResultWrapper.Begin[TResult](AsyncCallback callback, Object state, BeginInvokeDelegate beginDelegate, EndInvokeDelegate`1 endDelegate, Object tag)
   at System.Web.Mvc.Async.AsyncControllerActionInvoker.<>c__DisplayClass25.<BeginInvokeAction>b__1e(AsyncCallback asyncCallback, Object asyncState)
 2015-05-18 10:58:46,835 [7] INFO  StatisticalSolutions.Controllers.Base.BaseController - Application URL - /StatisticalSolutions/Base/StatisticalError 
 2015-05-18 10:58:46,836 [7] INFO  StatisticalSolutions.Controllers.Base.BaseController - Application URL - /StatisticalSolutions/Base/StatisticalError 
 2015-05-18 10:58:46,837 [7] ERROR StatisticalSolutions.Controllers.Base.BaseController - Statistical exception message - Exception has been thrown by the target of an invocation.
 2015-05-18 10:58:46,837 [7] ERROR StatisticalSolutions.Controllers.Base.BaseController - Statistical exception stack trace -    at System.RuntimeTypeHandle.CreateInstance(RuntimeType type, Boolean publicOnly, Boolean noCheck, Boolean& canBeCached, RuntimeMethodHandleInternal& ctor, Boolean& bNeedSecurityCheck)
   at System.RuntimeType.CreateInstanceSlow(Boolean publicOnly, Boolean skipCheckThis, Boolean fillCache, StackCrawlMark& stackMark)
   at System.RuntimeType.CreateInstanceDefaultCtor(Boolean publicOnly, Boolean skipCheckThis, Boolean fillCache, StackCrawlMark& stackMark)
   at System.Activator.CreateInstance(Type type, Boolean nonPublic)
   at System.Activator.CreateInstance(Type type)
   at System.Threading.LazyHelpers`1.ActivatorFactorySelector()
   at System.Threading.LazyInitializer.EnsureInitializedCore[T](T& target, Boolean& initialized, Object& syncLock, Func`1 valueFactory)
   at System.Threading.LazyInitializer.EnsureInitialized[T](T& target, Boolean& initialized, Object& syncLock)
   at StatisticalSolutions.Filters.InitializeSimpleMembershipAttribute.OnActionExecuting(ActionExecutingContext filterContext) in e:\Ola Projects\3rdPartyProjects\StatisticalSolutions\StatisticalSolutions\Filters\InitializeSimpleMembershipAttribute.cs:line 23
   at System.Web.Mvc.Async.AsyncControllerActionInvoker.InvokeActionMethodFilterAsynchronously(IActionFilter filter, ActionExecutingContext preContext, Func`1 nextInChain)
   at System.Web.Mvc.Async.AsyncControllerActionInvoker.InvokeActionMethodFilterAsynchronously(IActionFilter filter, ActionExecutingContext preContext, Func`1 nextInChain)
   at System.Web.Mvc.Async.AsyncControllerActionInvoker.<>c__DisplayClass37.<BeginInvokeActionMethodWithFilters>b__31(AsyncCallback asyncCallback, Object asyncState)
   at System.Web.Mvc.Async.AsyncResultWrapper.WrappedAsyncResult`1.Begin(AsyncCallback callback, Object state, Int32 timeout)
   at System.Web.Mvc.Async.AsyncResultWrapper.Begin[TResult](AsyncCallback callback, Object state, BeginInvokeDelegate beginDelegate, EndInvokeDelegate`1 endDelegate, Object tag, Int32 timeout)
   at System.Web.Mvc.Async.AsyncResultWrapper.Begin[TResult](AsyncCallback callback, Object state, BeginInvokeDelegate beginDelegate, EndInvokeDelegate`1 endDelegate, Object tag)
   at System.Web.Mvc.Async.AsyncControllerActionInvoker.<>c__DisplayClass25.<BeginInvokeAction>b__1e(AsyncCallback asyncCallback, Object asyncState)
 2015-05-18 10:58:46,843 [6] INFO  StatisticalSolutions.Controllers.Base.BaseController - Application URL - /StatisticalSolutions/Base/StatisticalError 
 2015-05-18 10:58:46,844 [6] INFO  StatisticalSolutions.Controllers.Base.BaseController - Application URL - /StatisticalSolutions/Base/StatisticalError 
 2015-05-18 10:58:46,844 [6] ERROR StatisticalSolutions.Controllers.Base.BaseController - Statistical exception message - Exception has been thrown by the target of an invocation.
 2015-05-18 10:58:46,845 [6] ERROR StatisticalSolutions.Controllers.Base.BaseController - Statistical exception stack trace -    at System.RuntimeTypeHandle.CreateInstance(RuntimeType type, Boolean publicOnly, Boolean noCheck, Boolean& canBeCached, RuntimeMethodHandleInternal& ctor, Boolean& bNeedSecurityCheck)
   at System.RuntimeType.CreateInstanceSlow(Boolean publicOnly, Boolean skipCheckThis, Boolean fillCache, StackCrawlMark& stackMark)
   at System.RuntimeType.CreateInstanceDefaultCtor(Boolean publicOnly, Boolean skipCheckThis, Boolean fillCache, StackCrawlMark& stackMark)
   at System.Activator.CreateInstance(Type type, Boolean nonPublic)
   at System.Activator.CreateInstance(Type type)
   at System.Threading.LazyHelpers`1.ActivatorFactorySelector()
   at System.Threading.LazyInitializer.EnsureInitializedCore[T](T& target, Boolean& initialized, Object& syncLock, Func`1 valueFactory)
   at System.Threading.LazyInitializer.EnsureInitialized[T](T& target, Boolean& initialized, Object& syncLock)
   at StatisticalSolutions.Filters.InitializeSimpleMembershipAttribute.OnActionExecuting(ActionExecutingContext filterContext) in e:\Ola Projects\3rdPartyProjects\StatisticalSolutions\StatisticalSolutions\Filters\InitializeSimpleMembershipAttribute.cs:line 23
   at System.Web.Mvc.Async.AsyncControllerActionInvoker.InvokeActionMethodFilterAsynchronously(IActionFilter filter, ActionExecutingContext preContext, Func`1 nextInChain)
   at System.Web.Mvc.Async.AsyncControllerActionInvoker.InvokeActionMethodFilterAsynchronously(IActionFilter filter, ActionExecutingContext preContext, Func`1 nextInChain)
   at System.Web.Mvc.Async.AsyncControllerActionInvoker.<>c__DisplayClass37.<BeginInvokeActionMethodWithFilters>b__31(AsyncCallback asyncCallback, Object asyncState)
   at System.Web.Mvc.Async.AsyncResultWrapper.WrappedAsyncResult`1.Begin(AsyncCallback callback, Object state, Int32 timeout)
   at System.Web.Mvc.Async.AsyncResultWrapper.Begin[TResult](AsyncCallback callback, Object state, BeginInvokeDelegate beginDelegate, EndInvokeDelegate`1 endDelegate, Object tag, Int32 timeout)
   at System.Web.Mvc.Async.AsyncResultWrapper.Begin[TResult](AsyncCallback callback, Object state, BeginInvokeDelegate beginDelegate, EndInvokeDelegate`1 endDelegate, Object tag)
   at System.Web.Mvc.Async.AsyncControllerActionInvoker.<>c__DisplayClass25.<BeginInvokeAction>b__1e(AsyncCallback asyncCallback, Object asyncState)
 2015-05-18 10:58:46,850 [9] INFO  StatisticalSolutions.Controllers.Base.BaseController - Application URL - /StatisticalSolutions/Base/StatisticalError 
 2015-05-18 10:58:46,851 [9] INFO  StatisticalSolutions.Controllers.Base.BaseController - Application URL - /StatisticalSolutions/Base/StatisticalError 
 2015-05-18 10:58:46,852 [9] ERROR StatisticalSolutions.Controllers.Base.BaseController - Statistical exception message - Exception has been thrown by the target of an invocation.
 2015-05-18 10:58:46,852 [9] ERROR StatisticalSolutions.Controllers.Base.BaseController - Statistical exception stack trace -    at System.RuntimeTypeHandle.CreateInstance(RuntimeType type, Boolean publicOnly, Boolean noCheck, Boolean& canBeCached, RuntimeMethodHandleInternal& ctor, Boolean& bNeedSecurityCheck)
   at System.RuntimeType.CreateInstanceSlow(Boolean publicOnly, Boolean skipCheckThis, Boolean fillCache, StackCrawlMark& stackMark)
   at System.RuntimeType.CreateInstanceDefaultCtor(Boolean publicOnly, Boolean skipCheckThis, Boolean fillCache, StackCrawlMark& stackMark)
   at System.Activator.CreateInstance(Type type, Boolean nonPublic)
   at System.Activator.CreateInstance(Type type)
   at System.Threading.LazyHelpers`1.ActivatorFactorySelector()
   at System.Threading.LazyInitializer.EnsureInitializedCore[T](T& target, Boolean& initialized, Object& syncLock, Func`1 valueFactory)
   at System.Threading.LazyInitializer.EnsureInitialized[T](T& target, Boolean& initialized, Object& syncLock)
   at StatisticalSolutions.Filters.InitializeSimpleMembershipAttribute.OnActionExecuting(ActionExecutingContext filterContext) in e:\Ola Projects\3rdPartyProjects\StatisticalSolutions\StatisticalSolutions\Filters\InitializeSimpleMembershipAttribute.cs:line 23
   at System.Web.Mvc.Async.AsyncControllerActionInvoker.InvokeActionMethodFilterAsynchronously(IActionFilter filter, ActionExecutingContext preContext, Func`1 nextInChain)
   at System.Web.Mvc.Async.AsyncControllerActionInvoker.InvokeActionMethodFilterAsynchronously(IActionFilter filter, ActionExecutingContext preContext, Func`1 nextInChain)
   at System.Web.Mvc.Async.AsyncControllerActionInvoker.<>c__DisplayClass37.<BeginInvokeActionMethodWithFilters>b__31(AsyncCallback asyncCallback, Object asyncState)
   at System.Web.Mvc.Async.AsyncResultWrapper.WrappedAsyncResult`1.Begin(AsyncCallback callback, Object state, Int32 timeout)
   at System.Web.Mvc.Async.AsyncResultWrapper.Begin[TResult](AsyncCallback callback, Object state, BeginInvokeDelegate beginDelegate, EndInvokeDelegate`1 endDelegate, Object tag, Int32 timeout)
   at System.Web.Mvc.Async.AsyncResultWrapper.Begin[TResult](AsyncCallback callback, Object state, BeginInvokeDelegate beginDelegate, EndInvokeDelegate`1 endDelegate, Object tag)
   at System.Web.Mvc.Async.AsyncControllerActionInvoker.<>c__DisplayClass25.<BeginInvokeAction>b__1e(AsyncCallback asyncCallback, Object asyncState)
 2015-05-18 10:58:46,859 [7] INFO  StatisticalSolutions.Controllers.Base.BaseController - Application URL - /StatisticalSolutions/Base/StatisticalError 
 2015-05-18 10:58:46,860 [7] INFO  StatisticalSolutions.Controllers.Base.BaseController - Application URL - /StatisticalSolutions/Base/StatisticalError 
 2015-05-18 10:58:46,861 [7] ERROR StatisticalSolutions.Controllers.Base.BaseController - Statistical exception message - Exception has been thrown by the target of an invocation.
 2015-05-18 10:58:46,861 [7] ERROR StatisticalSolutions.Controllers.Base.BaseController - Statistical exception stack trace -    at System.RuntimeTypeHandle.CreateInstance(RuntimeType type, Boolean publicOnly, Boolean noCheck, Boolean& canBeCached, RuntimeMethodHandleInternal& ctor, Boolean& bNeedSecurityCheck)
   at System.RuntimeType.CreateInstanceSlow(Boolean publicOnly, Boolean skipCheckThis, Boolean fillCache, StackCrawlMark& stackMark)
   at System.RuntimeType.CreateInstanceDefaultCtor(Boolean publicOnly, Boolean skipCheckThis, Boolean fillCache, StackCrawlMark& stackMark)
   at System.Activator.CreateInstance(Type type, Boolean nonPublic)
   at System.Activator.CreateInstance(Type type)
   at System.Threading.LazyHelpers`1.ActivatorFactorySelector()
   at System.Threading.LazyInitializer.EnsureInitializedCore[T](T& target, Boolean& initialized, Object& syncLock, Func`1 valueFactory)
   at System.Threading.LazyInitializer.EnsureInitialized[T](T& target, Boolean& initialized, Object& syncLock)
   at StatisticalSolutions.Filters.InitializeSimpleMembershipAttribute.OnActionExecuting(ActionExecutingContext filterContext) in e:\Ola Projects\3rdPartyProjects\StatisticalSolutions\StatisticalSolutions\Filters\InitializeSimpleMembershipAttribute.cs:line 23
   at System.Web.Mvc.Async.AsyncControllerActionInvoker.InvokeActionMethodFilterAsynchronously(IActionFilter filter, ActionExecutingContext preContext, Func`1 nextInChain)
   at System.Web.Mvc.Async.AsyncControllerActionInvoker.InvokeActionMethodFilterAsynchronously(IActionFilter filter, ActionExecutingContext preContext, Func`1 nextInChain)
   at System.Web.Mvc.Async.AsyncControllerActionInvoker.<>c__DisplayClass37.<BeginInvokeActionMethodWithFilters>b__31(AsyncCallback asyncCallback, Object asyncState)
   at System.Web.Mvc.Async.AsyncResultWrapper.WrappedAsyncResult`1.Begin(AsyncCallback callback, Object state, Int32 timeout)
   at System.Web.Mvc.Async.AsyncResultWrapper.Begin[TResult](AsyncCallback callback, Object state, BeginInvokeDelegate beginDelegate, EndInvokeDelegate`1 endDelegate, Object tag, Int32 timeout)
   at System.Web.Mvc.Async.AsyncResultWrapper.Begin[TResult](AsyncCallback callback, Object state, BeginInvokeDelegate beginDelegate, EndInvokeDelegate`1 endDelegate, Object tag)
   at System.Web.Mvc.Async.AsyncControllerActionInvoker.<>c__DisplayClass25.<BeginInvokeAction>b__1e(AsyncCallback asyncCallback, Object asyncState)
 2015-05-18 10:58:46,867 [6] INFO  StatisticalSolutions.Controllers.Base.BaseController - Application URL - /StatisticalSolutions/Base/StatisticalError 
 2015-05-18 10:58:46,868 [6] INFO  StatisticalSolutions.Controllers.Base.BaseController - Application URL - /StatisticalSolutions/Base/StatisticalError 
 2015-05-18 10:58:46,868 [6] ERROR StatisticalSolutions.Controllers.Base.BaseController - Statistical exception message - Exception has been thrown by the target of an invocation.
 2015-05-18 10:58:46,868 [6] ERROR StatisticalSolutions.Controllers.Base.BaseController - Statistical exception stack trace -    at System.RuntimeTypeHandle.CreateInstance(RuntimeType type, Boolean publicOnly, Boolean noCheck, Boolean& canBeCached, RuntimeMethodHandleInternal& ctor, Boolean& bNeedSecurityCheck)
   at System.RuntimeType.CreateInstanceSlow(Boolean publicOnly, Boolean skipCheckThis, Boolean fillCache, StackCrawlMark& stackMark)
   at System.RuntimeType.CreateInstanceDefaultCtor(Boolean publicOnly, Boolean skipCheckThis, Boolean fillCache, StackCrawlMark& stackMark)
   at System.Activator.CreateInstance(Type type, Boolean nonPublic)
   at System.Activator.CreateInstance(Type type)
   at System.Threading.LazyHelpers`1.ActivatorFactorySelector()
   at System.Threading.LazyInitializer.EnsureInitializedCore[T](T& target, Boolean& initialized, Object& syncLock, Func`1 valueFactory)
   at System.Threading.LazyInitializer.EnsureInitialized[T](T& target, Boolean& initialized, Object& syncLock)
   at StatisticalSolutions.Filters.InitializeSimpleMembershipAttribute.OnActionExecuting(ActionExecutingContext filterContext) in e:\Ola Projects\3rdPartyProjects\StatisticalSolutions\StatisticalSolutions\Filters\InitializeSimpleMembershipAttribute.cs:line 23
   at System.Web.Mvc.Async.AsyncControllerActionInvoker.InvokeActionMethodFilterAsynchronously(IActionFilter filter, ActionExecutingContext preContext, Func`1 nextInChain)
   at System.Web.Mvc.Async.AsyncControllerActionInvoker.InvokeActionMethodFilterAsynchronously(IActionFilter filter, ActionExecutingContext preContext, Func`1 nextInChain)
   at System.Web.Mvc.Async.AsyncControllerActionInvoker.<>c__DisplayClass37.<BeginInvokeActionMethodWithFilters>b__31(AsyncCallback asyncCallback, Object asyncState)
   at System.Web.Mvc.Async.AsyncResultWrapper.WrappedAsyncResult`1.Begin(AsyncCallback callback, Object state, Int32 timeout)
   at System.Web.Mvc.Async.AsyncResultWrapper.Begin[TResult](AsyncCallback callback, Object state, BeginInvokeDelegate beginDelegate, EndInvokeDelegate`1 endDelegate, Object tag, Int32 timeout)
   at System.Web.Mvc.Async.AsyncResultWrapper.Begin[TResult](AsyncCallback callback, Object state, BeginInvokeDelegate beginDelegate, EndInvokeDelegate`1 endDelegate, Object tag)
   at System.Web.Mvc.Async.AsyncControllerActionInvoker.<>c__DisplayClass25.<BeginInvokeAction>b__1e(AsyncCallback asyncCallback, Object asyncState)
 2015-05-18 10:58:46,874 [8] INFO  StatisticalSolutions.Controllers.Base.BaseController - Application URL - /StatisticalSolutions/Base/StatisticalError 
 2015-05-18 10:58:46,876 [8] INFO  StatisticalSolutions.Controllers.Base.BaseController - Application URL - /StatisticalSolutions/Base/StatisticalError 
 2015-05-18 10:58:46,877 [8] ERROR StatisticalSolutions.Controllers.Base.BaseController - Statistical exception message - Exception has been thrown by the target of an invocation.
 2015-05-18 10:58:46,877 [8] ERROR StatisticalSolutions.Controllers.Base.BaseController - Statistical exception stack trace -    at System.RuntimeTypeHandle.CreateInstance(RuntimeType type, Boolean publicOnly, Boolean noCheck, Boolean& canBeCached, RuntimeMethodHandleInternal& ctor, Boolean& bNeedSecurityCheck)
   at System.RuntimeType.CreateInstanceSlow(Boolean publicOnly, Boolean skipCheckThis, Boolean fillCache, StackCrawlMark& stackMark)
   at System.RuntimeType.CreateInstanceDefaultCtor(Boolean publicOnly, Boolean skipCheckThis, Boolean fillCache, StackCrawlMark& stackMark)
   at System.Activator.CreateInstance(Type type, Boolean nonPublic)
   at System.Activator.CreateInstance(Type type)
   at System.Threading.LazyHelpers`1.ActivatorFactorySelector()
   at System.Threading.LazyInitializer.EnsureInitializedCore[T](T& target, Boolean& initialized, Object& syncLock, Func`1 valueFactory)
   at System.Threading.LazyInitializer.EnsureInitialized[T](T& target, Boolean& initialized, Object& syncLock)
   at StatisticalSolutions.Filters.InitializeSimpleMembershipAttribute.OnActionExecuting(ActionExecutingContext filterContext) in e:\Ola Projects\3rdPartyProjects\StatisticalSolutions\StatisticalSolutions\Filters\InitializeSimpleMembershipAttribute.cs:line 23
   at System.Web.Mvc.Async.AsyncControllerActionInvoker.InvokeActionMethodFilterAsynchronously(IActionFilter filter, ActionExecutingContext preContext, Func`1 nextInChain)
   at System.Web.Mvc.Async.AsyncControllerActionInvoker.InvokeActionMethodFilterAsynchronously(IActionFilter filter, ActionExecutingContext preContext, Func`1 nextInChain)
   at System.Web.Mvc.Async.AsyncControllerActionInvoker.<>c__DisplayClass37.<BeginInvokeActionMethodWithFilters>b__31(AsyncCallback asyncCallback, Object asyncState)
   at System.Web.Mvc.Async.AsyncResultWrapper.WrappedAsyncResult`1.Begin(AsyncCallback callback, Object state, Int32 timeout)
   at System.Web.Mvc.Async.AsyncResultWrapper.Begin[TResult](AsyncCallback callback, Object state, BeginInvokeDelegate beginDelegate, EndInvokeDelegate`1 endDelegate, Object tag, Int32 timeout)
   at System.Web.Mvc.Async.AsyncResultWrapper.Begin[TResult](AsyncCallback callback, Object state, BeginInvokeDelegate beginDelegate, EndInvokeDelegate`1 endDelegate, Object tag)
   at System.Web.Mvc.Async.AsyncControllerActionInvoker.<>c__DisplayClass25.<BeginInvokeAction>b__1e(AsyncCallback asyncCallback, Object asyncState)
 2015-05-18 10:58:46,883 [7] INFO  StatisticalSolutions.Controllers.Base.BaseController - Application URL - /StatisticalSolutions/Base/StatisticalError 
 2015-05-18 10:58:46,884 [7] INFO  StatisticalSolutions.Controllers.Base.BaseController - Application URL - /StatisticalSolutions/Base/StatisticalError 
 2015-05-18 10:58:46,884 [7] ERROR StatisticalSolutions.Controllers.Base.BaseController - Statistical exception message - Exception has been thrown by the target of an invocation.
 2015-05-18 10:58:46,884 [7] ERROR StatisticalSolutions.Controllers.Base.BaseController - Statistical exception stack trace -    at System.RuntimeTypeHandle.CreateInstance(RuntimeType type, Boolean publicOnly, Boolean noCheck, Boolean& canBeCached, RuntimeMethodHandleInternal& ctor, Boolean& bNeedSecurityCheck)
   at System.RuntimeType.CreateInstanceSlow(Boolean publicOnly, Boolean skipCheckThis, Boolean fillCache, StackCrawlMark& stackMark)
   at System.RuntimeType.CreateInstanceDefaultCtor(Boolean publicOnly, Boolean skipCheckThis, Boolean fillCache, StackCrawlMark& stackMark)
   at System.Activator.CreateInstance(Type type, Boolean nonPublic)
   at System.Activator.CreateInstance(Type type)
   at System.Threading.LazyHelpers`1.ActivatorFactorySelector()
   at System.Threading.LazyInitializer.EnsureInitializedCore[T](T& target, Boolean& initialized, Object& syncLock, Func`1 valueFactory)
   at System.Threading.LazyInitializer.EnsureInitialized[T](T& target, Boolean& initialized, Object& syncLock)
   at StatisticalSolutions.Filters.InitializeSimpleMembershipAttribute.OnActionExecuting(ActionExecutingContext filterContext) in e:\Ola Projects\3rdPartyProjects\StatisticalSolutions\StatisticalSolutions\Filters\InitializeSimpleMembershipAttribute.cs:line 23
   at System.Web.Mvc.Async.AsyncControllerActionInvoker.InvokeActionMethodFilterAsynchronously(IActionFilter filter, ActionExecutingContext preContext, Func`1 nextInChain)
   at System.Web.Mvc.Async.AsyncControllerActionInvoker.InvokeActionMethodFilterAsynchronously(IActionFilter filter, ActionExecutingContext preContext, Func`1 nextInChain)
   at System.Web.Mvc.Async.AsyncControllerActionInvoker.<>c__DisplayClass37.<BeginInvokeActionMethodWithFilters>b__31(AsyncCallback asyncCallback, Object asyncState)
   at System.Web.Mvc.Async.AsyncResultWrapper.WrappedAsyncResult`1.Begin(AsyncCallback callback, Object state, Int32 timeout)
   at System.Web.Mvc.Async.AsyncResultWrapper.Begin[TResult](AsyncCallback callback, Object state, BeginInvokeDelegate beginDelegate, EndInvokeDelegate`1 endDelegate, Object tag, Int32 timeout)
   at System.Web.Mvc.Async.AsyncResultWrapper.Begin[TResult](AsyncCallback callback, Object state, BeginInvokeDelegate beginDelegate, EndInvokeDelegate`1 endDelegate, Object tag)
   at System.Web.Mvc.Async.AsyncControllerActionInvoker.<>c__DisplayClass25.<BeginInvokeAction>b__1e(AsyncCallback asyncCallback, Object asyncState)
 2015-05-18 10:58:46,891 [9] INFO  StatisticalSolutions.Controllers.Base.BaseController - Application URL - /StatisticalSolutions/Base/StatisticalError 
 2015-05-18 10:58:46,892 [9] INFO  StatisticalSolutions.Controllers.Base.BaseController - Application URL - /StatisticalSolutions/Base/StatisticalError 
 2015-05-18 10:58:46,892 [9] ERROR StatisticalSolutions.Controllers.Base.BaseController - Statistical exception message - Exception has been thrown by the target of an invocation.
 2015-05-18 10:58:46,893 [9] ERROR StatisticalSolutions.Controllers.Base.BaseController - Statistical exception stack trace -    at System.RuntimeTypeHandle.CreateInstance(RuntimeType type, Boolean publicOnly, Boolean noCheck, Boolean& canBeCached, RuntimeMethodHandleInternal& ctor, Boolean& bNeedSecurityCheck)
   at System.RuntimeType.CreateInstanceSlow(Boolean publicOnly, Boolean skipCheckThis, Boolean fillCache, StackCrawlMark& stackMark)
   at System.RuntimeType.CreateInstanceDefaultCtor(Boolean publicOnly, Boolean skipCheckThis, Boolean fillCache, StackCrawlMark& stackMark)
   at System.Activator.CreateInstance(Type type, Boolean nonPublic)
   at System.Activator.CreateInstance(Type type)
   at System.Threading.LazyHelpers`1.ActivatorFactorySelector()
   at System.Threading.LazyInitializer.EnsureInitializedCore[T](T& target, Boolean& initialized, Object& syncLock, Func`1 valueFactory)
   at System.Threading.LazyInitializer.EnsureInitialized[T](T& target, Boolean& initialized, Object& syncLock)
   at StatisticalSolutions.Filters.InitializeSimpleMembershipAttribute.OnActionExecuting(ActionExecutingContext filterContext) in e:\Ola Projects\3rdPartyProjects\StatisticalSolutions\StatisticalSolutions\Filters\InitializeSimpleMembershipAttribute.cs:line 23
   at System.Web.Mvc.Async.AsyncControllerActionInvoker.InvokeActionMethodFilterAsynchronously(IActionFilter filter, ActionExecutingContext preContext, Func`1 nextInChain)
   at System.Web.Mvc.Async.AsyncControllerActionInvoker.InvokeActionMethodFilterAsynchronously(IActionFilter filter, ActionExecutingContext preContext, Func`1 nextInChain)
   at System.Web.Mvc.Async.AsyncControllerActionInvoker.<>c__DisplayClass37.<BeginInvokeActionMethodWithFilters>b__31(AsyncCallback asyncCallback, Object asyncState)
   at System.Web.Mvc.Async.AsyncResultWrapper.WrappedAsyncResult`1.Begin(AsyncCallback callback, Object state, Int32 timeout)
   at System.Web.Mvc.Async.AsyncResultWrapper.Begin[TResult](AsyncCallback callback, Object state, BeginInvokeDelegate beginDelegate, EndInvokeDelegate`1 endDelegate, Object tag, Int32 timeout)
   at System.Web.Mvc.Async.AsyncResultWrapper.Begin[TResult](AsyncCallback callback, Object state, BeginInvokeDelegate beginDelegate, EndInvokeDelegate`1 endDelegate, Object tag)
   at System.Web.Mvc.Async.AsyncControllerActionInvoker.<>c__DisplayClass25.<BeginInvokeAction>b__1e(AsyncCallback asyncCallback, Object asyncState)
 2015-05-18 10:58:51,899 [9] INFO  StatisticalSolutions.Controllers.Base.BaseController - Application URL - /StatisticalSolutions/Base/StatisticalError 
 2015-05-18 10:59:06,899 [9] INFO  StatisticalSolutions.Controllers.Base.BaseController - Application URL - /StatisticalSolutions/Base/StatisticalError 
 2015-05-18 10:59:06,899 [9] ERROR StatisticalSolutions.Controllers.Base.BaseController - Statistical exception message - Exception has been thrown by the target of an invocation.
 2015-05-18 10:59:06,900 [9] ERROR StatisticalSolutions.Controllers.Base.BaseController - Statistical exception stack trace -    at System.RuntimeTypeHandle.CreateInstance(RuntimeType type, Boolean publicOnly, Boolean noCheck, Boolean& canBeCached, RuntimeMethodHandleInternal& ctor, Boolean& bNeedSecurityCheck)
   at System.RuntimeType.CreateInstanceSlow(Boolean publicOnly, Boolean skipCheckThis, Boolean fillCache, StackCrawlMark& stackMark)
   at System.RuntimeType.CreateInstanceDefaultCtor(Boolean publicOnly, Boolean skipCheckThis, Boolean fillCache, StackCrawlMark& stackMark)
   at System.Activator.CreateInstance(Type type, Boolean nonPublic)
   at System.Activator.CreateInstance(Type type)
   at System.Threading.LazyHelpers`1.ActivatorFactorySelector()
   at System.Threading.LazyInitializer.EnsureInitializedCore[T](T& target, Boolean& initialized, Object& syncLock, Func`1 valueFactory)
   at System.Threading.LazyInitializer.EnsureInitialized[T](T& target, Boolean& initialized, Object& syncLock)
   at StatisticalSolutions.Filters.InitializeSimpleMembershipAttribute.OnActionExecuting(ActionExecutingContext filterContext) in e:\Ola Projects\3rdPartyProjects\StatisticalSolutions\StatisticalSolutions\Filters\InitializeSimpleMembershipAttribute.cs:line 23
   at System.Web.Mvc.Async.AsyncControllerActionInvoker.InvokeActionMethodFilterAsynchronously(IActionFilter filter, ActionExecutingContext preContext, Func`1 nextInChain)
   at System.Web.Mvc.Async.AsyncControllerActionInvoker.InvokeActionMethodFilterAsynchronously(IActionFilter filter, ActionExecutingContext preContext, Func`1 nextInChain)
   at System.Web.Mvc.Async.AsyncControllerActionInvoker.<>c__DisplayClass37.<BeginInvokeActionMethodWithFilters>b__31(AsyncCallback asyncCallback, Object asyncState)
   at System.Web.Mvc.Async.AsyncResultWrapper.WrappedAsyncResult`1.Begin(AsyncCallback callback, Object state, Int32 timeout)
   at System.Web.Mvc.Async.AsyncResultWrapper.Begin[TResult](AsyncCallback callback, Object state, BeginInvokeDelegate beginDelegate, EndInvokeDelegate`1 endDelegate, Object tag, Int32 timeout)
   at System.Web.Mvc.Async.AsyncResultWrapper.Begin[TResult](AsyncCallback callback, Object state, BeginInvokeDelegate beginDelegate, EndInvokeDelegate`1 endDelegate, Object tag)
   at System.Web.Mvc.Async.AsyncControllerActionInvoker.<>c__DisplayClass25.<BeginInvokeAction>b__1e(AsyncCallback asyncCallback, Object asyncState)
 2015-05-18 10:59:06,910 [6] INFO  StatisticalSolutions.Controllers.Base.BaseController - Application URL - /StatisticalSolutions/Base/StatisticalError 
 2015-05-18 10:59:06,911 [6] INFO  StatisticalSolutions.Controllers.Base.BaseController - Application URL - /StatisticalSolutions/Base/StatisticalError 
 2015-05-18 10:59:06,911 [6] ERROR StatisticalSolutions.Controllers.Base.BaseController - Statistical exception message - Exception has been thrown by the target of an invocation.
 2015-05-18 10:59:06,911 [6] ERROR StatisticalSolutions.Controllers.Base.BaseController - Statistical exception stack trace -    at System.RuntimeTypeHandle.CreateInstance(RuntimeType type, Boolean publicOnly, Boolean noCheck, Boolean& canBeCached, RuntimeMethodHandleInternal& ctor, Boolean& bNeedSecurityCheck)
   at System.RuntimeType.CreateInstanceSlow(Boolean publicOnly, Boolean skipCheckThis, Boolean fillCache, StackCrawlMark& stackMark)
   at System.RuntimeType.CreateInstanceDefaultCtor(Boolean publicOnly, Boolean skipCheckThis, Boolean fillCache, StackCrawlMark& stackMark)
   at System.Activator.CreateInstance(Type type, Boolean nonPublic)
   at System.Activator.CreateInstance(Type type)
   at System.Threading.LazyHelpers`1.ActivatorFactorySelector()
   at System.Threading.LazyInitializer.EnsureInitializedCore[T](T& target, Boolean& initialized, Object& syncLock, Func`1 valueFactory)
   at System.Threading.LazyInitializer.EnsureInitialized[T](T& target, Boolean& initialized, Object& syncLock)
   at StatisticalSolutions.Filters.InitializeSimpleMembershipAttribute.OnActionExecuting(ActionExecutingContext filterContext) in e:\Ola Projects\3rdPartyProjects\StatisticalSolutions\StatisticalSolutions\Filters\InitializeSimpleMembershipAttribute.cs:line 23
   at System.Web.Mvc.Async.AsyncControllerActionInvoker.InvokeActionMethodFilterAsynchronously(IActionFilter filter, ActionExecutingContext preContext, Func`1 nextInChain)
   at System.Web.Mvc.Async.AsyncControllerActionInvoker.InvokeActionMethodFilterAsynchronously(IActionFilter filter, ActionExecutingContext preContext, Func`1 nextInChain)
   at System.Web.Mvc.Async.AsyncControllerActionInvoker.<>c__DisplayClass37.<BeginInvokeActionMethodWithFilters>b__31(AsyncCallback asyncCallback, Object asyncState)
   at System.Web.Mvc.Async.AsyncResultWrapper.WrappedAsyncResult`1.Begin(AsyncCallback callback, Object state, Int32 timeout)
   at System.Web.Mvc.Async.AsyncResultWrapper.Begin[TResult](AsyncCallback callback, Object state, BeginInvokeDelegate beginDelegate, EndInvokeDelegate`1 endDelegate, Object tag, Int32 timeout)
   at System.Web.Mvc.Async.AsyncResultWrapper.Begin[TResult](AsyncCallback callback, Object state, BeginInvokeDelegate beginDelegate, EndInvokeDelegate`1 endDelegate, Object tag)
   at System.Web.Mvc.Async.AsyncControllerActionInvoker.<>c__DisplayClass25.<BeginInvokeAction>b__1e(AsyncCallback asyncCallback, Object asyncState)
 2015-05-18 10:59:06,921 [8] INFO  StatisticalSolutions.Controllers.Base.BaseController - Application URL - /StatisticalSolutions/Base/StatisticalError 
 2015-05-18 10:59:06,922 [8] INFO  StatisticalSolutions.Controllers.Base.BaseController - Application URL - /StatisticalSolutions/Base/StatisticalError 
 2015-05-18 10:59:06,922 [8] ERROR StatisticalSolutions.Controllers.Base.BaseController - Statistical exception message - Exception has been thrown by the target of an invocation.
 2015-05-18 10:59:06,922 [8] ERROR StatisticalSolutions.Controllers.Base.BaseController - Statistical exception stack trace -    at System.RuntimeTypeHandle.CreateInstance(RuntimeType type, Boolean publicOnly, Boolean noCheck, Boolean& canBeCached, RuntimeMethodHandleInternal& ctor, Boolean& bNeedSecurityCheck)
   at System.RuntimeType.CreateInstanceSlow(Boolean publicOnly, Boolean skipCheckThis, Boolean fillCache, StackCrawlMark& stackMark)
   at System.RuntimeType.CreateInstanceDefaultCtor(Boolean publicOnly, Boolean skipCheckThis, Boolean fillCache, StackCrawlMark& stackMark)
   at System.Activator.CreateInstance(Type type, Boolean nonPublic)
   at System.Activator.CreateInstance(Type type)
   at System.Threading.LazyHelpers`1.ActivatorFactorySelector()
   at System.Threading.LazyInitializer.EnsureInitializedCore[T](T& target, Boolean& initialized, Object& syncLock, Func`1 valueFactory)
   at System.Threading.LazyInitializer.EnsureInitialized[T](T& target, Boolean& initialized, Object& syncLock)
   at StatisticalSolutions.Filters.InitializeSimpleMembershipAttribute.OnActionExecuting(ActionExecutingContext filterContext) in e:\Ola Projects\3rdPartyProjects\StatisticalSolutions\StatisticalSolutions\Filters\InitializeSimpleMembershipAttribute.cs:line 23
   at System.Web.Mvc.Async.AsyncControllerActionInvoker.InvokeActionMethodFilterAsynchronously(IActionFilter filter, ActionExecutingContext preContext, Func`1 nextInChain)
   at System.Web.Mvc.Async.AsyncControllerActionInvoker.InvokeActionMethodFilterAsynchronously(IActionFilter filter, ActionExecutingContext preContext, Func`1 nextInChain)
   at System.Web.Mvc.Async.AsyncControllerActionInvoker.<>c__DisplayClass37.<BeginInvokeActionMethodWithFilters>b__31(AsyncCallback asyncCallback, Object asyncState)
   at System.Web.Mvc.Async.AsyncResultWrapper.WrappedAsyncResult`1.Begin(AsyncCallback callback, Object state, Int32 timeout)
   at System.Web.Mvc.Async.AsyncResultWrapper.Begin[TResult](AsyncCallback callback, Object state, BeginInvokeDelegate beginDelegate, EndInvokeDelegate`1 endDelegate, Object tag, Int32 timeout)
   at System.Web.Mvc.Async.AsyncResultWrapper.Begin[TResult](AsyncCallback callback, Object state, BeginInvokeDelegate beginDelegate, EndInvokeDelegate`1 endDelegate, Object tag)
   at System.Web.Mvc.Async.AsyncControllerActionInvoker.<>c__DisplayClass25.<BeginInvokeAction>b__1e(AsyncCallback asyncCallback, Object asyncState)
 2015-05-18 10:59:06,928 [7] INFO  StatisticalSolutions.Controllers.Base.BaseController - Application URL - /StatisticalSolutions/Base/StatisticalError 
 2015-05-18 10:59:06,929 [7] INFO  StatisticalSolutions.Controllers.Base.BaseController - Application URL - /StatisticalSolutions/Base/StatisticalError 
 2015-05-18 10:59:06,929 [7] ERROR StatisticalSolutions.Controllers.Base.BaseController - Statistical exception message - Exception has been thrown by the target of an invocation.
 2015-05-18 10:59:06,930 [7] ERROR StatisticalSolutions.Controllers.Base.BaseController - Statistical exception stack trace -    at System.RuntimeTypeHandle.CreateInstance(RuntimeType type, Boolean publicOnly, Boolean noCheck, Boolean& canBeCached, RuntimeMethodHandleInternal& ctor, Boolean& bNeedSecurityCheck)
   at System.RuntimeType.CreateInstanceSlow(Boolean publicOnly, Boolean skipCheckThis, Boolean fillCache, StackCrawlMark& stackMark)
   at System.RuntimeType.CreateInstanceDefaultCtor(Boolean publicOnly, Boolean skipCheckThis, Boolean fillCache, StackCrawlMark& stackMark)
   at System.Activator.CreateInstance(Type type, Boolean nonPublic)
   at System.Activator.CreateInstance(Type type)
   at System.Threading.LazyHelpers`1.ActivatorFactorySelector()
   at System.Threading.LazyInitializer.EnsureInitializedCore[T](T& target, Boolean& initialized, Object& syncLock, Func`1 valueFactory)
   at System.Threading.LazyInitializer.EnsureInitialized[T](T& target, Boolean& initialized, Object& syncLock)
   at StatisticalSolutions.Filters.InitializeSimpleMembershipAttribute.OnActionExecuting(ActionExecutingContext filterContext) in e:\Ola Projects\3rdPartyProjects\StatisticalSolutions\StatisticalSolutions\Filters\InitializeSimpleMembershipAttribute.cs:line 23
   at System.Web.Mvc.Async.AsyncControllerActionInvoker.InvokeActionMethodFilterAsynchronously(IActionFilter filter, ActionExecutingContext preContext, Func`1 nextInChain)
   at System.Web.Mvc.Async.AsyncControllerActionInvoker.InvokeActionMethodFilterAsynchronously(IActionFilter filter, ActionExecutingContext preContext, Func`1 nextInChain)
   at System.Web.Mvc.Async.AsyncControllerActionInvoker.<>c__DisplayClass37.<BeginInvokeActionMethodWithFilters>b__31(AsyncCallback asyncCallback, Object asyncState)
   at System.Web.Mvc.Async.AsyncResultWrapper.WrappedAsyncResult`1.Begin(AsyncCallback callback, Object state, Int32 timeout)
   at System.Web.Mvc.Async.AsyncResultWrapper.Begin[TResult](AsyncCallback callback, Object state, BeginInvokeDelegate beginDelegate, EndInvokeDelegate`1 endDelegate, Object tag, Int32 timeout)
   at System.Web.Mvc.Async.AsyncResultWrapper.Begin[TResult](AsyncCallback callback, Object state, BeginInvokeDelegate beginDelegate, EndInvokeDelegate`1 endDelegate, Object tag)
   at System.Web.Mvc.Async.AsyncControllerActionInvoker.<>c__DisplayClass25.<BeginInvokeAction>b__1e(AsyncCallback asyncCallback, Object asyncState)
 2015-05-18 10:59:06,942 [6] INFO  StatisticalSolutions.Controllers.Base.BaseController - Application URL - /StatisticalSolutions/Base/StatisticalError 
 2015-05-18 10:59:06,943 [6] INFO  StatisticalSolutions.Controllers.Base.BaseController - Application URL - /StatisticalSolutions/Base/StatisticalError 
 2015-05-18 10:59:06,943 [6] ERROR StatisticalSolutions.Controllers.Base.BaseController - Statistical exception message - Exception has been thrown by the target of an invocation.
 2015-05-18 10:59:06,943 [6] ERROR StatisticalSolutions.Controllers.Base.BaseController - Statistical exception stack trace -    at System.RuntimeTypeHandle.CreateInstance(RuntimeType type, Boolean publicOnly, Boolean noCheck, Boolean& canBeCached, RuntimeMethodHandleInternal& ctor, Boolean& bNeedSecurityCheck)
   at System.RuntimeType.CreateInstanceSlow(Boolean publicOnly, Boolean skipCheckThis, Boolean fillCache, StackCrawlMark& stackMark)
   at System.RuntimeType.CreateInstanceDefaultCtor(Boolean publicOnly, Boolean skipCheckThis, Boolean fillCache, StackCrawlMark& stackMark)
   at System.Activator.CreateInstance(Type type, Boolean nonPublic)
   at System.Activator.CreateInstance(Type type)
   at System.Threading.LazyHelpers`1.ActivatorFactorySelector()
   at System.Threading.LazyInitializer.EnsureInitializedCore[T](T& target, Boolean& initialized, Object& syncLock, Func`1 valueFactory)
   at System.Threading.LazyInitializer.EnsureInitialized[T](T& target, Boolean& initialized, Object& syncLock)
   at StatisticalSolutions.Filters.InitializeSimpleMembershipAttribute.OnActionExecuting(ActionExecutingContext filterContext) in e:\Ola Projects\3rdPartyProjects\StatisticalSolutions\StatisticalSolutions\Filters\InitializeSimpleMembershipAttribute.cs:line 23
   at System.Web.Mvc.Async.AsyncControllerActionInvoker.InvokeActionMethodFilterAsynchronously(IActionFilter filter, ActionExecutingContext preContext, Func`1 nextInChain)
   at System.Web.Mvc.Async.AsyncControllerActionInvoker.InvokeActionMethodFilterAsynchronously(IActionFilter filter, ActionExecutingContext preContext, Func`1 nextInChain)
   at System.Web.Mvc.Async.AsyncControllerActionInvoker.<>c__DisplayClass37.<BeginInvokeActionMethodWithFilters>b__31(AsyncCallback asyncCallback, Object asyncState)
   at System.Web.Mvc.Async.AsyncResultWrapper.WrappedAsyncResult`1.Begin(AsyncCallback callback, Object state, Int32 timeout)
   at System.Web.Mvc.Async.AsyncResultWrapper.Begin[TResult](AsyncCallback callback, Object state, BeginInvokeDelegate beginDelegate, EndInvokeDelegate`1 endDelegate, Object tag, Int32 timeout)
   at System.Web.Mvc.Async.AsyncResultWrapper.Begin[TResult](AsyncCallback callback, Object state, BeginInvokeDelegate beginDelegate, EndInvokeDelegate`1 endDelegate, Object tag)
   at System.Web.Mvc.Async.AsyncControllerActionInvoker.<>c__DisplayClass25.<BeginInvokeAction>b__1e(AsyncCallback asyncCallback, Object asyncState)
 2015-05-18 10:59:06,954 [7] INFO  StatisticalSolutions.Controllers.Base.BaseController - Application URL - /StatisticalSolutions/Base/StatisticalError 
 2015-05-18 10:59:06,955 [7] INFO  StatisticalSolutions.Controllers.Base.BaseController - Application URL - /StatisticalSolutions/Base/StatisticalError 
 2015-05-18 10:59:06,955 [7] ERROR StatisticalSolutions.Controllers.Base.BaseController - Statistical exception message - Exception has been thrown by the target of an invocation.
 2015-05-18 10:59:06,955 [7] ERROR StatisticalSolutions.Controllers.Base.BaseController - Statistical exception stack trace -    at System.RuntimeTypeHandle.CreateInstance(RuntimeType type, Boolean publicOnly, Boolean noCheck, Boolean& canBeCached, RuntimeMethodHandleInternal& ctor, Boolean& bNeedSecurityCheck)
   at System.RuntimeType.CreateInstanceSlow(Boolean publicOnly, Boolean skipCheckThis, Boolean fillCache, StackCrawlMark& stackMark)
   at System.RuntimeType.CreateInstanceDefaultCtor(Boolean publicOnly, Boolean skipCheckThis, Boolean fillCache, StackCrawlMark& stackMark)
   at System.Activator.CreateInstance(Type type, Boolean nonPublic)
   at System.Activator.CreateInstance(Type type)
   at System.Threading.LazyHelpers`1.ActivatorFactorySelector()
   at System.Threading.LazyInitializer.EnsureInitializedCore[T](T& target, Boolean& initialized, Object& syncLock, Func`1 valueFactory)
   at System.Threading.LazyInitializer.EnsureInitialized[T](T& target, Boolean& initialized, Object& syncLock)
   at StatisticalSolutions.Filters.InitializeSimpleMembershipAttribute.OnActionExecuting(ActionExecutingContext filterContext) in e:\Ola Projects\3rdPartyProjects\StatisticalSolutions\StatisticalSolutions\Filters\InitializeSimpleMembershipAttribute.cs:line 23
   at System.Web.Mvc.Async.AsyncControllerActionInvoker.InvokeActionMethodFilterAsynchronously(IActionFilter filter, ActionExecutingContext preContext, Func`1 nextInChain)
   at System.Web.Mvc.Async.AsyncControllerActionInvoker.InvokeActionMethodFilterAsynchronously(IActionFilter filter, ActionExecutingContext preContext, Func`1 nextInChain)
   at System.Web.Mvc.Async.AsyncControllerActionInvoker.<>c__DisplayClass37.<BeginInvokeActionMethodWithFilters>b__31(AsyncCallback asyncCallback, Object asyncState)
   at System.Web.Mvc.Async.AsyncResultWrapper.WrappedAsyncResult`1.Begin(AsyncCallback callback, Object state, Int32 timeout)
   at System.Web.Mvc.Async.AsyncResultWrapper.Begin[TResult](AsyncCallback callback, Object state, BeginInvokeDelegate beginDelegate, EndInvokeDelegate`1 endDelegate, Object tag, Int32 timeout)
   at System.Web.Mvc.Async.AsyncResultWrapper.Begin[TResult](AsyncCallback callback, Object state, BeginInvokeDelegate beginDelegate, EndInvokeDelegate`1 endDelegate, Object tag)
   at System.Web.Mvc.Async.AsyncControllerActionInvoker.<>c__DisplayClass25.<BeginInvokeAction>b__1e(AsyncCallback asyncCallback, Object asyncState)
 2015-05-18 10:59:06,966 [9] INFO  StatisticalSolutions.Controllers.Base.BaseController - Application URL - /StatisticalSolutions/Base/StatisticalError 
 2015-05-18 10:59:06,968 [9] INFO  StatisticalSolutions.Controllers.Base.BaseController - Application URL - /StatisticalSolutions/Base/StatisticalError 
 2015-05-18 10:59:06,968 [9] ERROR StatisticalSolutions.Controllers.Base.BaseController - Statistical exception message - Exception has been thrown by the target of an invocation.
 2015-05-18 10:59:06,968 [9] ERROR StatisticalSolutions.Controllers.Base.BaseController - Statistical exception stack trace -    at System.RuntimeTypeHandle.CreateInstance(RuntimeType type, Boolean publicOnly, Boolean noCheck, Boolean& canBeCached, RuntimeMethodHandleInternal& ctor, Boolean& bNeedSecurityCheck)
   at System.RuntimeType.CreateInstanceSlow(Boolean publicOnly, Boolean skipCheckThis, Boolean fillCache, StackCrawlMark& stackMark)
   at System.RuntimeType.CreateInstanceDefaultCtor(Boolean publicOnly, Boolean skipCheckThis, Boolean fillCache, StackCrawlMark& stackMark)
   at System.Activator.CreateInstance(Type type, Boolean nonPublic)
   at System.Activator.CreateInstance(Type type)
   at System.Threading.LazyHelpers`1.ActivatorFactorySelector()
   at System.Threading.LazyInitializer.EnsureInitializedCore[T](T& target, Boolean& initialized, Object& syncLock, Func`1 valueFactory)
   at System.Threading.LazyInitializer.EnsureInitialized[T](T& target, Boolean& initialized, Object& syncLock)
   at StatisticalSolutions.Filters.InitializeSimpleMembershipAttribute.OnActionExecuting(ActionExecutingContext filterContext) in e:\Ola Projects\3rdPartyProjects\StatisticalSolutions\StatisticalSolutions\Filters\InitializeSimpleMembershipAttribute.cs:line 23
   at System.Web.Mvc.Async.AsyncControllerActionInvoker.InvokeActionMethodFilterAsynchronously(IActionFilter filter, ActionExecutingContext preContext, Func`1 nextInChain)
   at System.Web.Mvc.Async.AsyncControllerActionInvoker.InvokeActionMethodFilterAsynchronously(IActionFilter filter, ActionExecutingContext preContext, Func`1 nextInChain)
   at System.Web.Mvc.Async.AsyncControllerActionInvoker.<>c__DisplayClass37.<BeginInvokeActionMethodWithFilters>b__31(AsyncCallback asyncCallback, Object asyncState)
   at System.Web.Mvc.Async.AsyncResultWrapper.WrappedAsyncResult`1.Begin(AsyncCallback callback, Object state, Int32 timeout)
   at System.Web.Mvc.Async.AsyncResultWrapper.Begin[TResult](AsyncCallback callback, Object state, BeginInvokeDelegate beginDelegate, EndInvokeDelegate`1 endDelegate, Object tag, Int32 timeout)
   at System.Web.Mvc.Async.AsyncResultWrapper.Begin[TResult](AsyncCallback callback, Object state, BeginInvokeDelegate beginDelegate, EndInvokeDelegate`1 endDelegate, Object tag)
   at System.Web.Mvc.Async.AsyncControllerActionInvoker.<>c__DisplayClass25.<BeginInvokeAction>b__1e(AsyncCallback asyncCallback, Object asyncState)
 2015-05-18 10:59:06,976 [8] INFO  StatisticalSolutions.Controllers.Base.BaseController - Application URL - /StatisticalSolutions/Base/StatisticalError 
 2015-05-18 10:59:06,977 [8] INFO  StatisticalSolutions.Controllers.Base.BaseController - Application URL - /StatisticalSolutions/Base/StatisticalError 
 2015-05-18 10:59:06,977 [8] ERROR StatisticalSolutions.Controllers.Base.BaseController - Statistical exception message - Exception has been thrown by the target of an invocation.
 2015-05-18 10:59:06,977 [8] ERROR StatisticalSolutions.Controllers.Base.BaseController - Statistical exception stack trace -    at System.RuntimeTypeHandle.CreateInstance(RuntimeType type, Boolean publicOnly, Boolean noCheck, Boolean& canBeCached, RuntimeMethodHandleInternal& ctor, Boolean& bNeedSecurityCheck)
   at System.RuntimeType.CreateInstanceSlow(Boolean publicOnly, Boolean skipCheckThis, Boolean fillCache, StackCrawlMark& stackMark)
   at System.RuntimeType.CreateInstanceDefaultCtor(Boolean publicOnly, Boolean skipCheckThis, Boolean fillCache, StackCrawlMark& stackMark)
   at System.Activator.CreateInstance(Type type, Boolean nonPublic)
   at System.Activator.CreateInstance(Type type)
   at System.Threading.LazyHelpers`1.ActivatorFactorySelector()
   at System.Threading.LazyInitializer.EnsureInitializedCore[T](T& target, Boolean& initialized, Object& syncLock, Func`1 valueFactory)
   at System.Threading.LazyInitializer.EnsureInitialized[T](T& target, Boolean& initialized, Object& syncLock)
   at StatisticalSolutions.Filters.InitializeSimpleMembershipAttribute.OnActionExecuting(ActionExecutingContext filterContext) in e:\Ola Projects\3rdPartyProjects\StatisticalSolutions\StatisticalSolutions\Filters\InitializeSimpleMembershipAttribute.cs:line 23
   at System.Web.Mvc.Async.AsyncControllerActionInvoker.InvokeActionMethodFilterAsynchronously(IActionFilter filter, ActionExecutingContext preContext, Func`1 nextInChain)
   at System.Web.Mvc.Async.AsyncControllerActionInvoker.InvokeActionMethodFilterAsynchronously(IActionFilter filter, ActionExecutingContext preContext, Func`1 nextInChain)
   at System.Web.Mvc.Async.AsyncControllerActionInvoker.<>c__DisplayClass37.<BeginInvokeActionMethodWithFilters>b__31(AsyncCallback asyncCallback, Object asyncState)
   at System.Web.Mvc.Async.AsyncResultWrapper.WrappedAsyncResult`1.Begin(AsyncCallback callback, Object state, Int32 timeout)
   at System.Web.Mvc.Async.AsyncResultWrapper.Begin[TResult](AsyncCallback callback, Object state, BeginInvokeDelegate beginDelegate, EndInvokeDelegate`1 endDelegate, Object tag, Int32 timeout)
   at System.Web.Mvc.Async.AsyncResultWrapper.Begin[TResult](AsyncCallback callback, Object state, BeginInvokeDelegate beginDelegate, EndInvokeDelegate`1 endDelegate, Object tag)
   at System.Web.Mvc.Async.AsyncControllerActionInvoker.<>c__DisplayClass25.<BeginInvokeAction>b__1e(AsyncCallback asyncCallback, Object asyncState)
 2015-05-18 10:59:06,986 [7] INFO  StatisticalSolutions.Controllers.Base.BaseController - Application URL - /StatisticalSolutions/Base/StatisticalError 
 2015-05-18 10:59:06,986 [7] INFO  StatisticalSolutions.Controllers.Base.BaseController - Application URL - /StatisticalSolutions/Base/StatisticalError 
 2015-05-18 10:59:06,987 [7] ERROR StatisticalSolutions.Controllers.Base.BaseController - Statistical exception message - Exception has been thrown by the target of an invocation.
 2015-05-18 10:59:06,987 [7] ERROR StatisticalSolutions.Controllers.Base.BaseController - Statistical exception stack trace -    at System.RuntimeTypeHandle.CreateInstance(RuntimeType type, Boolean publicOnly, Boolean noCheck, Boolean& canBeCached, RuntimeMethodHandleInternal& ctor, Boolean& bNeedSecurityCheck)
   at System.RuntimeType.CreateInstanceSlow(Boolean publicOnly, Boolean skipCheckThis, Boolean fillCache, StackCrawlMark& stackMark)
   at System.RuntimeType.CreateInstanceDefaultCtor(Boolean publicOnly, Boolean skipCheckThis, Boolean fillCache, StackCrawlMark& stackMark)
   at System.Activator.CreateInstance(Type type, Boolean nonPublic)
   at System.Activator.CreateInstance(Type type)
   at System.Threading.LazyHelpers`1.ActivatorFactorySelector()
   at System.Threading.LazyInitializer.EnsureInitializedCore[T](T& target, Boolean& initialized, Object& syncLock, Func`1 valueFactory)
   at System.Threading.LazyInitializer.EnsureInitialized[T](T& target, Boolean& initialized, Object& syncLock)
   at StatisticalSolutions.Filters.InitializeSimpleMembershipAttribute.OnActionExecuting(ActionExecutingContext filterContext) in e:\Ola Projects\3rdPartyProjects\StatisticalSolutions\StatisticalSolutions\Filters\InitializeSimpleMembershipAttribute.cs:line 23
   at System.Web.Mvc.Async.AsyncControllerActionInvoker.InvokeActionMethodFilterAsynchronously(IActionFilter filter, ActionExecutingContext preContext, Func`1 nextInChain)
   at System.Web.Mvc.Async.AsyncControllerActionInvoker.InvokeActionMethodFilterAsynchronously(IActionFilter filter, ActionExecutingContext preContext, Func`1 nextInChain)
   at System.Web.Mvc.Async.AsyncControllerActionInvoker.<>c__DisplayClass37.<BeginInvokeActionMethodWithFilters>b__31(AsyncCallback asyncCallback, Object asyncState)
   at System.Web.Mvc.Async.AsyncResultWrapper.WrappedAsyncResult`1.Begin(AsyncCallback callback, Object state, Int32 timeout)
   at System.Web.Mvc.Async.AsyncResultWrapper.Begin[TResult](AsyncCallback callback, Object state, BeginInvokeDelegate beginDelegate, EndInvokeDelegate`1 endDelegate, Object tag, Int32 timeout)
   at System.Web.Mvc.Async.AsyncResultWrapper.Begin[TResult](AsyncCallback callback, Object state, BeginInvokeDelegate beginDelegate, EndInvokeDelegate`1 endDelegate, Object tag)
   at System.Web.Mvc.Async.AsyncControllerActionInvoker.<>c__DisplayClass25.<BeginInvokeAction>b__1e(AsyncCallback asyncCallback, Object asyncState)
 2015-05-18 10:59:06,994 [9] INFO  StatisticalSolutions.Controllers.Base.BaseController - Application URL - /StatisticalSolutions/Base/StatisticalError 
 2015-05-18 10:59:06,995 [9] INFO  StatisticalSolutions.Controllers.Base.BaseController - Application URL - /StatisticalSolutions/Base/StatisticalError 
 2015-05-18 10:59:06,995 [9] ERROR StatisticalSolutions.Controllers.Base.BaseController - Statistical exception message - Exception has been thrown by the target of an invocation.
 2015-05-18 10:59:06,995 [9] ERROR StatisticalSolutions.Controllers.Base.BaseController - Statistical exception stack trace -    at System.RuntimeTypeHandle.CreateInstance(RuntimeType type, Boolean publicOnly, Boolean noCheck, Boolean& canBeCached, RuntimeMethodHandleInternal& ctor, Boolean& bNeedSecurityCheck)
   at System.RuntimeType.CreateInstanceSlow(Boolean publicOnly, Boolean skipCheckThis, Boolean fillCache, StackCrawlMark& stackMark)
   at System.RuntimeType.CreateInstanceDefaultCtor(Boolean publicOnly, Boolean skipCheckThis, Boolean fillCache, StackCrawlMark& stackMark)
   at System.Activator.CreateInstance(Type type, Boolean nonPublic)
   at System.Activator.CreateInstance(Type type)
   at System.Threading.LazyHelpers`1.ActivatorFactorySelector()
   at System.Threading.LazyInitializer.EnsureInitializedCore[T](T& target, Boolean& initialized, Object& syncLock, Func`1 valueFactory)
   at System.Threading.LazyInitializer.EnsureInitialized[T](T& target, Boolean& initialized, Object& syncLock)
   at StatisticalSolutions.Filters.InitializeSimpleMembershipAttribute.OnActionExecuting(ActionExecutingContext filterContext) in e:\Ola Projects\3rdPartyProjects\StatisticalSolutions\StatisticalSolutions\Filters\InitializeSimpleMembershipAttribute.cs:line 23
   at System.Web.Mvc.Async.AsyncControllerActionInvoker.InvokeActionMethodFilterAsynchronously(IActionFilter filter, ActionExecutingContext preContext, Func`1 nextInChain)
   at System.Web.Mvc.Async.AsyncControllerActionInvoker.InvokeActionMethodFilterAsynchronously(IActionFilter filter, ActionExecutingContext preContext, Func`1 nextInChain)
   at System.Web.Mvc.Async.AsyncControllerActionInvoker.<>c__DisplayClass37.<BeginInvokeActionMethodWithFilters>b__31(AsyncCallback asyncCallback, Object asyncState)
   at System.Web.Mvc.Async.AsyncResultWrapper.WrappedAsyncResult`1.Begin(AsyncCallback callback, Object state, Int32 timeout)
   at System.Web.Mvc.Async.AsyncResultWrapper.Begin[TResult](AsyncCallback callback, Object state, BeginInvokeDelegate beginDelegate, EndInvokeDelegate`1 endDelegate, Object tag, Int32 timeout)
   at System.Web.Mvc.Async.AsyncResultWrapper.Begin[TResult](AsyncCallback callback, Object state, BeginInvokeDelegate beginDelegate, EndInvokeDelegate`1 endDelegate, Object tag)
   at System.Web.Mvc.Async.AsyncControllerActionInvoker.<>c__DisplayClass25.<BeginInvokeAction>b__1e(AsyncCallback asyncCallback, Object asyncState)
 2015-05-18 10:59:07,005 [8] INFO  StatisticalSolutions.Controllers.Base.BaseController - Application URL - /StatisticalSolutions/Base/StatisticalError 
 2015-05-18 10:59:07,006 [8] INFO  StatisticalSolutions.Controllers.Base.BaseController - Application URL - /StatisticalSolutions/Base/StatisticalError 
 2015-05-18 10:59:07,006 [8] ERROR StatisticalSolutions.Controllers.Base.BaseController - Statistical exception message - Exception has been thrown by the target of an invocation.
 2015-05-18 10:59:07,006 [8] ERROR StatisticalSolutions.Controllers.Base.BaseController - Statistical exception stack trace -    at System.RuntimeTypeHandle.CreateInstance(RuntimeType type, Boolean publicOnly, Boolean noCheck, Boolean& canBeCached, RuntimeMethodHandleInternal& ctor, Boolean& bNeedSecurityCheck)
   at System.RuntimeType.CreateInstanceSlow(Boolean publicOnly, Boolean skipCheckThis, Boolean fillCache, StackCrawlMark& stackMark)
   at System.RuntimeType.CreateInstanceDefaultCtor(Boolean publicOnly, Boolean skipCheckThis, Boolean fillCache, StackCrawlMark& stackMark)
   at System.Activator.CreateInstance(Type type, Boolean nonPublic)
   at System.Activator.CreateInstance(Type type)
   at System.Threading.LazyHelpers`1.ActivatorFactorySelector()
   at System.Threading.LazyInitializer.EnsureInitializedCore[T](T& target, Boolean& initialized, Object& syncLock, Func`1 valueFactory)
   at System.Threading.LazyInitializer.EnsureInitialized[T](T& target, Boolean& initialized, Object& syncLock)
   at StatisticalSolutions.Filters.InitializeSimpleMembershipAttribute.OnActionExecuting(ActionExecutingContext filterContext) in e:\Ola Projects\3rdPartyProjects\StatisticalSolutions\StatisticalSolutions\Filters\InitializeSimpleMembershipAttribute.cs:line 23
   at System.Web.Mvc.Async.AsyncControllerActionInvoker.InvokeActionMethodFilterAsynchronously(IActionFilter filter, ActionExecutingContext preContext, Func`1 nextInChain)
   at System.Web.Mvc.Async.AsyncControllerActionInvoker.InvokeActionMethodFilterAsynchronously(IActionFilter filter, ActionExecutingContext preContext, Func`1 nextInChain)
   at System.Web.Mvc.Async.AsyncControllerActionInvoker.<>c__DisplayClass37.<BeginInvokeActionMethodWithFilters>b__31(AsyncCallback asyncCallback, Object asyncState)
   at System.Web.Mvc.Async.AsyncResultWrapper.WrappedAsyncResult`1.Begin(AsyncCallback callback, Object state, Int32 timeout)
   at System.Web.Mvc.Async.AsyncResultWrapper.Begin[TResult](AsyncCallback callback, Object state, BeginInvokeDelegate beginDelegate, EndInvokeDelegate`1 endDelegate, Object tag, Int32 timeout)
   at System.Web.Mvc.Async.AsyncResultWrapper.Begin[TResult](AsyncCallback callback, Object state, BeginInvokeDelegate beginDelegate, EndInvokeDelegate`1 endDelegate, Object tag)
   at System.Web.Mvc.Async.AsyncControllerActionInvoker.<>c__DisplayClass25.<BeginInvokeAction>b__1e(AsyncCallback asyncCallback, Object asyncState)
 2015-05-18 10:59:07,012 [7] INFO  StatisticalSolutions.Controllers.Base.BaseController - Application URL - /StatisticalSolutions/Base/StatisticalError 
 2015-05-18 10:59:07,013 [7] INFO  StatisticalSolutions.Controllers.Base.BaseController - Application URL - /StatisticalSolutions/Base/StatisticalError 
 2015-05-18 10:59:07,013 [7] ERROR StatisticalSolutions.Controllers.Base.BaseController - Statistical exception message - Exception has been thrown by the target of an invocation.
 2015-05-18 10:59:07,013 [7] ERROR StatisticalSolutions.Controllers.Base.BaseController - Statistical exception stack trace -    at System.RuntimeTypeHandle.CreateInstance(RuntimeType type, Boolean publicOnly, Boolean noCheck, Boolean& canBeCached, RuntimeMethodHandleInternal& ctor, Boolean& bNeedSecurityCheck)
   at System.RuntimeType.CreateInstanceSlow(Boolean publicOnly, Boolean skipCheckThis, Boolean fillCache, StackCrawlMark& stackMark)
   at System.RuntimeType.CreateInstanceDefaultCtor(Boolean publicOnly, Boolean skipCheckThis, Boolean fillCache, StackCrawlMark& stackMark)
   at System.Activator.CreateInstance(Type type, Boolean nonPublic)
   at System.Activator.CreateInstance(Type type)
   at System.Threading.LazyHelpers`1.ActivatorFactorySelector()
   at System.Threading.LazyInitializer.EnsureInitializedCore[T](T& target, Boolean& initialized, Object& syncLock, Func`1 valueFactory)
   at System.Threading.LazyInitializer.EnsureInitialized[T](T& target, Boolean& initialized, Object& syncLock)
   at StatisticalSolutions.Filters.InitializeSimpleMembershipAttribute.OnActionExecuting(ActionExecutingContext filterContext) in e:\Ola Projects\3rdPartyProjects\StatisticalSolutions\StatisticalSolutions\Filters\InitializeSimpleMembershipAttribute.cs:line 23
   at System.Web.Mvc.Async.AsyncControllerActionInvoker.InvokeActionMethodFilterAsynchronously(IActionFilter filter, ActionExecutingContext preContext, Func`1 nextInChain)
   at System.Web.Mvc.Async.AsyncControllerActionInvoker.InvokeActionMethodFilterAsynchronously(IActionFilter filter, ActionExecutingContext preContext, Func`1 nextInChain)
   at System.Web.Mvc.Async.AsyncControllerActionInvoker.<>c__DisplayClass37.<BeginInvokeActionMethodWithFilters>b__31(AsyncCallback asyncCallback, Object asyncState)
   at System.Web.Mvc.Async.AsyncResultWrapper.WrappedAsyncResult`1.Begin(AsyncCallback callback, Object state, Int32 timeout)
   at System.Web.Mvc.Async.AsyncResultWrapper.Begin[TResult](AsyncCallback callback, Object state, BeginInvokeDelegate beginDelegate, EndInvokeDelegate`1 endDelegate, Object tag, Int32 timeout)
   at System.Web.Mvc.Async.AsyncResultWrapper.Begin[TResult](AsyncCallback callback, Object state, BeginInvokeDelegate beginDelegate, EndInvokeDelegate`1 endDelegate, Object tag)
   at System.Web.Mvc.Async.AsyncControllerActionInvoker.<>c__DisplayClass25.<BeginInvokeAction>b__1e(AsyncCallback asyncCallback, Object asyncState)
 2015-05-18 10:59:07,021 [9] INFO  StatisticalSolutions.Controllers.Base.BaseController - Application URL - /StatisticalSolutions/Base/StatisticalError 
 2015-05-18 10:59:07,022 [9] INFO  StatisticalSolutions.Controllers.Base.BaseController - Application URL - /StatisticalSolutions/Base/StatisticalError 
 2015-05-18 10:59:07,022 [9] ERROR StatisticalSolutions.Controllers.Base.BaseController - Statistical exception message - Exception has been thrown by the target of an invocation.
 2015-05-18 10:59:07,023 [9] ERROR StatisticalSolutions.Controllers.Base.BaseController - Statistical exception stack trace -    at System.RuntimeTypeHandle.CreateInstance(RuntimeType type, Boolean publicOnly, Boolean noCheck, Boolean& canBeCached, RuntimeMethodHandleInternal& ctor, Boolean& bNeedSecurityCheck)
   at System.RuntimeType.CreateInstanceSlow(Boolean publicOnly, Boolean skipCheckThis, Boolean fillCache, StackCrawlMark& stackMark)
   at System.RuntimeType.CreateInstanceDefaultCtor(Boolean publicOnly, Boolean skipCheckThis, Boolean fillCache, StackCrawlMark& stackMark)
   at System.Activator.CreateInstance(Type type, Boolean nonPublic)
   at System.Activator.CreateInstance(Type type)
   at System.Threading.LazyHelpers`1.ActivatorFactorySelector()
   at System.Threading.LazyInitializer.EnsureInitializedCore[T](T& target, Boolean& initialized, Object& syncLock, Func`1 valueFactory)
   at System.Threading.LazyInitializer.EnsureInitialized[T](T& target, Boolean& initialized, Object& syncLock)
   at StatisticalSolutions.Filters.InitializeSimpleMembershipAttribute.OnActionExecuting(ActionExecutingContext filterContext) in e:\Ola Projects\3rdPartyProjects\StatisticalSolutions\StatisticalSolutions\Filters\InitializeSimpleMembershipAttribute.cs:line 23
   at System.Web.Mvc.Async.AsyncControllerActionInvoker.InvokeActionMethodFilterAsynchronously(IActionFilter filter, ActionExecutingContext preContext, Func`1 nextInChain)
   at System.Web.Mvc.Async.AsyncControllerActionInvoker.InvokeActionMethodFilterAsynchronously(IActionFilter filter, ActionExecutingContext preContext, Func`1 nextInChain)
   at System.Web.Mvc.Async.AsyncControllerActionInvoker.<>c__DisplayClass37.<BeginInvokeActionMethodWithFilters>b__31(AsyncCallback asyncCallback, Object asyncState)
   at System.Web.Mvc.Async.AsyncResultWrapper.WrappedAsyncResult`1.Begin(AsyncCallback callback, Object state, Int32 timeout)
   at System.Web.Mvc.Async.AsyncResultWrapper.Begin[TResult](AsyncCallback callback, Object state, BeginInvokeDelegate beginDelegate, EndInvokeDelegate`1 endDelegate, Object tag, Int32 timeout)
   at System.Web.Mvc.Async.AsyncResultWrapper.Begin[TResult](AsyncCallback callback, Object state, BeginInvokeDelegate beginDelegate, EndInvokeDelegate`1 endDelegate, Object tag)
   at System.Web.Mvc.Async.AsyncControllerActionInvoker.<>c__DisplayClass25.<BeginInvokeAction>b__1e(AsyncCallback asyncCallback, Object asyncState)
 2015-05-18 10:59:07,028 [6] INFO  StatisticalSolutions.Controllers.Base.BaseController - Application URL - /StatisticalSolutions/Base/StatisticalError 
 2015-05-18 10:59:07,029 [6] INFO  StatisticalSolutions.Controllers.Base.BaseController - Application URL - /StatisticalSolutions/Base/StatisticalError 
 2015-05-18 10:59:07,030 [6] ERROR StatisticalSolutions.Controllers.Base.BaseController - Statistical exception message - Exception has been thrown by the target of an invocation.
 2015-05-18 10:59:07,030 [6] ERROR StatisticalSolutions.Controllers.Base.BaseController - Statistical exception stack trace -    at System.RuntimeTypeHandle.CreateInstance(RuntimeType type, Boolean publicOnly, Boolean noCheck, Boolean& canBeCached, RuntimeMethodHandleInternal& ctor, Boolean& bNeedSecurityCheck)
   at System.RuntimeType.CreateInstanceSlow(Boolean publicOnly, Boolean skipCheckThis, Boolean fillCache, StackCrawlMark& stackMark)
   at System.RuntimeType.CreateInstanceDefaultCtor(Boolean publicOnly, Boolean skipCheckThis, Boolean fillCache, StackCrawlMark& stackMark)
   at System.Activator.CreateInstance(Type type, Boolean nonPublic)
   at System.Activator.CreateInstance(Type type)
   at System.Threading.LazyHelpers`1.ActivatorFactorySelector()
   at System.Threading.LazyInitializer.EnsureInitializedCore[T](T& target, Boolean& initialized, Object& syncLock, Func`1 valueFactory)
   at System.Threading.LazyInitializer.EnsureInitialized[T](T& target, Boolean& initialized, Object& syncLock)
   at StatisticalSolutions.Filters.InitializeSimpleMembershipAttribute.OnActionExecuting(ActionExecutingContext filterContext) in e:\Ola Projects\3rdPartyProjects\StatisticalSolutions\StatisticalSolutions\Filters\InitializeSimpleMembershipAttribute.cs:line 23
   at System.Web.Mvc.Async.AsyncControllerActionInvoker.InvokeActionMethodFilterAsynchronously(IActionFilter filter, ActionExecutingContext preContext, Func`1 nextInChain)
   at System.Web.Mvc.Async.AsyncControllerActionInvoker.InvokeActionMethodFilterAsynchronously(IActionFilter filter, ActionExecutingContext preContext, Func`1 nextInChain)
   at System.Web.Mvc.Async.AsyncControllerActionInvoker.<>c__DisplayClass37.<BeginInvokeActionMethodWithFilters>b__31(AsyncCallback asyncCallback, Object asyncState)
   at System.Web.Mvc.Async.AsyncResultWrapper.WrappedAsyncResult`1.Begin(AsyncCallback callback, Object state, Int32 timeout)
   at System.Web.Mvc.Async.AsyncResultWrapper.Begin[TResult](AsyncCallback callback, Object state, BeginInvokeDelegate beginDelegate, EndInvokeDelegate`1 endDelegate, Object tag, Int32 timeout)
   at System.Web.Mvc.Async.AsyncResultWrapper.Begin[TResult](AsyncCallback callback, Object state, BeginInvokeDelegate beginDelegate, EndInvokeDelegate`1 endDelegate, Object tag)
   at System.Web.Mvc.Async.AsyncControllerActionInvoker.<>c__DisplayClass25.<BeginInvokeAction>b__1e(AsyncCallback asyncCallback, Object asyncState)
 2015-05-18 10:59:07,037 [7] INFO  StatisticalSolutions.Controllers.Base.BaseController - Application URL - /StatisticalSolutions/Base/StatisticalError 
 2015-05-18 10:59:07,038 [7] INFO  StatisticalSolutions.Controllers.Base.BaseController - Application URL - /StatisticalSolutions/Base/StatisticalError 
 2015-05-18 10:59:07,038 [7] ERROR StatisticalSolutions.Controllers.Base.BaseController - Statistical exception message - Exception has been thrown by the target of an invocation.
 2015-05-18 10:59:07,038 [7] ERROR StatisticalSolutions.Controllers.Base.BaseController - Statistical exception stack trace -    at System.RuntimeTypeHandle.CreateInstance(RuntimeType type, Boolean publicOnly, Boolean noCheck, Boolean& canBeCached, RuntimeMethodHandleInternal& ctor, Boolean& bNeedSecurityCheck)
   at System.RuntimeType.CreateInstanceSlow(Boolean publicOnly, Boolean skipCheckThis, Boolean fillCache, StackCrawlMark& stackMark)
   at System.RuntimeType.CreateInstanceDefaultCtor(Boolean publicOnly, Boolean skipCheckThis, Boolean fillCache, StackCrawlMark& stackMark)
   at System.Activator.CreateInstance(Type type, Boolean nonPublic)
   at System.Activator.CreateInstance(Type type)
   at System.Threading.LazyHelpers`1.ActivatorFactorySelector()
   at System.Threading.LazyInitializer.EnsureInitializedCore[T](T& target, Boolean& initialized, Object& syncLock, Func`1 valueFactory)
   at System.Threading.LazyInitializer.EnsureInitialized[T](T& target, Boolean& initialized, Object& syncLock)
   at StatisticalSolutions.Filters.InitializeSimpleMembershipAttribute.OnActionExecuting(ActionExecutingContext filterContext) in e:\Ola Projects\3rdPartyProjects\StatisticalSolutions\StatisticalSolutions\Filters\InitializeSimpleMembershipAttribute.cs:line 23
   at System.Web.Mvc.Async.AsyncControllerActionInvoker.InvokeActionMethodFilterAsynchronously(IActionFilter filter, ActionExecutingContext preContext, Func`1 nextInChain)
   at System.Web.Mvc.Async.AsyncControllerActionInvoker.InvokeActionMethodFilterAsynchronously(IActionFilter filter, ActionExecutingContext preContext, Func`1 nextInChain)
   at System.Web.Mvc.Async.AsyncControllerActionInvoker.<>c__DisplayClass37.<BeginInvokeActionMethodWithFilters>b__31(AsyncCallback asyncCallback, Object asyncState)
   at System.Web.Mvc.Async.AsyncResultWrapper.WrappedAsyncResult`1.Begin(AsyncCallback callback, Object state, Int32 timeout)
   at System.Web.Mvc.Async.AsyncResultWrapper.Begin[TResult](AsyncCallback callback, Object state, BeginInvokeDelegate beginDelegate, EndInvokeDelegate`1 endDelegate, Object tag, Int32 timeout)
   at System.Web.Mvc.Async.AsyncResultWrapper.Begin[TResult](AsyncCallback callback, Object state, BeginInvokeDelegate beginDelegate, EndInvokeDelegate`1 endDelegate, Object tag)
   at System.Web.Mvc.Async.AsyncControllerActionInvoker.<>c__DisplayClass25.<BeginInvokeAction>b__1e(AsyncCallback asyncCallback, Object asyncState)
 2015-05-18 10:59:07,044 [8] INFO  StatisticalSolutions.Controllers.Base.BaseController - Application URL - /StatisticalSolutions/Base/StatisticalError 
 2015-05-18 10:59:07,045 [8] INFO  StatisticalSolutions.Controllers.Base.BaseController - Application URL - /StatisticalSolutions/Base/StatisticalError 
 2015-05-18 10:59:07,046 [8] ERROR StatisticalSolutions.Controllers.Base.BaseController - Statistical exception message - Exception has been thrown by the target of an invocation.
 2015-05-18 10:59:07,046 [8] ERROR StatisticalSolutions.Controllers.Base.BaseController - Statistical exception stack trace -    at System.RuntimeTypeHandle.CreateInstance(RuntimeType type, Boolean publicOnly, Boolean noCheck, Boolean& canBeCached, RuntimeMethodHandleInternal& ctor, Boolean& bNeedSecurityCheck)
   at System.RuntimeType.CreateInstanceSlow(Boolean publicOnly, Boolean skipCheckThis, Boolean fillCache, StackCrawlMark& stackMark)
   at System.RuntimeType.CreateInstanceDefaultCtor(Boolean publicOnly, Boolean skipCheckThis, Boolean fillCache, StackCrawlMark& stackMark)
   at System.Activator.CreateInstance(Type type, Boolean nonPublic)
   at System.Activator.CreateInstance(Type type)
   at System.Threading.LazyHelpers`1.ActivatorFactorySelector()
   at System.Threading.LazyInitializer.EnsureInitializedCore[T](T& target, Boolean& initialized, Object& syncLock, Func`1 valueFactory)
   at System.Threading.LazyInitializer.EnsureInitialized[T](T& target, Boolean& initialized, Object& syncLock)
   at StatisticalSolutions.Filters.InitializeSimpleMembershipAttribute.OnActionExecuting(ActionExecutingContext filterContext) in e:\Ola Projects\3rdPartyProjects\StatisticalSolutions\StatisticalSolutions\Filters\InitializeSimpleMembershipAttribute.cs:line 23
   at System.Web.Mvc.Async.AsyncControllerActionInvoker.InvokeActionMethodFilterAsynchronously(IActionFilter filter, ActionExecutingContext preContext, Func`1 nextInChain)
   at System.Web.Mvc.Async.AsyncControllerActionInvoker.InvokeActionMethodFilterAsynchronously(IActionFilter filter, ActionExecutingContext preContext, Func`1 nextInChain)
   at System.Web.Mvc.Async.AsyncControllerActionInvoker.<>c__DisplayClass37.<BeginInvokeActionMethodWithFilters>b__31(AsyncCallback asyncCallback, Object asyncState)
   at System.Web.Mvc.Async.AsyncResultWrapper.WrappedAsyncResult`1.Begin(AsyncCallback callback, Object state, Int32 timeout)
   at System.Web.Mvc.Async.AsyncResultWrapper.Begin[TResult](AsyncCallback callback, Object state, BeginInvokeDelegate beginDelegate, EndInvokeDelegate`1 endDelegate, Object tag, Int32 timeout)
   at System.Web.Mvc.Async.AsyncResultWrapper.Begin[TResult](AsyncCallback callback, Object state, BeginInvokeDelegate beginDelegate, EndInvokeDelegate`1 endDelegate, Object tag)
   at System.Web.Mvc.Async.AsyncControllerActionInvoker.<>c__DisplayClass25.<BeginInvokeAction>b__1e(AsyncCallback asyncCallback, Object asyncState)
 2015-05-18 10:59:07,053 [6] INFO  StatisticalSolutions.Controllers.Base.BaseController - Application URL - /StatisticalSolutions/Base/StatisticalError 
 2015-05-18 10:59:07,054 [6] INFO  StatisticalSolutions.Controllers.Base.BaseController - Application URL - /StatisticalSolutions/Base/StatisticalError 
 2015-05-18 10:59:07,054 [6] ERROR StatisticalSolutions.Controllers.Base.BaseController - Statistical exception message - Exception has been thrown by the target of an invocation.
 2015-05-18 10:59:07,054 [6] ERROR StatisticalSolutions.Controllers.Base.BaseController - Statistical exception stack trace -    at System.RuntimeTypeHandle.CreateInstance(RuntimeType type, Boolean publicOnly, Boolean noCheck, Boolean& canBeCached, RuntimeMethodHandleInternal& ctor, Boolean& bNeedSecurityCheck)
   at System.RuntimeType.CreateInstanceSlow(Boolean publicOnly, Boolean skipCheckThis, Boolean fillCache, StackCrawlMark& stackMark)
   at System.RuntimeType.CreateInstanceDefaultCtor(Boolean publicOnly, Boolean skipCheckThis, Boolean fillCache, StackCrawlMark& stackMark)
   at System.Activator.CreateInstance(Type type, Boolean nonPublic)
   at System.Activator.CreateInstance(Type type)
   at System.Threading.LazyHelpers`1.ActivatorFactorySelector()
   at System.Threading.LazyInitializer.EnsureInitializedCore[T](T& target, Boolean& initialized, Object& syncLock, Func`1 valueFactory)
   at System.Threading.LazyInitializer.EnsureInitialized[T](T& target, Boolean& initialized, Object& syncLock)
   at StatisticalSolutions.Filters.InitializeSimpleMembershipAttribute.OnActionExecuting(ActionExecutingContext filterContext) in e:\Ola Projects\3rdPartyProjects\StatisticalSolutions\StatisticalSolutions\Filters\InitializeSimpleMembershipAttribute.cs:line 23
   at System.Web.Mvc.Async.AsyncControllerActionInvoker.InvokeActionMethodFilterAsynchronously(IActionFilter filter, ActionExecutingContext preContext, Func`1 nextInChain)
   at System.Web.Mvc.Async.AsyncControllerActionInvoker.InvokeActionMethodFilterAsynchronously(IActionFilter filter, ActionExecutingContext preContext, Func`1 nextInChain)
   at System.Web.Mvc.Async.AsyncControllerActionInvoker.<>c__DisplayClass37.<BeginInvokeActionMethodWithFilters>b__31(AsyncCallback asyncCallback, Object asyncState)
   at System.Web.Mvc.Async.AsyncResultWrapper.WrappedAsyncResult`1.Begin(AsyncCallback callback, Object state, Int32 timeout)
   at System.Web.Mvc.Async.AsyncResultWrapper.Begin[TResult](AsyncCallback callback, Object state, BeginInvokeDelegate beginDelegate, EndInvokeDelegate`1 endDelegate, Object tag, Int32 timeout)
   at System.Web.Mvc.Async.AsyncResultWrapper.Begin[TResult](AsyncCallback callback, Object state, BeginInvokeDelegate beginDelegate, EndInvokeDelegate`1 endDelegate, Object tag)
   at System.Web.Mvc.Async.AsyncControllerActionInvoker.<>c__DisplayClass25.<BeginInvokeAction>b__1e(AsyncCallback asyncCallback, Object asyncState)
 2015-05-18 10:59:07,060 [9] INFO  StatisticalSolutions.Controllers.Base.BaseController - Application URL - /StatisticalSolutions/Base/StatisticalError 
 2015-05-18 10:59:07,061 [9] INFO  StatisticalSolutions.Controllers.Base.BaseController - Application URL - /StatisticalSolutions/Base/StatisticalError 
 2015-05-18 10:59:07,062 [9] ERROR StatisticalSolutions.Controllers.Base.BaseController - Statistical exception message - Exception has been thrown by the target of an invocation.
 2015-05-18 10:59:07,062 [9] ERROR StatisticalSolutions.Controllers.Base.BaseController - Statistical exception stack trace -    at System.RuntimeTypeHandle.CreateInstance(RuntimeType type, Boolean publicOnly, Boolean noCheck, Boolean& canBeCached, RuntimeMethodHandleInternal& ctor, Boolean& bNeedSecurityCheck)
   at System.RuntimeType.CreateInstanceSlow(Boolean publicOnly, Boolean skipCheckThis, Boolean fillCache, StackCrawlMark& stackMark)
   at System.RuntimeType.CreateInstanceDefaultCtor(Boolean publicOnly, Boolean skipCheckThis, Boolean fillCache, StackCrawlMark& stackMark)
   at System.Activator.CreateInstance(Type type, Boolean nonPublic)
   at System.Activator.CreateInstance(Type type)
   at System.Threading.LazyHelpers`1.ActivatorFactorySelector()
   at System.Threading.LazyInitializer.EnsureInitializedCore[T](T& target, Boolean& initialized, Object& syncLock, Func`1 valueFactory)
   at System.Threading.LazyInitializer.EnsureInitialized[T](T& target, Boolean& initialized, Object& syncLock)
   at StatisticalSolutions.Filters.InitializeSimpleMembershipAttribute.OnActionExecuting(ActionExecutingContext filterContext) in e:\Ola Projects\3rdPartyProjects\StatisticalSolutions\StatisticalSolutions\Filters\InitializeSimpleMembershipAttribute.cs:line 23
   at System.Web.Mvc.Async.AsyncControllerActionInvoker.InvokeActionMethodFilterAsynchronously(IActionFilter filter, ActionExecutingContext preContext, Func`1 nextInChain)
   at System.Web.Mvc.Async.AsyncControllerActionInvoker.InvokeActionMethodFilterAsynchronously(IActionFilter filter, ActionExecutingContext preContext, Func`1 nextInChain)
   at System.Web.Mvc.Async.AsyncControllerActionInvoker.<>c__DisplayClass37.<BeginInvokeActionMethodWithFilters>b__31(AsyncCallback asyncCallback, Object asyncState)
   at System.Web.Mvc.Async.AsyncResultWrapper.WrappedAsyncResult`1.Begin(AsyncCallback callback, Object state, Int32 timeout)
   at System.Web.Mvc.Async.AsyncResultWrapper.Begin[TResult](AsyncCallback callback, Object state, BeginInvokeDelegate beginDelegate, EndInvokeDelegate`1 endDelegate, Object tag, Int32 timeout)
   at System.Web.Mvc.Async.AsyncResultWrapper.Begin[TResult](AsyncCallback callback, Object state, BeginInvokeDelegate beginDelegate, EndInvokeDelegate`1 endDelegate, Object tag)
   at System.Web.Mvc.Async.AsyncControllerActionInvoker.<>c__DisplayClass25.<BeginInvokeAction>b__1e(AsyncCallback asyncCallback, Object asyncState)
 2015-05-18 10:59:07,068 [8] INFO  StatisticalSolutions.Controllers.Base.BaseController - Application URL - /StatisticalSolutions/Base/StatisticalError 
 2015-05-18 10:59:07,069 [8] INFO  StatisticalSolutions.Controllers.Base.BaseController - Application URL - /StatisticalSolutions/Base/StatisticalError 
 2015-05-18 10:59:07,070 [8] ERROR StatisticalSolutions.Controllers.Base.BaseController - Statistical exception message - Exception has been thrown by the target of an invocation.
 2015-05-18 10:59:07,070 [8] ERROR StatisticalSolutions.Controllers.Base.BaseController - Statistical exception stack trace -    at System.RuntimeTypeHandle.CreateInstance(RuntimeType type, Boolean publicOnly, Boolean noCheck, Boolean& canBeCached, RuntimeMethodHandleInternal& ctor, Boolean& bNeedSecurityCheck)
   at System.RuntimeType.CreateInstanceSlow(Boolean publicOnly, Boolean skipCheckThis, Boolean fillCache, StackCrawlMark& stackMark)
   at System.RuntimeType.CreateInstanceDefaultCtor(Boolean publicOnly, Boolean skipCheckThis, Boolean fillCache, StackCrawlMark& stackMark)
   at System.Activator.CreateInstance(Type type, Boolean nonPublic)
   at System.Activator.CreateInstance(Type type)
   at System.Threading.LazyHelpers`1.ActivatorFactorySelector()
   at System.Threading.LazyInitializer.EnsureInitializedCore[T](T& target, Boolean& initialized, Object& syncLock, Func`1 valueFactory)
   at System.Threading.LazyInitializer.EnsureInitialized[T](T& target, Boolean& initialized, Object& syncLock)
   at StatisticalSolutions.Filters.InitializeSimpleMembershipAttribute.OnActionExecuting(ActionExecutingContext filterContext) in e:\Ola Projects\3rdPartyProjects\StatisticalSolutions\StatisticalSolutions\Filters\InitializeSimpleMembershipAttribute.cs:line 23
   at System.Web.Mvc.Async.AsyncControllerActionInvoker.InvokeActionMethodFilterAsynchronously(IActionFilter filter, ActionExecutingContext preContext, Func`1 nextInChain)
   at System.Web.Mvc.Async.AsyncControllerActionInvoker.InvokeActionMethodFilterAsynchronously(IActionFilter filter, ActionExecutingContext preContext, Func`1 nextInChain)
   at System.Web.Mvc.Async.AsyncControllerActionInvoker.<>c__DisplayClass37.<BeginInvokeActionMethodWithFilters>b__31(AsyncCallback asyncCallback, Object asyncState)
   at System.Web.Mvc.Async.AsyncResultWrapper.WrappedAsyncResult`1.Begin(AsyncCallback callback, Object state, Int32 timeout)
   at System.Web.Mvc.Async.AsyncResultWrapper.Begin[TResult](AsyncCallback callback, Object state, BeginInvokeDelegate beginDelegate, EndInvokeDelegate`1 endDelegate, Object tag, Int32 timeout)
   at System.Web.Mvc.Async.AsyncResultWrapper.Begin[TResult](AsyncCallback callback, Object state, BeginInvokeDelegate beginDelegate, EndInvokeDelegate`1 endDelegate, Object tag)
   at System.Web.Mvc.Async.AsyncControllerActionInvoker.<>c__DisplayClass25.<BeginInvokeAction>b__1e(AsyncCallback asyncCallback, Object asyncState)
 2015-05-18 10:59:07,077 [7] INFO  StatisticalSolutions.Controllers.Base.BaseController - Application URL - /StatisticalSolutions/Base/StatisticalError 
 2015-05-18 10:59:07,078 [7] INFO  StatisticalSolutions.Controllers.Base.BaseController - Application URL - /StatisticalSolutions/Base/StatisticalError 
 2015-05-18 10:59:07,078 [7] ERROR StatisticalSolutions.Controllers.Base.BaseController - Statistical exception message - Exception has been thrown by the target of an invocation.
 2015-05-18 10:59:07,078 [7] ERROR StatisticalSolutions.Controllers.Base.BaseController - Statistical exception stack trace -    at System.RuntimeTypeHandle.CreateInstance(RuntimeType type, Boolean publicOnly, Boolean noCheck, Boolean& canBeCached, RuntimeMethodHandleInternal& ctor, Boolean& bNeedSecurityCheck)
   at System.RuntimeType.CreateInstanceSlow(Boolean publicOnly, Boolean skipCheckThis, Boolean fillCache, StackCrawlMark& stackMark)
   at System.RuntimeType.CreateInstanceDefaultCtor(Boolean publicOnly, Boolean skipCheckThis, Boolean fillCache, StackCrawlMark& stackMark)
   at System.Activator.CreateInstance(Type type, Boolean nonPublic)
   at System.Activator.CreateInstance(Type type)
   at System.Threading.LazyHelpers`1.ActivatorFactorySelector()
   at System.Threading.LazyInitializer.EnsureInitializedCore[T](T& target, Boolean& initialized, Object& syncLock, Func`1 valueFactory)
   at System.Threading.LazyInitializer.EnsureInitialized[T](T& target, Boolean& initialized, Object& syncLock)
   at StatisticalSolutions.Filters.InitializeSimpleMembershipAttribute.OnActionExecuting(ActionExecutingContext filterContext) in e:\Ola Projects\3rdPartyProjects\StatisticalSolutions\StatisticalSolutions\Filters\InitializeSimpleMembershipAttribute.cs:line 23
   at System.Web.Mvc.Async.AsyncControllerActionInvoker.InvokeActionMethodFilterAsynchronously(IActionFilter filter, ActionExecutingContext preContext, Func`1 nextInChain)
   at System.Web.Mvc.Async.AsyncControllerActionInvoker.InvokeActionMethodFilterAsynchronously(IActionFilter filter, ActionExecutingContext preContext, Func`1 nextInChain)
   at System.Web.Mvc.Async.AsyncControllerActionInvoker.<>c__DisplayClass37.<BeginInvokeActionMethodWithFilters>b__31(AsyncCallback asyncCallback, Object asyncState)
   at System.Web.Mvc.Async.AsyncResultWrapper.WrappedAsyncResult`1.Begin(AsyncCallback callback, Object state, Int32 timeout)
   at System.Web.Mvc.Async.AsyncResultWrapper.Begin[TResult](AsyncCallback callback, Object state, BeginInvokeDelegate beginDelegate, EndInvokeDelegate`1 endDelegate, Object tag, Int32 timeout)
   at System.Web.Mvc.Async.AsyncResultWrapper.Begin[TResult](AsyncCallback callback, Object state, BeginInvokeDelegate beginDelegate, EndInvokeDelegate`1 endDelegate, Object tag)
   at System.Web.Mvc.Async.AsyncControllerActionInvoker.<>c__DisplayClass25.<BeginInvokeAction>b__1e(AsyncCallback asyncCallback, Object asyncState)
 2015-05-18 10:59:07,085 [9] INFO  StatisticalSolutions.Controllers.Base.BaseController - Application URL - /StatisticalSolutions/Base/StatisticalError 
 2015-05-18 10:59:07,086 [9] INFO  StatisticalSolutions.Controllers.Base.BaseController - Application URL - /StatisticalSolutions/Base/StatisticalError 
 2015-05-18 10:59:07,086 [9] ERROR StatisticalSolutions.Controllers.Base.BaseController - Statistical exception message - Exception has been thrown by the target of an invocation.
 2015-05-18 10:59:07,086 [9] ERROR StatisticalSolutions.Controllers.Base.BaseController - Statistical exception stack trace -    at System.RuntimeTypeHandle.CreateInstance(RuntimeType type, Boolean publicOnly, Boolean noCheck, Boolean& canBeCached, RuntimeMethodHandleInternal& ctor, Boolean& bNeedSecurityCheck)
   at System.RuntimeType.CreateInstanceSlow(Boolean publicOnly, Boolean skipCheckThis, Boolean fillCache, StackCrawlMark& stackMark)
   at System.RuntimeType.CreateInstanceDefaultCtor(Boolean publicOnly, Boolean skipCheckThis, Boolean fillCache, StackCrawlMark& stackMark)
   at System.Activator.CreateInstance(Type type, Boolean nonPublic)
   at System.Activator.CreateInstance(Type type)
   at System.Threading.LazyHelpers`1.ActivatorFactorySelector()
   at System.Threading.LazyInitializer.EnsureInitializedCore[T](T& target, Boolean& initialized, Object& syncLock, Func`1 valueFactory)
   at System.Threading.LazyInitializer.EnsureInitialized[T](T& target, Boolean& initialized, Object& syncLock)
   at StatisticalSolutions.Filters.InitializeSimpleMembershipAttribute.OnActionExecuting(ActionExecutingContext filterContext) in e:\Ola Projects\3rdPartyProjects\StatisticalSolutions\StatisticalSolutions\Filters\InitializeSimpleMembershipAttribute.cs:line 23
   at System.Web.Mvc.Async.AsyncControllerActionInvoker.InvokeActionMethodFilterAsynchronously(IActionFilter filter, ActionExecutingContext preContext, Func`1 nextInChain)
   at System.Web.Mvc.Async.AsyncControllerActionInvoker.InvokeActionMethodFilterAsynchronously(IActionFilter filter, ActionExecutingContext preContext, Func`1 nextInChain)
   at System.Web.Mvc.Async.AsyncControllerActionInvoker.<>c__DisplayClass37.<BeginInvokeActionMethodWithFilters>b__31(AsyncCallback asyncCallback, Object asyncState)
   at System.Web.Mvc.Async.AsyncResultWrapper.WrappedAsyncResult`1.Begin(AsyncCallback callback, Object state, Int32 timeout)
   at System.Web.Mvc.Async.AsyncResultWrapper.Begin[TResult](AsyncCallback callback, Object state, BeginInvokeDelegate beginDelegate, EndInvokeDelegate`1 endDelegate, Object tag, Int32 timeout)
   at System.Web.Mvc.Async.AsyncResultWrapper.Begin[TResult](AsyncCallback callback, Object state, BeginInvokeDelegate beginDelegate, EndInvokeDelegate`1 endDelegate, Object tag)
   at System.Web.Mvc.Async.AsyncControllerActionInvoker.<>c__DisplayClass25.<BeginInvokeAction>b__1e(AsyncCallback asyncCallback, Object asyncState)
 2015-05-18 10:59:24,902 [6] INFO  StatisticalSolutions.Controllers.Base.BaseController - Application URL - /StatisticalSolutions/ 
 2015-05-18 11:00:09,624 [8] INFO  StatisticalSolutions.Controllers.Base.BaseController - Application URL - /StatisticalSolutions/Workshop/Register 
 2015-05-18 11:02:57,625 [8] INFO  StatisticalSolutions.Controllers.Base.BaseController - Application URL - /StatisticalSolutions/Workshop/Register 
 2015-05-18 11:02:57,651 [8] ERROR StatisticalSolutions.Controllers.Base.BaseController - Statistical exception message - Object reference not set to an instance of an object.
 2015-05-18 11:02:57,669 [8] ERROR StatisticalSolutions.Controllers.Base.BaseController - Statistical exception stack trace -    at ASP._Page_Views_Workshop_Register_cshtml.Execute() in e:\Ola Projects\3rdPartyProjects\StatisticalSolutions\StatisticalSolutions\Views\Workshop\Register.cshtml:line 33
   at System.Web.WebPages.WebPageBase.ExecutePageHierarchy()
   at System.Web.Mvc.WebViewPage.ExecutePageHierarchy()
   at System.Web.WebPages.StartPage.ExecutePageHierarchy()
   at System.Web.WebPages.WebPageBase.ExecutePageHierarchy(WebPageContext pageContext, TextWriter writer, WebPageRenderingBase startPage)
   at System.Web.Mvc.ViewResultBase.ExecuteResult(ControllerContext context)
   at System.Web.Mvc.ControllerActionInvoker.<>c__DisplayClass1a.<InvokeActionResultWithFilters>b__17()
   at System.Web.Mvc.ControllerActionInvoker.InvokeActionResultFilter(IResultFilter filter, ResultExecutingContext preContext, Func`1 continuation)
   at System.Web.Mvc.ControllerActionInvoker.InvokeActionResultFilter(IResultFilter filter, ResultExecutingContext preContext, Func`1 continuation)
   at System.Web.Mvc.ControllerActionInvoker.InvokeActionResultWithFilters(ControllerContext controllerContext, IList`1 filters, ActionResult actionResult)
   at System.Web.Mvc.Async.AsyncControllerActionInvoker.<>c__DisplayClass25.<BeginInvokeAction>b__22(IAsyncResult asyncResult)
 2015-05-18 11:02:57,772 [12] INFO  StatisticalSolutions.Controllers.Base.BaseController - Application URL - /StatisticalSolutions/Base/StatisticalError 
 2015-05-18 11:02:57,775 [12] INFO  StatisticalSolutions.Controllers.Base.BaseController - Application URL - /StatisticalSolutions/Base/StatisticalError 
 2015-05-18 11:03:07,337 [12] INFO  StatisticalSolutions.Controllers.Base.BaseController - Application URL - /StatisticalSolutions/Workshop/Register 
 2015-05-18 11:03:36,794 [15] INFO  StatisticalSolutions.Controllers.Base.BaseController - Application URL - /StatisticalSolutions/Workshop/WorkshopSelected 
 2015-05-18 11:03:38,936 [15] ERROR StatisticalSolutions.Controllers.Base.BaseController - Function Register Error  - DbArithmeticExpression arguments must have a numeric common type.
 2015-05-18 11:03:38,939 [15] ERROR StatisticalSolutions.Controllers.Base.BaseController - Statistical exception message - DbArithmeticExpression arguments must have a numeric common type.
 System.ArgumentException: DbArithmeticExpression arguments must have a numeric common type.
   at StatisticalSolutions.DataAccess.DAL.getfutureseminarsstartdate(Int32 seminar_id) in e:\Ola Projects\3rdPartyProjects\StatisticalSolutions\StatisticalSolutions\DataAccess\DAL.cs:line 1159
   at StatisticalSolutions.Controllers.WorkshopController.WorkshopSelected(Int32 id) in e:\Ola Projects\3rdPartyProjects\StatisticalSolutions\StatisticalSolutions\Controllers\WorkshopController.cs:line 194
2015-05-18 11:04:17,988 [17] INFO  StatisticalSolutions.Controllers.Base.BaseController - Application URL - /StatisticalSolutions/Workshop/WorkshopSelected 
 2015-05-18 11:06:04,503 [17] ERROR StatisticalSolutions.Controllers.Base.BaseController - Function Register Error  - DbArithmeticExpression arguments must have a numeric common type.
 2015-05-18 11:06:04,504 [17] ERROR StatisticalSolutions.Controllers.Base.BaseController - Statistical exception message - DbArithmeticExpression arguments must have a numeric common type.
 System.ArgumentException: DbArithmeticExpression arguments must have a numeric common type.
   at StatisticalSolutions.DataAccess.DAL.getfutureseminarsstartdate(Int32 seminar_id) in e:\Ola Projects\3rdPartyProjects\StatisticalSolutions\StatisticalSolutions\DataAccess\DAL.cs:line 1159
   at StatisticalSolutions.Controllers.WorkshopController.WorkshopSelected(Int32 id) in e:\Ola Projects\3rdPartyProjects\StatisticalSolutions\StatisticalSolutions\Controllers\WorkshopController.cs:line 194
2015-05-18 11:11:06,842 [38] INFO  StatisticalSolutions.Controllers.Base.BaseController - Application URL - /StatisticalSolutions/ 
 2015-05-18 11:11:24,195 [44] INFO  StatisticalSolutions.Controllers.Base.BaseController - Application URL - /StatisticalSolutions/Workshop/Register 
 2015-05-18 11:11:54,320 [44] INFO  StatisticalSolutions.Controllers.Base.BaseController - Application URL - /StatisticalSolutions/Workshop/WorkshopSelected 
 2015-05-18 11:13:24,023 [44] ERROR StatisticalSolutions.Controllers.Base.BaseController - Function Register Error  - DbArithmeticExpression arguments must have a numeric common type.
 2015-05-18 11:13:24,036 [44] ERROR StatisticalSolutions.Controllers.Base.BaseController - Statistical exception message - DbArithmeticExpression arguments must have a numeric common type.
 System.ArgumentException: DbArithmeticExpression arguments must have a numeric common type.
   at StatisticalSolutions.DataAccess.DAL.getfutureseminarsstartdate(Int32 seminar_id) in e:\Ola Projects\3rdPartyProjects\StatisticalSolutions\StatisticalSolutions\DataAccess\DAL.cs:line 1159
   at StatisticalSolutions.Controllers.WorkshopController.WorkshopSelected(Int32 id) in e:\Ola Projects\3rdPartyProjects\StatisticalSolutions\StatisticalSolutions\Controllers\WorkshopController.cs:line 194
2015-05-18 11:16:26,667 [15] INFO  StatisticalSolutions.Controllers.Base.BaseController - Application URL - /StatisticalSolutions/Workshop/WorkshopSelected 
 2015-05-18 11:16:27,551 [15] ERROR StatisticalSolutions.Controllers.Base.BaseController - Function Register Error  - DbArithmeticExpression arguments must have a numeric common type.
 2015-05-18 11:16:27,552 [15] ERROR StatisticalSolutions.Controllers.Base.BaseController - Statistical exception message - DbArithmeticExpression arguments must have a numeric common type.
 System.ArgumentException: DbArithmeticExpression arguments must have a numeric common type.
   at StatisticalSolutions.DataAccess.DAL.getfutureseminarsstartdate(Int32 seminar_id) in e:\Ola Projects\3rdPartyProjects\StatisticalSolutions\StatisticalSolutions\DataAccess\DAL.cs:line 1159
   at StatisticalSolutions.Controllers.WorkshopController.WorkshopSelected(Int32 id) in e:\Ola Projects\3rdPartyProjects\StatisticalSolutions\StatisticalSolutions\Controllers\WorkshopController.cs:line 194
2015-05-18 11:16:55,622 [14] INFO  StatisticalSolutions.Controllers.Base.BaseController - Application URL - /StatisticalSolutions/Workshop/WorkshopSelected 
 2015-05-18 11:16:56,746 [14] ERROR StatisticalSolutions.Controllers.Base.BaseController - Function Register Error  - DbArithmeticExpression arguments must have a numeric common type.
 2015-05-18 11:16:56,746 [14] ERROR StatisticalSolutions.Controllers.Base.BaseController - Statistical exception message - DbArithmeticExpression arguments must have a numeric common type.
 System.ArgumentException: DbArithmeticExpression arguments must have a numeric common type.
   at StatisticalSolutions.DataAccess.DAL.getfutureseminarsstartdate(Int32 seminar_id) in e:\Ola Projects\3rdPartyProjects\StatisticalSolutions\StatisticalSolutions\DataAccess\DAL.cs:line 1159
   at StatisticalSolutions.Controllers.WorkshopController.WorkshopSelected(Int32 id) in e:\Ola Projects\3rdPartyProjects\StatisticalSolutions\StatisticalSolutions\Controllers\WorkshopController.cs:line 194
2015-05-18 11:17:15,101 [10] INFO  StatisticalSolutions.Controllers.Base.BaseController - Application URL - /StatisticalSolutions/ 
 2015-05-18 11:17:48,282 [6] INFO  StatisticalSolutions.Controllers.Base.BaseController - Application URL - /StatisticalSolutions/ 
 2015-05-18 11:18:00,519 [7] INFO  StatisticalSolutions.Controllers.Base.BaseController - Application URL - /StatisticalSolutions/Workshop/Register 
 2015-05-18 11:18:24,921 [16] INFO  StatisticalSolutions.Controllers.Base.BaseController - Application URL - /StatisticalSolutions/Workshop/WorkshopSelected 
 2015-05-18 11:20:11,641 [8] INFO  StatisticalSolutions.Controllers.Base.BaseController - Application URL - /StatisticalSolutions/Workshop/WorkshopSelected 
 2015-05-18 11:20:12,331 [16] ERROR StatisticalSolutions.Controllers.Base.BaseController - Function Register Error  - DbArithmeticExpression arguments must have a numeric common type.
 2015-05-18 11:20:12,334 [16] ERROR StatisticalSolutions.Controllers.Base.BaseController - Statistical exception message - DbArithmeticExpression arguments must have a numeric common type.
 System.ArgumentException: DbArithmeticExpression arguments must have a numeric common type.
   at StatisticalSolutions.DataAccess.DAL.getfutureseminarsstartdate(Int32 seminar_id) in e:\Ola Projects\3rdPartyProjects\StatisticalSolutions\StatisticalSolutions\DataAccess\DAL.cs:line 1159
   at StatisticalSolutions.Controllers.WorkshopController.WorkshopSelected(Int32 id) in e:\Ola Projects\3rdPartyProjects\StatisticalSolutions\StatisticalSolutions\Controllers\WorkshopController.cs:line 194
2015-05-18 11:20:16,886 [8] ERROR StatisticalSolutions.Controllers.Base.BaseController - Function Register Error  - DbArithmeticExpression arguments must have a numeric common type.
 2015-05-18 11:20:16,886 [8] ERROR StatisticalSolutions.Controllers.Base.BaseController - Statistical exception message - DbArithmeticExpression arguments must have a numeric common type.
 System.ArgumentException: DbArithmeticExpression arguments must have a numeric common type.
   at StatisticalSolutions.DataAccess.DAL.getfutureseminarsstartdate(Int32 seminar_id) in e:\Ola Projects\3rdPartyProjects\StatisticalSolutions\StatisticalSolutions\DataAccess\DAL.cs:line 1159
   at StatisticalSolutions.Controllers.WorkshopController.WorkshopSelected(Int32 id) in e:\Ola Projects\3rdPartyProjects\StatisticalSolutions\StatisticalSolutions\Controllers\WorkshopController.cs:line 194
2015-05-18 11:23:39,112 [15] INFO  StatisticalSolutions.Controllers.Base.BaseController - Application URL - /StatisticalSolutions/ 
 2015-05-18 11:23:56,125 [26] INFO  StatisticalSolutions.Controllers.Base.BaseController - Application URL - /StatisticalSolutions/Workshop/Register 
 2015-05-18 11:24:24,361 [17] INFO  StatisticalSolutions.Controllers.Base.BaseController - Application URL - /StatisticalSolutions/Workshop/WorkshopSelected 
 2015-05-18 11:26:21,314 [27] INFO  StatisticalSolutions.Controllers.Base.BaseController - Application URL - /StatisticalSolutions/Workshop/WorkshopSelected 
 2015-05-18 11:28:05,627 [7] INFO  StatisticalSolutions.Controllers.Base.BaseController - Application URL - /StatisticalSolutions/Admin/WorkshopList 
 2015-05-18 12:01:49,578 [6] INFO  StatisticalSolutions.Controllers.Base.BaseController - Application URL - /StatisticalSolutions/ 
 2015-05-18 12:06:18,998 [6] INFO  StatisticalSolutions.Controllers.Base.BaseController - Application URL - /StatisticalSolutions/ 
 2015-05-18 12:06:18,998 [6] ERROR StatisticalSolutions.Controllers.Base.BaseController - Statistical exception message - Exception has been thrown by the target of an invocation.
 2015-05-18 12:06:18,998 [6] ERROR StatisticalSolutions.Controllers.Base.BaseController - Statistical exception stack trace -    at System.RuntimeTypeHandle.CreateInstance(RuntimeType type, Boolean publicOnly, Boolean noCheck, Boolean& canBeCached, RuntimeMethodHandleInternal& ctor, Boolean& bNeedSecurityCheck)
   at System.RuntimeType.CreateInstanceSlow(Boolean publicOnly, Boolean skipCheckThis, Boolean fillCache, StackCrawlMark& stackMark)
   at System.RuntimeType.CreateInstanceDefaultCtor(Boolean publicOnly, Boolean skipCheckThis, Boolean fillCache, StackCrawlMark& stackMark)
   at System.Activator.CreateInstance(Type type, Boolean nonPublic)
   at System.Activator.CreateInstance(Type type)
   at System.Threading.LazyHelpers`1.ActivatorFactorySelector()
   at System.Threading.LazyInitializer.EnsureInitializedCore[T](T& target, Boolean& initialized, Object& syncLock, Func`1 valueFactory)
   at System.Threading.LazyInitializer.EnsureInitialized[T](T& target, Boolean& initialized, Object& syncLock)
   at StatisticalSolutions.Filters.InitializeSimpleMembershipAttribute.OnActionExecuting(ActionExecutingContext filterContext) in e:\Ola Projects\3rdPartyProjects\StatisticalSolutions\StatisticalSolutions\Filters\InitializeSimpleMembershipAttribute.cs:line 23
   at System.Web.Mvc.Async.AsyncControllerActionInvoker.InvokeActionMethodFilterAsynchronously(IActionFilter filter, ActionExecutingContext preContext, Func`1 nextInChain)
   at System.Web.Mvc.Async.AsyncControllerActionInvoker.InvokeActionMethodFilterAsynchronously(IActionFilter filter, ActionExecutingContext preContext, Func`1 nextInChain)
   at System.Web.Mvc.Async.AsyncControllerActionInvoker.<>c__DisplayClass37.<BeginInvokeActionMethodWithFilters>b__31(AsyncCallback asyncCallback, Object asyncState)
   at System.Web.Mvc.Async.AsyncResultWrapper.WrappedAsyncResult`1.Begin(AsyncCallback callback, Object state, Int32 timeout)
   at System.Web.Mvc.Async.AsyncResultWrapper.Begin[TResult](AsyncCallback callback, Object state, BeginInvokeDelegate beginDelegate, EndInvokeDelegate`1 endDelegate, Object tag, Int32 timeout)
   at System.Web.Mvc.Async.AsyncResultWrapper.Begin[TResult](AsyncCallback callback, Object state, BeginInvokeDelegate beginDelegate, EndInvokeDelegate`1 endDelegate, Object tag)
   at System.Web.Mvc.Async.AsyncControllerActionInvoker.<>c__DisplayClass25.<BeginInvokeAction>b__1e(AsyncCallback asyncCallback, Object asyncState)
 2015-05-18 12:06:19,060 [8] INFO  StatisticalSolutions.Controllers.Base.BaseController - Application URL - /StatisticalSolutions/Admin/WorkshopList 
 2015-05-18 12:07:52,105 [6] INFO  StatisticalSolutions.Controllers.Base.BaseController - Application URL - /StatisticalSolutions/ 
 2015-05-18 12:08:51,511 [11] INFO  StatisticalSolutions.Controllers.Base.BaseController - Application URL - /StatisticalSolutions/Workshop/Register 
 2015-05-18 12:10:06,528 [11] INFO  StatisticalSolutions.Controllers.Base.BaseController - Application URL - /StatisticalSolutions/Workshop/Register 
 2015-05-18 12:10:19,792 [15] INFO  StatisticalSolutions.Controllers.Base.BaseController - Application URL - /StatisticalSolutions/Workshop/WorkshopSelected 
 2015-05-18 12:12:45,439 [19] INFO  StatisticalSolutions.Controllers.Base.BaseController - Application URL - /StatisticalSolutions/Workshop/WorkshopSelected 
 2015-05-18 12:13:58,119 [19] INFO  StatisticalSolutions.Controllers.Base.BaseController - Application URL - /StatisticalSolutions/Workshop/WorkshopSelected 
 2015-05-18 12:14:38,811 [25] INFO  StatisticalSolutions.Controllers.Base.BaseController - Application URL - /StatisticalSolutions/Workshop/WorkshopSelected 
 2015-05-18 12:15:24,267 [19] INFO  StatisticalSolutions.Controllers.Base.BaseController - Application URL - /StatisticalSolutions/Workshop/WorkshopSelected 
 2015-05-18 12:16:18,211 [27] INFO  StatisticalSolutions.Controllers.Base.BaseController - Application URL - /StatisticalSolutions/Workshop/WorkshopSelected 
 2015-05-18 12:16:56,716 [27] INFO  StatisticalSolutions.Controllers.Base.BaseController - Application URL - /StatisticalSolutions/Workshop/WorkshopSelected 
 2015-05-18 12:24:32,061 [29] INFO  StatisticalSolutions.Controllers.Base.BaseController - Application URL - /StatisticalSolutions/Workshop/WorkshopSelected 
 2015-05-18 12:24:56,190 [29] ERROR StatisticalSolutions.Controllers.Base.BaseController - Function Register Error  - The underlying provider failed on Open.
 2015-05-18 12:24:56,192 [29] ERROR StatisticalSolutions.Controllers.Base.BaseController - Statistical exception message - The underlying provider failed on Open.
 System.Data.Entity.Core.EntityException: The underlying provider failed on Open. ---> System.Data.SqlClient.SqlException: A network-related or instance-specific error occurred while establishing a connection to SQL Server. The server was not found or was not accessible. Verify that the instance name is correct and that SQL Server is configured to allow remote connections. (provider: TCP Provider, error: 0 - The requested name is valid, but no data of the requested type was found.) ---> System.ComponentModel.Win32Exception: The requested name is valid, but no data of the requested type was found
   --- End of inner exception stack trace ---
   at System.Data.SqlClient.SqlInternalConnection.OnError(SqlException exception, Boolean breakConnection, Action`1 wrapCloseInAction)
   at System.Data.SqlClient.TdsParser.ThrowExceptionAndWarning(TdsParserStateObject stateObj, Boolean callerHasConnectionLock, Boolean asyncClose)
   at System.Data.SqlClient.TdsParser.Connect(ServerInfo serverInfo, SqlInternalConnectionTds connHandler, Boolean ignoreSniOpenTimeout, Int64 timerExpire, Boolean encrypt, Boolean trustServerCert, Boolean integratedSecurity, Boolean withFailover)
   at System.Data.SqlClient.SqlInternalConnectionTds.AttemptOneLogin(ServerInfo serverInfo, String newPassword, SecureString newSecurePassword, Boolean ignoreSniOpenTimeout, TimeoutTimer timeout, Boolean withFailover)
   at System.Data.SqlClient.SqlInternalConnectionTds.LoginNoFailover(ServerInfo serverInfo, String newPassword, SecureString newSecurePassword, Boolean redirectedUserInstance, SqlConnectionString connectionOptions, SqlCredential credential, TimeoutTimer timeout)
   at System.Data.SqlClient.SqlInternalConnectionTds.OpenLoginEnlist(TimeoutTimer timeout, SqlConnectionString connectionOptions, SqlCredential credential, String newPassword, SecureString newSecurePassword, Boolean redirectedUserInstance)
   at System.Data.SqlClient.SqlInternalConnectionTds..ctor(DbConnectionPoolIdentity identity, SqlConnectionString connectionOptions, SqlCredential credential, Object providerInfo, String newPassword, SecureString newSecurePassword, Boolean redirectedUserInstance, SqlConnectionString userConnectionOptions, SessionData reconnectSessionData)
   at System.Data.SqlClient.SqlConnectionFactory.CreateConnection(DbConnectionOptions options, DbConnectionPoolKey poolKey, Object poolGroupProviderInfo, DbConnectionPool pool, DbConnection owningConnection, DbConnectionOptions userOptions)
   at System.Data.ProviderBase.DbConnectionFactory.CreatePooledConnection(DbConnectionPool pool, DbConnection owningObject, DbConnectionOptions options, DbConnectionPoolKey poolKey, DbConnectionOptions userOptions)
   at System.Data.ProviderBase.DbConnectionPool.CreateObject(DbConnection owningObject, DbConnectionOptions userOptions, DbConnectionInternal oldConnection)
   at System.Data.ProviderBase.DbConnectionPool.UserCreateRequest(DbConnection owningObject, DbConnectionOptions userOptions, DbConnectionInternal oldConnection)
   at System.Data.ProviderBase.DbConnectionPool.TryGetConnection(DbConnection owningObject, UInt32 waitForMultipleObjectsTimeout, Boolean allowCreate, Boolean onlyOneCheckConnection, DbConnectionOptions userOptions, DbConnectionInternal& connection)
   at System.Data.ProviderBase.DbConnectionPool.TryGetConnection(DbConnection owningObject, TaskCompletionSource`1 retry, DbConnectionOptions userOptions, DbConnectionInternal& connection)
   at System.Data.ProviderBase.DbConnectionFactory.TryGetConnection(DbConnection owningConnection, TaskCompletionSource`1 retry, DbConnectionOptions userOptions, DbConnectionInternal oldConnection, DbConnectionInternal& connection)
   at System.Data.ProviderBase.DbConnectionInternal.TryOpenConnectionInternal(DbConnection outerConnection, DbConnectionFactory connectionFactory, TaskCompletionSource`1 retry, DbConnectionOptions userOptions)
   at System.Data.SqlClient.SqlConnection.TryOpenInner(TaskCompletionSource`1 retry)
   at System.Data.SqlClient.SqlConnection.TryOpen(TaskCompletionSource`1 retry)
   at System.Data.SqlClient.SqlConnection.Open()
   at System.Data.Entity.Infrastructure.Interception.DbConnectionDispatcher.<Open>b__36(DbConnection t, DbConnectionInterceptionContext c)
   at System.Data.Entity.Infrastructure.Interception.InternalDispatcher`1.Dispatch[TTarget,TInterceptionContext](TTarget target, Action`2 operation, TInterceptionContext interceptionContext, Action`3 executing, Action`3 executed)
   at System.Data.Entity.Infrastructure.Interception.DbConnectionDispatcher.Open(DbConnection connection, DbInterceptionContext interceptionContext)
   at System.Data.Entity.Core.EntityClient.EntityConnection.<Open>b__2()
   at System.Data.Entity.SqlServer.DefaultSqlExecutionStrategy.<>c__DisplayClass1.<Execute>b__0()
   at System.Data.Entity.SqlServer.DefaultSqlExecutionStrategy.Execute[TResult](Func`1 operation)
   at System.Data.Entity.SqlServer.DefaultSqlExecutionStrategy.Execute(Action operation)
   at System.Data.Entity.Core.EntityClient.EntityConnection.Open()
   --- End of inner exception stack trace ---
   at StatisticalSolutions.DataAccess.DAL.getfutureseminars() in e:\Ola Projects\3rdPartyProjects\StatisticalSolutions\StatisticalSolutions\DataAccess\DAL.cs:line 776
   at StatisticalSolutions.Controllers.WorkshopController.WorkshopSelected(Int32 id) in e:\Ola Projects\3rdPartyProjects\StatisticalSolutions\StatisticalSolutions\Controllers\WorkshopController.cs:line 192
2015-05-18 12:25:17,062 [37] INFO  StatisticalSolutions.Controllers.Base.BaseController - Application URL - /StatisticalSolutions/Workshop/WorkshopSelected 
 2015-05-18 12:25:40,268 [37] ERROR StatisticalSolutions.Controllers.Base.BaseController - Function Register Error  - An exception has been raised that is likely due to a transient failure. If you are connecting to a SQL Azure database consider using SqlAzureExecutionStrategy.
 2015-05-18 12:25:40,269 [37] ERROR StatisticalSolutions.Controllers.Base.BaseController - Statistical exception message - An exception has been raised that is likely due to a transient failure. If you are connecting to a SQL Azure database consider using SqlAzureExecutionStrategy.
 System.Data.Entity.Core.EntityException: An exception has been raised that is likely due to a transient failure. If you are connecting to a SQL Azure database consider using SqlAzureExecutionStrategy. ---> System.Data.Entity.Core.EntityException: The underlying provider failed on Open. ---> System.Data.Entity.Core.EntityException: An exception has been raised that is likely due to a transient failure. If you are connecting to a SQL Azure database consider using SqlAzureExecutionStrategy. ---> System.Data.SqlClient.SqlException: A network-related or instance-specific error occurred while establishing a connection to SQL Server. The server was not found or was not accessible. Verify that the instance name is correct and that SQL Server is configured to allow remote connections. (provider: TCP Provider, error: 0 - An established connection was aborted by the software in your host machine.) ---> System.ComponentModel.Win32Exception: An established connection was aborted by the software in your host machine
   --- End of inner exception stack trace ---
   at System.Data.SqlClient.SqlInternalConnection.OnError(SqlException exception, Boolean breakConnection, Action`1 wrapCloseInAction)
   at System.Data.SqlClient.TdsParser.ThrowExceptionAndWarning(TdsParserStateObject stateObj, Boolean callerHasConnectionLock, Boolean asyncClose)
   at System.Data.SqlClient.TdsParser.Connect(ServerInfo serverInfo, SqlInternalConnectionTds connHandler, Boolean ignoreSniOpenTimeout, Int64 timerExpire, Boolean encrypt, Boolean trustServerCert, Boolean integratedSecurity, Boolean withFailover)
   at System.Data.SqlClient.SqlInternalConnectionTds.AttemptOneLogin(ServerInfo serverInfo, String newPassword, SecureString newSecurePassword, Boolean ignoreSniOpenTimeout, TimeoutTimer timeout, Boolean withFailover)
   at System.Data.SqlClient.SqlInternalConnectionTds.LoginNoFailover(ServerInfo serverInfo, String newPassword, SecureString newSecurePassword, Boolean redirectedUserInstance, SqlConnectionString connectionOptions, SqlCredential credential, TimeoutTimer timeout)
   at System.Data.SqlClient.SqlInternalConnectionTds.OpenLoginEnlist(TimeoutTimer timeout, SqlConnectionString connectionOptions, SqlCredential credential, String newPassword, SecureString newSecurePassword, Boolean redirectedUserInstance)
   at System.Data.SqlClient.SqlInternalConnectionTds..ctor(DbConnectionPoolIdentity identity, SqlConnectionString connectionOptions, SqlCredential credential, Object providerInfo, String newPassword, SecureString newSecurePassword, Boolean redirectedUserInstance, SqlConnectionString userConnectionOptions, SessionData reconnectSessionData)
   at System.Data.SqlClient.SqlConnectionFactory.CreateConnection(DbConnectionOptions options, DbConnectionPoolKey poolKey, Object poolGroupProviderInfo, DbConnectionPool pool, DbConnection owningConnection, DbConnectionOptions userOptions)
   at System.Data.ProviderBase.DbConnectionFactory.CreatePooledConnection(DbConnectionPool pool, DbConnection owningObject, DbConnectionOptions options, DbConnectionPoolKey poolKey, DbConnectionOptions userOptions)
   at System.Data.ProviderBase.DbConnectionPool.CreateObject(DbConnection owningObject, DbConnectionOptions userOptions, DbConnectionInternal oldConnection)
   at System.Data.ProviderBase.DbConnectionPool.UserCreateRequest(DbConnection owningObject, DbConnectionOptions userOptions, DbConnectionInternal oldConnection)
   at System.Data.ProviderBase.DbConnectionPool.TryGetConnection(DbConnection owningObject, UInt32 waitForMultipleObjectsTimeout, Boolean allowCreate, Boolean onlyOneCheckConnection, DbConnectionOptions userOptions, DbConnectionInternal& connection)
   at System.Data.ProviderBase.DbConnectionPool.TryGetConnection(DbConnection owningObject, TaskCompletionSource`1 retry, DbConnectionOptions userOptions, DbConnectionInternal& connection)
   at System.Data.ProviderBase.DbConnectionFactory.TryGetConnection(DbConnection owningConnection, TaskCompletionSource`1 retry, DbConnectionOptions userOptions, DbConnectionInternal oldConnection, DbConnectionInternal& connection)
   at System.Data.ProviderBase.DbConnectionInternal.TryOpenConnectionInternal(DbConnection outerConnection, DbConnectionFactory connectionFactory, TaskCompletionSource`1 retry, DbConnectionOptions userOptions)
   at System.Data.SqlClient.SqlConnection.TryOpenInner(TaskCompletionSource`1 retry)
   at System.Data.SqlClient.SqlConnection.TryOpen(TaskCompletionSource`1 retry)
   at System.Data.SqlClient.SqlConnection.Open()
   at System.Data.Entity.Infrastructure.Interception.DbConnectionDispatcher.<Open>b__36(DbConnection t, DbConnectionInterceptionContext c)
   at System.Data.Entity.Infrastructure.Interception.InternalDispatcher`1.Dispatch[TTarget,TInterceptionContext](TTarget target, Action`2 operation, TInterceptionContext interceptionContext, Action`3 executing, Action`3 executed)
   at System.Data.Entity.Infrastructure.Interception.DbConnectionDispatcher.Open(DbConnection connection, DbInterceptionContext interceptionContext)
   at System.Data.Entity.Core.EntityClient.EntityConnection.<Open>b__2()
   at System.Data.Entity.SqlServer.DefaultSqlExecutionStrategy.<>c__DisplayClass1.<Execute>b__0()
   at System.Data.Entity.SqlServer.DefaultSqlExecutionStrategy.Execute[TResult](Func`1 operation)
   --- End of inner exception stack trace ---
   at System.Data.Entity.SqlServer.DefaultSqlExecutionStrategy.Execute[TResult](Func`1 operation)
   at System.Data.Entity.SqlServer.DefaultSqlExecutionStrategy.Execute(Action operation)
   at System.Data.Entity.Core.EntityClient.EntityConnection.Open()
   --- End of inner exception stack trace ---
   at System.Data.Entity.Core.EntityClient.EntityConnection.Open()
   at System.Data.Entity.Core.Objects.ObjectContext.EnsureConnection(Boolean shouldMonitorTransactions)
   at System.Data.Entity.Core.Objects.ObjectContext.ExecuteInTransaction[T](Func`1 func, IDbExecutionStrategy executionStrategy, Boolean startLocalTransaction, Boolean releaseConnectionOnSuccess)
   at System.Data.Entity.Core.Objects.ObjectQuery`1.<>c__DisplayClass7.<GetResults>b__5()
   at System.Data.Entity.SqlServer.DefaultSqlExecutionStrategy.Execute[TResult](Func`1 operation)
   --- End of inner exception stack trace ---
   at StatisticalSolutions.DataAccess.DAL.getfutureseminars() in e:\Ola Projects\3rdPartyProjects\StatisticalSolutions\StatisticalSolutions\DataAccess\DAL.cs:line 776
   at StatisticalSolutions.Controllers.WorkshopController.WorkshopSelected(Int32 id) in e:\Ola Projects\3rdPartyProjects\StatisticalSolutions\StatisticalSolutions\Controllers\WorkshopController.cs:line 192
2015-05-18 12:26:37,002 [36] INFO  StatisticalSolutions.Controllers.Base.BaseController - Application URL - /StatisticalSolutions/ 
 2015-05-18 12:28:38,985 [40] INFO  StatisticalSolutions.Controllers.Base.BaseController - Application URL - /StatisticalSolutions/Workshop/Register 
 2015-05-18 12:29:24,504 [9] INFO  StatisticalSolutions.Controllers.Base.BaseController - Application URL - /StatisticalSolutions/Workshop/WorkshopSelected 
 2015-05-18 12:30:17,330 [9] INFO  StatisticalSolutions.Controllers.Base.BaseController - Application URL - /StatisticalSolutions/Workshop/WorkshopSelected 
 2015-05-18 12:32:43,902 [7] INFO  StatisticalSolutions.Controllers.Base.BaseController - Application URL - /StatisticalSolutions/Workshop/WorkshopSelected 
 2015-05-18 12:34:13,390 [32] INFO  StatisticalSolutions.Controllers.Base.BaseController - Application URL - /StatisticalSolutions/Workshop/WorkshopSelected 
 2015-05-18 12:37:20,596 [8] INFO  StatisticalSolutions.Controllers.Base.BaseController - Application URL - /StatisticalSolutions/Workshop/WorkshopSelected 
 2015-05-18 12:38:39,322 [32] INFO  StatisticalSolutions.Controllers.Base.BaseController - Application URL - /StatisticalSolutions/Workshop/RegisterWorkshop 
 2015-05-18 12:38:40,638 [32] INFO  StatisticalSolutions.Controllers.Base.BaseController - Function RegisterWorkshop - Insetion in regastration tablr 
 2015-05-18 12:38:45,913 [32] INFO  StatisticalSolutions.Controllers.Base.BaseController - Function RegisterWorkshop - Start of mail sending
 2015-05-18 12:40:16,155 [32] INFO  StatisticalSolutions.Controllers.Base.BaseController - Function RegisterWorkshop - End of mail sending
 2015-05-18 12:42:12,271 [23] INFO  StatisticalSolutions.Controllers.Base.BaseController - Application URL - /StatisticalSolutions/Workshop/WorkShops 
 2015-05-18 12:42:43,881 [27] INFO  StatisticalSolutions.Controllers.Base.BaseController - Application URL - /StatisticalSolutions/Admin/WorkshopList 
 2015-05-18 12:43:24,454 [23] INFO  StatisticalSolutions.Controllers.Base.BaseController - Application URL - /StatisticalSolutions/Admin/WorkshopList 
 2015-05-18 12:44:38,290 [27] INFO  StatisticalSolutions.Controllers.Base.BaseController - Application URL - /StatisticalSolutions/Admin/WorkshopList 
 2015-05-18 12:44:43,109 [31] INFO  StatisticalSolutions.Controllers.Base.BaseController - Application URL - /StatisticalSolutions/Admin/EditWorkshop/11 
 2015-05-18 12:53:20,343 [31] INFO  StatisticalSolutions.Controllers.Base.BaseController - Application URL - /StatisticalSolutions/Admin/EditWorkshop/11 
 2015-05-18 12:53:20,368 [31] ERROR StatisticalSolutions.Controllers.Base.BaseController - Statistical exception message - Value cannot be null.
Parameter name: items
 2015-05-18 12:53:20,371 [31] ERROR StatisticalSolutions.Controllers.Base.BaseController - Statistical exception stack trace -    at System.Web.Mvc.SelectList..ctor(IEnumerable items, String dataValueField, String dataTextField, Object selectedValue)
   at System.Web.Mvc.SelectList..ctor(IEnumerable items, String dataValueField, String dataTextField)
   at CallSite.Target(Closure , CallSite , Type , Object , String , String )
   at System.Dynamic.UpdateDelegates.UpdateAndExecute4[T0,T1,T2,T3,TRet](CallSite site, T0 arg0, T1 arg1, T2 arg2, T3 arg3)
   at ASP._Page_Views_Admin_EditWorkshop_cshtml.Execute() in e:\Ola Projects\3rdPartyProjects\StatisticalSolutions\StatisticalSolutions\Views\Admin\EditWorkshop.cshtml:line 39
   at System.Web.WebPages.WebPageBase.ExecutePageHierarchy()
   at System.Web.Mvc.WebViewPage.ExecutePageHierarchy()
   at System.Web.WebPages.StartPage.ExecutePageHierarchy()
   at System.Web.WebPages.WebPageBase.ExecutePageHierarchy(WebPageContext pageContext, TextWriter writer, WebPageRenderingBase startPage)
   at System.Web.Mvc.ViewResultBase.ExecuteResult(ControllerContext context)
   at System.Web.Mvc.ControllerActionInvoker.<>c__DisplayClass1a.<InvokeActionResultWithFilters>b__17()
   at System.Web.Mvc.ControllerActionInvoker.InvokeActionResultFilter(IResultFilter filter, ResultExecutingContext preContext, Func`1 continuation)
   at System.Web.Mvc.ControllerActionInvoker.InvokeActionResultFilter(IResultFilter filter, ResultExecutingContext preContext, Func`1 continuation)
   at System.Web.Mvc.ControllerActionInvoker.InvokeActionResultWithFilters(ControllerContext controllerContext, IList`1 filters, ActionResult actionResult)
   at System.Web.Mvc.Async.AsyncControllerActionInvoker.<>c__DisplayClass25.<BeginInvokeAction>b__22(IAsyncResult asyncResult)
 2015-05-18 12:53:20,445 [27] INFO  StatisticalSolutions.Controllers.Base.BaseController - Application URL - /StatisticalSolutions/Base/StatisticalError 
 2015-05-18 12:53:20,449 [27] INFO  StatisticalSolutions.Controllers.Base.BaseController - Application URL - /StatisticalSolutions/Base/StatisticalError 
 2015-05-18 12:54:12,242 [9] INFO  StatisticalSolutions.Controllers.Base.BaseController - Application URL - /StatisticalSolutions/Admin/EditWorkshop/9 
 2015-05-18 12:54:18,706 [6] INFO  StatisticalSolutions.Controllers.Base.BaseController - Application URL - /StatisticalSolutions/ 
 2015-05-18 12:54:36,950 [6] INFO  StatisticalSolutions.Controllers.Base.BaseController - Application URL - /StatisticalSolutions/ 
 2015-05-18 12:54:40,117 [31] INFO  StatisticalSolutions.Controllers.Base.BaseController - Application URL - /StatisticalSolutions/Workshop/Register 
 2015-05-18 12:55:31,332 [9] ERROR StatisticalSolutions.Controllers.Base.BaseController - Function Seminar Error  - An exception occurred while initializing the database. See the InnerException for details.
 2015-05-18 12:55:31,335 [9] ERROR StatisticalSolutions.Controllers.Base.BaseController - Statistical exception message - An exception occurred while initializing the database. See the InnerException for details.
 System.Data.DataException: An exception occurred while initializing the database. See the InnerException for details. ---> System.Data.Entity.Core.EntityException: The underlying provider failed on Open. ---> System.Data.SqlClient.SqlException: Connection Timeout Expired.  The timeout period elapsed while attempting to consume the pre-login handshake acknowledgement.  This could be because the pre-login handshake failed or the server was unable to respond back in time.  The duration spent while attempting to connect to this server was - [Pre-Login] initialization=22609; handshake=0;  ---> System.ComponentModel.Win32Exception: The wait operation timed out
   --- End of inner exception stack trace ---
   at System.Data.ProviderBase.DbConnectionPool.TryGetConnection(DbConnection owningObject, UInt32 waitForMultipleObjectsTimeout, Boolean allowCreate, Boolean onlyOneCheckConnection, DbConnectionOptions userOptions, DbConnectionInternal& connection)
   at System.Data.ProviderBase.DbConnectionPool.TryGetConnection(DbConnection owningObject, TaskCompletionSource`1 retry, DbConnectionOptions userOptions, DbConnectionInternal& connection)
   at System.Data.ProviderBase.DbConnectionFactory.TryGetConnection(DbConnection owningConnection, TaskCompletionSource`1 retry, DbConnectionOptions userOptions, DbConnectionInternal oldConnection, DbConnectionInternal& connection)
   at System.Data.ProviderBase.DbConnectionInternal.TryOpenConnectionInternal(DbConnection outerConnection, DbConnectionFactory connectionFactory, TaskCompletionSource`1 retry, DbConnectionOptions userOptions)
   at System.Data.SqlClient.SqlConnection.TryOpenInner(TaskCompletionSource`1 retry)
   at System.Data.SqlClient.SqlConnection.TryOpen(TaskCompletionSource`1 retry)
   at System.Data.SqlClient.SqlConnection.Open()
   at System.Data.Entity.Infrastructure.Interception.InternalDispatcher`1.Dispatch[TTarget,TInterceptionContext](TTarget target, Action`2 operation, TInterceptionContext interceptionContext, Action`3 executing, Action`3 executed)
   at System.Data.Entity.Infrastructure.Interception.DbConnectionDispatcher.Open(DbConnection connection, DbInterceptionContext interceptionContext)
   at System.Data.Entity.SqlServer.DefaultSqlExecutionStrategy.<>c__DisplayClass1.<Execute>b__0()
   at System.Data.Entity.SqlServer.DefaultSqlExecutionStrategy.Execute[TResult](Func`1 operation)
   at System.Data.Entity.Core.EntityClient.EntityConnection.Open()
   --- End of inner exception stack trace ---
   at System.Data.Entity.Core.EntityClient.EntityConnection.Open()
   at System.Data.Entity.Core.Objects.ObjectContext.EnsureConnection(Boolean shouldMonitorTransactions)
   at System.Data.Entity.Core.Objects.ObjectContext.ExecuteInTransaction[T](Func`1 func, IDbExecutionStrategy executionStrategy, Boolean startLocalTransaction, Boolean releaseConnectionOnSuccess)
   at System.Data.Entity.Core.Objects.ObjectQuery`1.<>c__DisplayClass7.<GetResults>b__5()
   at System.Data.Entity.SqlServer.DefaultSqlExecutionStrategy.Execute[TResult](Func`1 operation)
   at System.Data.Entity.Core.Objects.ObjectQuery`1.GetResults(Nullable`1 forMergeOption)
   at System.Data.Entity.Core.Objects.ObjectQuery`1.<System.Collections.Generic.IEnumerable<T>.GetEnumerator>b__0()
   at System.Data.Entity.Internal.LazyEnumerator`1.MoveNext()
   at System.Linq.Enumerable.FirstOrDefault[TSource](IEnumerable`1 source)
   at System.Linq.Queryable.FirstOrDefault[TSource](IQueryable`1 source)
   at System.Data.Entity.Internal.EdmMetadataRepository.QueryForModelHash(Func`2 createContext)
   at System.Data.Entity.Internal.ModelCompatibilityChecker.CompatibleWithModel(InternalContext internalContext, ModelHashCalculator modelHashCalculator, Boolean throwIfNoMetadata, DatabaseExistenceState existenceState)
   at System.Data.Entity.Internal.InternalContext.CompatibleWithModel(Boolean throwIfNoMetadata, DatabaseExistenceState existenceState)
   at System.Data.Entity.CreateDatabaseIfNotExists`1.InitializeDatabase(TContext context)
   at System.Data.Entity.Internal.InternalContext.PerformInitializationAction(Action action)
   --- End of inner exception stack trace ---
   at StatisticalSolutions.DataAccess.DAL.getseminarbyid(Int32 seminar_id) in e:\Ola Projects\3rdPartyProjects\StatisticalSolutions\StatisticalSolutions\DataAccess\DAL.cs:line 804
   at StatisticalSolutions.Controllers.AdminController.EditWorkshop(Int32 id) in e:\Ola Projects\3rdPartyProjects\StatisticalSolutions\StatisticalSolutions\Controllers\AdminController.cs:line 134
2015-05-18 13:01:17,565 [11] INFO  StatisticalSolutions.Controllers.Base.BaseController - Application URL - /StatisticalSolutions/Admin/WorkshopList 
 2015-05-18 13:01:22,208 [11] INFO  StatisticalSolutions.Controllers.Base.BaseController - Application URL - /StatisticalSolutions/Admin/EditWorkshop/9 
 2015-05-18 13:01:25,119 [11] INFO  StatisticalSolutions.Controllers.Base.BaseController - Application URL - /StatisticalSolutions/Admin/EditWorkshop/9 
 2015-05-18 13:01:25,120 [11] ERROR StatisticalSolutions.Controllers.Base.BaseController - Statistical exception message - Value cannot be null.
Parameter name: items
 2015-05-18 13:01:25,122 [11] ERROR StatisticalSolutions.Controllers.Base.BaseController - Statistical exception stack trace -    at System.Web.Mvc.SelectList..ctor(IEnumerable items, String dataValueField, String dataTextField, Object selectedValue)
   at System.Web.Mvc.SelectList..ctor(IEnumerable items, String dataValueField, String dataTextField)
   at CallSite.Target(Closure , CallSite , Type , Object , String , String )
   at System.Dynamic.UpdateDelegates.UpdateAndExecute4[T0,T1,T2,T3,TRet](CallSite site, T0 arg0, T1 arg1, T2 arg2, T3 arg3)
   at ASP._Page_Views_Admin_EditWorkshop_cshtml.Execute() in e:\Ola Projects\3rdPartyProjects\StatisticalSolutions\StatisticalSolutions\Views\Admin\EditWorkshop.cshtml:line 39
   at System.Web.WebPages.WebPageBase.ExecutePageHierarchy()
   at System.Web.Mvc.WebViewPage.ExecutePageHierarchy()
   at System.Web.WebPages.StartPage.ExecutePageHierarchy()
   at System.Web.WebPages.WebPageBase.ExecutePageHierarchy(WebPageContext pageContext, TextWriter writer, WebPageRenderingBase startPage)
   at System.Web.Mvc.ViewResultBase.ExecuteResult(ControllerContext context)
   at System.Web.Mvc.ControllerActionInvoker.<>c__DisplayClass1a.<InvokeActionResultWithFilters>b__17()
   at System.Web.Mvc.ControllerActionInvoker.InvokeActionResultFilter(IResultFilter filter, ResultExecutingContext preContext, Func`1 continuation)
   at System.Web.Mvc.ControllerActionInvoker.InvokeActionResultFilter(IResultFilter filter, ResultExecutingContext preContext, Func`1 continuation)
   at System.Web.Mvc.ControllerActionInvoker.InvokeActionResultWithFilters(ControllerContext controllerContext, IList`1 filters, ActionResult actionResult)
   at System.Web.Mvc.Async.AsyncControllerActionInvoker.<>c__DisplayClass25.<BeginInvokeAction>b__22(IAsyncResult asyncResult)
 2015-05-18 13:01:25,142 [9] INFO  StatisticalSolutions.Controllers.Base.BaseController - Application URL - /StatisticalSolutions/Base/StatisticalError 
 2015-05-18 13:01:25,144 [9] INFO  StatisticalSolutions.Controllers.Base.BaseController - Application URL - /StatisticalSolutions/Base/StatisticalError 
 2015-05-18 13:01:49,472 [34] INFO  StatisticalSolutions.Controllers.Base.BaseController - Application URL - /StatisticalSolutions/Admin/EditWorkshop/9 
 2015-05-18 13:01:53,726 [34] INFO  StatisticalSolutions.Controllers.Base.BaseController - Application URL - /StatisticalSolutions/Admin/EditWorkshop/9 
 2015-05-18 13:01:53,726 [34] ERROR StatisticalSolutions.Controllers.Base.BaseController - Statistical exception message - Value cannot be null.
Parameter name: items
 2015-05-18 13:01:53,759 [34] ERROR StatisticalSolutions.Controllers.Base.BaseController - Statistical exception stack trace -    at System.Web.Mvc.SelectList..ctor(IEnumerable items, String dataValueField, String dataTextField, Object selectedValue)
   at System.Web.Mvc.SelectList..ctor(IEnumerable items, String dataValueField, String dataTextField)
   at CallSite.Target(Closure , CallSite , Type , Object , String , String )
   at ASP._Page_Views_Admin_EditWorkshop_cshtml.Execute() in e:\Ola Projects\3rdPartyProjects\StatisticalSolutions\StatisticalSolutions\Views\Admin\EditWorkshop.cshtml:line 39
   at System.Web.WebPages.WebPageBase.ExecutePageHierarchy()
   at System.Web.Mvc.WebViewPage.ExecutePageHierarchy()
   at System.Web.WebPages.StartPage.ExecutePageHierarchy()
   at System.Web.WebPages.WebPageBase.ExecutePageHierarchy(WebPageContext pageContext, TextWriter writer, WebPageRenderingBase startPage)
   at System.Web.Mvc.ViewResultBase.ExecuteResult(ControllerContext context)
   at System.Web.Mvc.ControllerActionInvoker.<>c__DisplayClass1a.<InvokeActionResultWithFilters>b__17()
   at System.Web.Mvc.ControllerActionInvoker.InvokeActionResultFilter(IResultFilter filter, ResultExecutingContext preContext, Func`1 continuation)
   at System.Web.Mvc.ControllerActionInvoker.InvokeActionResultFilter(IResultFilter filter, ResultExecutingContext preContext, Func`1 continuation)
   at System.Web.Mvc.ControllerActionInvoker.InvokeActionResultWithFilters(ControllerContext controllerContext, IList`1 filters, ActionResult actionResult)
   at System.Web.Mvc.Async.AsyncControllerActionInvoker.<>c__DisplayClass25.<BeginInvokeAction>b__22(IAsyncResult asyncResult)
 2015-05-18 13:01:53,774 [9] INFO  StatisticalSolutions.Controllers.Base.BaseController - Application URL - /StatisticalSolutions/Base/StatisticalError 
 2015-05-18 13:01:53,774 [9] INFO  StatisticalSolutions.Controllers.Base.BaseController - Application URL - /StatisticalSolutions/Base/StatisticalError 
 2015-05-18 13:03:34,506 [9] INFO  StatisticalSolutions.Controllers.Base.BaseController - Application URL - /StatisticalSolutions/ 
 2015-05-18 13:05:20,935 [11] INFO  StatisticalSolutions.Controllers.Base.BaseController - Application URL - /StatisticalSolutions/ 
 2015-05-18 13:05:35,065 [6] INFO  StatisticalSolutions.Controllers.Base.BaseController - Application URL - /StatisticalSolutions/Admin/WorkshopList 
 2015-05-18 13:05:57,875 [7] INFO  StatisticalSolutions.Controllers.Base.BaseController - Application URL - /StatisticalSolutions/Admin/EditWorkshop/9 
 2015-05-18 13:06:00,821 [7] INFO  StatisticalSolutions.Controllers.Base.BaseController - Application URL - /StatisticalSolutions/Admin/EditWorkshop/9 
 2015-05-18 13:06:00,822 [7] ERROR StatisticalSolutions.Controllers.Base.BaseController - Statistical exception message - Value cannot be null.
Parameter name: items
 2015-05-18 13:06:00,823 [7] ERROR StatisticalSolutions.Controllers.Base.BaseController - Statistical exception stack trace -    at System.Web.Mvc.MultiSelectList..ctor(IEnumerable items, String dataValueField, String dataTextField, IEnumerable selectedValues)
   at CallSite.Target(Closure , CallSite , Type , Object , String , String )
   at System.Dynamic.UpdateDelegates.UpdateAndExecute4[T0,T1,T2,T3,TRet](CallSite site, T0 arg0, T1 arg1, T2 arg2, T3 arg3)
   at ASP._Page_Views_Admin_EditWorkshop_cshtml.Execute() in e:\Ola Projects\3rdPartyProjects\StatisticalSolutions\StatisticalSolutions\Views\Admin\EditWorkshop.cshtml:line 39
   at System.Web.WebPages.WebPageBase.ExecutePageHierarchy()
   at System.Web.Mvc.WebViewPage.ExecutePageHierarchy()
   at System.Web.WebPages.StartPage.ExecutePageHierarchy()
   at System.Web.WebPages.WebPageBase.ExecutePageHierarchy(WebPageContext pageContext, TextWriter writer, WebPageRenderingBase startPage)
   at System.Web.Mvc.ViewResultBase.ExecuteResult(ControllerContext context)
   at System.Web.Mvc.ControllerActionInvoker.<>c__DisplayClass1a.<InvokeActionResultWithFilters>b__17()
   at System.Web.Mvc.ControllerActionInvoker.InvokeActionResultFilter(IResultFilter filter, ResultExecutingContext preContext, Func`1 continuation)
   at System.Web.Mvc.ControllerActionInvoker.InvokeActionResultFilter(IResultFilter filter, ResultExecutingContext preContext, Func`1 continuation)
   at System.Web.Mvc.ControllerActionInvoker.InvokeActionResultWithFilters(ControllerContext controllerContext, IList`1 filters, ActionResult actionResult)
   at System.Web.Mvc.Async.AsyncControllerActionInvoker.<>c__DisplayClass25.<BeginInvokeAction>b__22(IAsyncResult asyncResult)
 2015-05-18 13:06:00,846 [16] INFO  StatisticalSolutions.Controllers.Base.BaseController - Application URL - /StatisticalSolutions/Base/StatisticalError 
 2015-05-18 13:06:00,849 [16] INFO  StatisticalSolutions.Controllers.Base.BaseController - Application URL - /StatisticalSolutions/Base/StatisticalError 
 2015-05-18 13:07:11,107 [11] INFO  StatisticalSolutions.Controllers.Base.BaseController - Application URL - /StatisticalSolutions/Admin/EditWorkshop/9 
 2015-05-18 13:07:14,053 [11] INFO  StatisticalSolutions.Controllers.Base.BaseController - Application URL - /StatisticalSolutions/Admin/EditWorkshop/9 
 2015-05-18 13:07:14,053 [11] ERROR StatisticalSolutions.Controllers.Base.BaseController - Statistical exception message - Value cannot be null.
Parameter name: items
 2015-05-18 13:07:14,054 [11] ERROR StatisticalSolutions.Controllers.Base.BaseController - Statistical exception stack trace -    at System.Web.Mvc.MultiSelectList..ctor(IEnumerable items, String dataValueField, String dataTextField, IEnumerable selectedValues)
   at CallSite.Target(Closure , CallSite , Type , Object , String , String )
   at ASP._Page_Views_Admin_EditWorkshop_cshtml.Execute() in e:\Ola Projects\3rdPartyProjects\StatisticalSolutions\StatisticalSolutions\Views\Admin\EditWorkshop.cshtml:line 39
   at System.Web.WebPages.WebPageBase.ExecutePageHierarchy()
   at System.Web.Mvc.WebViewPage.ExecutePageHierarchy()
   at System.Web.WebPages.StartPage.ExecutePageHierarchy()
   at System.Web.WebPages.WebPageBase.ExecutePageHierarchy(WebPageContext pageContext, TextWriter writer, WebPageRenderingBase startPage)
   at System.Web.Mvc.ViewResultBase.ExecuteResult(ControllerContext context)
   at System.Web.Mvc.ControllerActionInvoker.<>c__DisplayClass1a.<InvokeActionResultWithFilters>b__17()
   at System.Web.Mvc.ControllerActionInvoker.InvokeActionResultFilter(IResultFilter filter, ResultExecutingContext preContext, Func`1 continuation)
   at System.Web.Mvc.ControllerActionInvoker.InvokeActionResultFilter(IResultFilter filter, ResultExecutingContext preContext, Func`1 continuation)
   at System.Web.Mvc.ControllerActionInvoker.InvokeActionResultWithFilters(ControllerContext controllerContext, IList`1 filters, ActionResult actionResult)
   at System.Web.Mvc.Async.AsyncControllerActionInvoker.<>c__DisplayClass25.<BeginInvokeAction>b__22(IAsyncResult asyncResult)
 2015-05-18 13:07:14,084 [7] INFO  StatisticalSolutions.Controllers.Base.BaseController - Application URL - /StatisticalSolutions/Base/StatisticalError 
 2015-05-18 13:07:14,085 [7] INFO  StatisticalSolutions.Controllers.Base.BaseController - Application URL - /StatisticalSolutions/Base/StatisticalError 
 2015-05-18 13:08:03,883 [6] INFO  StatisticalSolutions.Controllers.Base.BaseController - Application URL - /StatisticalSolutions/Admin/ClientsList 
 2015-05-18 13:08:07,921 [9] INFO  StatisticalSolutions.Controllers.Base.BaseController - Application URL - /StatisticalSolutions/Admin/EditClient/5 
 2015-05-18 13:08:25,035 [11] INFO  StatisticalSolutions.Controllers.Base.BaseController - Application URL - /StatisticalSolutions/Admin/ConsultantList 
 2015-05-18 13:55:31,992 [7] INFO  StatisticalSolutions.Controllers.Base.BaseController - Application URL - /StatisticalSolutions/ 
 2015-05-18 13:57:04,501 [8] INFO  StatisticalSolutions.Controllers.Base.BaseController - Application URL - /StatisticalSolutions/Admin/ConsultantList 
 2015-05-18 13:59:22,093 [8] INFO  StatisticalSolutions.Controllers.Base.BaseController - Application URL - /StatisticalSolutions/Admin/ConsultantList 
 2015-05-18 13:59:22,095 [8] ERROR StatisticalSolutions.Controllers.Base.BaseController - Statistical exception message - e:\Ola Projects\3rdPartyProjects\StatisticalSolutions\StatisticalSolutions\Views\Admin\ConsultantPartial.cshtml(9): error CS0411: The type arguments for method 'System.Web.Mvc.Html.DisplayExtensions.DisplayFor<TModel,TValue>(System.Web.Mvc.HtmlHelper<TModel>, System.Linq.Expressions.Expression<System.Func<TModel,TValue>>)' cannot be inferred from the usage. Try specifying the type arguments explicitly.
 2015-05-18 13:59:22,096 [8] ERROR StatisticalSolutions.Controllers.Base.BaseController - Statistical exception stack trace -    at System.Web.Compilation.AssemblyBuilder.Compile()
   at System.Web.Compilation.BuildProvidersCompiler.PerformBuild()
   at System.Web.Compilation.BuildManager.CompileWebFile(VirtualPath virtualPath)
   at System.Web.Compilation.BuildManager.GetVPathBuildResultInternal(VirtualPath virtualPath, Boolean noBuild, Boolean allowCrossApp, Boolean allowBuildInPrecompile, Boolean throwIfNotFound, Boolean ensureIsUpToDate)
   at System.Web.Compilation.BuildManager.GetVPathBuildResultWithNoAssert(HttpContext context, VirtualPath virtualPath, Boolean noBuild, Boolean allowCrossApp, Boolean allowBuildInPrecompile, Boolean throwIfNotFound, Boolean ensureIsUpToDate)
   at System.Web.Compilation.BuildManager.GetObjectFactory(String virtualPath, Boolean throwIfNotFound)
   at System.Web.Mvc.BuildManagerWrapper.System.Web.Mvc.IBuildManager.FileExists(String virtualPath)
   at Microsoft.Web.Mvc.ViewEngineFixWorker`1.FileExists(ControllerContext controllerContext, String virtualPath)
   at System.Web.WebPages.DefaultDisplayMode.GetDisplayInfo(HttpContextBase httpContext, String virtualPath, Func`2 virtualPathExists)
   at System.Linq.Enumerable.WhereSelectListIterator`2.MoveNext()
   at System.Linq.Enumerable.FirstOrDefault[TSource](IEnumerable`1 source, Func`2 predicate)
   at System.Web.WebPages.DisplayModeProvider.GetDisplayInfoForVirtualPath(String virtualPath, HttpContextBase httpContext, Func`2 virtualPathExists, IDisplayMode currentDisplayMode)
   at Microsoft.Web.Mvc.ViewEngineFixWorker`1.GetPathFromGeneralName(ControllerContext controllerContext, List`1 locations, String name, String controllerName, String areaName, String cacheKey, String[]& searchedLocations)
   at Microsoft.Web.Mvc.ViewEngineFixWorker`1.GetPath(ControllerContext controllerContext, String[] locations, String[] areaLocations, String locationsPropertyName, String name, String controllerName, String cacheKeyPrefix, Boolean useCache, String[]& searchedLocations)
   at Microsoft.Web.Mvc.ViewEngineFixWorker`1.FindPartialView(ControllerContext controllerContext, String partialViewName, Boolean useCache)
   at System.Web.Mvc.ViewEngineCollection.Find(Func`2 lookup, Boolean trackSearchedPaths)
   at System.Web.Mvc.HtmlHelper.FindPartialView(ViewContext viewContext, String partialViewName, ViewEngineCollection viewEngineCollection)
   at System.Web.Mvc.HtmlHelper.RenderPartialInternal(String partialViewName, ViewDataDictionary viewData, Object model, TextWriter writer, ViewEngineCollection viewEngineCollection)
   at System.Web.Mvc.Html.PartialExtensions.Partial(HtmlHelper htmlHelper, String partialViewName, Object model, ViewDataDictionary viewData)
   at ASP._Page_Views_Admin_ConsultantList_cshtml.Execute() in e:\Ola Projects\3rdPartyProjects\StatisticalSolutions\StatisticalSolutions\Views\Admin\ConsultantList.cshtml:line 35
   at System.Web.WebPages.WebPageBase.ExecutePageHierarchy()
   at System.Web.Mvc.WebViewPage.ExecutePageHierarchy()
   at System.Web.WebPages.StartPage.ExecutePageHierarchy()
   at System.Web.WebPages.WebPageBase.ExecutePageHierarchy(WebPageContext pageContext, TextWriter writer, WebPageRenderingBase startPage)
   at System.Web.Mvc.ViewResultBase.ExecuteResult(ControllerContext context)
   at System.Web.Mvc.ControllerActionInvoker.<>c__DisplayClass1a.<InvokeActionResultWithFilters>b__17()
   at System.Web.Mvc.ControllerActionInvoker.InvokeActionResultFilter(IResultFilter filter, ResultExecutingContext preContext, Func`1 continuation)
   at System.Web.Mvc.ControllerActionInvoker.InvokeActionResultFilter(IResultFilter filter, ResultExecutingContext preContext, Func`1 continuation)
   at System.Web.Mvc.ControllerActionInvoker.InvokeActionResultWithFilters(ControllerContext controllerContext, IList`1 filters, ActionResult actionResult)
   at System.Web.Mvc.Async.AsyncControllerActionInvoker.<>c__DisplayClass25.<BeginInvokeAction>b__22(IAsyncResult asyncResult)
 2015-05-18 13:59:22,188 [18] INFO  StatisticalSolutions.Controllers.Base.BaseController - Application URL - /StatisticalSolutions/Base/StatisticalError 
 2015-05-18 13:59:22,191 [18] INFO  StatisticalSolutions.Controllers.Base.BaseController - Application URL - /StatisticalSolutions/Base/StatisticalError 
 2015-05-18 13:59:28,852 [23] INFO  StatisticalSolutions.Controllers.Base.BaseController - Application URL - /StatisticalSolutions/Admin/ConsultantList 
 2015-05-18 13:59:44,112 [23] INFO  StatisticalSolutions.Controllers.Base.BaseController - Application URL - /StatisticalSolutions/Admin/EditConsultant/1 
 2015-05-18 13:59:57,995 [19] INFO  StatisticalSolutions.Controllers.Base.BaseController - Application URL - /StatisticalSolutions/Admin/ConsultantList 
 2015-05-18 14:00:02,088 [9] INFO  StatisticalSolutions.Controllers.Base.BaseController - Application URL - /StatisticalSolutions/Admin/EditConsultant/2 
 2015-05-18 14:00:50,605 [19] INFO  StatisticalSolutions.Controllers.Base.BaseController - Application URL - /StatisticalSolutions/Admin/EditConsultant/2 
 2015-05-18 14:00:53,075 [20] INFO  StatisticalSolutions.Controllers.Base.BaseController - Application URL - /StatisticalSolutions/Admin/ConsultantList 
 2015-05-18 14:01:06,054 [22] INFO  StatisticalSolutions.Controllers.Base.BaseController - Application URL - /StatisticalSolutions/Admin/EditConsultant/1 
 2015-05-18 14:06:22,966 [7] INFO  StatisticalSolutions.Controllers.Base.BaseController - Application URL - /StatisticalSolutions/Admin/EditConsultant/1 
 2015-05-18 14:06:53,062 [15] INFO  StatisticalSolutions.Controllers.Base.BaseController - Application URL - /StatisticalSolutions/Admin/EditConsultant/1 
 2015-05-18 14:06:53,683 [7] INFO  StatisticalSolutions.Controllers.Base.BaseController - Application URL - /StatisticalSolutions/Admin/ConsultantList 
 2015-05-18 14:19:53,579 [42] INFO  StatisticalSolutions.Controllers.Base.BaseController - Application URL - /StatisticalSolutions/Admin/ConsultantList 
 2015-05-18 14:22:03,368 [40] INFO  StatisticalSolutions.Controllers.Base.BaseController - Application URL - /StatisticalSolutions/Admin/ConsultantList 
 2015-05-18 14:23:48,969 [47] INFO  StatisticalSolutions.Controllers.Base.BaseController - Application URL - /StatisticalSolutions/Admin/AddConsultant 
 2015-05-18 14:30:24,033 [47] INFO  StatisticalSolutions.Controllers.Base.BaseController - Application URL - /StatisticalSolutions/Admin/AddConsultant 
 2015-05-18 14:30:29,939 [53] INFO  StatisticalSolutions.Controllers.Base.BaseController - Application URL - /StatisticalSolutions/Admin/ConsultantList 
 2015-05-18 14:31:29,150 [58] INFO  StatisticalSolutions.Controllers.Base.BaseController - Application URL - /StatisticalSolutions/Admin/EditConsultant/3 
 2015-05-18 14:31:58,358 [55] INFO  StatisticalSolutions.Controllers.Base.BaseController - Application URL - /StatisticalSolutions/Admin/EditConsultant/3 
 2015-05-18 14:32:00,240 [58] INFO  StatisticalSolutions.Controllers.Base.BaseController - Application URL - /StatisticalSolutions/Admin/ConsultantList 
 2015-05-18 14:32:12,203 [53] INFO  StatisticalSolutions.Controllers.Base.BaseController - Application URL - /StatisticalSolutions/Admin/EditConsultant/3 
 2015-05-18 14:32:24,179 [55] INFO  StatisticalSolutions.Controllers.Base.BaseController - Application URL - /StatisticalSolutions/Admin/EditConsultant/3 
 2015-05-18 14:32:26,048 [57] INFO  StatisticalSolutions.Controllers.Base.BaseController - Application URL - /StatisticalSolutions/Admin/ConsultantList 
 2015-05-18 14:32:45,874 [45] INFO  StatisticalSolutions.Controllers.Base.BaseController - Application URL - /StatisticalSolutions/Admin/BulkMails 
 2015-05-18 14:32:53,392 [53] INFO  StatisticalSolutions.Controllers.Base.BaseController - Application URL - /StatisticalSolutions/Admin/BulkMailsFilter 
 2015-05-18 14:33:29,953 [54] INFO  StatisticalSolutions.Controllers.Base.BaseController - Application URL - /StatisticalSolutions/Workshop/Register 
 2015-05-18 15:55:10,248 [7] INFO  StatisticalSolutions.Controllers.Base.BaseController - Application URL - /StatisticalSolutions/ 
 2015-05-18 15:55:30,667 [9] INFO  StatisticalSolutions.Controllers.Base.BaseController - Application URL - /StatisticalSolutions/Workshop/WorkShops 
 2015-05-18 15:56:12,631 [9] INFO  StatisticalSolutions.Controllers.Base.BaseController - Application URL - /StatisticalSolutions/Workshop/WorkShops 
 2015-05-18 15:56:12,633 [9] ERROR StatisticalSolutions.Controllers.Base.BaseController - Statistical exception message - Unexpected "if" keyword after "@" character.  Once inside code, you do not need to prefix constructs like "if" with "@".

 2015-05-18 15:56:12,634 [9] ERROR StatisticalSolutions.Controllers.Base.BaseController - Statistical exception stack trace -    at System.Web.WebPages.Razor.RazorBuildProvider.EnsureGeneratedCode()
   at System.Web.WebPages.Razor.RazorBuildProvider.get_CodeCompilerType()
   at System.Web.Compilation.BuildProvider.GetCompilerTypeFromBuildProvider(BuildProvider buildProvider)
   at System.Web.Compilation.BuildProvidersCompiler.ProcessBuildProviders()
   at System.Web.Compilation.BuildProvidersCompiler.PerformBuild()
   at System.Web.Compilation.BuildManager.CompileWebFile(VirtualPath virtualPath)
   at System.Web.Compilation.BuildManager.GetVPathBuildResultInternal(VirtualPath virtualPath, Boolean noBuild, Boolean allowCrossApp, Boolean allowBuildInPrecompile, Boolean throwIfNotFound, Boolean ensureIsUpToDate)
   at System.Web.Compilation.BuildManager.GetVPathBuildResultWithNoAssert(HttpContext context, VirtualPath virtualPath, Boolean noBuild, Boolean allowCrossApp, Boolean allowBuildInPrecompile, Boolean throwIfNotFound, Boolean ensureIsUpToDate)
   at System.Web.Compilation.BuildManager.GetObjectFactory(String virtualPath, Boolean throwIfNotFound)
   at System.Web.Mvc.BuildManagerWrapper.System.Web.Mvc.IBuildManager.FileExists(String virtualPath)
   at Microsoft.Web.Mvc.ViewEngineFixWorker`1.FileExists(ControllerContext controllerContext, String virtualPath)
   at System.Web.WebPages.DefaultDisplayMode.GetDisplayInfo(HttpContextBase httpContext, String virtualPath, Func`2 virtualPathExists)
   at System.Linq.Enumerable.WhereSelectListIterator`2.MoveNext()
   at System.Linq.Enumerable.FirstOrDefault[TSource](IEnumerable`1 source, Func`2 predicate)
   at System.Web.WebPages.DisplayModeProvider.GetDisplayInfoForVirtualPath(String virtualPath, HttpContextBase httpContext, Func`2 virtualPathExists, IDisplayMode currentDisplayMode)
   at Microsoft.Web.Mvc.ViewEngineFixWorker`1.GetPathFromGeneralName(ControllerContext controllerContext, List`1 locations, String name, String controllerName, String areaName, String cacheKey, String[]& searchedLocations)
   at Microsoft.Web.Mvc.ViewEngineFixWorker`1.GetPath(ControllerContext controllerContext, String[] locations, String[] areaLocations, String locationsPropertyName, String name, String controllerName, String cacheKeyPrefix, Boolean useCache, String[]& searchedLocations)
   at Microsoft.Web.Mvc.ViewEngineFixWorker`1.FindView(ControllerContext controllerContext, String viewName, String masterName, Boolean useCache)
   at System.Web.Mvc.ViewEngineCollection.<>c__DisplayClassc.<FindView>b__b(IViewEngine e)
   at System.Web.Mvc.ViewEngineCollection.Find(Func`2 lookup, Boolean trackSearchedPaths)
   at System.Web.Mvc.ViewResult.FindView(ControllerContext context)
   at System.Web.Mvc.ViewResultBase.ExecuteResult(ControllerContext context)
   at System.Web.Mvc.ControllerActionInvoker.<>c__DisplayClass1a.<InvokeActionResultWithFilters>b__17()
   at System.Web.Mvc.ControllerActionInvoker.InvokeActionResultFilter(IResultFilter filter, ResultExecutingContext preContext, Func`1 continuation)
   at System.Web.Mvc.ControllerActionInvoker.InvokeActionResultFilter(IResultFilter filter, ResultExecutingContext preContext, Func`1 continuation)
   at System.Web.Mvc.ControllerActionInvoker.InvokeActionResultWithFilters(ControllerContext controllerContext, IList`1 filters, ActionResult actionResult)
   at System.Web.Mvc.Async.AsyncControllerActionInvoker.<>c__DisplayClass25.<BeginInvokeAction>b__22(IAsyncResult asyncResult)
 2015-05-18 15:56:12,788 [5] INFO  StatisticalSolutions.Controllers.Base.BaseController - Application URL - /StatisticalSolutions/Base/StatisticalError 
 2015-05-18 15:56:12,791 [5] INFO  StatisticalSolutions.Controllers.Base.BaseController - Application URL - /StatisticalSolutions/Base/StatisticalError 
 2015-05-18 15:58:38,686 [15] INFO  StatisticalSolutions.Controllers.Base.BaseController - Application URL - /StatisticalSolutions/Workshop/WorkShops 
 2015-05-18 15:59:08,268 [15] INFO  StatisticalSolutions.Controllers.Base.BaseController - Application URL - /StatisticalSolutions/Workshop/WorkShops 
 2015-05-18 15:59:08,268 [15] ERROR StatisticalSolutions.Controllers.Base.BaseController - Statistical exception message - Cannot perform runtime binding on a null reference
 2015-05-18 15:59:08,269 [15] ERROR StatisticalSolutions.Controllers.Base.BaseController - Statistical exception stack trace -    at CallSite.Target(Closure , CallSite , Object )
   at System.Dynamic.UpdateDelegates.UpdateAndExecute1[T0,TRet](CallSite site, T0 arg0)
   at ASP._Page_Views_Workshop_Workshops_cshtml.Execute() in e:\Ola Projects\3rdPartyProjects\StatisticalSolutions\StatisticalSolutions\Views\Workshop\Workshops.cshtml:line 163
   at System.Web.WebPages.WebPageBase.ExecutePageHierarchy()
   at System.Web.Mvc.WebViewPage.ExecutePageHierarchy()
   at System.Web.WebPages.StartPage.ExecutePageHierarchy()
   at System.Web.WebPages.WebPageBase.ExecutePageHierarchy(WebPageContext pageContext, TextWriter writer, WebPageRenderingBase startPage)
   at System.Web.Mvc.ViewResultBase.ExecuteResult(ControllerContext context)
   at System.Web.Mvc.ControllerActionInvoker.<>c__DisplayClass1a.<InvokeActionResultWithFilters>b__17()
   at System.Web.Mvc.ControllerActionInvoker.InvokeActionResultFilter(IResultFilter filter, ResultExecutingContext preContext, Func`1 continuation)
   at System.Web.Mvc.ControllerActionInvoker.InvokeActionResultFilter(IResultFilter filter, ResultExecutingContext preContext, Func`1 continuation)
   at System.Web.Mvc.ControllerActionInvoker.InvokeActionResultWithFilters(ControllerContext controllerContext, IList`1 filters, ActionResult actionResult)
   at System.Web.Mvc.Async.AsyncControllerActionInvoker.<>c__DisplayClass25.<BeginInvokeAction>b__22(IAsyncResult asyncResult)
 2015-05-18 15:59:08,318 [19] INFO  StatisticalSolutions.Controllers.Base.BaseController - Application URL - /StatisticalSolutions/Base/StatisticalError 
 2015-05-18 15:59:08,319 [19] INFO  StatisticalSolutions.Controllers.Base.BaseController - Application URL - /StatisticalSolutions/Base/StatisticalError 
 2015-05-18 15:59:50,490 [15] INFO  StatisticalSolutions.Controllers.Base.BaseController - Application URL - /StatisticalSolutions/ 
 2015-05-18 15:59:53,842 [24] INFO  StatisticalSolutions.Controllers.Base.BaseController - Application URL - /StatisticalSolutions/Workshop/WorkShops 
 2015-05-18 16:01:43,533 [24] INFO  StatisticalSolutions.Controllers.Base.BaseController - Application URL - /StatisticalSolutions/Workshop/WorkShops 
 2015-05-18 16:01:43,534 [24] ERROR StatisticalSolutions.Controllers.Base.BaseController - Statistical exception message - Cannot perform runtime binding on a null reference
 2015-05-18 16:01:43,534 [24] ERROR StatisticalSolutions.Controllers.Base.BaseController - Statistical exception stack trace -    at CallSite.Target(Closure , CallSite , Object )
   at ASP._Page_Views_Workshop_Workshops_cshtml.Execute() in e:\Ola Projects\3rdPartyProjects\StatisticalSolutions\StatisticalSolutions\Views\Workshop\Workshops.cshtml:line 163
   at System.Web.WebPages.WebPageBase.ExecutePageHierarchy()
   at System.Web.Mvc.WebViewPage.ExecutePageHierarchy()
   at System.Web.WebPages.StartPage.ExecutePageHierarchy()
   at System.Web.WebPages.WebPageBase.ExecutePageHierarchy(WebPageContext pageContext, TextWriter writer, WebPageRenderingBase startPage)
   at System.Web.Mvc.ViewResultBase.ExecuteResult(ControllerContext context)
   at System.Web.Mvc.ControllerActionInvoker.<>c__DisplayClass1a.<InvokeActionResultWithFilters>b__17()
   at System.Web.Mvc.ControllerActionInvoker.InvokeActionResultFilter(IResultFilter filter, ResultExecutingContext preContext, Func`1 continuation)
   at System.Web.Mvc.ControllerActionInvoker.InvokeActionResultFilter(IResultFilter filter, ResultExecutingContext preContext, Func`1 continuation)
   at System.Web.Mvc.ControllerActionInvoker.InvokeActionResultWithFilters(ControllerContext controllerContext, IList`1 filters, ActionResult actionResult)
   at System.Web.Mvc.Async.AsyncControllerActionInvoker.<>c__DisplayClass25.<BeginInvokeAction>b__22(IAsyncResult asyncResult)
 2015-05-18 16:01:43,584 [21] INFO  StatisticalSolutions.Controllers.Base.BaseController - Application URL - /StatisticalSolutions/Base/StatisticalError 
 2015-05-18 16:01:43,584 [21] INFO  StatisticalSolutions.Controllers.Base.BaseController - Application URL - /StatisticalSolutions/Base/StatisticalError 
 2015-05-18 16:01:45,889 [26] INFO  StatisticalSolutions.Controllers.Base.BaseController - Application URL - /StatisticalSolutions/ 
 2015-05-18 16:02:11,601 [26] INFO  StatisticalSolutions.Controllers.Base.BaseController - Application URL - /StatisticalSolutions/Workshop/WorkShops 
 2015-05-18 16:06:15,787 [26] INFO  StatisticalSolutions.Controllers.Base.BaseController - Application URL - /StatisticalSolutions/Workshop/WorkShops 
 2015-05-18 16:06:15,788 [26] ERROR StatisticalSolutions.Controllers.Base.BaseController - Statistical exception message - Cannot perform runtime binding on a null reference
 2015-05-18 16:06:15,788 [26] ERROR StatisticalSolutions.Controllers.Base.BaseController - Statistical exception stack trace -    at CallSite.Target(Closure , CallSite , Object )
   at ASP._Page_Views_Workshop_Workshops_cshtml.Execute() in e:\Ola Projects\3rdPartyProjects\StatisticalSolutions\StatisticalSolutions\Views\Workshop\Workshops.cshtml:line 163
   at System.Web.WebPages.WebPageBase.ExecutePageHierarchy()
   at System.Web.Mvc.WebViewPage.ExecutePageHierarchy()
   at System.Web.WebPages.StartPage.ExecutePageHierarchy()
   at System.Web.WebPages.WebPageBase.ExecutePageHierarchy(WebPageContext pageContext, TextWriter writer, WebPageRenderingBase startPage)
   at System.Web.Mvc.ViewResultBase.ExecuteResult(ControllerContext context)
   at System.Web.Mvc.ControllerActionInvoker.<>c__DisplayClass1a.<InvokeActionResultWithFilters>b__17()
   at System.Web.Mvc.ControllerActionInvoker.InvokeActionResultFilter(IResultFilter filter, ResultExecutingContext preContext, Func`1 continuation)
   at System.Web.Mvc.ControllerActionInvoker.InvokeActionResultFilter(IResultFilter filter, ResultExecutingContext preContext, Func`1 continuation)
   at System.Web.Mvc.ControllerActionInvoker.InvokeActionResultWithFilters(ControllerContext controllerContext, IList`1 filters, ActionResult actionResult)
   at System.Web.Mvc.Async.AsyncControllerActionInvoker.<>c__DisplayClass25.<BeginInvokeAction>b__22(IAsyncResult asyncResult)
 2015-05-18 16:06:17,885 [29] INFO  StatisticalSolutions.Controllers.Base.BaseController - Application URL - /StatisticalSolutions/Base/StatisticalError 
 2015-05-18 16:14:50,920 [9] INFO  StatisticalSolutions.Controllers.Base.BaseController - Application URL - /StatisticalSolutions/Workshop/WorkShops 
 2015-05-18 16:15:08,404 [9] INFO  StatisticalSolutions.Controllers.Base.BaseController - Application URL - /StatisticalSolutions/Workshop/WorkShops 
 2015-05-18 16:15:08,406 [9] ERROR StatisticalSolutions.Controllers.Base.BaseController - Statistical exception message - Exception has been thrown by the target of an invocation.
 2015-05-18 16:15:08,407 [9] ERROR StatisticalSolutions.Controllers.Base.BaseController - Statistical exception stack trace -    at System.RuntimeTypeHandle.CreateInstance(RuntimeType type, Boolean publicOnly, Boolean noCheck, Boolean& canBeCached, RuntimeMethodHandleInternal& ctor, Boolean& bNeedSecurityCheck)
   at System.RuntimeType.CreateInstanceSlow(Boolean publicOnly, Boolean skipCheckThis, Boolean fillCache, StackCrawlMark& stackMark)
   at System.RuntimeType.CreateInstanceDefaultCtor(Boolean publicOnly, Boolean skipCheckThis, Boolean fillCache, StackCrawlMark& stackMark)
   at System.Activator.CreateInstance(Type type, Boolean nonPublic)
   at System.Activator.CreateInstance(Type type)
   at System.Threading.LazyHelpers`1.ActivatorFactorySelector()
   at System.Threading.LazyInitializer.EnsureInitializedCore[T](T& target, Boolean& initialized, Object& syncLock, Func`1 valueFactory)
   at System.Threading.LazyInitializer.EnsureInitialized[T](T& target, Boolean& initialized, Object& syncLock)
   at StatisticalSolutions.Filters.InitializeSimpleMembershipAttribute.OnActionExecuting(ActionExecutingContext filterContext) in e:\Ola Projects\3rdPartyProjects\StatisticalSolutions\StatisticalSolutions\Filters\InitializeSimpleMembershipAttribute.cs:line 23
   at System.Web.Mvc.Async.AsyncControllerActionInvoker.InvokeActionMethodFilterAsynchronously(IActionFilter filter, ActionExecutingContext preContext, Func`1 nextInChain)
   at System.Web.Mvc.Async.AsyncControllerActionInvoker.InvokeActionMethodFilterAsynchronously(IActionFilter filter, ActionExecutingContext preContext, Func`1 nextInChain)
   at System.Web.Mvc.Async.AsyncControllerActionInvoker.<>c__DisplayClass37.<BeginInvokeActionMethodWithFilters>b__31(AsyncCallback asyncCallback, Object asyncState)
   at System.Web.Mvc.Async.AsyncResultWrapper.WrappedAsyncResult`1.Begin(AsyncCallback callback, Object state, Int32 timeout)
   at System.Web.Mvc.Async.AsyncResultWrapper.Begin[TResult](AsyncCallback callback, Object state, BeginInvokeDelegate beginDelegate, EndInvokeDelegate`1 endDelegate, Object tag, Int32 timeout)
   at System.Web.Mvc.Async.AsyncResultWrapper.Begin[TResult](AsyncCallback callback, Object state, BeginInvokeDelegate beginDelegate, EndInvokeDelegate`1 endDelegate, Object tag)
   at System.Web.Mvc.Async.AsyncControllerActionInvoker.<>c__DisplayClass25.<BeginInvokeAction>b__1e(AsyncCallback asyncCallback, Object asyncState)
 2015-05-18 16:54:18,429 [7] INFO  StatisticalSolutions.Controllers.Base.BaseController - Application URL - /StatisticalSolutions/ 
 2015-05-18 16:58:33,292 [24] INFO  StatisticalSolutions.Controllers.Base.BaseController - Application URL - /StatisticalSolutions/Workshop/WorkShops 
 2015-05-18 16:59:37,440 [24] INFO  StatisticalSolutions.Controllers.Base.BaseController - Application URL - /StatisticalSolutions/Workshop/WorkShops 
 2015-05-18 16:59:37,442 [24] ERROR StatisticalSolutions.Controllers.Base.BaseController - Statistical exception message - Cannot perform runtime binding on a null reference
 2015-05-18 16:59:37,443 [24] ERROR StatisticalSolutions.Controllers.Base.BaseController - Statistical exception stack trace -    at CallSite.Target(Closure , CallSite , Object )
   at System.Dynamic.UpdateDelegates.UpdateAndExecute1[T0,TRet](CallSite site, T0 arg0)
   at ASP._Page_Views_Workshop_Workshops_cshtml.Execute() in e:\Ola Projects\3rdPartyProjects\StatisticalSolutions\StatisticalSolutions\Views\Workshop\Workshops.cshtml:line 170
   at System.Web.WebPages.WebPageBase.ExecutePageHierarchy()
   at System.Web.Mvc.WebViewPage.ExecutePageHierarchy()
   at System.Web.WebPages.StartPage.ExecutePageHierarchy()
   at System.Web.WebPages.WebPageBase.ExecutePageHierarchy(WebPageContext pageContext, TextWriter writer, WebPageRenderingBase startPage)
   at System.Web.Mvc.ViewResultBase.ExecuteResult(ControllerContext context)
   at System.Web.Mvc.ControllerActionInvoker.<>c__DisplayClass1a.<InvokeActionResultWithFilters>b__17()
   at System.Web.Mvc.ControllerActionInvoker.InvokeActionResultFilter(IResultFilter filter, ResultExecutingContext preContext, Func`1 continuation)
   at System.Web.Mvc.ControllerActionInvoker.InvokeActionResultFilter(IResultFilter filter, ResultExecutingContext preContext, Func`1 continuation)
   at System.Web.Mvc.ControllerActionInvoker.InvokeActionResultWithFilters(ControllerContext controllerContext, IList`1 filters, ActionResult actionResult)
   at System.Web.Mvc.Async.AsyncControllerActionInvoker.<>c__DisplayClass25.<BeginInvokeAction>b__22(IAsyncResult asyncResult)
 2015-05-18 16:59:37,567 [25] INFO  StatisticalSolutions.Controllers.Base.BaseController - Application URL - /StatisticalSolutions/Base/StatisticalError 
 2015-05-18 16:59:37,569 [25] INFO  StatisticalSolutions.Controllers.Base.BaseController - Application URL - /StatisticalSolutions/Base/StatisticalError 
 2015-05-18 16:59:43,048 [25] INFO  StatisticalSolutions.Controllers.Base.BaseController - Application URL - /StatisticalSolutions/ 
 2015-05-18 16:59:45,358 [24] INFO  StatisticalSolutions.Controllers.Base.BaseController - Application URL - /StatisticalSolutions/Workshop/WorkShops 
 2015-05-18 17:00:20,833 [32] INFO  StatisticalSolutions.Controllers.Base.BaseController - Application URL - /StatisticalSolutions/Workshop/Workshop 
 2015-05-18 17:03:44,750 [35] INFO  StatisticalSolutions.Controllers.Base.BaseController - Application URL - /StatisticalSolutions/Workshop/Workshop 
 2015-05-18 17:09:32,594 [50] INFO  StatisticalSolutions.Controllers.Base.BaseController - Application URL - /StatisticalSolutions/Workshop/Workshop 
 2015-05-18 17:09:38,344 [50] INFO  StatisticalSolutions.Controllers.Base.BaseController - Application URL - /StatisticalSolutions/Workshop/Workshop 
 2015-05-18 17:09:38,345 [50] ERROR StatisticalSolutions.Controllers.Base.BaseController - Statistical exception message - Encountered end tag "div" with no matching start tag.  Are your start/end tags properly balanced?

 2015-05-18 17:09:38,345 [50] ERROR StatisticalSolutions.Controllers.Base.BaseController - Statistical exception stack trace -    at System.Web.WebPages.Razor.RazorBuildProvider.EnsureGeneratedCode()
   at System.Web.WebPages.Razor.RazorBuildProvider.get_CodeCompilerType()
   at System.Web.Compilation.BuildProvider.GetCompilerTypeFromBuildProvider(BuildProvider buildProvider)
   at System.Web.Compilation.BuildProvidersCompiler.ProcessBuildProviders()
   at System.Web.Compilation.BuildProvidersCompiler.PerformBuild()
   at System.Web.Compilation.BuildManager.CompileWebFile(VirtualPath virtualPath)
   at System.Web.Compilation.BuildManager.GetVPathBuildResultInternal(VirtualPath virtualPath, Boolean noBuild, Boolean allowCrossApp, Boolean allowBuildInPrecompile, Boolean throwIfNotFound, Boolean ensureIsUpToDate)
   at System.Web.Compilation.BuildManager.GetVPathBuildResultWithNoAssert(HttpContext context, VirtualPath virtualPath, Boolean noBuild, Boolean allowCrossApp, Boolean allowBuildInPrecompile, Boolean throwIfNotFound, Boolean ensureIsUpToDate)
   at System.Web.Compilation.BuildManager.GetObjectFactory(String virtualPath, Boolean throwIfNotFound)
   at System.Web.Mvc.BuildManagerWrapper.System.Web.Mvc.IBuildManager.FileExists(String virtualPath)
   at Microsoft.Web.Mvc.ViewEngineFixWorker`1.GetPathFromSpecificName(ControllerContext controllerContext, String name, String cacheKey, String[]& searchedLocations)
   at Microsoft.Web.Mvc.ViewEngineFixWorker`1.GetPath(ControllerContext controllerContext, String[] locations, String[] areaLocations, String locationsPropertyName, String name, String controllerName, String cacheKeyPrefix, Boolean useCache, String[]& searchedLocations)
   at Microsoft.Web.Mvc.ViewEngineFixWorker`1.FindView(ControllerContext controllerContext, String viewName, String masterName, Boolean useCache)
   at System.Web.Mvc.ViewEngineCollection.<>c__DisplayClassc.<FindView>b__b(IViewEngine e)
   at System.Web.Mvc.ViewEngineCollection.Find(Func`2 lookup, Boolean trackSearchedPaths)
   at System.Web.Mvc.ViewResult.FindView(ControllerContext context)
   at System.Web.Mvc.ViewResultBase.ExecuteResult(ControllerContext context)
   at System.Web.Mvc.ControllerActionInvoker.<>c__DisplayClass1a.<InvokeActionResultWithFilters>b__17()
   at System.Web.Mvc.ControllerActionInvoker.InvokeActionResultFilter(IResultFilter filter, ResultExecutingContext preContext, Func`1 continuation)
   at System.Web.Mvc.ControllerActionInvoker.InvokeActionResultFilter(IResultFilter filter, ResultExecutingContext preContext, Func`1 continuation)
   at System.Web.Mvc.ControllerActionInvoker.InvokeActionResultWithFilters(ControllerContext controllerContext, IList`1 filters, ActionResult actionResult)
   at System.Web.Mvc.Async.AsyncControllerActionInvoker.<>c__DisplayClass25.<BeginInvokeAction>b__22(IAsyncResult asyncResult)
 2015-05-18 17:09:38,410 [52] INFO  StatisticalSolutions.Controllers.Base.BaseController - Application URL - /StatisticalSolutions/Base/StatisticalError 
 2015-05-18 17:09:38,411 [52] INFO  StatisticalSolutions.Controllers.Base.BaseController - Application URL - /StatisticalSolutions/Base/StatisticalError 
 2015-05-18 17:12:45,349 [64] INFO  StatisticalSolutions.Controllers.Base.BaseController - Application URL - /StatisticalSolutions/Workshop/WorkShops 
 2015-05-18 17:12:54,660 [60] INFO  StatisticalSolutions.Controllers.Base.BaseController - Application URL - /StatisticalSolutions/Workshop/Workshop 
 2015-05-18 17:15:36,384 [58] INFO  StatisticalSolutions.Controllers.Base.BaseController - Application URL - /StatisticalSolutions/Workshop/Workshop 
 2015-05-18 17:21:50,018 [38] INFO  StatisticalSolutions.Controllers.Base.BaseController - Application URL - /StatisticalSolutions/Workshop/Workshop 
 2015-05-18 18:02:54,682 [7] INFO  StatisticalSolutions.Controllers.Base.BaseController - Application URL - /StatisticalSolutions/ 
 2015-05-18 18:05:08,550 [17] INFO  StatisticalSolutions.Controllers.Base.BaseController - Application URL - /StatisticalSolutions/Workshop/WorkShops 
 2015-05-18 18:09:21,280 [8] INFO  StatisticalSolutions.Controllers.Base.BaseController - Application URL - /StatisticalSolutions/ 
 2015-05-18 18:11:45,608 [24] INFO  StatisticalSolutions.Controllers.Base.BaseController - Application URL - /StatisticalSolutions/Workshop/Workshop 
 2015-05-18 18:15:33,117 [13] INFO  StatisticalSolutions.Controllers.Base.BaseController - Application URL - /StatisticalSolutions/Workshop/Workshop 
 2015-05-18 18:16:33,655 [22] INFO  StatisticalSolutions.Controllers.Base.BaseController - Application URL - /StatisticalSolutions/Workshop/Workshop 
 2015-05-18 18:16:36,738 [20] INFO  StatisticalSolutions.Controllers.Base.BaseController - Application URL - /StatisticalSolutions/Workshop/WorkShops 
 2015-05-18 18:17:22,066 [14] INFO  StatisticalSolutions.Controllers.Base.BaseController - Application URL - /StatisticalSolutions/Workshop/WorkShops 
 2015-05-18 18:18:23,036 [32] INFO  StatisticalSolutions.Controllers.Base.BaseController - Application URL - /StatisticalSolutions/Workshop/WorkShops 
 2015-05-18 18:19:10,118 [32] INFO  StatisticalSolutions.Controllers.Base.BaseController - Application URL - /StatisticalSolutions/Workshop/Workshop 
 2015-05-18 18:20:06,235 [18] INFO  StatisticalSolutions.Controllers.Base.BaseController - Application URL - /StatisticalSolutions/Workshop/Workshop 
 2015-05-18 18:40:46,551 [30] INFO  StatisticalSolutions.Controllers.Base.BaseController - Application URL - /StatisticalSolutions/Workshop/Workshop 
 2015-05-18 18:40:54,480 [30] INFO  StatisticalSolutions.Controllers.Base.BaseController - Application URL - /StatisticalSolutions/Workshop/Workshop 
 2015-05-18 18:40:54,484 [30] ERROR StatisticalSolutions.Controllers.Base.BaseController - Statistical exception message - e:\Ola Projects\3rdPartyProjects\StatisticalSolutions\StatisticalSolutions\Views\Workshop\Workshops.cshtml(49): error CS0120: An object reference is required for the non-static field, method, or property 'StatisticalSolutions.Models.seminar.EventDetailsHtml.get'
 2015-05-18 18:40:54,485 [30] ERROR StatisticalSolutions.Controllers.Base.BaseController - Statistical exception stack trace -    at System.Web.Compilation.AssemblyBuilder.Compile()
   at System.Web.Compilation.BuildProvidersCompiler.PerformBuild()
   at System.Web.Compilation.BuildManager.CompileWebFile(VirtualPath virtualPath)
   at System.Web.Compilation.BuildManager.GetVPathBuildResultInternal(VirtualPath virtualPath, Boolean noBuild, Boolean allowCrossApp, Boolean allowBuildInPrecompile, Boolean throwIfNotFound, Boolean ensureIsUpToDate)
   at System.Web.Compilation.BuildManager.GetVPathBuildResultWithNoAssert(HttpContext context, VirtualPath virtualPath, Boolean noBuild, Boolean allowCrossApp, Boolean allowBuildInPrecompile, Boolean throwIfNotFound, Boolean ensureIsUpToDate)
   at System.Web.Compilation.BuildManager.GetVirtualPathObjectFactory(VirtualPath virtualPath, HttpContext context, Boolean allowCrossApp, Boolean throwIfNotFound)
   at System.Web.Mvc.BuildManagerWrapper.System.Web.Mvc.IBuildManager.FileExists(String virtualPath)
   at Microsoft.Web.Mvc.ViewEngineFixWorker`1.GetPathFromSpecificName(ControllerContext controllerContext, String name, String cacheKey, String[]& searchedLocations)
   at Microsoft.Web.Mvc.ViewEngineFixWorker`1.GetPath(ControllerContext controllerContext, String[] locations, String[] areaLocations, String locationsPropertyName, String name, String controllerName, String cacheKeyPrefix, Boolean useCache, String[]& searchedLocations)
   at Microsoft.Web.Mvc.ViewEngineFixWorker`1.FindView(ControllerContext controllerContext, String viewName, String masterName, Boolean useCache)
   at System.Web.Mvc.ViewEngineCollection.<>c__DisplayClassc.<FindView>b__b(IViewEngine e)
   at System.Web.Mvc.ViewEngineCollection.Find(Func`2 lookup, Boolean trackSearchedPaths)
   at System.Web.Mvc.ViewResult.FindView(ControllerContext context)
   at System.Web.Mvc.ViewResultBase.ExecuteResult(ControllerContext context)
   at System.Web.Mvc.ControllerActionInvoker.<>c__DisplayClass1a.<InvokeActionResultWithFilters>b__17()
   at System.Web.Mvc.ControllerActionInvoker.InvokeActionResultFilter(IResultFilter filter, ResultExecutingContext preContext, Func`1 continuation)
   at System.Web.Mvc.ControllerActionInvoker.InvokeActionResultFilter(IResultFilter filter, ResultExecutingContext preContext, Func`1 continuation)
   at System.Web.Mvc.ControllerActionInvoker.InvokeActionResultWithFilters(ControllerContext controllerContext, IList`1 filters, ActionResult actionResult)
   at System.Web.Mvc.Async.AsyncControllerActionInvoker.<>c__DisplayClass25.<BeginInvokeAction>b__22(IAsyncResult asyncResult)
 2015-05-18 18:40:54,590 [18] INFO  StatisticalSolutions.Controllers.Base.BaseController - Application URL - /StatisticalSolutions/Base/StatisticalError 
 2015-05-18 18:40:54,593 [18] INFO  StatisticalSolutions.Controllers.Base.BaseController - Application URL - /StatisticalSolutions/Base/StatisticalError 
 2015-05-18 19:04:51,244 [6] INFO  StatisticalSolutions.Controllers.Base.BaseController - Application URL - /StatisticalSolutions/ 
 2015-05-18 19:05:08,759 [9] INFO  StatisticalSolutions.Controllers.Base.BaseController - Application URL - /StatisticalSolutions/Workshop/WorkShops 
 2015-05-18 19:06:49,114 [9] INFO  StatisticalSolutions.Controllers.Base.BaseController - Application URL - /StatisticalSolutions/Workshop/WorkShops 
 2015-05-18 19:06:49,116 [9] ERROR StatisticalSolutions.Controllers.Base.BaseController - Statistical exception message - Object reference not set to an instance of an object.
 2015-05-18 19:06:49,117 [9] ERROR StatisticalSolutions.Controllers.Base.BaseController - Statistical exception stack trace -    at ASP._Page_Views_Workshop_WorkShops_cshtml.Execute() in e:\Ola Projects\3rdPartyProjects\StatisticalSolutions\StatisticalSolutions\Views\Workshop\Workshops.cshtml:line 36
   at System.Web.WebPages.WebPageBase.ExecutePageHierarchy()
   at System.Web.Mvc.WebViewPage.ExecutePageHierarchy()
   at System.Web.WebPages.StartPage.ExecutePageHierarchy()
   at System.Web.WebPages.WebPageBase.ExecutePageHierarchy(WebPageContext pageContext, TextWriter writer, WebPageRenderingBase startPage)
   at System.Web.Mvc.ViewResultBase.ExecuteResult(ControllerContext context)
   at System.Web.Mvc.ControllerActionInvoker.<>c__DisplayClass1a.<InvokeActionResultWithFilters>b__17()
   at System.Web.Mvc.ControllerActionInvoker.InvokeActionResultFilter(IResultFilter filter, ResultExecutingContext preContext, Func`1 continuation)
   at System.Web.Mvc.ControllerActionInvoker.InvokeActionResultFilter(IResultFilter filter, ResultExecutingContext preContext, Func`1 continuation)
   at System.Web.Mvc.ControllerActionInvoker.InvokeActionResultWithFilters(ControllerContext controllerContext, IList`1 filters, ActionResult actionResult)
   at System.Web.Mvc.Async.AsyncControllerActionInvoker.<>c__DisplayClass25.<BeginInvokeAction>b__22(IAsyncResult asyncResult)
 2015-05-18 19:06:49,251 [13] INFO  StatisticalSolutions.Controllers.Base.BaseController - Application URL - /StatisticalSolutions/Base/StatisticalError 
 2015-05-18 19:06:49,253 [13] INFO  StatisticalSolutions.Controllers.Base.BaseController - Application URL - /StatisticalSolutions/Base/StatisticalError 
 2015-05-18 19:06:52,898 [7] INFO  StatisticalSolutions.Controllers.Base.BaseController - Application URL - /StatisticalSolutions/ 
 2015-05-18 19:06:55,327 [13] INFO  StatisticalSolutions.Controllers.Base.BaseController - Application URL - /StatisticalSolutions/Workshop/WorkShops 
 2015-05-18 19:08:35,885 [13] INFO  StatisticalSolutions.Controllers.Base.BaseController - Application URL - /StatisticalSolutions/Workshop/WorkShops 
 2015-05-18 19:08:35,886 [13] ERROR StatisticalSolutions.Controllers.Base.BaseController - Statistical exception message - Object reference not set to an instance of an object.
 2015-05-18 19:08:35,887 [13] ERROR StatisticalSolutions.Controllers.Base.BaseController - Statistical exception stack trace -    at ASP._Page_Views_Workshop_WorkShops_cshtml.Execute() in e:\Ola Projects\3rdPartyProjects\StatisticalSolutions\StatisticalSolutions\Views\Workshop\Workshops.cshtml:line 36
   at System.Web.WebPages.WebPageBase.ExecutePageHierarchy()
   at System.Web.Mvc.WebViewPage.ExecutePageHierarchy()
   at System.Web.WebPages.StartPage.ExecutePageHierarchy()
   at System.Web.WebPages.WebPageBase.ExecutePageHierarchy(WebPageContext pageContext, TextWriter writer, WebPageRenderingBase startPage)
   at System.Web.Mvc.ViewResultBase.ExecuteResult(ControllerContext context)
   at System.Web.Mvc.ControllerActionInvoker.<>c__DisplayClass1a.<InvokeActionResultWithFilters>b__17()
   at System.Web.Mvc.ControllerActionInvoker.InvokeActionResultFilter(IResultFilter filter, ResultExecutingContext preContext, Func`1 continuation)
   at System.Web.Mvc.ControllerActionInvoker.InvokeActionResultFilter(IResultFilter filter, ResultExecutingContext preContext, Func`1 continuation)
   at System.Web.Mvc.ControllerActionInvoker.InvokeActionResultWithFilters(ControllerContext controllerContext, IList`1 filters, ActionResult actionResult)
   at System.Web.Mvc.Async.AsyncControllerActionInvoker.<>c__DisplayClass25.<BeginInvokeAction>b__22(IAsyncResult asyncResult)
 2015-05-18 19:08:35,903 [13] INFO  StatisticalSolutions.Controllers.Base.BaseController - Application URL - /StatisticalSolutions/Base/StatisticalError 
 2015-05-18 19:08:35,903 [13] INFO  StatisticalSolutions.Controllers.Base.BaseController - Application URL - /StatisticalSolutions/Base/StatisticalError 
 2015-05-18 19:09:00,244 [14] INFO  StatisticalSolutions.Controllers.Base.BaseController - Application URL - /StatisticalSolutions/ 
 2015-05-18 19:09:08,611 [13] INFO  StatisticalSolutions.Controllers.Base.BaseController - Application URL - /StatisticalSolutions/Workshop/WorkShops 
 2015-05-18 19:10:35,738 [13] INFO  StatisticalSolutions.Controllers.Base.BaseController - Application URL - /StatisticalSolutions/Workshop/WorkShops 
 2015-05-18 19:10:35,738 [13] ERROR StatisticalSolutions.Controllers.Base.BaseController - Statistical exception message - Object reference not set to an instance of an object.
 2015-05-18 19:10:35,742 [13] ERROR StatisticalSolutions.Controllers.Base.BaseController - Statistical exception stack trace -    at ASP._Page_Views_Workshop_WorkShops_cshtml.Execute() in e:\Ola Projects\3rdPartyProjects\StatisticalSolutions\StatisticalSolutions\Views\Workshop\Workshops.cshtml:line 36
   at System.Web.WebPages.WebPageBase.ExecutePageHierarchy()
   at System.Web.Mvc.WebViewPage.ExecutePageHierarchy()
   at System.Web.WebPages.StartPage.ExecutePageHierarchy()
   at System.Web.WebPages.WebPageBase.ExecutePageHierarchy(WebPageContext pageContext, TextWriter writer, WebPageRenderingBase startPage)
   at System.Web.Mvc.ViewResultBase.ExecuteResult(ControllerContext context)
   at System.Web.Mvc.ControllerActionInvoker.<>c__DisplayClass1a.<InvokeActionResultWithFilters>b__17()
   at System.Web.Mvc.ControllerActionInvoker.InvokeActionResultFilter(IResultFilter filter, ResultExecutingContext preContext, Func`1 continuation)
   at System.Web.Mvc.ControllerActionInvoker.InvokeActionResultFilter(IResultFilter filter, ResultExecutingContext preContext, Func`1 continuation)
   at System.Web.Mvc.ControllerActionInvoker.InvokeActionResultWithFilters(ControllerContext controllerContext, IList`1 filters, ActionResult actionResult)
   at System.Web.Mvc.Async.AsyncControllerActionInvoker.<>c__DisplayClass25.<BeginInvokeAction>b__22(IAsyncResult asyncResult)
 2015-05-18 19:10:35,763 [15] INFO  StatisticalSolutions.Controllers.Base.BaseController - Application URL - /StatisticalSolutions/Workshop/WorkShops 
 2015-05-18 19:10:37,692 [15] INFO  StatisticalSolutions.Controllers.Base.BaseController - Application URL - /StatisticalSolutions/Workshop/WorkShops 
 2015-05-18 19:10:37,692 [15] ERROR StatisticalSolutions.Controllers.Base.BaseController - Statistical exception message - Object reference not set to an instance of an object.
 2015-05-18 19:10:37,692 [15] ERROR StatisticalSolutions.Controllers.Base.BaseController - Statistical exception stack trace -    at ASP._Page_Views_Workshop_WorkShops_cshtml.Execute() in e:\Ola Projects\3rdPartyProjects\StatisticalSolutions\StatisticalSolutions\Views\Workshop\Workshops.cshtml:line 36
   at System.Web.WebPages.WebPageBase.ExecutePageHierarchy()
   at System.Web.Mvc.WebViewPage.ExecutePageHierarchy()
   at System.Web.WebPages.StartPage.ExecutePageHierarchy()
   at System.Web.WebPages.WebPageBase.ExecutePageHierarchy(WebPageContext pageContext, TextWriter writer, WebPageRenderingBase startPage)
   at System.Web.Mvc.ViewResultBase.ExecuteResult(ControllerContext context)
   at System.Web.Mvc.ControllerActionInvoker.<>c__DisplayClass1a.<InvokeActionResultWithFilters>b__17()
   at System.Web.Mvc.ControllerActionInvoker.InvokeActionResultFilter(IResultFilter filter, ResultExecutingContext preContext, Func`1 continuation)
   at System.Web.Mvc.ControllerActionInvoker.InvokeActionResultFilter(IResultFilter filter, ResultExecutingContext preContext, Func`1 continuation)
   at System.Web.Mvc.ControllerActionInvoker.InvokeActionResultWithFilters(ControllerContext controllerContext, IList`1 filters, ActionResult actionResult)
   at System.Web.Mvc.Async.AsyncControllerActionInvoker.<>c__DisplayClass25.<BeginInvokeAction>b__22(IAsyncResult asyncResult)
 2015-05-18 19:10:37,809 [13] INFO  StatisticalSolutions.Controllers.Base.BaseController - Application URL - /StatisticalSolutions/Base/StatisticalError 
 2015-05-18 19:10:37,810 [13] INFO  StatisticalSolutions.Controllers.Base.BaseController - Application URL - /StatisticalSolutions/Base/StatisticalError 
 2015-05-18 19:10:37,818 [14] INFO  StatisticalSolutions.Controllers.Base.BaseController - Application URL - /StatisticalSolutions/Base/StatisticalError 
 2015-05-18 19:10:37,819 [14] INFO  StatisticalSolutions.Controllers.Base.BaseController - Application URL - /StatisticalSolutions/Base/StatisticalError 
 2015-05-18 19:12:19,130 [19] INFO  StatisticalSolutions.Controllers.Base.BaseController - Application URL - /StatisticalSolutions/ 
 2015-05-18 19:12:22,079 [19] INFO  StatisticalSolutions.Controllers.Base.BaseController - Application URL - /StatisticalSolutions/Workshop/WorkShops 
 2015-05-18 19:12:27,981 [19] INFO  StatisticalSolutions.Controllers.Base.BaseController - Application URL - /StatisticalSolutions/Workshop/WorkShops 
 2015-05-18 19:12:27,981 [19] ERROR StatisticalSolutions.Controllers.Base.BaseController - Statistical exception message - Unexpected "{" after "@" character. Once inside the body of a code block (@if {}, @{}, etc.) you do not need to use "@{" to switch to code.

 2015-05-18 19:12:27,982 [19] ERROR StatisticalSolutions.Controllers.Base.BaseController - Statistical exception stack trace -    at System.Web.WebPages.Razor.RazorBuildProvider.EnsureGeneratedCode()
   at System.Web.WebPages.Razor.RazorBuildProvider.get_CodeCompilerType()
   at System.Web.Compilation.BuildProvider.GetCompilerTypeFromBuildProvider(BuildProvider buildProvider)
   at System.Web.Compilation.BuildProvidersCompiler.ProcessBuildProviders()
   at System.Web.Compilation.BuildProvidersCompiler.PerformBuild()
   at System.Web.Compilation.BuildManager.CompileWebFile(VirtualPath virtualPath)
   at System.Web.Compilation.BuildManager.GetVPathBuildResultInternal(VirtualPath virtualPath, Boolean noBuild, Boolean allowCrossApp, Boolean allowBuildInPrecompile, Boolean throwIfNotFound, Boolean ensureIsUpToDate)
   at System.Web.Compilation.BuildManager.GetVPathBuildResultWithNoAssert(HttpContext context, VirtualPath virtualPath, Boolean noBuild, Boolean allowCrossApp, Boolean allowBuildInPrecompile, Boolean throwIfNotFound, Boolean ensureIsUpToDate)
   at System.Web.Compilation.BuildManager.GetObjectFactory(String virtualPath, Boolean throwIfNotFound)
   at System.Web.Mvc.BuildManagerWrapper.System.Web.Mvc.IBuildManager.FileExists(String virtualPath)
   at Microsoft.Web.Mvc.ViewEngineFixWorker`1.FileExists(ControllerContext controllerContext, String virtualPath)
   at System.Web.WebPages.DefaultDisplayMode.GetDisplayInfo(HttpContextBase httpContext, String virtualPath, Func`2 virtualPathExists)
   at System.Linq.Enumerable.WhereSelectListIterator`2.MoveNext()
   at System.Linq.Enumerable.FirstOrDefault[TSource](IEnumerable`1 source, Func`2 predicate)
   at System.Web.WebPages.DisplayModeProvider.GetDisplayInfoForVirtualPath(String virtualPath, HttpContextBase httpContext, Func`2 virtualPathExists, IDisplayMode currentDisplayMode)
   at Microsoft.Web.Mvc.ViewEngineFixWorker`1.GetPathFromGeneralName(ControllerContext controllerContext, List`1 locations, String name, String controllerName, String areaName, String cacheKey, String[]& searchedLocations)
   at Microsoft.Web.Mvc.ViewEngineFixWorker`1.GetPath(ControllerContext controllerContext, String[] locations, String[] areaLocations, String locationsPropertyName, String name, String controllerName, String cacheKeyPrefix, Boolean useCache, String[]& searchedLocations)
   at Microsoft.Web.Mvc.ViewEngineFixWorker`1.FindView(ControllerContext controllerContext, String viewName, String masterName, Boolean useCache)
   at System.Web.Mvc.ViewEngineCollection.<>c__DisplayClassc.<FindView>b__b(IViewEngine e)
   at System.Web.Mvc.ViewEngineCollection.Find(Func`2 lookup, Boolean trackSearchedPaths)
   at System.Web.Mvc.ViewResult.FindView(ControllerContext context)
   at System.Web.Mvc.ViewResultBase.ExecuteResult(ControllerContext context)
   at System.Web.Mvc.ControllerActionInvoker.<>c__DisplayClass1a.<InvokeActionResultWithFilters>b__17()
   at System.Web.Mvc.ControllerActionInvoker.InvokeActionResultFilter(IResultFilter filter, ResultExecutingContext preContext, Func`1 continuation)
   at System.Web.Mvc.ControllerActionInvoker.InvokeActionResultFilter(IResultFilter filter, ResultExecutingContext preContext, Func`1 continuation)
   at System.Web.Mvc.ControllerActionInvoker.InvokeActionResultWithFilters(ControllerContext controllerContext, IList`1 filters, ActionResult actionResult)
   at System.Web.Mvc.Async.AsyncControllerActionInvoker.<>c__DisplayClass25.<BeginInvokeAction>b__22(IAsyncResult asyncResult)
 2015-05-18 19:12:28,051 [19] INFO  StatisticalSolutions.Controllers.Base.BaseController - Application URL - /StatisticalSolutions/Base/StatisticalError 
 2015-05-18 19:12:28,051 [19] INFO  StatisticalSolutions.Controllers.Base.BaseController - Application URL - /StatisticalSolutions/Base/StatisticalError 
 2015-05-18 19:14:23,503 [31] INFO  StatisticalSolutions.Controllers.Base.BaseController - Application URL - /StatisticalSolutions/ 
 2015-05-18 19:14:25,606 [29] INFO  StatisticalSolutions.Controllers.Base.BaseController - Application URL - /StatisticalSolutions/Workshop/WorkShops 
 2015-05-18 19:14:56,817 [29] INFO  StatisticalSolutions.Controllers.Base.BaseController - Application URL - /StatisticalSolutions/Workshop/WorkShops 
 2015-05-18 19:14:56,835 [29] ERROR StatisticalSolutions.Controllers.Base.BaseController - Statistical exception message - Object reference not set to an instance of an object.
 2015-05-18 19:14:56,835 [29] ERROR StatisticalSolutions.Controllers.Base.BaseController - Statistical exception stack trace -    at ASP._Page_Views_Workshop_WorkShops_cshtml.Execute() in e:\Ola Projects\3rdPartyProjects\StatisticalSolutions\StatisticalSolutions\Views\Workshop\Workshops.cshtml:line 41
   at System.Web.WebPages.WebPageBase.ExecutePageHierarchy()
   at System.Web.Mvc.WebViewPage.ExecutePageHierarchy()
   at System.Web.WebPages.StartPage.ExecutePageHierarchy()
   at System.Web.WebPages.WebPageBase.ExecutePageHierarchy(WebPageContext pageContext, TextWriter writer, WebPageRenderingBase startPage)
   at System.Web.Mvc.ViewResultBase.ExecuteResult(ControllerContext context)
   at System.Web.Mvc.ControllerActionInvoker.<>c__DisplayClass1a.<InvokeActionResultWithFilters>b__17()
   at System.Web.Mvc.ControllerActionInvoker.InvokeActionResultFilter(IResultFilter filter, ResultExecutingContext preContext, Func`1 continuation)
   at System.Web.Mvc.ControllerActionInvoker.InvokeActionResultFilter(IResultFilter filter, ResultExecutingContext preContext, Func`1 continuation)
   at System.Web.Mvc.ControllerActionInvoker.InvokeActionResultWithFilters(ControllerContext controllerContext, IList`1 filters, ActionResult actionResult)
   at System.Web.Mvc.Async.AsyncControllerActionInvoker.<>c__DisplayClass25.<BeginInvokeAction>b__22(IAsyncResult asyncResult)
 2015-05-18 19:14:56,845 [22] INFO  StatisticalSolutions.Controllers.Base.BaseController - Application URL - /StatisticalSolutions/Base/StatisticalError 
 2015-05-18 19:14:56,845 [22] INFO  StatisticalSolutions.Controllers.Base.BaseController - Application URL - /StatisticalSolutions/Base/StatisticalError 
 2015-05-18 19:17:30,880 [46] INFO  StatisticalSolutions.Controllers.Base.BaseController - Application URL - /StatisticalSolutions/Workshop/WorkShops 
 2015-05-18 19:17:33,705 [46] INFO  StatisticalSolutions.Controllers.Base.BaseController - Application URL - /StatisticalSolutions/Workshop/WorkShops 
 2015-05-18 19:17:33,706 [46] ERROR StatisticalSolutions.Controllers.Base.BaseController - Statistical exception message - Object reference not set to an instance of an object.
 2015-05-18 19:17:33,706 [46] ERROR StatisticalSolutions.Controllers.Base.BaseController - Statistical exception stack trace -    at ASP._Page_Views_Workshop_WorkShops_cshtml.Execute() in e:\Ola Projects\3rdPartyProjects\StatisticalSolutions\StatisticalSolutions\Views\Workshop\Workshops.cshtml:line 41
   at System.Web.WebPages.WebPageBase.ExecutePageHierarchy()
   at System.Web.Mvc.WebViewPage.ExecutePageHierarchy()
   at System.Web.WebPages.StartPage.ExecutePageHierarchy()
   at System.Web.WebPages.WebPageBase.ExecutePageHierarchy(WebPageContext pageContext, TextWriter writer, WebPageRenderingBase startPage)
   at System.Web.Mvc.ViewResultBase.ExecuteResult(ControllerContext context)
   at System.Web.Mvc.ControllerActionInvoker.<>c__DisplayClass1a.<InvokeActionResultWithFilters>b__17()
   at System.Web.Mvc.ControllerActionInvoker.InvokeActionResultFilter(IResultFilter filter, ResultExecutingContext preContext, Func`1 continuation)
   at System.Web.Mvc.ControllerActionInvoker.InvokeActionResultFilter(IResultFilter filter, ResultExecutingContext preContext, Func`1 continuation)
   at System.Web.Mvc.ControllerActionInvoker.InvokeActionResultWithFilters(ControllerContext controllerContext, IList`1 filters, ActionResult actionResult)
   at System.Web.Mvc.Async.AsyncControllerActionInvoker.<>c__DisplayClass25.<BeginInvokeAction>b__22(IAsyncResult asyncResult)
 2015-05-18 19:17:33,714 [44] INFO  StatisticalSolutions.Controllers.Base.BaseController - Application URL - /StatisticalSolutions/Base/StatisticalError 
 2015-05-18 19:17:33,715 [44] INFO  StatisticalSolutions.Controllers.Base.BaseController - Application URL - /StatisticalSolutions/Base/StatisticalError 
 2015-05-18 19:17:38,042 [44] INFO  StatisticalSolutions.Controllers.Base.BaseController - Application URL - /StatisticalSolutions/ 
 2015-05-18 19:17:39,699 [23] INFO  StatisticalSolutions.Controllers.Base.BaseController - Application URL - /StatisticalSolutions/ 
 2015-05-18 19:17:41,711 [45] INFO  StatisticalSolutions.Controllers.Base.BaseController - Application URL - /StatisticalSolutions/Workshop/WorkShops 
 2015-05-18 19:17:43,678 [45] INFO  StatisticalSolutions.Controllers.Base.BaseController - Application URL - /StatisticalSolutions/Workshop/WorkShops 
 2015-05-18 19:17:43,680 [45] ERROR StatisticalSolutions.Controllers.Base.BaseController - Statistical exception message - Object reference not set to an instance of an object.
 2015-05-18 19:17:43,680 [45] ERROR StatisticalSolutions.Controllers.Base.BaseController - Statistical exception stack trace -    at ASP._Page_Views_Workshop_WorkShops_cshtml.Execute() in e:\Ola Projects\3rdPartyProjects\StatisticalSolutions\StatisticalSolutions\Views\Workshop\Workshops.cshtml:line 41
   at System.Web.WebPages.WebPageBase.ExecutePageHierarchy()
   at System.Web.Mvc.WebViewPage.ExecutePageHierarchy()
   at System.Web.WebPages.StartPage.ExecutePageHierarchy()
   at System.Web.WebPages.WebPageBase.ExecutePageHierarchy(WebPageContext pageContext, TextWriter writer, WebPageRenderingBase startPage)
   at System.Web.Mvc.ViewResultBase.ExecuteResult(ControllerContext context)
   at System.Web.Mvc.ControllerActionInvoker.<>c__DisplayClass1a.<InvokeActionResultWithFilters>b__17()
   at System.Web.Mvc.ControllerActionInvoker.InvokeActionResultFilter(IResultFilter filter, ResultExecutingContext preContext, Func`1 continuation)
   at System.Web.Mvc.ControllerActionInvoker.InvokeActionResultFilter(IResultFilter filter, ResultExecutingContext preContext, Func`1 continuation)
   at System.Web.Mvc.ControllerActionInvoker.InvokeActionResultWithFilters(ControllerContext controllerContext, IList`1 filters, ActionResult actionResult)
   at System.Web.Mvc.Async.AsyncControllerActionInvoker.<>c__DisplayClass25.<BeginInvokeAction>b__22(IAsyncResult asyncResult)
 2015-05-18 19:17:43,690 [43] INFO  StatisticalSolutions.Controllers.Base.BaseController - Application URL - /StatisticalSolutions/Base/StatisticalError 
 2015-05-18 19:17:43,690 [43] INFO  StatisticalSolutions.Controllers.Base.BaseController - Application URL - /StatisticalSolutions/Base/StatisticalError 
 2015-05-18 19:18:07,443 [42] INFO  StatisticalSolutions.Controllers.Base.BaseController - Application URL - /StatisticalSolutions/ 
 2015-05-18 19:18:10,900 [45] INFO  StatisticalSolutions.Controllers.Base.BaseController - Application URL - /StatisticalSolutions/Workshop/WorkShops 
 2015-05-18 19:18:51,745 [45] INFO  StatisticalSolutions.Controllers.Base.BaseController - Application URL - /StatisticalSolutions/Workshop/WorkShops 
 2015-05-18 19:18:51,745 [45] ERROR StatisticalSolutions.Controllers.Base.BaseController - Statistical exception message - Object reference not set to an instance of an object.
 2015-05-18 19:18:51,745 [45] ERROR StatisticalSolutions.Controllers.Base.BaseController - Statistical exception stack trace -    at ASP._Page_Views_Workshop_WorkShops_cshtml.Execute() in e:\Ola Projects\3rdPartyProjects\StatisticalSolutions\StatisticalSolutions\Views\Workshop\Workshops.cshtml:line 41
   at System.Web.WebPages.WebPageBase.ExecutePageHierarchy()
   at System.Web.Mvc.WebViewPage.ExecutePageHierarchy()
   at System.Web.WebPages.StartPage.ExecutePageHierarchy()
   at System.Web.WebPages.WebPageBase.ExecutePageHierarchy(WebPageContext pageContext, TextWriter writer, WebPageRenderingBase startPage)
   at System.Web.Mvc.ViewResultBase.ExecuteResult(ControllerContext context)
   at System.Web.Mvc.ControllerActionInvoker.<>c__DisplayClass1a.<InvokeActionResultWithFilters>b__17()
   at System.Web.Mvc.ControllerActionInvoker.InvokeActionResultFilter(IResultFilter filter, ResultExecutingContext preContext, Func`1 continuation)
   at System.Web.Mvc.ControllerActionInvoker.InvokeActionResultFilter(IResultFilter filter, ResultExecutingContext preContext, Func`1 continuation)
   at System.Web.Mvc.ControllerActionInvoker.InvokeActionResultWithFilters(ControllerContext controllerContext, IList`1 filters, ActionResult actionResult)
   at System.Web.Mvc.Async.AsyncControllerActionInvoker.<>c__DisplayClass25.<BeginInvokeAction>b__22(IAsyncResult asyncResult)
 2015-05-18 19:18:51,754 [44] INFO  StatisticalSolutions.Controllers.Base.BaseController - Application URL - /StatisticalSolutions/Base/StatisticalError 
 2015-05-18 19:18:51,754 [44] INFO  StatisticalSolutions.Controllers.Base.BaseController - Application URL - /StatisticalSolutions/Base/StatisticalError 
 2015-05-18 19:19:05,729 [38] INFO  StatisticalSolutions.Controllers.Base.BaseController - Application URL - /StatisticalSolutions/ 
 2015-05-18 19:19:08,240 [45] INFO  StatisticalSolutions.Controllers.Base.BaseController - Application URL - /StatisticalSolutions/Workshop/WorkShops 
 2015-05-18 19:20:08,521 [39] INFO  StatisticalSolutions.Controllers.Base.BaseController - Application URL - /StatisticalSolutions/ 
 2015-05-18 19:20:11,513 [49] INFO  StatisticalSolutions.Controllers.Base.BaseController - Application URL - /StatisticalSolutions/Workshop/WorkShops 
 2015-05-18 19:22:53,602 [54] INFO  StatisticalSolutions.Controllers.Base.BaseController - Application URL - /StatisticalSolutions/ 
 2015-05-18 19:23:03,469 [54] INFO  StatisticalSolutions.Controllers.Base.BaseController - Application URL - /StatisticalSolutions/Workshop/WorkShops 
 2015-05-18 19:23:06,798 [54] INFO  StatisticalSolutions.Controllers.Base.BaseController - Application URL - /StatisticalSolutions/Workshop/WorkShops 
 2015-05-18 19:23:06,799 [54] ERROR StatisticalSolutions.Controllers.Base.BaseController - Statistical exception message - Unexpected "{" after "@" character. Once inside the body of a code block (@if {}, @{}, etc.) you do not need to use "@{" to switch to code.

 2015-05-18 19:23:06,799 [54] ERROR StatisticalSolutions.Controllers.Base.BaseController - Statistical exception stack trace -    at System.Web.WebPages.Razor.RazorBuildProvider.EnsureGeneratedCode()
   at System.Web.WebPages.Razor.RazorBuildProvider.get_CodeCompilerType()
   at System.Web.Compilation.BuildProvider.GetCompilerTypeFromBuildProvider(BuildProvider buildProvider)
   at System.Web.Compilation.BuildProvidersCompiler.ProcessBuildProviders()
   at System.Web.Compilation.BuildProvidersCompiler.PerformBuild()
   at System.Web.Compilation.BuildManager.CompileWebFile(VirtualPath virtualPath)
   at System.Web.Compilation.BuildManager.GetVPathBuildResultInternal(VirtualPath virtualPath, Boolean noBuild, Boolean allowCrossApp, Boolean allowBuildInPrecompile, Boolean throwIfNotFound, Boolean ensureIsUpToDate)
   at System.Web.Compilation.BuildManager.GetVPathBuildResultWithNoAssert(HttpContext context, VirtualPath virtualPath, Boolean noBuild, Boolean allowCrossApp, Boolean allowBuildInPrecompile, Boolean throwIfNotFound, Boolean ensureIsUpToDate)
   at System.Web.Compilation.BuildManager.GetObjectFactory(String virtualPath, Boolean throwIfNotFound)
   at System.Web.Mvc.BuildManagerWrapper.System.Web.Mvc.IBuildManager.FileExists(String virtualPath)
   at Microsoft.Web.Mvc.ViewEngineFixWorker`1.FileExists(ControllerContext controllerContext, String virtualPath)
   at System.Web.WebPages.DefaultDisplayMode.GetDisplayInfo(HttpContextBase httpContext, String virtualPath, Func`2 virtualPathExists)
   at System.Linq.Enumerable.WhereSelectListIterator`2.MoveNext()
   at System.Linq.Enumerable.FirstOrDefault[TSource](IEnumerable`1 source, Func`2 predicate)
   at System.Web.WebPages.DisplayModeProvider.GetDisplayInfoForVirtualPath(String virtualPath, HttpContextBase httpContext, Func`2 virtualPathExists, IDisplayMode currentDisplayMode)
   at Microsoft.Web.Mvc.ViewEngineFixWorker`1.GetPathFromGeneralName(ControllerContext controllerContext, List`1 locations, String name, String controllerName, String areaName, String cacheKey, String[]& searchedLocations)
   at Microsoft.Web.Mvc.ViewEngineFixWorker`1.GetPath(ControllerContext controllerContext, String[] locations, String[] areaLocations, String locationsPropertyName, String name, String controllerName, String cacheKeyPrefix, Boolean useCache, String[]& searchedLocations)
   at Microsoft.Web.Mvc.ViewEngineFixWorker`1.FindView(ControllerContext controllerContext, String viewName, String masterName, Boolean useCache)
   at System.Web.Mvc.ViewEngineCollection.<>c__DisplayClassc.<FindView>b__b(IViewEngine e)
   at System.Web.Mvc.ViewEngineCollection.Find(Func`2 lookup, Boolean trackSearchedPaths)
   at System.Web.Mvc.ViewResult.FindView(ControllerContext context)
   at System.Web.Mvc.ViewResultBase.ExecuteResult(ControllerContext context)
   at System.Web.Mvc.ControllerActionInvoker.<>c__DisplayClass1a.<InvokeActionResultWithFilters>b__17()
   at System.Web.Mvc.ControllerActionInvoker.InvokeActionResultFilter(IResultFilter filter, ResultExecutingContext preContext, Func`1 continuation)
   at System.Web.Mvc.ControllerActionInvoker.InvokeActionResultFilter(IResultFilter filter, ResultExecutingContext preContext, Func`1 continuation)
   at System.Web.Mvc.ControllerActionInvoker.InvokeActionResultWithFilters(ControllerContext controllerContext, IList`1 filters, ActionResult actionResult)
   at System.Web.Mvc.Async.AsyncControllerActionInvoker.<>c__DisplayClass25.<BeginInvokeAction>b__22(IAsyncResult asyncResult)
 2015-05-18 19:23:06,863 [53] INFO  StatisticalSolutions.Controllers.Base.BaseController - Application URL - /StatisticalSolutions/Base/StatisticalError 
 2015-05-18 19:23:06,864 [53] INFO  StatisticalSolutions.Controllers.Base.BaseController - Application URL - /StatisticalSolutions/Base/StatisticalError 
 2015-05-18 19:24:02,619 [49] INFO  StatisticalSolutions.Controllers.Base.BaseController - Application URL - /StatisticalSolutions/ 
 2015-05-18 19:24:04,712 [54] INFO  StatisticalSolutions.Controllers.Base.BaseController - Application URL - /StatisticalSolutions/Workshop/WorkShops 
 2015-05-18 19:24:29,653 [59] INFO  StatisticalSolutions.Controllers.Base.BaseController - Application URL - /StatisticalSolutions/Workshop/Workshop 
 2015-05-18 19:25:10,751 [59] INFO  StatisticalSolutions.Controllers.Base.BaseController - Application URL - /StatisticalSolutions/Workshop/Workshop 
 2015-05-18 19:25:10,751 [59] ERROR StatisticalSolutions.Controllers.Base.BaseController - Statistical exception message - Object reference not set to an instance of an object.
 2015-05-18 19:25:10,752 [59] ERROR StatisticalSolutions.Controllers.Base.BaseController - Statistical exception stack trace -    at ASP._Page_Views_Workshop_WorkShops_cshtml.Execute() in e:\Ola Projects\3rdPartyProjects\StatisticalSolutions\StatisticalSolutions\Views\Workshop\Workshops.cshtml:line 66
   at System.Web.WebPages.WebPageBase.ExecutePageHierarchy()
   at System.Web.Mvc.WebViewPage.ExecutePageHierarchy()
   at System.Web.WebPages.StartPage.ExecutePageHierarchy()
   at System.Web.WebPages.WebPageBase.ExecutePageHierarchy(WebPageContext pageContext, TextWriter writer, WebPageRenderingBase startPage)
   at System.Web.Mvc.ViewResultBase.ExecuteResult(ControllerContext context)
   at System.Web.Mvc.ControllerActionInvoker.<>c__DisplayClass1a.<InvokeActionResultWithFilters>b__17()
   at System.Web.Mvc.ControllerActionInvoker.InvokeActionResultFilter(IResultFilter filter, ResultExecutingContext preContext, Func`1 continuation)
   at System.Web.Mvc.ControllerActionInvoker.InvokeActionResultFilter(IResultFilter filter, ResultExecutingContext preContext, Func`1 continuation)
   at System.Web.Mvc.ControllerActionInvoker.InvokeActionResultWithFilters(ControllerContext controllerContext, IList`1 filters, ActionResult actionResult)
   at System.Web.Mvc.Async.AsyncControllerActionInvoker.<>c__DisplayClass25.<BeginInvokeAction>b__22(IAsyncResult asyncResult)
 2015-05-18 19:25:10,797 [56] INFO  StatisticalSolutions.Controllers.Base.BaseController - Application URL - /StatisticalSolutions/Base/StatisticalError 
 2015-05-18 19:25:10,797 [56] INFO  StatisticalSolutions.Controllers.Base.BaseController - Application URL - /StatisticalSolutions/Base/StatisticalError 
 2015-05-18 19:25:29,305 [58] INFO  StatisticalSolutions.Controllers.Base.BaseController - Application URL - /StatisticalSolutions/ 
 2015-05-18 19:25:39,487 [56] INFO  StatisticalSolutions.Controllers.Base.BaseController - Application URL - /StatisticalSolutions/Workshop/WorkShops 
 2015-05-18 19:25:49,897 [59] INFO  StatisticalSolutions.Controllers.Base.BaseController - Application URL - /StatisticalSolutions/Workshop/Workshop 
 2015-05-18 19:26:01,534 [59] ERROR StatisticalSolutions.Controllers.Base.BaseController - Statistical exception message - Object reference not set to an instance of an object.
 2015-05-18 19:26:01,534 [59] ERROR StatisticalSolutions.Controllers.Base.BaseController - Statistical exception stack trace -    at ASP._Page_Views_Workshop_WorkShops_cshtml.Execute() in e:\Ola Projects\3rdPartyProjects\StatisticalSolutions\StatisticalSolutions\Views\Workshop\Workshops.cshtml:line 66
   at System.Web.WebPages.WebPageBase.ExecutePageHierarchy()
   at System.Web.Mvc.WebViewPage.ExecutePageHierarchy()
   at System.Web.WebPages.StartPage.ExecutePageHierarchy()
   at System.Web.WebPages.WebPageBase.ExecutePageHierarchy(WebPageContext pageContext, TextWriter writer, WebPageRenderingBase startPage)
   at System.Web.Mvc.ViewResultBase.ExecuteResult(ControllerContext context)
   at System.Web.Mvc.ControllerActionInvoker.<>c__DisplayClass1a.<InvokeActionResultWithFilters>b__17()
   at System.Web.Mvc.ControllerActionInvoker.InvokeActionResultFilter(IResultFilter filter, ResultExecutingContext preContext, Func`1 continuation)
   at System.Web.Mvc.ControllerActionInvoker.InvokeActionResultFilter(IResultFilter filter, ResultExecutingContext preContext, Func`1 continuation)
   at System.Web.Mvc.ControllerActionInvoker.InvokeActionResultWithFilters(ControllerContext controllerContext, IList`1 filters, ActionResult actionResult)
   at System.Web.Mvc.Async.AsyncControllerActionInvoker.<>c__DisplayClass25.<BeginInvokeAction>b__22(IAsyncResult asyncResult)
 2015-05-18 19:26:01,550 [52] INFO  StatisticalSolutions.Controllers.Base.BaseController - Application URL - /StatisticalSolutions/Base/StatisticalError 
 2015-05-18 19:26:01,551 [52] INFO  StatisticalSolutions.Controllers.Base.BaseController - Application URL - /StatisticalSolutions/Base/StatisticalError 
 2015-05-18 19:26:37,892 [58] INFO  StatisticalSolutions.Controllers.Base.BaseController - Application URL - /StatisticalSolutions/ 
 2015-05-18 19:26:54,975 [59] INFO  StatisticalSolutions.Controllers.Base.BaseController - Application URL - /StatisticalSolutions/Workshop/WorkShops 
 2015-05-18 19:27:30,724 [59] INFO  StatisticalSolutions.Controllers.Base.BaseController - Application URL - /StatisticalSolutions/Workshop/Workshop 
 2015-05-18 19:28:38,483 [39] INFO  StatisticalSolutions.Controllers.Base.BaseController - Application URL - /StatisticalSolutions/Workshop/Workshop 
 2015-05-18 19:28:38,518 [59] INFO  StatisticalSolutions.Controllers.Base.BaseController - Application URL - /StatisticalSolutions/Workshop/Workshop 
 2015-05-18 19:28:38,527 [59] ERROR StatisticalSolutions.Controllers.Base.BaseController - Statistical exception message - Object reference not set to an instance of an object.
 2015-05-18 19:28:38,528 [59] ERROR StatisticalSolutions.Controllers.Base.BaseController - Statistical exception stack trace -    at ASP._Page_Views_Workshop_WorkShops_cshtml.Execute() in e:\Ola Projects\3rdPartyProjects\StatisticalSolutions\StatisticalSolutions\Views\Workshop\Workshops.cshtml:line 66
   at System.Web.WebPages.WebPageBase.ExecutePageHierarchy()
   at System.Web.Mvc.WebViewPage.ExecutePageHierarchy()
   at System.Web.WebPages.StartPage.ExecutePageHierarchy()
   at System.Web.WebPages.WebPageBase.ExecutePageHierarchy(WebPageContext pageContext, TextWriter writer, WebPageRenderingBase startPage)
   at System.Web.Mvc.ViewResultBase.ExecuteResult(ControllerContext context)
   at System.Web.Mvc.ControllerActionInvoker.<>c__DisplayClass1a.<InvokeActionResultWithFilters>b__17()
   at System.Web.Mvc.ControllerActionInvoker.InvokeActionResultFilter(IResultFilter filter, ResultExecutingContext preContext, Func`1 continuation)
   at System.Web.Mvc.ControllerActionInvoker.InvokeActionResultFilter(IResultFilter filter, ResultExecutingContext preContext, Func`1 continuation)
   at System.Web.Mvc.ControllerActionInvoker.InvokeActionResultWithFilters(ControllerContext controllerContext, IList`1 filters, ActionResult actionResult)
   at System.Web.Mvc.Async.AsyncControllerActionInvoker.<>c__DisplayClass25.<BeginInvokeAction>b__22(IAsyncResult asyncResult)
 2015-05-18 19:30:48,413 [39] INFO  StatisticalSolutions.Controllers.Base.BaseController - Application URL - /StatisticalSolutions/Workshop/Workshop 
 2015-05-18 19:30:48,427 [39] ERROR StatisticalSolutions.Controllers.Base.BaseController - Statistical exception message - Object reference not set to an instance of an object.
 2015-05-18 19:30:48,428 [39] ERROR StatisticalSolutions.Controllers.Base.BaseController - Statistical exception stack trace -    at ASP._Page_Views_Workshop_WorkShops_cshtml.Execute() in e:\Ola Projects\3rdPartyProjects\StatisticalSolutions\StatisticalSolutions\Views\Workshop\Workshops.cshtml:line 66
   at System.Web.WebPages.WebPageBase.ExecutePageHierarchy()
   at System.Web.Mvc.WebViewPage.ExecutePageHierarchy()
   at System.Web.WebPages.StartPage.ExecutePageHierarchy()
   at System.Web.WebPages.WebPageBase.ExecutePageHierarchy(WebPageContext pageContext, TextWriter writer, WebPageRenderingBase startPage)
   at System.Web.Mvc.ViewResultBase.ExecuteResult(ControllerContext context)
   at System.Web.Mvc.ControllerActionInvoker.<>c__DisplayClass1a.<InvokeActionResultWithFilters>b__17()
   at System.Web.Mvc.ControllerActionInvoker.InvokeActionResultFilter(IResultFilter filter, ResultExecutingContext preContext, Func`1 continuation)
   at System.Web.Mvc.ControllerActionInvoker.InvokeActionResultFilter(IResultFilter filter, ResultExecutingContext preContext, Func`1 continuation)
   at System.Web.Mvc.ControllerActionInvoker.InvokeActionResultWithFilters(ControllerContext controllerContext, IList`1 filters, ActionResult actionResult)
   at System.Web.Mvc.Async.AsyncControllerActionInvoker.<>c__DisplayClass25.<BeginInvokeAction>b__22(IAsyncResult asyncResult)
 2015-05-18 19:30:48,440 [54] INFO  StatisticalSolutions.Controllers.Base.BaseController - Application URL - /StatisticalSolutions/Base/StatisticalError 
 2015-05-18 19:30:48,442 [54] INFO  StatisticalSolutions.Controllers.Base.BaseController - Application URL - /StatisticalSolutions/Base/StatisticalError 
 2015-05-18 19:31:46,221 [39] INFO  StatisticalSolutions.Controllers.Base.BaseController - Application URL - /StatisticalSolutions/ 
 2015-05-18 19:35:48,783 [55] INFO  StatisticalSolutions.Controllers.Base.BaseController - Application URL - /StatisticalSolutions/ 
 2015-05-18 19:35:56,280 [6] INFO  StatisticalSolutions.Controllers.Base.BaseController - Application URL - /StatisticalSolutions/ 
 2015-05-18 19:36:11,615 [7] INFO  StatisticalSolutions.Controllers.Base.BaseController - Application URL - /StatisticalSolutions/Workshop/WorkShops 
 2015-05-18 19:36:33,742 [9] INFO  StatisticalSolutions.Controllers.Base.BaseController - Application URL - /StatisticalSolutions/Workshop/Workshop 
 2015-05-18 19:36:34,986 [9] INFO  StatisticalSolutions.Controllers.Base.BaseController - Application URL - /StatisticalSolutions/Workshop/Workshop 
 2015-05-18 19:36:34,988 [9] ERROR StatisticalSolutions.Controllers.Base.BaseController - Statistical exception message - Object reference not set to an instance of an object.
 2015-05-18 19:36:34,989 [9] ERROR StatisticalSolutions.Controllers.Base.BaseController - Statistical exception stack trace -    at ASP._Page_Views_Workshop_WorkShops_cshtml.Execute() in e:\Ola Projects\3rdPartyProjects\StatisticalSolutions\StatisticalSolutions\Views\Workshop\Workshops.cshtml:line 66
   at System.Web.WebPages.WebPageBase.ExecutePageHierarchy()
   at System.Web.Mvc.WebViewPage.ExecutePageHierarchy()
   at System.Web.WebPages.StartPage.ExecutePageHierarchy()
   at System.Web.WebPages.WebPageBase.ExecutePageHierarchy(WebPageContext pageContext, TextWriter writer, WebPageRenderingBase startPage)
   at System.Web.Mvc.ViewResultBase.ExecuteResult(ControllerContext context)
   at System.Web.Mvc.ControllerActionInvoker.<>c__DisplayClass1a.<InvokeActionResultWithFilters>b__17()
   at System.Web.Mvc.ControllerActionInvoker.InvokeActionResultFilter(IResultFilter filter, ResultExecutingContext preContext, Func`1 continuation)
   at System.Web.Mvc.ControllerActionInvoker.InvokeActionResultFilter(IResultFilter filter, ResultExecutingContext preContext, Func`1 continuation)
   at System.Web.Mvc.ControllerActionInvoker.InvokeActionResultWithFilters(ControllerContext controllerContext, IList`1 filters, ActionResult actionResult)
   at System.Web.Mvc.Async.AsyncControllerActionInvoker.<>c__DisplayClass25.<BeginInvokeAction>b__22(IAsyncResult asyncResult)
 2015-05-18 19:36:35,115 [14] INFO  StatisticalSolutions.Controllers.Base.BaseController - Application URL - /StatisticalSolutions/Base/StatisticalError 
 2015-05-18 19:36:35,117 [14] INFO  StatisticalSolutions.Controllers.Base.BaseController - Application URL - /StatisticalSolutions/Base/StatisticalError 
 2015-05-18 19:37:27,821 [9] INFO  StatisticalSolutions.Controllers.Base.BaseController - Application URL - /StatisticalSolutions/ 
 2015-05-18 19:37:30,317 [8] INFO  StatisticalSolutions.Controllers.Base.BaseController - Application URL - /StatisticalSolutions/Workshop/WorkShops 
 2015-05-18 19:37:53,643 [18] INFO  StatisticalSolutions.Controllers.Base.BaseController - Application URL - /StatisticalSolutions/Workshop/Workshop 
 2015-05-18 19:38:11,302 [18] INFO  StatisticalSolutions.Controllers.Base.BaseController - Application URL - /StatisticalSolutions/Workshop/Workshop 
 2015-05-18 19:38:11,302 [18] ERROR StatisticalSolutions.Controllers.Base.BaseController - Statistical exception message - Object reference not set to an instance of an object.
 2015-05-18 19:38:11,302 [18] ERROR StatisticalSolutions.Controllers.Base.BaseController - Statistical exception stack trace -    at ASP._Page_Views_Workshop_WorkShops_cshtml.Execute() in e:\Ola Projects\3rdPartyProjects\StatisticalSolutions\StatisticalSolutions\Views\Workshop\Workshops.cshtml:line 66
   at System.Web.WebPages.WebPageBase.ExecutePageHierarchy()
   at System.Web.Mvc.WebViewPage.ExecutePageHierarchy()
   at System.Web.WebPages.StartPage.ExecutePageHierarchy()
   at System.Web.WebPages.WebPageBase.ExecutePageHierarchy(WebPageContext pageContext, TextWriter writer, WebPageRenderingBase startPage)
   at System.Web.Mvc.ViewResultBase.ExecuteResult(ControllerContext context)
   at System.Web.Mvc.ControllerActionInvoker.<>c__DisplayClass1a.<InvokeActionResultWithFilters>b__17()
   at System.Web.Mvc.ControllerActionInvoker.InvokeActionResultFilter(IResultFilter filter, ResultExecutingContext preContext, Func`1 continuation)
   at System.Web.Mvc.ControllerActionInvoker.InvokeActionResultFilter(IResultFilter filter, ResultExecutingContext preContext, Func`1 continuation)
   at System.Web.Mvc.ControllerActionInvoker.InvokeActionResultWithFilters(ControllerContext controllerContext, IList`1 filters, ActionResult actionResult)
   at System.Web.Mvc.Async.AsyncControllerActionInvoker.<>c__DisplayClass25.<BeginInvokeAction>b__22(IAsyncResult asyncResult)
 2015-05-18 19:38:11,312 [18] INFO  StatisticalSolutions.Controllers.Base.BaseController - Application URL - /StatisticalSolutions/Base/StatisticalError 
 2015-05-18 19:38:11,313 [18] INFO  StatisticalSolutions.Controllers.Base.BaseController - Application URL - /StatisticalSolutions/Base/StatisticalError 
 2015-05-18 19:44:55,651 [6] INFO  StatisticalSolutions.Controllers.Base.BaseController - Application URL - /StatisticalSolutions/ 
 2015-05-18 19:45:13,633 [9] INFO  StatisticalSolutions.Controllers.Base.BaseController - Application URL - /StatisticalSolutions/Workshop/WorkShops 
 2015-05-18 19:45:31,928 [9] INFO  StatisticalSolutions.Controllers.Base.BaseController - Application URL - /StatisticalSolutions/Workshop/WorkShops 
 2015-05-18 19:45:31,931 [9] ERROR StatisticalSolutions.Controllers.Base.BaseController - Statistical exception message - e:\Ola Projects\3rdPartyProjects\StatisticalSolutions\StatisticalSolutions\Views\Workshop\Workshops.cshtml(55): error CS0103: The name 'semins' does not exist in the current context
 2015-05-18 19:45:31,932 [9] ERROR StatisticalSolutions.Controllers.Base.BaseController - Statistical exception stack trace -    at System.Web.Compilation.AssemblyBuilder.Compile()
   at System.Web.Compilation.BuildProvidersCompiler.PerformBuild()
   at System.Web.Compilation.BuildManager.CompileWebFile(VirtualPath virtualPath)
   at System.Web.Compilation.BuildManager.GetVPathBuildResultInternal(VirtualPath virtualPath, Boolean noBuild, Boolean allowCrossApp, Boolean allowBuildInPrecompile, Boolean throwIfNotFound, Boolean ensureIsUpToDate)
   at System.Web.Compilation.BuildManager.GetVPathBuildResultWithNoAssert(HttpContext context, VirtualPath virtualPath, Boolean noBuild, Boolean allowCrossApp, Boolean allowBuildInPrecompile, Boolean throwIfNotFound, Boolean ensureIsUpToDate)
   at System.Web.Compilation.BuildManager.GetVirtualPathObjectFactory(VirtualPath virtualPath, HttpContext context, Boolean allowCrossApp, Boolean throwIfNotFound)
   at System.Web.Mvc.BuildManagerWrapper.System.Web.Mvc.IBuildManager.FileExists(String virtualPath)
   at Microsoft.Web.Mvc.ViewEngineFixWorker`1.FileExists(ControllerContext controllerContext, String virtualPath)
   at System.Web.WebPages.DefaultDisplayMode.GetDisplayInfo(HttpContextBase httpContext, String virtualPath, Func`2 virtualPathExists)
   at System.Linq.Enumerable.WhereSelectListIterator`2.MoveNext()
   at System.Linq.Enumerable.FirstOrDefault[TSource](IEnumerable`1 source, Func`2 predicate)
   at System.Web.WebPages.DisplayModeProvider.GetDisplayInfoForVirtualPath(String virtualPath, HttpContextBase httpContext, Func`2 virtualPathExists, IDisplayMode currentDisplayMode)
   at Microsoft.Web.Mvc.ViewEngineFixWorker`1.GetPathFromGeneralName(ControllerContext controllerContext, List`1 locations, String name, String controllerName, String areaName, String cacheKey, String[]& searchedLocations)
   at Microsoft.Web.Mvc.ViewEngineFixWorker`1.GetPath(ControllerContext controllerContext, String[] locations, String[] areaLocations, String locationsPropertyName, String name, String controllerName, String cacheKeyPrefix, Boolean useCache, String[]& searchedLocations)
   at Microsoft.Web.Mvc.ViewEngineFixWorker`1.FindView(ControllerContext controllerContext, String viewName, String masterName, Boolean useCache)
   at System.Web.Mvc.ViewEngineCollection.<>c__DisplayClassc.<FindView>b__b(IViewEngine e)
   at System.Web.Mvc.ViewEngineCollection.Find(Func`2 lookup, Boolean trackSearchedPaths)
   at System.Web.Mvc.ViewResult.FindView(ControllerContext context)
   at System.Web.Mvc.ViewResultBase.ExecuteResult(ControllerContext context)
   at System.Web.Mvc.ControllerActionInvoker.<>c__DisplayClass1a.<InvokeActionResultWithFilters>b__17()
   at System.Web.Mvc.ControllerActionInvoker.InvokeActionResultFilter(IResultFilter filter, ResultExecutingContext preContext, Func`1 continuation)
   at System.Web.Mvc.ControllerActionInvoker.InvokeActionResultFilter(IResultFilter filter, ResultExecutingContext preContext, Func`1 continuation)
   at System.Web.Mvc.ControllerActionInvoker.InvokeActionResultWithFilters(ControllerContext controllerContext, IList`1 filters, ActionResult actionResult)
   at System.Web.Mvc.Async.AsyncControllerActionInvoker.<>c__DisplayClass25.<BeginInvokeAction>b__22(IAsyncResult asyncResult)
 2015-05-18 19:45:32,013 [22] INFO  StatisticalSolutions.Controllers.Base.BaseController - Application URL - /StatisticalSolutions/Base/StatisticalError 
 2015-05-18 19:45:32,015 [22] INFO  StatisticalSolutions.Controllers.Base.BaseController - Application URL - /StatisticalSolutions/Base/StatisticalError 
 2015-05-18 19:46:25,652 [22] INFO  StatisticalSolutions.Controllers.Base.BaseController - Application URL - /StatisticalSolutions/ 
 2015-05-18 19:46:27,823 [25] INFO  StatisticalSolutions.Controllers.Base.BaseController - Application URL - /StatisticalSolutions/Workshop/WorkShops 
 2015-05-18 19:46:41,942 [6] INFO  StatisticalSolutions.Controllers.Base.BaseController - Application URL - /StatisticalSolutions/Workshop/Workshop 
 2015-05-18 19:47:55,197 [6] INFO  StatisticalSolutions.Controllers.Base.BaseController - Application URL - /StatisticalSolutions/Workshop/Workshop 
 2015-05-18 19:47:55,197 [6] ERROR StatisticalSolutions.Controllers.Base.BaseController - Statistical exception message - e:\Ola Projects\3rdPartyProjects\StatisticalSolutions\StatisticalSolutions\Views\Workshop\_SeminarInfoPartial.cshtml(12): error CS0103: The name 'ModelStartDate' does not exist in the current context
 2015-05-18 19:47:55,198 [6] ERROR StatisticalSolutions.Controllers.Base.BaseController - Statistical exception stack trace -    at System.Web.Compilation.AssemblyBuilder.Compile()
   at System.Web.Compilation.BuildProvidersCompiler.PerformBuild()
   at System.Web.Compilation.BuildManager.CompileWebFile(VirtualPath virtualPath)
   at System.Web.Compilation.BuildManager.GetVPathBuildResultInternal(VirtualPath virtualPath, Boolean noBuild, Boolean allowCrossApp, Boolean allowBuildInPrecompile, Boolean throwIfNotFound, Boolean ensureIsUpToDate)
   at System.Web.Compilation.BuildManager.GetVPathBuildResultWithNoAssert(HttpContext context, VirtualPath virtualPath, Boolean noBuild, Boolean allowCrossApp, Boolean allowBuildInPrecompile, Boolean throwIfNotFound, Boolean ensureIsUpToDate)
   at System.Web.Compilation.BuildManager.GetVirtualPathObjectFactory(VirtualPath virtualPath, HttpContext context, Boolean allowCrossApp, Boolean throwIfNotFound)
   at System.Web.Mvc.BuildManagerWrapper.System.Web.Mvc.IBuildManager.FileExists(String virtualPath)
   at Microsoft.Web.Mvc.ViewEngineFixWorker`1.FileExists(ControllerContext controllerContext, String virtualPath)
   at System.Web.WebPages.DefaultDisplayMode.GetDisplayInfo(HttpContextBase httpContext, String virtualPath, Func`2 virtualPathExists)
   at System.Linq.Enumerable.WhereSelectListIterator`2.MoveNext()
   at System.Linq.Enumerable.FirstOrDefault[TSource](IEnumerable`1 source, Func`2 predicate)
   at System.Web.WebPages.DisplayModeProvider.GetDisplayInfoForVirtualPath(String virtualPath, HttpContextBase httpContext, Func`2 virtualPathExists, IDisplayMode currentDisplayMode)
   at Microsoft.Web.Mvc.ViewEngineFixWorker`1.GetPathFromGeneralName(ControllerContext controllerContext, List`1 locations, String name, String controllerName, String areaName, String cacheKey, String[]& searchedLocations)
   at Microsoft.Web.Mvc.ViewEngineFixWorker`1.GetPath(ControllerContext controllerContext, String[] locations, String[] areaLocations, String locationsPropertyName, String name, String controllerName, String cacheKeyPrefix, Boolean useCache, String[]& searchedLocations)
   at Microsoft.Web.Mvc.ViewEngineFixWorker`1.FindPartialView(ControllerContext controllerContext, String partialViewName, Boolean useCache)
   at System.Web.Mvc.ViewEngineCollection.Find(Func`2 lookup, Boolean trackSearchedPaths)
   at System.Web.Mvc.HtmlHelper.FindPartialView(ViewContext viewContext, String partialViewName, ViewEngineCollection viewEngineCollection)
   at System.Web.Mvc.HtmlHelper.RenderPartialInternal(String partialViewName, ViewDataDictionary viewData, Object model, TextWriter writer, ViewEngineCollection viewEngineCollection)
   at System.Web.Mvc.Html.PartialExtensions.Partial(HtmlHelper htmlHelper, String partialViewName, Object model, ViewDataDictionary viewData)
   at ASP._Page_Views_Workshop_WorkShops_cshtml.Execute() in e:\Ola Projects\3rdPartyProjects\StatisticalSolutions\StatisticalSolutions\Views\Workshop\Workshops.cshtml:line 55
   at System.Web.WebPages.WebPageBase.ExecutePageHierarchy()
   at System.Web.Mvc.WebViewPage.ExecutePageHierarchy()
   at System.Web.WebPages.StartPage.ExecutePageHierarchy()
   at System.Web.WebPages.WebPageBase.ExecutePageHierarchy(WebPageContext pageContext, TextWriter writer, WebPageRenderingBase startPage)
   at System.Web.Mvc.ViewResultBase.ExecuteResult(ControllerContext context)
   at System.Web.Mvc.ControllerActionInvoker.<>c__DisplayClass1a.<InvokeActionResultWithFilters>b__17()
   at System.Web.Mvc.ControllerActionInvoker.InvokeActionResultFilter(IResultFilter filter, ResultExecutingContext preContext, Func`1 continuation)
   at System.Web.Mvc.ControllerActionInvoker.InvokeActionResultFilter(IResultFilter filter, ResultExecutingContext preContext, Func`1 continuation)
   at System.Web.Mvc.ControllerActionInvoker.InvokeActionResultWithFilters(ControllerContext controllerContext, IList`1 filters, ActionResult actionResult)
   at System.Web.Mvc.Async.AsyncControllerActionInvoker.<>c__DisplayClass25.<BeginInvokeAction>b__22(IAsyncResult asyncResult)
 2015-05-18 19:47:55,568 [9] INFO  StatisticalSolutions.Controllers.Base.BaseController - Application URL - /StatisticalSolutions/Workshop/Workshop 
 2015-05-18 19:48:44,110 [6] INFO  StatisticalSolutions.Controllers.Base.BaseController - Application URL - /StatisticalSolutions/Workshop/Workshop 
 2015-05-18 19:49:48,240 [27] INFO  StatisticalSolutions.Controllers.Base.BaseController - Application URL - /StatisticalSolutions/Workshop/Workshop 
 2015-05-18 19:51:22,313 [6] INFO  StatisticalSolutions.Controllers.Base.BaseController - Application URL - /StatisticalSolutions/Workshop/Register/0 
 2015-05-18 19:51:57,837 [14] INFO  StatisticalSolutions.Controllers.Base.BaseController - Application URL - /StatisticalSolutions/Workshop/Workshop/WorkshopSelected 
 2015-05-18 19:51:58,074 [14] INFO  StatisticalSolutions.Controllers.Base.BaseController - Application URL - /StatisticalSolutions/Workshop/Workshop/WorkshopSelected 
 2015-05-18 19:51:58,075 [14] ERROR StatisticalSolutions.Controllers.Base.BaseController - Statistical exception message - The parameters dictionary contains a null entry for parameter 'seminar_id' of non-nullable type 'System.Int32' for method 'System.Web.Mvc.ActionResult Workshop(Int32)' in 'StatisticalSolutions.Controllers.WorkshopController'. An optional parameter must be a reference type, a nullable type, or be declared as an optional parameter.
Parameter name: parameters
 2015-05-18 19:51:58,075 [14] ERROR StatisticalSolutions.Controllers.Base.BaseController - Statistical exception stack trace -    at System.Web.Mvc.ActionDescriptor.ExtractParameterFromDictionary(ParameterInfo parameterInfo, IDictionary`2 parameters, MethodInfo methodInfo)
   at System.Linq.Enumerable.WhereSelectArrayIterator`2.MoveNext()
   at System.Linq.Buffer`1..ctor(IEnumerable`1 source)
   at System.Linq.Enumerable.ToArray[TSource](IEnumerable`1 source)
   at System.Web.Mvc.ReflectedActionDescriptor.Execute(ControllerContext controllerContext, IDictionary`2 parameters)
   at System.Web.Mvc.ControllerActionInvoker.InvokeActionMethod(ControllerContext controllerContext, ActionDescriptor actionDescriptor, IDictionary`2 parameters)
   at System.Web.Mvc.Async.AsyncControllerActionInvoker.<>c__DisplayClass37.<>c__DisplayClass39.<BeginInvokeActionMethodWithFilters>b__33()
   at System.Web.Mvc.Async.AsyncControllerActionInvoker.<>c__DisplayClass4f.<InvokeActionMethodFilterAsynchronously>b__49()
   at System.Web.Mvc.Async.AsyncControllerActionInvoker.<>c__DisplayClass4f.<InvokeActionMethodFilterAsynchronously>b__49()
   at System.Web.Mvc.Async.AsyncControllerActionInvoker.<>c__DisplayClass37.<BeginInvokeActionMethodWithFilters>b__36(IAsyncResult asyncResult)
   at System.Web.Mvc.Async.AsyncControllerActionInvoker.<>c__DisplayClass25.<>c__DisplayClass2a.<BeginInvokeAction>b__20()
   at System.Web.Mvc.Async.AsyncControllerActionInvoker.<>c__DisplayClass25.<BeginInvokeAction>b__22(IAsyncResult asyncResult)
 2015-05-18 19:51:58,118 [24] INFO  StatisticalSolutions.Controllers.Base.BaseController - Application URL - /StatisticalSolutions/Base/StatisticalError 
 2015-05-18 19:51:58,118 [24] INFO  StatisticalSolutions.Controllers.Base.BaseController - Application URL - /StatisticalSolutions/Base/StatisticalError 
 2015-05-18 19:52:16,670 [27] INFO  StatisticalSolutions.Controllers.Base.BaseController - Application URL - /StatisticalSolutions/Workshop/Workshop/WorkshopSelected 
 2015-05-18 19:52:16,864 [27] INFO  StatisticalSolutions.Controllers.Base.BaseController - Application URL - /StatisticalSolutions/Workshop/Workshop/WorkshopSelected 
 2015-05-18 19:52:16,865 [27] ERROR StatisticalSolutions.Controllers.Base.BaseController - Statistical exception message - The parameters dictionary contains a null entry for parameter 'seminar_id' of non-nullable type 'System.Int32' for method 'System.Web.Mvc.ActionResult Workshop(Int32)' in 'StatisticalSolutions.Controllers.WorkshopController'. An optional parameter must be a reference type, a nullable type, or be declared as an optional parameter.
Parameter name: parameters
 2015-05-18 19:52:16,865 [27] ERROR StatisticalSolutions.Controllers.Base.BaseController - Statistical exception stack trace -    at System.Web.Mvc.ActionDescriptor.ExtractParameterFromDictionary(ParameterInfo parameterInfo, IDictionary`2 parameters, MethodInfo methodInfo)
   at System.Linq.Enumerable.WhereSelectArrayIterator`2.MoveNext()
   at System.Linq.Buffer`1..ctor(IEnumerable`1 source)
   at System.Linq.Enumerable.ToArray[TSource](IEnumerable`1 source)
   at System.Web.Mvc.ReflectedActionDescriptor.Execute(ControllerContext controllerContext, IDictionary`2 parameters)
   at System.Web.Mvc.ControllerActionInvoker.InvokeActionMethod(ControllerContext controllerContext, ActionDescriptor actionDescriptor, IDictionary`2 parameters)
   at System.Web.Mvc.Async.AsyncControllerActionInvoker.<>c__DisplayClass37.<>c__DisplayClass39.<BeginInvokeActionMethodWithFilters>b__33()
   at System.Web.Mvc.Async.AsyncControllerActionInvoker.<>c__DisplayClass4f.<InvokeActionMethodFilterAsynchronously>b__49()
   at System.Web.Mvc.Async.AsyncControllerActionInvoker.<>c__DisplayClass4f.<InvokeActionMethodFilterAsynchronously>b__49()
   at System.Web.Mvc.Async.AsyncControllerActionInvoker.<>c__DisplayClass37.<BeginInvokeActionMethodWithFilters>b__36(IAsyncResult asyncResult)
   at System.Web.Mvc.Async.AsyncControllerActionInvoker.<>c__DisplayClass25.<>c__DisplayClass2a.<BeginInvokeAction>b__20()
   at System.Web.Mvc.Async.AsyncControllerActionInvoker.<>c__DisplayClass25.<BeginInvokeAction>b__22(IAsyncResult asyncResult)
 2015-05-18 19:52:16,911 [14] INFO  StatisticalSolutions.Controllers.Base.BaseController - Application URL - /StatisticalSolutions/Base/StatisticalError 
 2015-05-18 19:52:16,912 [14] INFO  StatisticalSolutions.Controllers.Base.BaseController - Application URL - /StatisticalSolutions/Base/StatisticalError 
 2015-05-18 19:52:33,065 [6] INFO  StatisticalSolutions.Controllers.Base.BaseController - Application URL - /StatisticalSolutions/ 
 2015-05-18 19:52:35,760 [14] INFO  StatisticalSolutions.Controllers.Base.BaseController - Application URL - /StatisticalSolutions/Workshop/Register 
 2015-05-18 19:57:50,561 [27] INFO  StatisticalSolutions.Controllers.Base.BaseController - Application URL - /StatisticalSolutions/Workshop/Register 
 2015-05-18 19:59:39,054 [27] INFO  StatisticalSolutions.Controllers.Base.BaseController - Application URL - /StatisticalSolutions/ 
 2015-05-18 20:00:02,681 [6] INFO  StatisticalSolutions.Controllers.Base.BaseController - Application URL - /StatisticalSolutions/Workshop/RegisterSeminar 
 2015-05-18 20:02:13,037 [6] INFO  StatisticalSolutions.Controllers.Base.BaseController - Application URL - /StatisticalSolutions/ 
 2015-05-18 20:02:26,401 [27] INFO  StatisticalSolutions.Controllers.Base.BaseController - Application URL - /StatisticalSolutions/Workshop/WorkShops 
 2015-05-18 20:02:35,905 [28] INFO  StatisticalSolutions.Controllers.Base.BaseController - Application URL - /StatisticalSolutions/Workshop/RegisterSeminar 
 2015-05-18 20:03:04,823 [28] INFO  StatisticalSolutions.Controllers.Base.BaseController - Application URL - /StatisticalSolutions/Workshop/RegisterSeminar 
 2015-05-18 20:03:35,794 [16] INFO  StatisticalSolutions.Controllers.Base.BaseController - Application URL - /StatisticalSolutions/Workshop/RegisterSeminar 
 2015-05-18 20:04:35,105 [6] INFO  StatisticalSolutions.Controllers.Base.BaseController - Application URL - /StatisticalSolutions/Workshop/RegisterSeminar 
 2015-05-18 18:49:08,520 [6] INFO  StatisticalSolutions.Controllers.Base.BaseController - Application URL - /StatisticalSolutions/ 
 2015-05-18 18:49:24,794 [13] INFO  StatisticalSolutions.Controllers.Base.BaseController - Application URL - /StatisticalSolutions/Instructor/Consultants 
 2015-05-18 18:49:45,547 [7] INFO  StatisticalSolutions.Controllers.Base.BaseController - Application URL - /StatisticalSolutions/Workshop/WorkShops 
 2015-05-18 18:50:19,895 [17] INFO  StatisticalSolutions.Controllers.Base.BaseController - Application URL - /StatisticalSolutions/Workshop/Workshop 
 2015-05-18 18:51:05,086 [20] INFO  StatisticalSolutions.Controllers.Base.BaseController - Application URL - /StatisticalSolutions/Home/About 
 2015-05-18 18:51:07,790 [27] INFO  StatisticalSolutions.Controllers.Base.BaseController - Application URL - /StatisticalSolutions/Workshop/WorkShops 
 