2015-05-16 07:30:29,502 [5] INFO  StatisticalSolutions.Controllers.Base.BaseController - Application URL - /StatisticalSolutions/ 
 2015-05-16 07:30:43,724 [5] INFO  StatisticalSolutions.Controllers.Base.BaseController - Application URL - /StatisticalSolutions/ 
 2015-05-16 07:30:43,726 [5] ERROR StatisticalSolutions.Controllers.Base.BaseController - Statistical exception message - Exception has been thrown by the target of an invocation.
 2015-05-16 07:30:43,726 [5] ERROR StatisticalSolutions.Controllers.Base.BaseController - Statistical exception stack trace -    at System.RuntimeTypeHandle.CreateInstance(RuntimeType type, Boolean publicOnly, Boolean noCheck, Boolean& canBeCached, RuntimeMethodHandleInternal& ctor, Boolean& bNeedSecurityCheck)
   at System.RuntimeType.CreateInstanceSlow(Boolean publicOnly, Boolean skipCheckThis, Boolean fillCache, StackCrawlMark& stackMark)
   at System.RuntimeType.CreateInstanceDefaultCtor(Boolean publicOnly, Boolean skipCheckThis, Boolean fillCache, StackCrawlMark& stackMark)
   at System.Activator.CreateInstance(Type type, Boolean nonPublic)
   at System.Activator.CreateInstance(Type type)
   at System.Threading.LazyHelpers`1.ActivatorFactorySelector()
   at System.Threading.LazyInitializer.EnsureInitializedCore[T](T& target, Boolean& initialized, Object& syncLock, Func`1 valueFactory)
   at System.Threading.LazyInitializer.EnsureInitialized[T](T& target, Boolean& initialized, Object& syncLock)
   at StatisticalSolutions.Filters.InitializeSimpleMembershipAttribute.OnActionExecuting(ActionExecutingContext filterContext) in e:\Ola Projects\3rdPartyProjects\StatisticalSolutions\StatisticalSolutions\Filters\InitializeSimpleMembershipAttribute.cs:line 23
   at System.Web.Mvc.Async.AsyncControllerActionInvoker.InvokeActionMethodFilterAsynchronously(IActionFilter filter, ActionExecutingContext preContext, Func`1 nextInChain)
   at System.Web.Mvc.Async.AsyncControllerActionInvoker.InvokeActionMethodFilterAsynchronously(IActionFilter filter, ActionExecutingContext preContext, Func`1 nextInChain)
   at System.Web.Mvc.Async.AsyncControllerActionInvoker.<>c__DisplayClass37.<BeginInvokeActionMethodWithFilters>b__31(AsyncCallback asyncCallback, Object asyncState)
   at System.Web.Mvc.Async.AsyncResultWrapper.WrappedAsyncResult`1.Begin(AsyncCallback callback, Object state, Int32 timeout)
   at System.Web.Mvc.Async.AsyncResultWrapper.Begin[TResult](AsyncCallback callback, Object state, BeginInvokeDelegate beginDelegate, EndInvokeDelegate`1 endDelegate, Object tag, Int32 timeout)
   at System.Web.Mvc.Async.AsyncResultWrapper.Begin[TResult](AsyncCallback callback, Object state, BeginInvokeDelegate beginDelegate, EndInvokeDelegate`1 endDelegate, Object tag)
   at System.Web.Mvc.Async.AsyncControllerActionInvoker.<>c__DisplayClass25.<BeginInvokeAction>b__1e(AsyncCallback asyncCallback, Object asyncState)
 2015-05-16 07:30:44,015 [8] INFO  StatisticalSolutions.Controllers.Base.BaseController - Application URL - /StatisticalSolutions/Base/StatisticalError 
 2015-05-16 07:30:52,969 [8] INFO  StatisticalSolutions.Controllers.Base.BaseController - Application URL - /StatisticalSolutions/Base/StatisticalError 
 2015-05-16 07:30:52,969 [8] ERROR StatisticalSolutions.Controllers.Base.BaseController - Statistical exception message - Exception has been thrown by the target of an invocation.
 2015-05-16 07:30:52,970 [8] ERROR StatisticalSolutions.Controllers.Base.BaseController - Statistical exception stack trace -    at System.RuntimeTypeHandle.CreateInstance(RuntimeType type, Boolean publicOnly, Boolean noCheck, Boolean& canBeCached, RuntimeMethodHandleInternal& ctor, Boolean& bNeedSecurityCheck)
   at System.RuntimeType.CreateInstanceSlow(Boolean publicOnly, Boolean skipCheckThis, Boolean fillCache, StackCrawlMark& stackMark)
   at System.RuntimeType.CreateInstanceDefaultCtor(Boolean publicOnly, Boolean skipCheckThis, Boolean fillCache, StackCrawlMark& stackMark)
   at System.Activator.CreateInstance(Type type, Boolean nonPublic)
   at System.Activator.CreateInstance(Type type)
   at System.Threading.LazyHelpers`1.ActivatorFactorySelector()
   at System.Threading.LazyInitializer.EnsureInitializedCore[T](T& target, Boolean& initialized, Object& syncLock, Func`1 valueFactory)
   at System.Threading.LazyInitializer.EnsureInitialized[T](T& target, Boolean& initialized, Object& syncLock)
   at StatisticalSolutions.Filters.InitializeSimpleMembershipAttribute.OnActionExecuting(ActionExecutingContext filterContext) in e:\Ola Projects\3rdPartyProjects\StatisticalSolutions\StatisticalSolutions\Filters\InitializeSimpleMembershipAttribute.cs:line 23
   at System.Web.Mvc.Async.AsyncControllerActionInvoker.InvokeActionMethodFilterAsynchronously(IActionFilter filter, ActionExecutingContext preContext, Func`1 nextInChain)
   at System.Web.Mvc.Async.AsyncControllerActionInvoker.InvokeActionMethodFilterAsynchronously(IActionFilter filter, ActionExecutingContext preContext, Func`1 nextInChain)
   at System.Web.Mvc.Async.AsyncControllerActionInvoker.<>c__DisplayClass37.<BeginInvokeActionMethodWithFilters>b__31(AsyncCallback asyncCallback, Object asyncState)
   at System.Web.Mvc.Async.AsyncResultWrapper.WrappedAsyncResult`1.Begin(AsyncCallback callback, Object state, Int32 timeout)
   at System.Web.Mvc.Async.AsyncResultWrapper.Begin[TResult](AsyncCallback callback, Object state, BeginInvokeDelegate beginDelegate, EndInvokeDelegate`1 endDelegate, Object tag, Int32 timeout)
   at System.Web.Mvc.Async.AsyncResultWrapper.Begin[TResult](AsyncCallback callback, Object state, BeginInvokeDelegate beginDelegate, EndInvokeDelegate`1 endDelegate, Object tag)
   at System.Web.Mvc.Async.AsyncControllerActionInvoker.<>c__DisplayClass25.<BeginInvokeAction>b__1e(AsyncCallback asyncCallback, Object asyncState)
 2015-05-16 07:30:53,002 [6] INFO  StatisticalSolutions.Controllers.Base.BaseController - Application URL - /StatisticalSolutions/Base/StatisticalError 
 2015-05-16 07:30:56,274 [6] INFO  StatisticalSolutions.Controllers.Base.BaseController - Application URL - /StatisticalSolutions/Base/StatisticalError 
 2015-05-16 07:30:56,275 [6] ERROR StatisticalSolutions.Controllers.Base.BaseController - Statistical exception message - Exception has been thrown by the target of an invocation.
 2015-05-16 07:30:56,275 [6] ERROR StatisticalSolutions.Controllers.Base.BaseController - Statistical exception stack trace -    at System.RuntimeTypeHandle.CreateInstance(RuntimeType type, Boolean publicOnly, Boolean noCheck, Boolean& canBeCached, RuntimeMethodHandleInternal& ctor, Boolean& bNeedSecurityCheck)
   at System.RuntimeType.CreateInstanceSlow(Boolean publicOnly, Boolean skipCheckThis, Boolean fillCache, StackCrawlMark& stackMark)
   at System.RuntimeType.CreateInstanceDefaultCtor(Boolean publicOnly, Boolean skipCheckThis, Boolean fillCache, StackCrawlMark& stackMark)
   at System.Activator.CreateInstance(Type type, Boolean nonPublic)
   at System.Activator.CreateInstance(Type type)
   at System.Threading.LazyHelpers`1.ActivatorFactorySelector()
   at System.Threading.LazyInitializer.EnsureInitializedCore[T](T& target, Boolean& initialized, Object& syncLock, Func`1 valueFactory)
   at System.Threading.LazyInitializer.EnsureInitialized[T](T& target, Boolean& initialized, Object& syncLock)
   at StatisticalSolutions.Filters.InitializeSimpleMembershipAttribute.OnActionExecuting(ActionExecutingContext filterContext) in e:\Ola Projects\3rdPartyProjects\StatisticalSolutions\StatisticalSolutions\Filters\InitializeSimpleMembershipAttribute.cs:line 23
   at System.Web.Mvc.Async.AsyncControllerActionInvoker.InvokeActionMethodFilterAsynchronously(IActionFilter filter, ActionExecutingContext preContext, Func`1 nextInChain)
   at System.Web.Mvc.Async.AsyncControllerActionInvoker.InvokeActionMethodFilterAsynchronously(IActionFilter filter, ActionExecutingContext preContext, Func`1 nextInChain)
   at System.Web.Mvc.Async.AsyncControllerActionInvoker.<>c__DisplayClass37.<BeginInvokeActionMethodWithFilters>b__31(AsyncCallback asyncCallback, Object asyncState)
   at System.Web.Mvc.Async.AsyncResultWrapper.WrappedAsyncResult`1.Begin(AsyncCallback callback, Object state, Int32 timeout)
   at System.Web.Mvc.Async.AsyncResultWrapper.Begin[TResult](AsyncCallback callback, Object state, BeginInvokeDelegate beginDelegate, EndInvokeDelegate`1 endDelegate, Object tag, Int32 timeout)
   at System.Web.Mvc.Async.AsyncResultWrapper.Begin[TResult](AsyncCallback callback, Object state, BeginInvokeDelegate beginDelegate, EndInvokeDelegate`1 endDelegate, Object tag)
   at System.Web.Mvc.Async.AsyncControllerActionInvoker.<>c__DisplayClass25.<BeginInvokeAction>b__1e(AsyncCallback asyncCallback, Object asyncState)
 2015-05-16 07:30:56,311 [5] INFO  StatisticalSolutions.Controllers.Base.BaseController - Application URL - /StatisticalSolutions/Base/StatisticalError 
 2015-05-16 07:31:08,100 [5] INFO  StatisticalSolutions.Controllers.Base.BaseController - Application URL - /StatisticalSolutions/Base/StatisticalError 
 2015-05-16 07:31:15,222 [12] INFO  StatisticalSolutions.Controllers.Base.BaseController - Application URL - /StatisticalSolutions/ 
 2015-05-16 07:31:24,572 [12] INFO  StatisticalSolutions.Controllers.Base.BaseController - Application URL - /StatisticalSolutions/ 
 2015-05-16 07:31:24,573 [12] ERROR StatisticalSolutions.Controllers.Base.BaseController - Statistical exception message - Exception has been thrown by the target of an invocation.
 2015-05-16 07:31:24,574 [12] ERROR StatisticalSolutions.Controllers.Base.BaseController - Statistical exception stack trace -    at System.RuntimeTypeHandle.CreateInstance(RuntimeType type, Boolean publicOnly, Boolean noCheck, Boolean& canBeCached, RuntimeMethodHandleInternal& ctor, Boolean& bNeedSecurityCheck)
   at System.RuntimeType.CreateInstanceSlow(Boolean publicOnly, Boolean skipCheckThis, Boolean fillCache, StackCrawlMark& stackMark)
   at System.RuntimeType.CreateInstanceDefaultCtor(Boolean publicOnly, Boolean skipCheckThis, Boolean fillCache, StackCrawlMark& stackMark)
   at System.Activator.CreateInstance(Type type, Boolean nonPublic)
   at System.Activator.CreateInstance(Type type)
   at System.Threading.LazyHelpers`1.ActivatorFactorySelector()
   at System.Threading.LazyInitializer.EnsureInitializedCore[T](T& target, Boolean& initialized, Object& syncLock, Func`1 valueFactory)
   at System.Threading.LazyInitializer.EnsureInitialized[T](T& target, Boolean& initialized, Object& syncLock)
   at StatisticalSolutions.Filters.InitializeSimpleMembershipAttribute.OnActionExecuting(ActionExecutingContext filterContext) in e:\Ola Projects\3rdPartyProjects\StatisticalSolutions\StatisticalSolutions\Filters\InitializeSimpleMembershipAttribute.cs:line 23
   at System.Web.Mvc.Async.AsyncControllerActionInvoker.InvokeActionMethodFilterAsynchronously(IActionFilter filter, ActionExecutingContext preContext, Func`1 nextInChain)
   at System.Web.Mvc.Async.AsyncControllerActionInvoker.InvokeActionMethodFilterAsynchronously(IActionFilter filter, ActionExecutingContext preContext, Func`1 nextInChain)
   at System.Web.Mvc.Async.AsyncControllerActionInvoker.<>c__DisplayClass37.<BeginInvokeActionMethodWithFilters>b__31(AsyncCallback asyncCallback, Object asyncState)
   at System.Web.Mvc.Async.AsyncResultWrapper.WrappedAsyncResult`1.Begin(AsyncCallback callback, Object state, Int32 timeout)
   at System.Web.Mvc.Async.AsyncResultWrapper.Begin[TResult](AsyncCallback callback, Object state, BeginInvokeDelegate beginDelegate, EndInvokeDelegate`1 endDelegate, Object tag, Int32 timeout)
   at System.Web.Mvc.Async.AsyncResultWrapper.Begin[TResult](AsyncCallback callback, Object state, BeginInvokeDelegate beginDelegate, EndInvokeDelegate`1 endDelegate, Object tag)
   at System.Web.Mvc.Async.AsyncControllerActionInvoker.<>c__DisplayClass25.<BeginInvokeAction>b__1e(AsyncCallback asyncCallback, Object asyncState)
 2015-05-16 07:31:24,588 [12] INFO  StatisticalSolutions.Controllers.Base.BaseController - Application URL - /StatisticalSolutions/Base/StatisticalError 
 2015-05-16 07:31:24,589 [12] INFO  StatisticalSolutions.Controllers.Base.BaseController - Application URL - /StatisticalSolutions/Base/StatisticalError 
 2015-05-16 07:31:24,589 [12] ERROR StatisticalSolutions.Controllers.Base.BaseController - Statistical exception message - Exception has been thrown by the target of an invocation.
 2015-05-16 07:31:24,590 [12] ERROR StatisticalSolutions.Controllers.Base.BaseController - Statistical exception stack trace -    at System.RuntimeTypeHandle.CreateInstance(RuntimeType type, Boolean publicOnly, Boolean noCheck, Boolean& canBeCached, RuntimeMethodHandleInternal& ctor, Boolean& bNeedSecurityCheck)
   at System.RuntimeType.CreateInstanceSlow(Boolean publicOnly, Boolean skipCheckThis, Boolean fillCache, StackCrawlMark& stackMark)
   at System.RuntimeType.CreateInstanceDefaultCtor(Boolean publicOnly, Boolean skipCheckThis, Boolean fillCache, StackCrawlMark& stackMark)
   at System.Activator.CreateInstance(Type type, Boolean nonPublic)
   at System.Activator.CreateInstance(Type type)
   at System.Threading.LazyHelpers`1.ActivatorFactorySelector()
   at System.Threading.LazyInitializer.EnsureInitializedCore[T](T& target, Boolean& initialized, Object& syncLock, Func`1 valueFactory)
   at System.Threading.LazyInitializer.EnsureInitialized[T](T& target, Boolean& initialized, Object& syncLock)
   at StatisticalSolutions.Filters.InitializeSimpleMembershipAttribute.OnActionExecuting(ActionExecutingContext filterContext) in e:\Ola Projects\3rdPartyProjects\StatisticalSolutions\StatisticalSolutions\Filters\InitializeSimpleMembershipAttribute.cs:line 23
   at System.Web.Mvc.Async.AsyncControllerActionInvoker.InvokeActionMethodFilterAsynchronously(IActionFilter filter, ActionExecutingContext preContext, Func`1 nextInChain)
   at System.Web.Mvc.Async.AsyncControllerActionInvoker.InvokeActionMethodFilterAsynchronously(IActionFilter filter, ActionExecutingContext preContext, Func`1 nextInChain)
   at System.Web.Mvc.Async.AsyncControllerActionInvoker.<>c__DisplayClass37.<BeginInvokeActionMethodWithFilters>b__31(AsyncCallback asyncCallback, Object asyncState)
   at System.Web.Mvc.Async.AsyncResultWrapper.WrappedAsyncResult`1.Begin(AsyncCallback callback, Object state, Int32 timeout)
   at System.Web.Mvc.Async.AsyncResultWrapper.Begin[TResult](AsyncCallback callback, Object state, BeginInvokeDelegate beginDelegate, EndInvokeDelegate`1 endDelegate, Object tag, Int32 timeout)
   at System.Web.Mvc.Async.AsyncResultWrapper.Begin[TResult](AsyncCallback callback, Object state, BeginInvokeDelegate beginDelegate, EndInvokeDelegate`1 endDelegate, Object tag)
   at System.Web.Mvc.Async.AsyncControllerActionInvoker.<>c__DisplayClass25.<BeginInvokeAction>b__1e(AsyncCallback asyncCallback, Object asyncState)
 2015-05-16 07:31:24,606 [8] INFO  StatisticalSolutions.Controllers.Base.BaseController - Application URL - /StatisticalSolutions/Base/StatisticalError 
 2015-05-16 07:31:24,608 [8] INFO  StatisticalSolutions.Controllers.Base.BaseController - Application URL - /StatisticalSolutions/Base/StatisticalError 
 2015-05-16 07:31:24,608 [8] ERROR StatisticalSolutions.Controllers.Base.BaseController - Statistical exception message - Exception has been thrown by the target of an invocation.
 2015-05-16 07:31:24,608 [8] ERROR StatisticalSolutions.Controllers.Base.BaseController - Statistical exception stack trace -    at System.RuntimeTypeHandle.CreateInstance(RuntimeType type, Boolean publicOnly, Boolean noCheck, Boolean& canBeCached, RuntimeMethodHandleInternal& ctor, Boolean& bNeedSecurityCheck)
   at System.RuntimeType.CreateInstanceSlow(Boolean publicOnly, Boolean skipCheckThis, Boolean fillCache, StackCrawlMark& stackMark)
   at System.RuntimeType.CreateInstanceDefaultCtor(Boolean publicOnly, Boolean skipCheckThis, Boolean fillCache, StackCrawlMark& stackMark)
   at System.Activator.CreateInstance(Type type, Boolean nonPublic)
   at System.Activator.CreateInstance(Type type)
   at System.Threading.LazyHelpers`1.ActivatorFactorySelector()
   at System.Threading.LazyInitializer.EnsureInitializedCore[T](T& target, Boolean& initialized, Object& syncLock, Func`1 valueFactory)
   at System.Threading.LazyInitializer.EnsureInitialized[T](T& target, Boolean& initialized, Object& syncLock)
   at StatisticalSolutions.Filters.InitializeSimpleMembershipAttribute.OnActionExecuting(ActionExecutingContext filterContext) in e:\Ola Projects\3rdPartyProjects\StatisticalSolutions\StatisticalSolutions\Filters\InitializeSimpleMembershipAttribute.cs:line 23
   at System.Web.Mvc.Async.AsyncControllerActionInvoker.InvokeActionMethodFilterAsynchronously(IActionFilter filter, ActionExecutingContext preContext, Func`1 nextInChain)
   at System.Web.Mvc.Async.AsyncControllerActionInvoker.InvokeActionMethodFilterAsynchronously(IActionFilter filter, ActionExecutingContext preContext, Func`1 nextInChain)
   at System.Web.Mvc.Async.AsyncControllerActionInvoker.<>c__DisplayClass37.<BeginInvokeActionMethodWithFilters>b__31(AsyncCallback asyncCallback, Object asyncState)
   at System.Web.Mvc.Async.AsyncResultWrapper.WrappedAsyncResult`1.Begin(AsyncCallback callback, Object state, Int32 timeout)
   at System.Web.Mvc.Async.AsyncResultWrapper.Begin[TResult](AsyncCallback callback, Object state, BeginInvokeDelegate beginDelegate, EndInvokeDelegate`1 endDelegate, Object tag, Int32 timeout)
   at System.Web.Mvc.Async.AsyncResultWrapper.Begin[TResult](AsyncCallback callback, Object state, BeginInvokeDelegate beginDelegate, EndInvokeDelegate`1 endDelegate, Object tag)
   at System.Web.Mvc.Async.AsyncControllerActionInvoker.<>c__DisplayClass25.<BeginInvokeAction>b__1e(AsyncCallback asyncCallback, Object asyncState)
 2015-05-16 07:31:24,618 [7] INFO  StatisticalSolutions.Controllers.Base.BaseController - Application URL - /StatisticalSolutions/Base/StatisticalError 
 2015-05-16 07:31:24,619 [7] INFO  StatisticalSolutions.Controllers.Base.BaseController - Application URL - /StatisticalSolutions/Base/StatisticalError 
 2015-05-16 07:31:24,619 [7] ERROR StatisticalSolutions.Controllers.Base.BaseController - Statistical exception message - Exception has been thrown by the target of an invocation.
 2015-05-16 07:31:24,619 [7] ERROR StatisticalSolutions.Controllers.Base.BaseController - Statistical exception stack trace -    at System.RuntimeTypeHandle.CreateInstance(RuntimeType type, Boolean publicOnly, Boolean noCheck, Boolean& canBeCached, RuntimeMethodHandleInternal& ctor, Boolean& bNeedSecurityCheck)
   at System.RuntimeType.CreateInstanceSlow(Boolean publicOnly, Boolean skipCheckThis, Boolean fillCache, StackCrawlMark& stackMark)
   at System.RuntimeType.CreateInstanceDefaultCtor(Boolean publicOnly, Boolean skipCheckThis, Boolean fillCache, StackCrawlMark& stackMark)
   at System.Activator.CreateInstance(Type type, Boolean nonPublic)
   at System.Activator.CreateInstance(Type type)
   at System.Threading.LazyHelpers`1.ActivatorFactorySelector()
   at System.Threading.LazyInitializer.EnsureInitializedCore[T](T& target, Boolean& initialized, Object& syncLock, Func`1 valueFactory)
   at System.Threading.LazyInitializer.EnsureInitialized[T](T& target, Boolean& initialized, Object& syncLock)
   at StatisticalSolutions.Filters.InitializeSimpleMembershipAttribute.OnActionExecuting(ActionExecutingContext filterContext) in e:\Ola Projects\3rdPartyProjects\StatisticalSolutions\StatisticalSolutions\Filters\InitializeSimpleMembershipAttribute.cs:line 23
   at System.Web.Mvc.Async.AsyncControllerActionInvoker.InvokeActionMethodFilterAsynchronously(IActionFilter filter, ActionExecutingContext preContext, Func`1 nextInChain)
   at System.Web.Mvc.Async.AsyncControllerActionInvoker.InvokeActionMethodFilterAsynchronously(IActionFilter filter, ActionExecutingContext preContext, Func`1 nextInChain)
   at System.Web.Mvc.Async.AsyncControllerActionInvoker.<>c__DisplayClass37.<BeginInvokeActionMethodWithFilters>b__31(AsyncCallback asyncCallback, Object asyncState)
   at System.Web.Mvc.Async.AsyncResultWrapper.WrappedAsyncResult`1.Begin(AsyncCallback callback, Object state, Int32 timeout)
   at System.Web.Mvc.Async.AsyncResultWrapper.Begin[TResult](AsyncCallback callback, Object state, BeginInvokeDelegate beginDelegate, EndInvokeDelegate`1 endDelegate, Object tag, Int32 timeout)
   at System.Web.Mvc.Async.AsyncResultWrapper.Begin[TResult](AsyncCallback callback, Object state, BeginInvokeDelegate beginDelegate, EndInvokeDelegate`1 endDelegate, Object tag)
   at System.Web.Mvc.Async.AsyncControllerActionInvoker.<>c__DisplayClass25.<BeginInvokeAction>b__1e(AsyncCallback asyncCallback, Object asyncState)
 2015-05-16 07:31:24,626 [5] INFO  StatisticalSolutions.Controllers.Base.BaseController - Application URL - /StatisticalSolutions/Base/StatisticalError 
 2015-05-16 07:31:24,627 [5] INFO  StatisticalSolutions.Controllers.Base.BaseController - Application URL - /StatisticalSolutions/Base/StatisticalError 
 2015-05-16 07:31:24,627 [5] ERROR StatisticalSolutions.Controllers.Base.BaseController - Statistical exception message - Exception has been thrown by the target of an invocation.
 2015-05-16 07:31:24,627 [5] ERROR StatisticalSolutions.Controllers.Base.BaseController - Statistical exception stack trace -    at System.RuntimeTypeHandle.CreateInstance(RuntimeType type, Boolean publicOnly, Boolean noCheck, Boolean& canBeCached, RuntimeMethodHandleInternal& ctor, Boolean& bNeedSecurityCheck)
   at System.RuntimeType.CreateInstanceSlow(Boolean publicOnly, Boolean skipCheckThis, Boolean fillCache, StackCrawlMark& stackMark)
   at System.RuntimeType.CreateInstanceDefaultCtor(Boolean publicOnly, Boolean skipCheckThis, Boolean fillCache, StackCrawlMark& stackMark)
   at System.Activator.CreateInstance(Type type, Boolean nonPublic)
   at System.Activator.CreateInstance(Type type)
   at System.Threading.LazyHelpers`1.ActivatorFactorySelector()
   at System.Threading.LazyInitializer.EnsureInitializedCore[T](T& target, Boolean& initialized, Object& syncLock, Func`1 valueFactory)
   at System.Threading.LazyInitializer.EnsureInitialized[T](T& target, Boolean& initialized, Object& syncLock)
   at StatisticalSolutions.Filters.InitializeSimpleMembershipAttribute.OnActionExecuting(ActionExecutingContext filterContext) in e:\Ola Projects\3rdPartyProjects\StatisticalSolutions\StatisticalSolutions\Filters\InitializeSimpleMembershipAttribute.cs:line 23
   at System.Web.Mvc.Async.AsyncControllerActionInvoker.InvokeActionMethodFilterAsynchronously(IActionFilter filter, ActionExecutingContext preContext, Func`1 nextInChain)
   at System.Web.Mvc.Async.AsyncControllerActionInvoker.InvokeActionMethodFilterAsynchronously(IActionFilter filter, ActionExecutingContext preContext, Func`1 nextInChain)
   at System.Web.Mvc.Async.AsyncControllerActionInvoker.<>c__DisplayClass37.<BeginInvokeActionMethodWithFilters>b__31(AsyncCallback asyncCallback, Object asyncState)
   at System.Web.Mvc.Async.AsyncResultWrapper.WrappedAsyncResult`1.Begin(AsyncCallback callback, Object state, Int32 timeout)
   at System.Web.Mvc.Async.AsyncResultWrapper.Begin[TResult](AsyncCallback callback, Object state, BeginInvokeDelegate beginDelegate, EndInvokeDelegate`1 endDelegate, Object tag, Int32 timeout)
   at System.Web.Mvc.Async.AsyncResultWrapper.Begin[TResult](AsyncCallback callback, Object state, BeginInvokeDelegate beginDelegate, EndInvokeDelegate`1 endDelegate, Object tag)
   at System.Web.Mvc.Async.AsyncControllerActionInvoker.<>c__DisplayClass25.<BeginInvokeAction>b__1e(AsyncCallback asyncCallback, Object asyncState)
 2015-05-16 07:31:24,636 [6] INFO  StatisticalSolutions.Controllers.Base.BaseController - Application URL - /StatisticalSolutions/Base/StatisticalError 
 2015-05-16 07:31:24,638 [6] INFO  StatisticalSolutions.Controllers.Base.BaseController - Application URL - /StatisticalSolutions/Base/StatisticalError 
 2015-05-16 07:31:24,638 [6] ERROR StatisticalSolutions.Controllers.Base.BaseController - Statistical exception message - Exception has been thrown by the target of an invocation.
 2015-05-16 07:31:24,638 [6] ERROR StatisticalSolutions.Controllers.Base.BaseController - Statistical exception stack trace -    at System.RuntimeTypeHandle.CreateInstance(RuntimeType type, Boolean publicOnly, Boolean noCheck, Boolean& canBeCached, RuntimeMethodHandleInternal& ctor, Boolean& bNeedSecurityCheck)
   at System.RuntimeType.CreateInstanceSlow(Boolean publicOnly, Boolean skipCheckThis, Boolean fillCache, StackCrawlMark& stackMark)
   at System.RuntimeType.CreateInstanceDefaultCtor(Boolean publicOnly, Boolean skipCheckThis, Boolean fillCache, StackCrawlMark& stackMark)
   at System.Activator.CreateInstance(Type type, Boolean nonPublic)
   at System.Activator.CreateInstance(Type type)
   at System.Threading.LazyHelpers`1.ActivatorFactorySelector()
   at System.Threading.LazyInitializer.EnsureInitializedCore[T](T& target, Boolean& initialized, Object& syncLock, Func`1 valueFactory)
   at System.Threading.LazyInitializer.EnsureInitialized[T](T& target, Boolean& initialized, Object& syncLock)
   at StatisticalSolutions.Filters.InitializeSimpleMembershipAttribute.OnActionExecuting(ActionExecutingContext filterContext) in e:\Ola Projects\3rdPartyProjects\StatisticalSolutions\StatisticalSolutions\Filters\InitializeSimpleMembershipAttribute.cs:line 23
   at System.Web.Mvc.Async.AsyncControllerActionInvoker.InvokeActionMethodFilterAsynchronously(IActionFilter filter, ActionExecutingContext preContext, Func`1 nextInChain)
   at System.Web.Mvc.Async.AsyncControllerActionInvoker.InvokeActionMethodFilterAsynchronously(IActionFilter filter, ActionExecutingContext preContext, Func`1 nextInChain)
   at System.Web.Mvc.Async.AsyncControllerActionInvoker.<>c__DisplayClass37.<BeginInvokeActionMethodWithFilters>b__31(AsyncCallback asyncCallback, Object asyncState)
   at System.Web.Mvc.Async.AsyncResultWrapper.WrappedAsyncResult`1.Begin(AsyncCallback callback, Object state, Int32 timeout)
   at System.Web.Mvc.Async.AsyncResultWrapper.Begin[TResult](AsyncCallback callback, Object state, BeginInvokeDelegate beginDelegate, EndInvokeDelegate`1 endDelegate, Object tag, Int32 timeout)
   at System.Web.Mvc.Async.AsyncResultWrapper.Begin[TResult](AsyncCallback callback, Object state, BeginInvokeDelegate beginDelegate, EndInvokeDelegate`1 endDelegate, Object tag)
   at System.Web.Mvc.Async.AsyncControllerActionInvoker.<>c__DisplayClass25.<BeginInvokeAction>b__1e(AsyncCallback asyncCallback, Object asyncState)
 2015-05-16 07:31:24,649 [12] INFO  StatisticalSolutions.Controllers.Base.BaseController - Application URL - /StatisticalSolutions/Base/StatisticalError 
 2015-05-16 07:31:24,650 [12] INFO  StatisticalSolutions.Controllers.Base.BaseController - Application URL - /StatisticalSolutions/Base/StatisticalError 
 2015-05-16 07:31:24,650 [12] ERROR StatisticalSolutions.Controllers.Base.BaseController - Statistical exception message - Exception has been thrown by the target of an invocation.
 2015-05-16 07:31:24,650 [12] ERROR StatisticalSolutions.Controllers.Base.BaseController - Statistical exception stack trace -    at System.RuntimeTypeHandle.CreateInstance(RuntimeType type, Boolean publicOnly, Boolean noCheck, Boolean& canBeCached, RuntimeMethodHandleInternal& ctor, Boolean& bNeedSecurityCheck)
   at System.RuntimeType.CreateInstanceSlow(Boolean publicOnly, Boolean skipCheckThis, Boolean fillCache, StackCrawlMark& stackMark)
   at System.RuntimeType.CreateInstanceDefaultCtor(Boolean publicOnly, Boolean skipCheckThis, Boolean fillCache, StackCrawlMark& stackMark)
   at System.Activator.CreateInstance(Type type, Boolean nonPublic)
   at System.Activator.CreateInstance(Type type)
   at System.Threading.LazyHelpers`1.ActivatorFactorySelector()
   at System.Threading.LazyInitializer.EnsureInitializedCore[T](T& target, Boolean& initialized, Object& syncLock, Func`1 valueFactory)
   at System.Threading.LazyInitializer.EnsureInitialized[T](T& target, Boolean& initialized, Object& syncLock)
   at StatisticalSolutions.Filters.InitializeSimpleMembershipAttribute.OnActionExecuting(ActionExecutingContext filterContext) in e:\Ola Projects\3rdPartyProjects\StatisticalSolutions\StatisticalSolutions\Filters\InitializeSimpleMembershipAttribute.cs:line 23
   at System.Web.Mvc.Async.AsyncControllerActionInvoker.InvokeActionMethodFilterAsynchronously(IActionFilter filter, ActionExecutingContext preContext, Func`1 nextInChain)
   at System.Web.Mvc.Async.AsyncControllerActionInvoker.InvokeActionMethodFilterAsynchronously(IActionFilter filter, ActionExecutingContext preContext, Func`1 nextInChain)
   at System.Web.Mvc.Async.AsyncControllerActionInvoker.<>c__DisplayClass37.<BeginInvokeActionMethodWithFilters>b__31(AsyncCallback asyncCallback, Object asyncState)
   at System.Web.Mvc.Async.AsyncResultWrapper.WrappedAsyncResult`1.Begin(AsyncCallback callback, Object state, Int32 timeout)
   at System.Web.Mvc.Async.AsyncResultWrapper.Begin[TResult](AsyncCallback callback, Object state, BeginInvokeDelegate beginDelegate, EndInvokeDelegate`1 endDelegate, Object tag, Int32 timeout)
   at System.Web.Mvc.Async.AsyncResultWrapper.Begin[TResult](AsyncCallback callback, Object state, BeginInvokeDelegate beginDelegate, EndInvokeDelegate`1 endDelegate, Object tag)
   at System.Web.Mvc.Async.AsyncControllerActionInvoker.<>c__DisplayClass25.<BeginInvokeAction>b__1e(AsyncCallback asyncCallback, Object asyncState)
 2015-05-16 07:31:24,658 [8] INFO  StatisticalSolutions.Controllers.Base.BaseController - Application URL - /StatisticalSolutions/Base/StatisticalError 
 2015-05-16 07:31:24,659 [8] INFO  StatisticalSolutions.Controllers.Base.BaseController - Application URL - /StatisticalSolutions/Base/StatisticalError 
 2015-05-16 07:31:24,659 [8] ERROR StatisticalSolutions.Controllers.Base.BaseController - Statistical exception message - Exception has been thrown by the target of an invocation.
 2015-05-16 07:31:24,659 [8] ERROR StatisticalSolutions.Controllers.Base.BaseController - Statistical exception stack trace -    at System.RuntimeTypeHandle.CreateInstance(RuntimeType type, Boolean publicOnly, Boolean noCheck, Boolean& canBeCached, RuntimeMethodHandleInternal& ctor, Boolean& bNeedSecurityCheck)
   at System.RuntimeType.CreateInstanceSlow(Boolean publicOnly, Boolean skipCheckThis, Boolean fillCache, StackCrawlMark& stackMark)
   at System.RuntimeType.CreateInstanceDefaultCtor(Boolean publicOnly, Boolean skipCheckThis, Boolean fillCache, StackCrawlMark& stackMark)
   at System.Activator.CreateInstance(Type type, Boolean nonPublic)
   at System.Activator.CreateInstance(Type type)
   at System.Threading.LazyHelpers`1.ActivatorFactorySelector()
   at System.Threading.LazyInitializer.EnsureInitializedCore[T](T& target, Boolean& initialized, Object& syncLock, Func`1 valueFactory)
   at System.Threading.LazyInitializer.EnsureInitialized[T](T& target, Boolean& initialized, Object& syncLock)
   at StatisticalSolutions.Filters.InitializeSimpleMembershipAttribute.OnActionExecuting(ActionExecutingContext filterContext) in e:\Ola Projects\3rdPartyProjects\StatisticalSolutions\StatisticalSolutions\Filters\InitializeSimpleMembershipAttribute.cs:line 23
   at System.Web.Mvc.Async.AsyncControllerActionInvoker.InvokeActionMethodFilterAsynchronously(IActionFilter filter, ActionExecutingContext preContext, Func`1 nextInChain)
   at System.Web.Mvc.Async.AsyncControllerActionInvoker.InvokeActionMethodFilterAsynchronously(IActionFilter filter, ActionExecutingContext preContext, Func`1 nextInChain)
   at System.Web.Mvc.Async.AsyncControllerActionInvoker.<>c__DisplayClass37.<BeginInvokeActionMethodWithFilters>b__31(AsyncCallback asyncCallback, Object asyncState)
   at System.Web.Mvc.Async.AsyncResultWrapper.WrappedAsyncResult`1.Begin(AsyncCallback callback, Object state, Int32 timeout)
   at System.Web.Mvc.Async.AsyncResultWrapper.Begin[TResult](AsyncCallback callback, Object state, BeginInvokeDelegate beginDelegate, EndInvokeDelegate`1 endDelegate, Object tag, Int32 timeout)
   at System.Web.Mvc.Async.AsyncResultWrapper.Begin[TResult](AsyncCallback callback, Object state, BeginInvokeDelegate beginDelegate, EndInvokeDelegate`1 endDelegate, Object tag)
   at System.Web.Mvc.Async.AsyncControllerActionInvoker.<>c__DisplayClass25.<BeginInvokeAction>b__1e(AsyncCallback asyncCallback, Object asyncState)
 2015-05-16 07:31:24,669 [5] INFO  StatisticalSolutions.Controllers.Base.BaseController - Application URL - /StatisticalSolutions/Base/StatisticalError 
 2015-05-16 07:31:24,671 [5] INFO  StatisticalSolutions.Controllers.Base.BaseController - Application URL - /StatisticalSolutions/Base/StatisticalError 
 2015-05-16 07:31:24,671 [5] ERROR StatisticalSolutions.Controllers.Base.BaseController - Statistical exception message - Exception has been thrown by the target of an invocation.
 2015-05-16 07:31:24,671 [5] ERROR StatisticalSolutions.Controllers.Base.BaseController - Statistical exception stack trace -    at System.RuntimeTypeHandle.CreateInstance(RuntimeType type, Boolean publicOnly, Boolean noCheck, Boolean& canBeCached, RuntimeMethodHandleInternal& ctor, Boolean& bNeedSecurityCheck)
   at System.RuntimeType.CreateInstanceSlow(Boolean publicOnly, Boolean skipCheckThis, Boolean fillCache, StackCrawlMark& stackMark)
   at System.RuntimeType.CreateInstanceDefaultCtor(Boolean publicOnly, Boolean skipCheckThis, Boolean fillCache, StackCrawlMark& stackMark)
   at System.Activator.CreateInstance(Type type, Boolean nonPublic)
   at System.Activator.CreateInstance(Type type)
   at System.Threading.LazyHelpers`1.ActivatorFactorySelector()
   at System.Threading.LazyInitializer.EnsureInitializedCore[T](T& target, Boolean& initialized, Object& syncLock, Func`1 valueFactory)
   at System.Threading.LazyInitializer.EnsureInitialized[T](T& target, Boolean& initialized, Object& syncLock)
   at StatisticalSolutions.Filters.InitializeSimpleMembershipAttribute.OnActionExecuting(ActionExecutingContext filterContext) in e:\Ola Projects\3rdPartyProjects\StatisticalSolutions\StatisticalSolutions\Filters\InitializeSimpleMembershipAttribute.cs:line 23
   at System.Web.Mvc.Async.AsyncControllerActionInvoker.InvokeActionMethodFilterAsynchronously(IActionFilter filter, ActionExecutingContext preContext, Func`1 nextInChain)
   at System.Web.Mvc.Async.AsyncControllerActionInvoker.InvokeActionMethodFilterAsynchronously(IActionFilter filter, ActionExecutingContext preContext, Func`1 nextInChain)
   at System.Web.Mvc.Async.AsyncControllerActionInvoker.<>c__DisplayClass37.<BeginInvokeActionMethodWithFilters>b__31(AsyncCallback asyncCallback, Object asyncState)
   at System.Web.Mvc.Async.AsyncResultWrapper.WrappedAsyncResult`1.Begin(AsyncCallback callback, Object state, Int32 timeout)
   at System.Web.Mvc.Async.AsyncResultWrapper.Begin[TResult](AsyncCallback callback, Object state, BeginInvokeDelegate beginDelegate, EndInvokeDelegate`1 endDelegate, Object tag, Int32 timeout)
   at System.Web.Mvc.Async.AsyncResultWrapper.Begin[TResult](AsyncCallback callback, Object state, BeginInvokeDelegate beginDelegate, EndInvokeDelegate`1 endDelegate, Object tag)
   at System.Web.Mvc.Async.AsyncControllerActionInvoker.<>c__DisplayClass25.<BeginInvokeAction>b__1e(AsyncCallback asyncCallback, Object asyncState)
 2015-05-16 07:31:24,684 [12] INFO  StatisticalSolutions.Controllers.Base.BaseController - Application URL - /StatisticalSolutions/Base/StatisticalError 
 2015-05-16 07:31:24,685 [12] INFO  StatisticalSolutions.Controllers.Base.BaseController - Application URL - /StatisticalSolutions/Base/StatisticalError 
 2015-05-16 07:31:24,685 [12] ERROR StatisticalSolutions.Controllers.Base.BaseController - Statistical exception message - Exception has been thrown by the target of an invocation.
 2015-05-16 07:31:24,685 [12] ERROR StatisticalSolutions.Controllers.Base.BaseController - Statistical exception stack trace -    at System.RuntimeTypeHandle.CreateInstance(RuntimeType type, Boolean publicOnly, Boolean noCheck, Boolean& canBeCached, RuntimeMethodHandleInternal& ctor, Boolean& bNeedSecurityCheck)
   at System.RuntimeType.CreateInstanceSlow(Boolean publicOnly, Boolean skipCheckThis, Boolean fillCache, StackCrawlMark& stackMark)
   at System.RuntimeType.CreateInstanceDefaultCtor(Boolean publicOnly, Boolean skipCheckThis, Boolean fillCache, StackCrawlMark& stackMark)
   at System.Activator.CreateInstance(Type type, Boolean nonPublic)
   at System.Activator.CreateInstance(Type type)
   at System.Threading.LazyHelpers`1.ActivatorFactorySelector()
   at System.Threading.LazyInitializer.EnsureInitializedCore[T](T& target, Boolean& initialized, Object& syncLock, Func`1 valueFactory)
   at System.Threading.LazyInitializer.EnsureInitialized[T](T& target, Boolean& initialized, Object& syncLock)
   at StatisticalSolutions.Filters.InitializeSimpleMembershipAttribute.OnActionExecuting(ActionExecutingContext filterContext) in e:\Ola Projects\3rdPartyProjects\StatisticalSolutions\StatisticalSolutions\Filters\InitializeSimpleMembershipAttribute.cs:line 23
   at System.Web.Mvc.Async.AsyncControllerActionInvoker.InvokeActionMethodFilterAsynchronously(IActionFilter filter, ActionExecutingContext preContext, Func`1 nextInChain)
   at System.Web.Mvc.Async.AsyncControllerActionInvoker.InvokeActionMethodFilterAsynchronously(IActionFilter filter, ActionExecutingContext preContext, Func`1 nextInChain)
   at System.Web.Mvc.Async.AsyncControllerActionInvoker.<>c__DisplayClass37.<BeginInvokeActionMethodWithFilters>b__31(AsyncCallback asyncCallback, Object asyncState)
   at System.Web.Mvc.Async.AsyncResultWrapper.WrappedAsyncResult`1.Begin(AsyncCallback callback, Object state, Int32 timeout)
   at System.Web.Mvc.Async.AsyncResultWrapper.Begin[TResult](AsyncCallback callback, Object state, BeginInvokeDelegate beginDelegate, EndInvokeDelegate`1 endDelegate, Object tag, Int32 timeout)
   at System.Web.Mvc.Async.AsyncResultWrapper.Begin[TResult](AsyncCallback callback, Object state, BeginInvokeDelegate beginDelegate, EndInvokeDelegate`1 endDelegate, Object tag)
   at System.Web.Mvc.Async.AsyncControllerActionInvoker.<>c__DisplayClass25.<BeginInvokeAction>b__1e(AsyncCallback asyncCallback, Object asyncState)
 2015-05-16 07:31:24,690 [8] INFO  StatisticalSolutions.Controllers.Base.BaseController - Application URL - /StatisticalSolutions/Base/StatisticalError 
 2015-05-16 07:31:24,691 [8] INFO  StatisticalSolutions.Controllers.Base.BaseController - Application URL - /StatisticalSolutions/Base/StatisticalError 
 2015-05-16 07:31:24,691 [8] ERROR StatisticalSolutions.Controllers.Base.BaseController - Statistical exception message - Exception has been thrown by the target of an invocation.
 2015-05-16 07:31:24,691 [8] ERROR StatisticalSolutions.Controllers.Base.BaseController - Statistical exception stack trace -    at System.RuntimeTypeHandle.CreateInstance(RuntimeType type, Boolean publicOnly, Boolean noCheck, Boolean& canBeCached, RuntimeMethodHandleInternal& ctor, Boolean& bNeedSecurityCheck)
   at System.RuntimeType.CreateInstanceSlow(Boolean publicOnly, Boolean skipCheckThis, Boolean fillCache, StackCrawlMark& stackMark)
   at System.RuntimeType.CreateInstanceDefaultCtor(Boolean publicOnly, Boolean skipCheckThis, Boolean fillCache, StackCrawlMark& stackMark)
   at System.Activator.CreateInstance(Type type, Boolean nonPublic)
   at System.Activator.CreateInstance(Type type)
   at System.Threading.LazyHelpers`1.ActivatorFactorySelector()
   at System.Threading.LazyInitializer.EnsureInitializedCore[T](T& target, Boolean& initialized, Object& syncLock, Func`1 valueFactory)
   at System.Threading.LazyInitializer.EnsureInitialized[T](T& target, Boolean& initialized, Object& syncLock)
   at StatisticalSolutions.Filters.InitializeSimpleMembershipAttribute.OnActionExecuting(ActionExecutingContext filterContext) in e:\Ola Projects\3rdPartyProjects\StatisticalSolutions\StatisticalSolutions\Filters\InitializeSimpleMembershipAttribute.cs:line 23
   at System.Web.Mvc.Async.AsyncControllerActionInvoker.InvokeActionMethodFilterAsynchronously(IActionFilter filter, ActionExecutingContext preContext, Func`1 nextInChain)
   at System.Web.Mvc.Async.AsyncControllerActionInvoker.InvokeActionMethodFilterAsynchronously(IActionFilter filter, ActionExecutingContext preContext, Func`1 nextInChain)
   at System.Web.Mvc.Async.AsyncControllerActionInvoker.<>c__DisplayClass37.<BeginInvokeActionMethodWithFilters>b__31(AsyncCallback asyncCallback, Object asyncState)
   at System.Web.Mvc.Async.AsyncResultWrapper.WrappedAsyncResult`1.Begin(AsyncCallback callback, Object state, Int32 timeout)
   at System.Web.Mvc.Async.AsyncResultWrapper.Begin[TResult](AsyncCallback callback, Object state, BeginInvokeDelegate beginDelegate, EndInvokeDelegate`1 endDelegate, Object tag, Int32 timeout)
   at System.Web.Mvc.Async.AsyncResultWrapper.Begin[TResult](AsyncCallback callback, Object state, BeginInvokeDelegate beginDelegate, EndInvokeDelegate`1 endDelegate, Object tag)
   at System.Web.Mvc.Async.AsyncControllerActionInvoker.<>c__DisplayClass25.<BeginInvokeAction>b__1e(AsyncCallback asyncCallback, Object asyncState)
 2015-05-16 07:31:24,696 [5] INFO  StatisticalSolutions.Controllers.Base.BaseController - Application URL - /StatisticalSolutions/Base/StatisticalError 
 2015-05-16 07:31:24,697 [5] INFO  StatisticalSolutions.Controllers.Base.BaseController - Application URL - /StatisticalSolutions/Base/StatisticalError 
 2015-05-16 07:31:24,697 [5] ERROR StatisticalSolutions.Controllers.Base.BaseController - Statistical exception message - Exception has been thrown by the target of an invocation.
 2015-05-16 07:31:24,698 [5] ERROR StatisticalSolutions.Controllers.Base.BaseController - Statistical exception stack trace -    at System.RuntimeTypeHandle.CreateInstance(RuntimeType type, Boolean publicOnly, Boolean noCheck, Boolean& canBeCached, RuntimeMethodHandleInternal& ctor, Boolean& bNeedSecurityCheck)
   at System.RuntimeType.CreateInstanceSlow(Boolean publicOnly, Boolean skipCheckThis, Boolean fillCache, StackCrawlMark& stackMark)
   at System.RuntimeType.CreateInstanceDefaultCtor(Boolean publicOnly, Boolean skipCheckThis, Boolean fillCache, StackCrawlMark& stackMark)
   at System.Activator.CreateInstance(Type type, Boolean nonPublic)
   at System.Activator.CreateInstance(Type type)
   at System.Threading.LazyHelpers`1.ActivatorFactorySelector()
   at System.Threading.LazyInitializer.EnsureInitializedCore[T](T& target, Boolean& initialized, Object& syncLock, Func`1 valueFactory)
   at System.Threading.LazyInitializer.EnsureInitialized[T](T& target, Boolean& initialized, Object& syncLock)
   at StatisticalSolutions.Filters.InitializeSimpleMembershipAttribute.OnActionExecuting(ActionExecutingContext filterContext) in e:\Ola Projects\3rdPartyProjects\StatisticalSolutions\StatisticalSolutions\Filters\InitializeSimpleMembershipAttribute.cs:line 23
   at System.Web.Mvc.Async.AsyncControllerActionInvoker.InvokeActionMethodFilterAsynchronously(IActionFilter filter, ActionExecutingContext preContext, Func`1 nextInChain)
   at System.Web.Mvc.Async.AsyncControllerActionInvoker.InvokeActionMethodFilterAsynchronously(IActionFilter filter, ActionExecutingContext preContext, Func`1 nextInChain)
   at System.Web.Mvc.Async.AsyncControllerActionInvoker.<>c__DisplayClass37.<BeginInvokeActionMethodWithFilters>b__31(AsyncCallback asyncCallback, Object asyncState)
   at System.Web.Mvc.Async.AsyncResultWrapper.WrappedAsyncResult`1.Begin(AsyncCallback callback, Object state, Int32 timeout)
   at System.Web.Mvc.Async.AsyncResultWrapper.Begin[TResult](AsyncCallback callback, Object state, BeginInvokeDelegate beginDelegate, EndInvokeDelegate`1 endDelegate, Object tag, Int32 timeout)
   at System.Web.Mvc.Async.AsyncResultWrapper.Begin[TResult](AsyncCallback callback, Object state, BeginInvokeDelegate beginDelegate, EndInvokeDelegate`1 endDelegate, Object tag)
   at System.Web.Mvc.Async.AsyncControllerActionInvoker.<>c__DisplayClass25.<BeginInvokeAction>b__1e(AsyncCallback asyncCallback, Object asyncState)
 2015-05-16 07:31:24,703 [6] INFO  StatisticalSolutions.Controllers.Base.BaseController - Application URL - /StatisticalSolutions/Base/StatisticalError 
 2015-05-16 07:31:24,703 [6] INFO  StatisticalSolutions.Controllers.Base.BaseController - Application URL - /StatisticalSolutions/Base/StatisticalError 
 2015-05-16 07:31:24,704 [6] ERROR StatisticalSolutions.Controllers.Base.BaseController - Statistical exception message - Exception has been thrown by the target of an invocation.
 2015-05-16 07:31:24,704 [6] ERROR StatisticalSolutions.Controllers.Base.BaseController - Statistical exception stack trace -    at System.RuntimeTypeHandle.CreateInstance(RuntimeType type, Boolean publicOnly, Boolean noCheck, Boolean& canBeCached, RuntimeMethodHandleInternal& ctor, Boolean& bNeedSecurityCheck)
   at System.RuntimeType.CreateInstanceSlow(Boolean publicOnly, Boolean skipCheckThis, Boolean fillCache, StackCrawlMark& stackMark)
   at System.RuntimeType.CreateInstanceDefaultCtor(Boolean publicOnly, Boolean skipCheckThis, Boolean fillCache, StackCrawlMark& stackMark)
   at System.Activator.CreateInstance(Type type, Boolean nonPublic)
   at System.Activator.CreateInstance(Type type)
   at System.Threading.LazyHelpers`1.ActivatorFactorySelector()
   at System.Threading.LazyInitializer.EnsureInitializedCore[T](T& target, Boolean& initialized, Object& syncLock, Func`1 valueFactory)
   at System.Threading.LazyInitializer.EnsureInitialized[T](T& target, Boolean& initialized, Object& syncLock)
   at StatisticalSolutions.Filters.InitializeSimpleMembershipAttribute.OnActionExecuting(ActionExecutingContext filterContext) in e:\Ola Projects\3rdPartyProjects\StatisticalSolutions\StatisticalSolutions\Filters\InitializeSimpleMembershipAttribute.cs:line 23
   at System.Web.Mvc.Async.AsyncControllerActionInvoker.InvokeActionMethodFilterAsynchronously(IActionFilter filter, ActionExecutingContext preContext, Func`1 nextInChain)
   at System.Web.Mvc.Async.AsyncControllerActionInvoker.InvokeActionMethodFilterAsynchronously(IActionFilter filter, ActionExecutingContext preContext, Func`1 nextInChain)
   at System.Web.Mvc.Async.AsyncControllerActionInvoker.<>c__DisplayClass37.<BeginInvokeActionMethodWithFilters>b__31(AsyncCallback asyncCallback, Object asyncState)
   at System.Web.Mvc.Async.AsyncResultWrapper.WrappedAsyncResult`1.Begin(AsyncCallback callback, Object state, Int32 timeout)
   at System.Web.Mvc.Async.AsyncResultWrapper.Begin[TResult](AsyncCallback callback, Object state, BeginInvokeDelegate beginDelegate, EndInvokeDelegate`1 endDelegate, Object tag, Int32 timeout)
   at System.Web.Mvc.Async.AsyncResultWrapper.Begin[TResult](AsyncCallback callback, Object state, BeginInvokeDelegate beginDelegate, EndInvokeDelegate`1 endDelegate, Object tag)
   at System.Web.Mvc.Async.AsyncControllerActionInvoker.<>c__DisplayClass25.<BeginInvokeAction>b__1e(AsyncCallback asyncCallback, Object asyncState)
 2015-05-16 07:31:24,710 [12] INFO  StatisticalSolutions.Controllers.Base.BaseController - Application URL - /StatisticalSolutions/Base/StatisticalError 
 2015-05-16 07:31:24,712 [12] INFO  StatisticalSolutions.Controllers.Base.BaseController - Application URL - /StatisticalSolutions/Base/StatisticalError 
 2015-05-16 07:31:24,712 [12] ERROR StatisticalSolutions.Controllers.Base.BaseController - Statistical exception message - Exception has been thrown by the target of an invocation.
 2015-05-16 07:31:24,713 [12] ERROR StatisticalSolutions.Controllers.Base.BaseController - Statistical exception stack trace -    at System.RuntimeTypeHandle.CreateInstance(RuntimeType type, Boolean publicOnly, Boolean noCheck, Boolean& canBeCached, RuntimeMethodHandleInternal& ctor, Boolean& bNeedSecurityCheck)
   at System.RuntimeType.CreateInstanceSlow(Boolean publicOnly, Boolean skipCheckThis, Boolean fillCache, StackCrawlMark& stackMark)
   at System.RuntimeType.CreateInstanceDefaultCtor(Boolean publicOnly, Boolean skipCheckThis, Boolean fillCache, StackCrawlMark& stackMark)
   at System.Activator.CreateInstance(Type type, Boolean nonPublic)
   at System.Activator.CreateInstance(Type type)
   at System.Threading.LazyHelpers`1.ActivatorFactorySelector()
   at System.Threading.LazyInitializer.EnsureInitializedCore[T](T& target, Boolean& initialized, Object& syncLock, Func`1 valueFactory)
   at System.Threading.LazyInitializer.EnsureInitialized[T](T& target, Boolean& initialized, Object& syncLock)
   at StatisticalSolutions.Filters.InitializeSimpleMembershipAttribute.OnActionExecuting(ActionExecutingContext filterContext) in e:\Ola Projects\3rdPartyProjects\StatisticalSolutions\StatisticalSolutions\Filters\InitializeSimpleMembershipAttribute.cs:line 23
   at System.Web.Mvc.Async.AsyncControllerActionInvoker.InvokeActionMethodFilterAsynchronously(IActionFilter filter, ActionExecutingContext preContext, Func`1 nextInChain)
   at System.Web.Mvc.Async.AsyncControllerActionInvoker.InvokeActionMethodFilterAsynchronously(IActionFilter filter, ActionExecutingContext preContext, Func`1 nextInChain)
   at System.Web.Mvc.Async.AsyncControllerActionInvoker.<>c__DisplayClass37.<BeginInvokeActionMethodWithFilters>b__31(AsyncCallback asyncCallback, Object asyncState)
   at System.Web.Mvc.Async.AsyncResultWrapper.WrappedAsyncResult`1.Begin(AsyncCallback callback, Object state, Int32 timeout)
   at System.Web.Mvc.Async.AsyncResultWrapper.Begin[TResult](AsyncCallback callback, Object state, BeginInvokeDelegate beginDelegate, EndInvokeDelegate`1 endDelegate, Object tag, Int32 timeout)
   at System.Web.Mvc.Async.AsyncResultWrapper.Begin[TResult](AsyncCallback callback, Object state, BeginInvokeDelegate beginDelegate, EndInvokeDelegate`1 endDelegate, Object tag)
   at System.Web.Mvc.Async.AsyncControllerActionInvoker.<>c__DisplayClass25.<BeginInvokeAction>b__1e(AsyncCallback asyncCallback, Object asyncState)
 2015-05-16 07:31:24,718 [7] INFO  StatisticalSolutions.Controllers.Base.BaseController - Application URL - /StatisticalSolutions/Base/StatisticalError 
 2015-05-16 07:31:24,719 [7] INFO  StatisticalSolutions.Controllers.Base.BaseController - Application URL - /StatisticalSolutions/Base/StatisticalError 
 2015-05-16 07:31:24,719 [7] ERROR StatisticalSolutions.Controllers.Base.BaseController - Statistical exception message - Exception has been thrown by the target of an invocation.
 2015-05-16 07:31:24,720 [7] ERROR StatisticalSolutions.Controllers.Base.BaseController - Statistical exception stack trace -    at System.RuntimeTypeHandle.CreateInstance(RuntimeType type, Boolean publicOnly, Boolean noCheck, Boolean& canBeCached, RuntimeMethodHandleInternal& ctor, Boolean& bNeedSecurityCheck)
   at System.RuntimeType.CreateInstanceSlow(Boolean publicOnly, Boolean skipCheckThis, Boolean fillCache, StackCrawlMark& stackMark)
   at System.RuntimeType.CreateInstanceDefaultCtor(Boolean publicOnly, Boolean skipCheckThis, Boolean fillCache, StackCrawlMark& stackMark)
   at System.Activator.CreateInstance(Type type, Boolean nonPublic)
   at System.Activator.CreateInstance(Type type)
   at System.Threading.LazyHelpers`1.ActivatorFactorySelector()
   at System.Threading.LazyInitializer.EnsureInitializedCore[T](T& target, Boolean& initialized, Object& syncLock, Func`1 valueFactory)
   at System.Threading.LazyInitializer.EnsureInitialized[T](T& target, Boolean& initialized, Object& syncLock)
   at StatisticalSolutions.Filters.InitializeSimpleMembershipAttribute.OnActionExecuting(ActionExecutingContext filterContext) in e:\Ola Projects\3rdPartyProjects\StatisticalSolutions\StatisticalSolutions\Filters\InitializeSimpleMembershipAttribute.cs:line 23
   at System.Web.Mvc.Async.AsyncControllerActionInvoker.InvokeActionMethodFilterAsynchronously(IActionFilter filter, ActionExecutingContext preContext, Func`1 nextInChain)
   at System.Web.Mvc.Async.AsyncControllerActionInvoker.InvokeActionMethodFilterAsynchronously(IActionFilter filter, ActionExecutingContext preContext, Func`1 nextInChain)
   at System.Web.Mvc.Async.AsyncControllerActionInvoker.<>c__DisplayClass37.<BeginInvokeActionMethodWithFilters>b__31(AsyncCallback asyncCallback, Object asyncState)
   at System.Web.Mvc.Async.AsyncResultWrapper.WrappedAsyncResult`1.Begin(AsyncCallback callback, Object state, Int32 timeout)
   at System.Web.Mvc.Async.AsyncResultWrapper.Begin[TResult](AsyncCallback callback, Object state, BeginInvokeDelegate beginDelegate, EndInvokeDelegate`1 endDelegate, Object tag, Int32 timeout)
   at System.Web.Mvc.Async.AsyncResultWrapper.Begin[TResult](AsyncCallback callback, Object state, BeginInvokeDelegate beginDelegate, EndInvokeDelegate`1 endDelegate, Object tag)
   at System.Web.Mvc.Async.AsyncControllerActionInvoker.<>c__DisplayClass25.<BeginInvokeAction>b__1e(AsyncCallback asyncCallback, Object asyncState)
 2015-05-16 07:31:24,725 [8] INFO  StatisticalSolutions.Controllers.Base.BaseController - Application URL - /StatisticalSolutions/Base/StatisticalError 
 2015-05-16 07:31:24,726 [8] INFO  StatisticalSolutions.Controllers.Base.BaseController - Application URL - /StatisticalSolutions/Base/StatisticalError 
 2015-05-16 07:31:24,726 [8] ERROR StatisticalSolutions.Controllers.Base.BaseController - Statistical exception message - Exception has been thrown by the target of an invocation.
 2015-05-16 07:31:24,726 [8] ERROR StatisticalSolutions.Controllers.Base.BaseController - Statistical exception stack trace -    at System.RuntimeTypeHandle.CreateInstance(RuntimeType type, Boolean publicOnly, Boolean noCheck, Boolean& canBeCached, RuntimeMethodHandleInternal& ctor, Boolean& bNeedSecurityCheck)
   at System.RuntimeType.CreateInstanceSlow(Boolean publicOnly, Boolean skipCheckThis, Boolean fillCache, StackCrawlMark& stackMark)
   at System.RuntimeType.CreateInstanceDefaultCtor(Boolean publicOnly, Boolean skipCheckThis, Boolean fillCache, StackCrawlMark& stackMark)
   at System.Activator.CreateInstance(Type type, Boolean nonPublic)
   at System.Activator.CreateInstance(Type type)
   at System.Threading.LazyHelpers`1.ActivatorFactorySelector()
   at System.Threading.LazyInitializer.EnsureInitializedCore[T](T& target, Boolean& initialized, Object& syncLock, Func`1 valueFactory)
   at System.Threading.LazyInitializer.EnsureInitialized[T](T& target, Boolean& initialized, Object& syncLock)
   at StatisticalSolutions.Filters.InitializeSimpleMembershipAttribute.OnActionExecuting(ActionExecutingContext filterContext) in e:\Ola Projects\3rdPartyProjects\StatisticalSolutions\StatisticalSolutions\Filters\InitializeSimpleMembershipAttribute.cs:line 23
   at System.Web.Mvc.Async.AsyncControllerActionInvoker.InvokeActionMethodFilterAsynchronously(IActionFilter filter, ActionExecutingContext preContext, Func`1 nextInChain)
   at System.Web.Mvc.Async.AsyncControllerActionInvoker.InvokeActionMethodFilterAsynchronously(IActionFilter filter, ActionExecutingContext preContext, Func`1 nextInChain)
   at System.Web.Mvc.Async.AsyncControllerActionInvoker.<>c__DisplayClass37.<BeginInvokeActionMethodWithFilters>b__31(AsyncCallback asyncCallback, Object asyncState)
   at System.Web.Mvc.Async.AsyncResultWrapper.WrappedAsyncResult`1.Begin(AsyncCallback callback, Object state, Int32 timeout)
   at System.Web.Mvc.Async.AsyncResultWrapper.Begin[TResult](AsyncCallback callback, Object state, BeginInvokeDelegate beginDelegate, EndInvokeDelegate`1 endDelegate, Object tag, Int32 timeout)
   at System.Web.Mvc.Async.AsyncResultWrapper.Begin[TResult](AsyncCallback callback, Object state, BeginInvokeDelegate beginDelegate, EndInvokeDelegate`1 endDelegate, Object tag)
   at System.Web.Mvc.Async.AsyncControllerActionInvoker.<>c__DisplayClass25.<BeginInvokeAction>b__1e(AsyncCallback asyncCallback, Object asyncState)
 2015-05-16 07:31:24,733 [12] INFO  StatisticalSolutions.Controllers.Base.BaseController - Application URL - /StatisticalSolutions/Base/StatisticalError 
 2015-05-16 07:31:24,734 [12] INFO  StatisticalSolutions.Controllers.Base.BaseController - Application URL - /StatisticalSolutions/Base/StatisticalError 
 2015-05-16 07:31:24,734 [12] ERROR StatisticalSolutions.Controllers.Base.BaseController - Statistical exception message - Exception has been thrown by the target of an invocation.
 2015-05-16 07:31:24,734 [12] ERROR StatisticalSolutions.Controllers.Base.BaseController - Statistical exception stack trace -    at System.RuntimeTypeHandle.CreateInstance(RuntimeType type, Boolean publicOnly, Boolean noCheck, Boolean& canBeCached, RuntimeMethodHandleInternal& ctor, Boolean& bNeedSecurityCheck)
   at System.RuntimeType.CreateInstanceSlow(Boolean publicOnly, Boolean skipCheckThis, Boolean fillCache, StackCrawlMark& stackMark)
   at System.RuntimeType.CreateInstanceDefaultCtor(Boolean publicOnly, Boolean skipCheckThis, Boolean fillCache, StackCrawlMark& stackMark)
   at System.Activator.CreateInstance(Type type, Boolean nonPublic)
   at System.Activator.CreateInstance(Type type)
   at System.Threading.LazyHelpers`1.ActivatorFactorySelector()
   at System.Threading.LazyInitializer.EnsureInitializedCore[T](T& target, Boolean& initialized, Object& syncLock, Func`1 valueFactory)
   at System.Threading.LazyInitializer.EnsureInitialized[T](T& target, Boolean& initialized, Object& syncLock)
   at StatisticalSolutions.Filters.InitializeSimpleMembershipAttribute.OnActionExecuting(ActionExecutingContext filterContext) in e:\Ola Projects\3rdPartyProjects\StatisticalSolutions\StatisticalSolutions\Filters\InitializeSimpleMembershipAttribute.cs:line 23
   at System.Web.Mvc.Async.AsyncControllerActionInvoker.InvokeActionMethodFilterAsynchronously(IActionFilter filter, ActionExecutingContext preContext, Func`1 nextInChain)
   at System.Web.Mvc.Async.AsyncControllerActionInvoker.InvokeActionMethodFilterAsynchronously(IActionFilter filter, ActionExecutingContext preContext, Func`1 nextInChain)
   at System.Web.Mvc.Async.AsyncControllerActionInvoker.<>c__DisplayClass37.<BeginInvokeActionMethodWithFilters>b__31(AsyncCallback asyncCallback, Object asyncState)
   at System.Web.Mvc.Async.AsyncResultWrapper.WrappedAsyncResult`1.Begin(AsyncCallback callback, Object state, Int32 timeout)
   at System.Web.Mvc.Async.AsyncResultWrapper.Begin[TResult](AsyncCallback callback, Object state, BeginInvokeDelegate beginDelegate, EndInvokeDelegate`1 endDelegate, Object tag, Int32 timeout)
   at System.Web.Mvc.Async.AsyncResultWrapper.Begin[TResult](AsyncCallback callback, Object state, BeginInvokeDelegate beginDelegate, EndInvokeDelegate`1 endDelegate, Object tag)
   at System.Web.Mvc.Async.AsyncControllerActionInvoker.<>c__DisplayClass25.<BeginInvokeAction>b__1e(AsyncCallback asyncCallback, Object asyncState)
 2015-05-16 07:31:24,740 [7] INFO  StatisticalSolutions.Controllers.Base.BaseController - Application URL - /StatisticalSolutions/Base/StatisticalError 
 2015-05-16 07:31:24,741 [7] INFO  StatisticalSolutions.Controllers.Base.BaseController - Application URL - /StatisticalSolutions/Base/StatisticalError 
 2015-05-16 07:31:24,741 [7] ERROR StatisticalSolutions.Controllers.Base.BaseController - Statistical exception message - Exception has been thrown by the target of an invocation.
 2015-05-16 07:31:24,741 [7] ERROR StatisticalSolutions.Controllers.Base.BaseController - Statistical exception stack trace -    at System.RuntimeTypeHandle.CreateInstance(RuntimeType type, Boolean publicOnly, Boolean noCheck, Boolean& canBeCached, RuntimeMethodHandleInternal& ctor, Boolean& bNeedSecurityCheck)
   at System.RuntimeType.CreateInstanceSlow(Boolean publicOnly, Boolean skipCheckThis, Boolean fillCache, StackCrawlMark& stackMark)
   at System.RuntimeType.CreateInstanceDefaultCtor(Boolean publicOnly, Boolean skipCheckThis, Boolean fillCache, StackCrawlMark& stackMark)
   at System.Activator.CreateInstance(Type type, Boolean nonPublic)
   at System.Activator.CreateInstance(Type type)
   at System.Threading.LazyHelpers`1.ActivatorFactorySelector()
   at System.Threading.LazyInitializer.EnsureInitializedCore[T](T& target, Boolean& initialized, Object& syncLock, Func`1 valueFactory)
   at System.Threading.LazyInitializer.EnsureInitialized[T](T& target, Boolean& initialized, Object& syncLock)
   at StatisticalSolutions.Filters.InitializeSimpleMembershipAttribute.OnActionExecuting(ActionExecutingContext filterContext) in e:\Ola Projects\3rdPartyProjects\StatisticalSolutions\StatisticalSolutions\Filters\InitializeSimpleMembershipAttribute.cs:line 23
   at System.Web.Mvc.Async.AsyncControllerActionInvoker.InvokeActionMethodFilterAsynchronously(IActionFilter filter, ActionExecutingContext preContext, Func`1 nextInChain)
   at System.Web.Mvc.Async.AsyncControllerActionInvoker.InvokeActionMethodFilterAsynchronously(IActionFilter filter, ActionExecutingContext preContext, Func`1 nextInChain)
   at System.Web.Mvc.Async.AsyncControllerActionInvoker.<>c__DisplayClass37.<BeginInvokeActionMethodWithFilters>b__31(AsyncCallback asyncCallback, Object asyncState)
   at System.Web.Mvc.Async.AsyncResultWrapper.WrappedAsyncResult`1.Begin(AsyncCallback callback, Object state, Int32 timeout)
   at System.Web.Mvc.Async.AsyncResultWrapper.Begin[TResult](AsyncCallback callback, Object state, BeginInvokeDelegate beginDelegate, EndInvokeDelegate`1 endDelegate, Object tag, Int32 timeout)
   at System.Web.Mvc.Async.AsyncResultWrapper.Begin[TResult](AsyncCallback callback, Object state, BeginInvokeDelegate beginDelegate, EndInvokeDelegate`1 endDelegate, Object tag)
   at System.Web.Mvc.Async.AsyncControllerActionInvoker.<>c__DisplayClass25.<BeginInvokeAction>b__1e(AsyncCallback asyncCallback, Object asyncState)
 2015-05-16 07:31:24,749 [6] INFO  StatisticalSolutions.Controllers.Base.BaseController - Application URL - /StatisticalSolutions/Base/StatisticalError 
 2015-05-16 07:31:24,750 [6] INFO  StatisticalSolutions.Controllers.Base.BaseController - Application URL - /StatisticalSolutions/Base/StatisticalError 
 2015-05-16 07:31:24,750 [6] ERROR StatisticalSolutions.Controllers.Base.BaseController - Statistical exception message - Exception has been thrown by the target of an invocation.
 2015-05-16 07:31:24,750 [6] ERROR StatisticalSolutions.Controllers.Base.BaseController - Statistical exception stack trace -    at System.RuntimeTypeHandle.CreateInstance(RuntimeType type, Boolean publicOnly, Boolean noCheck, Boolean& canBeCached, RuntimeMethodHandleInternal& ctor, Boolean& bNeedSecurityCheck)
   at System.RuntimeType.CreateInstanceSlow(Boolean publicOnly, Boolean skipCheckThis, Boolean fillCache, StackCrawlMark& stackMark)
   at System.RuntimeType.CreateInstanceDefaultCtor(Boolean publicOnly, Boolean skipCheckThis, Boolean fillCache, StackCrawlMark& stackMark)
   at System.Activator.CreateInstance(Type type, Boolean nonPublic)
   at System.Activator.CreateInstance(Type type)
   at System.Threading.LazyHelpers`1.ActivatorFactorySelector()
   at System.Threading.LazyInitializer.EnsureInitializedCore[T](T& target, Boolean& initialized, Object& syncLock, Func`1 valueFactory)
   at System.Threading.LazyInitializer.EnsureInitialized[T](T& target, Boolean& initialized, Object& syncLock)
   at StatisticalSolutions.Filters.InitializeSimpleMembershipAttribute.OnActionExecuting(ActionExecutingContext filterContext) in e:\Ola Projects\3rdPartyProjects\StatisticalSolutions\StatisticalSolutions\Filters\InitializeSimpleMembershipAttribute.cs:line 23
   at System.Web.Mvc.Async.AsyncControllerActionInvoker.InvokeActionMethodFilterAsynchronously(IActionFilter filter, ActionExecutingContext preContext, Func`1 nextInChain)
   at System.Web.Mvc.Async.AsyncControllerActionInvoker.InvokeActionMethodFilterAsynchronously(IActionFilter filter, ActionExecutingContext preContext, Func`1 nextInChain)
   at System.Web.Mvc.Async.AsyncControllerActionInvoker.<>c__DisplayClass37.<BeginInvokeActionMethodWithFilters>b__31(AsyncCallback asyncCallback, Object asyncState)
   at System.Web.Mvc.Async.AsyncResultWrapper.WrappedAsyncResult`1.Begin(AsyncCallback callback, Object state, Int32 timeout)
   at System.Web.Mvc.Async.AsyncResultWrapper.Begin[TResult](AsyncCallback callback, Object state, BeginInvokeDelegate beginDelegate, EndInvokeDelegate`1 endDelegate, Object tag, Int32 timeout)
   at System.Web.Mvc.Async.AsyncResultWrapper.Begin[TResult](AsyncCallback callback, Object state, BeginInvokeDelegate beginDelegate, EndInvokeDelegate`1 endDelegate, Object tag)
   at System.Web.Mvc.Async.AsyncControllerActionInvoker.<>c__DisplayClass25.<BeginInvokeAction>b__1e(AsyncCallback asyncCallback, Object asyncState)
 2015-05-16 07:31:24,755 [5] INFO  StatisticalSolutions.Controllers.Base.BaseController - Application URL - /StatisticalSolutions/Base/StatisticalError 
 2015-05-16 07:31:24,756 [5] INFO  StatisticalSolutions.Controllers.Base.BaseController - Application URL - /StatisticalSolutions/Base/StatisticalError 
 2015-05-16 07:31:24,757 [5] ERROR StatisticalSolutions.Controllers.Base.BaseController - Statistical exception message - Exception has been thrown by the target of an invocation.
 2015-05-16 07:31:24,757 [5] ERROR StatisticalSolutions.Controllers.Base.BaseController - Statistical exception stack trace -    at System.RuntimeTypeHandle.CreateInstance(RuntimeType type, Boolean publicOnly, Boolean noCheck, Boolean& canBeCached, RuntimeMethodHandleInternal& ctor, Boolean& bNeedSecurityCheck)
   at System.RuntimeType.CreateInstanceSlow(Boolean publicOnly, Boolean skipCheckThis, Boolean fillCache, StackCrawlMark& stackMark)
   at System.RuntimeType.CreateInstanceDefaultCtor(Boolean publicOnly, Boolean skipCheckThis, Boolean fillCache, StackCrawlMark& stackMark)
   at System.Activator.CreateInstance(Type type, Boolean nonPublic)
   at System.Activator.CreateInstance(Type type)
   at System.Threading.LazyHelpers`1.ActivatorFactorySelector()
   at System.Threading.LazyInitializer.EnsureInitializedCore[T](T& target, Boolean& initialized, Object& syncLock, Func`1 valueFactory)
   at System.Threading.LazyInitializer.EnsureInitialized[T](T& target, Boolean& initialized, Object& syncLock)
   at StatisticalSolutions.Filters.InitializeSimpleMembershipAttribute.OnActionExecuting(ActionExecutingContext filterContext) in e:\Ola Projects\3rdPartyProjects\StatisticalSolutions\StatisticalSolutions\Filters\InitializeSimpleMembershipAttribute.cs:line 23
   at System.Web.Mvc.Async.AsyncControllerActionInvoker.InvokeActionMethodFilterAsynchronously(IActionFilter filter, ActionExecutingContext preContext, Func`1 nextInChain)
   at System.Web.Mvc.Async.AsyncControllerActionInvoker.InvokeActionMethodFilterAsynchronously(IActionFilter filter, ActionExecutingContext preContext, Func`1 nextInChain)
   at System.Web.Mvc.Async.AsyncControllerActionInvoker.<>c__DisplayClass37.<BeginInvokeActionMethodWithFilters>b__31(AsyncCallback asyncCallback, Object asyncState)
   at System.Web.Mvc.Async.AsyncResultWrapper.WrappedAsyncResult`1.Begin(AsyncCallback callback, Object state, Int32 timeout)
   at System.Web.Mvc.Async.AsyncResultWrapper.Begin[TResult](AsyncCallback callback, Object state, BeginInvokeDelegate beginDelegate, EndInvokeDelegate`1 endDelegate, Object tag, Int32 timeout)
   at System.Web.Mvc.Async.AsyncResultWrapper.Begin[TResult](AsyncCallback callback, Object state, BeginInvokeDelegate beginDelegate, EndInvokeDelegate`1 endDelegate, Object tag)
   at System.Web.Mvc.Async.AsyncControllerActionInvoker.<>c__DisplayClass25.<BeginInvokeAction>b__1e(AsyncCallback asyncCallback, Object asyncState)
 2015-05-16 07:31:24,764 [12] INFO  StatisticalSolutions.Controllers.Base.BaseController - Application URL - /StatisticalSolutions/Base/StatisticalError 
 2015-05-16 07:31:24,765 [12] INFO  StatisticalSolutions.Controllers.Base.BaseController - Application URL - /StatisticalSolutions/Base/StatisticalError 
 2015-05-16 07:31:24,766 [12] ERROR StatisticalSolutions.Controllers.Base.BaseController - Statistical exception message - Exception has been thrown by the target of an invocation.
 2015-05-16 07:31:24,766 [12] ERROR StatisticalSolutions.Controllers.Base.BaseController - Statistical exception stack trace -    at System.RuntimeTypeHandle.CreateInstance(RuntimeType type, Boolean publicOnly, Boolean noCheck, Boolean& canBeCached, RuntimeMethodHandleInternal& ctor, Boolean& bNeedSecurityCheck)
   at System.RuntimeType.CreateInstanceSlow(Boolean publicOnly, Boolean skipCheckThis, Boolean fillCache, StackCrawlMark& stackMark)
   at System.RuntimeType.CreateInstanceDefaultCtor(Boolean publicOnly, Boolean skipCheckThis, Boolean fillCache, StackCrawlMark& stackMark)
   at System.Activator.CreateInstance(Type type, Boolean nonPublic)
   at System.Activator.CreateInstance(Type type)
   at System.Threading.LazyHelpers`1.ActivatorFactorySelector()
   at System.Threading.LazyInitializer.EnsureInitializedCore[T](T& target, Boolean& initialized, Object& syncLock, Func`1 valueFactory)
   at System.Threading.LazyInitializer.EnsureInitialized[T](T& target, Boolean& initialized, Object& syncLock)
   at StatisticalSolutions.Filters.InitializeSimpleMembershipAttribute.OnActionExecuting(ActionExecutingContext filterContext) in e:\Ola Projects\3rdPartyProjects\StatisticalSolutions\StatisticalSolutions\Filters\InitializeSimpleMembershipAttribute.cs:line 23
   at System.Web.Mvc.Async.AsyncControllerActionInvoker.InvokeActionMethodFilterAsynchronously(IActionFilter filter, ActionExecutingContext preContext, Func`1 nextInChain)
   at System.Web.Mvc.Async.AsyncControllerActionInvoker.InvokeActionMethodFilterAsynchronously(IActionFilter filter, ActionExecutingContext preContext, Func`1 nextInChain)
   at System.Web.Mvc.Async.AsyncControllerActionInvoker.<>c__DisplayClass37.<BeginInvokeActionMethodWithFilters>b__31(AsyncCallback asyncCallback, Object asyncState)
   at System.Web.Mvc.Async.AsyncResultWrapper.WrappedAsyncResult`1.Begin(AsyncCallback callback, Object state, Int32 timeout)
   at System.Web.Mvc.Async.AsyncResultWrapper.Begin[TResult](AsyncCallback callback, Object state, BeginInvokeDelegate beginDelegate, EndInvokeDelegate`1 endDelegate, Object tag, Int32 timeout)
   at System.Web.Mvc.Async.AsyncResultWrapper.Begin[TResult](AsyncCallback callback, Object state, BeginInvokeDelegate beginDelegate, EndInvokeDelegate`1 endDelegate, Object tag)
   at System.Web.Mvc.Async.AsyncControllerActionInvoker.<>c__DisplayClass25.<BeginInvokeAction>b__1e(AsyncCallback asyncCallback, Object asyncState)
 2015-05-16 07:31:24,901 [7] INFO  StatisticalSolutions.Controllers.Base.BaseController - Application URL - /StatisticalSolutions/Base/StatisticalError 
 2015-05-16 07:31:24,902 [7] INFO  StatisticalSolutions.Controllers.Base.BaseController - Application URL - /StatisticalSolutions/Base/StatisticalError 
 2015-05-16 07:31:24,902 [7] ERROR StatisticalSolutions.Controllers.Base.BaseController - Statistical exception message - Exception has been thrown by the target of an invocation.
 2015-05-16 07:31:24,902 [7] ERROR StatisticalSolutions.Controllers.Base.BaseController - Statistical exception stack trace -    at System.RuntimeTypeHandle.CreateInstance(RuntimeType type, Boolean publicOnly, Boolean noCheck, Boolean& canBeCached, RuntimeMethodHandleInternal& ctor, Boolean& bNeedSecurityCheck)
   at System.RuntimeType.CreateInstanceSlow(Boolean publicOnly, Boolean skipCheckThis, Boolean fillCache, StackCrawlMark& stackMark)
   at System.RuntimeType.CreateInstanceDefaultCtor(Boolean publicOnly, Boolean skipCheckThis, Boolean fillCache, StackCrawlMark& stackMark)
   at System.Activator.CreateInstance(Type type, Boolean nonPublic)
   at System.Activator.CreateInstance(Type type)
   at System.Threading.LazyHelpers`1.ActivatorFactorySelector()
   at System.Threading.LazyInitializer.EnsureInitializedCore[T](T& target, Boolean& initialized, Object& syncLock, Func`1 valueFactory)
   at System.Threading.LazyInitializer.EnsureInitialized[T](T& target, Boolean& initialized, Object& syncLock)
   at StatisticalSolutions.Filters.InitializeSimpleMembershipAttribute.OnActionExecuting(ActionExecutingContext filterContext) in e:\Ola Projects\3rdPartyProjects\StatisticalSolutions\StatisticalSolutions\Filters\InitializeSimpleMembershipAttribute.cs:line 23
   at System.Web.Mvc.Async.AsyncControllerActionInvoker.InvokeActionMethodFilterAsynchronously(IActionFilter filter, ActionExecutingContext preContext, Func`1 nextInChain)
   at System.Web.Mvc.Async.AsyncControllerActionInvoker.InvokeActionMethodFilterAsynchronously(IActionFilter filter, ActionExecutingContext preContext, Func`1 nextInChain)
   at System.Web.Mvc.Async.AsyncControllerActionInvoker.<>c__DisplayClass37.<BeginInvokeActionMethodWithFilters>b__31(AsyncCallback asyncCallback, Object asyncState)
   at System.Web.Mvc.Async.AsyncResultWrapper.WrappedAsyncResult`1.Begin(AsyncCallback callback, Object state, Int32 timeout)
   at System.Web.Mvc.Async.AsyncResultWrapper.Begin[TResult](AsyncCallback callback, Object state, BeginInvokeDelegate beginDelegate, EndInvokeDelegate`1 endDelegate, Object tag, Int32 timeout)
   at System.Web.Mvc.Async.AsyncResultWrapper.Begin[TResult](AsyncCallback callback, Object state, BeginInvokeDelegate beginDelegate, EndInvokeDelegate`1 endDelegate, Object tag)
   at System.Web.Mvc.Async.AsyncControllerActionInvoker.<>c__DisplayClass25.<BeginInvokeAction>b__1e(AsyncCallback asyncCallback, Object asyncState)
 2015-05-16 07:31:24,926 [6] INFO  StatisticalSolutions.Controllers.Base.BaseController - Application URL - /StatisticalSolutions/Base/StatisticalError 
 2015-05-16 07:31:24,927 [6] INFO  StatisticalSolutions.Controllers.Base.BaseController - Application URL - /StatisticalSolutions/Base/StatisticalError 
 2015-05-16 07:31:24,928 [6] ERROR StatisticalSolutions.Controllers.Base.BaseController - Statistical exception message - Exception has been thrown by the target of an invocation.
 2015-05-16 07:31:24,928 [6] ERROR StatisticalSolutions.Controllers.Base.BaseController - Statistical exception stack trace -    at System.RuntimeTypeHandle.CreateInstance(RuntimeType type, Boolean publicOnly, Boolean noCheck, Boolean& canBeCached, RuntimeMethodHandleInternal& ctor, Boolean& bNeedSecurityCheck)
   at System.RuntimeType.CreateInstanceSlow(Boolean publicOnly, Boolean skipCheckThis, Boolean fillCache, StackCrawlMark& stackMark)
   at System.RuntimeType.CreateInstanceDefaultCtor(Boolean publicOnly, Boolean skipCheckThis, Boolean fillCache, StackCrawlMark& stackMark)
   at System.Activator.CreateInstance(Type type, Boolean nonPublic)
   at System.Activator.CreateInstance(Type type)
   at System.Threading.LazyHelpers`1.ActivatorFactorySelector()
   at System.Threading.LazyInitializer.EnsureInitializedCore[T](T& target, Boolean& initialized, Object& syncLock, Func`1 valueFactory)
   at System.Threading.LazyInitializer.EnsureInitialized[T](T& target, Boolean& initialized, Object& syncLock)
   at StatisticalSolutions.Filters.InitializeSimpleMembershipAttribute.OnActionExecuting(ActionExecutingContext filterContext) in e:\Ola Projects\3rdPartyProjects\StatisticalSolutions\StatisticalSolutions\Filters\InitializeSimpleMembershipAttribute.cs:line 23
   at System.Web.Mvc.Async.AsyncControllerActionInvoker.InvokeActionMethodFilterAsynchronously(IActionFilter filter, ActionExecutingContext preContext, Func`1 nextInChain)
   at System.Web.Mvc.Async.AsyncControllerActionInvoker.InvokeActionMethodFilterAsynchronously(IActionFilter filter, ActionExecutingContext preContext, Func`1 nextInChain)
   at System.Web.Mvc.Async.AsyncControllerActionInvoker.<>c__DisplayClass37.<BeginInvokeActionMethodWithFilters>b__31(AsyncCallback asyncCallback, Object asyncState)
   at System.Web.Mvc.Async.AsyncResultWrapper.WrappedAsyncResult`1.Begin(AsyncCallback callback, Object state, Int32 timeout)
   at System.Web.Mvc.Async.AsyncResultWrapper.Begin[TResult](AsyncCallback callback, Object state, BeginInvokeDelegate beginDelegate, EndInvokeDelegate`1 endDelegate, Object tag, Int32 timeout)
   at System.Web.Mvc.Async.AsyncResultWrapper.Begin[TResult](AsyncCallback callback, Object state, BeginInvokeDelegate beginDelegate, EndInvokeDelegate`1 endDelegate, Object tag)
   at System.Web.Mvc.Async.AsyncControllerActionInvoker.<>c__DisplayClass25.<BeginInvokeAction>b__1e(AsyncCallback asyncCallback, Object asyncState)
 2015-05-16 07:31:24,936 [12] INFO  StatisticalSolutions.Controllers.Base.BaseController - Application URL - /StatisticalSolutions/Base/StatisticalError 
 2015-05-16 07:31:24,938 [12] INFO  StatisticalSolutions.Controllers.Base.BaseController - Application URL - /StatisticalSolutions/Base/StatisticalError 
 2015-05-16 07:31:24,938 [12] ERROR StatisticalSolutions.Controllers.Base.BaseController - Statistical exception message - Exception has been thrown by the target of an invocation.
 2015-05-16 07:31:24,939 [12] ERROR StatisticalSolutions.Controllers.Base.BaseController - Statistical exception stack trace -    at System.RuntimeTypeHandle.CreateInstance(RuntimeType type, Boolean publicOnly, Boolean noCheck, Boolean& canBeCached, RuntimeMethodHandleInternal& ctor, Boolean& bNeedSecurityCheck)
   at System.RuntimeType.CreateInstanceSlow(Boolean publicOnly, Boolean skipCheckThis, Boolean fillCache, StackCrawlMark& stackMark)
   at System.RuntimeType.CreateInstanceDefaultCtor(Boolean publicOnly, Boolean skipCheckThis, Boolean fillCache, StackCrawlMark& stackMark)
   at System.Activator.CreateInstance(Type type, Boolean nonPublic)
   at System.Activator.CreateInstance(Type type)
   at System.Threading.LazyHelpers`1.ActivatorFactorySelector()
   at System.Threading.LazyInitializer.EnsureInitializedCore[T](T& target, Boolean& initialized, Object& syncLock, Func`1 valueFactory)
   at System.Threading.LazyInitializer.EnsureInitialized[T](T& target, Boolean& initialized, Object& syncLock)
   at StatisticalSolutions.Filters.InitializeSimpleMembershipAttribute.OnActionExecuting(ActionExecutingContext filterContext) in e:\Ola Projects\3rdPartyProjects\StatisticalSolutions\StatisticalSolutions\Filters\InitializeSimpleMembershipAttribute.cs:line 23
   at System.Web.Mvc.Async.AsyncControllerActionInvoker.InvokeActionMethodFilterAsynchronously(IActionFilter filter, ActionExecutingContext preContext, Func`1 nextInChain)
   at System.Web.Mvc.Async.AsyncControllerActionInvoker.InvokeActionMethodFilterAsynchronously(IActionFilter filter, ActionExecutingContext preContext, Func`1 nextInChain)
   at System.Web.Mvc.Async.AsyncControllerActionInvoker.<>c__DisplayClass37.<BeginInvokeActionMethodWithFilters>b__31(AsyncCallback asyncCallback, Object asyncState)
   at System.Web.Mvc.Async.AsyncResultWrapper.WrappedAsyncResult`1.Begin(AsyncCallback callback, Object state, Int32 timeout)
   at System.Web.Mvc.Async.AsyncResultWrapper.Begin[TResult](AsyncCallback callback, Object state, BeginInvokeDelegate beginDelegate, EndInvokeDelegate`1 endDelegate, Object tag, Int32 timeout)
   at System.Web.Mvc.Async.AsyncResultWrapper.Begin[TResult](AsyncCallback callback, Object state, BeginInvokeDelegate beginDelegate, EndInvokeDelegate`1 endDelegate, Object tag)
   at System.Web.Mvc.Async.AsyncControllerActionInvoker.<>c__DisplayClass25.<BeginInvokeAction>b__1e(AsyncCallback asyncCallback, Object asyncState)
 2015-05-16 07:31:24,947 [7] INFO  StatisticalSolutions.Controllers.Base.BaseController - Application URL - /StatisticalSolutions/Base/StatisticalError 
 2015-05-16 07:31:24,948 [7] INFO  StatisticalSolutions.Controllers.Base.BaseController - Application URL - /StatisticalSolutions/Base/StatisticalError 
 2015-05-16 07:31:24,949 [7] ERROR StatisticalSolutions.Controllers.Base.BaseController - Statistical exception message - Exception has been thrown by the target of an invocation.
 2015-05-16 07:31:24,949 [7] ERROR StatisticalSolutions.Controllers.Base.BaseController - Statistical exception stack trace -    at System.RuntimeTypeHandle.CreateInstance(RuntimeType type, Boolean publicOnly, Boolean noCheck, Boolean& canBeCached, RuntimeMethodHandleInternal& ctor, Boolean& bNeedSecurityCheck)
   at System.RuntimeType.CreateInstanceSlow(Boolean publicOnly, Boolean skipCheckThis, Boolean fillCache, StackCrawlMark& stackMark)
   at System.RuntimeType.CreateInstanceDefaultCtor(Boolean publicOnly, Boolean skipCheckThis, Boolean fillCache, StackCrawlMark& stackMark)
   at System.Activator.CreateInstance(Type type, Boolean nonPublic)
   at System.Activator.CreateInstance(Type type)
   at System.Threading.LazyHelpers`1.ActivatorFactorySelector()
   at System.Threading.LazyInitializer.EnsureInitializedCore[T](T& target, Boolean& initialized, Object& syncLock, Func`1 valueFactory)
   at System.Threading.LazyInitializer.EnsureInitialized[T](T& target, Boolean& initialized, Object& syncLock)
   at StatisticalSolutions.Filters.InitializeSimpleMembershipAttribute.OnActionExecuting(ActionExecutingContext filterContext) in e:\Ola Projects\3rdPartyProjects\StatisticalSolutions\StatisticalSolutions\Filters\InitializeSimpleMembershipAttribute.cs:line 23
   at System.Web.Mvc.Async.AsyncControllerActionInvoker.InvokeActionMethodFilterAsynchronously(IActionFilter filter, ActionExecutingContext preContext, Func`1 nextInChain)
   at System.Web.Mvc.Async.AsyncControllerActionInvoker.InvokeActionMethodFilterAsynchronously(IActionFilter filter, ActionExecutingContext preContext, Func`1 nextInChain)
   at System.Web.Mvc.Async.AsyncControllerActionInvoker.<>c__DisplayClass37.<BeginInvokeActionMethodWithFilters>b__31(AsyncCallback asyncCallback, Object asyncState)
   at System.Web.Mvc.Async.AsyncResultWrapper.WrappedAsyncResult`1.Begin(AsyncCallback callback, Object state, Int32 timeout)
   at System.Web.Mvc.Async.AsyncResultWrapper.Begin[TResult](AsyncCallback callback, Object state, BeginInvokeDelegate beginDelegate, EndInvokeDelegate`1 endDelegate, Object tag, Int32 timeout)
   at System.Web.Mvc.Async.AsyncResultWrapper.Begin[TResult](AsyncCallback callback, Object state, BeginInvokeDelegate beginDelegate, EndInvokeDelegate`1 endDelegate, Object tag)
   at System.Web.Mvc.Async.AsyncControllerActionInvoker.<>c__DisplayClass25.<BeginInvokeAction>b__1e(AsyncCallback asyncCallback, Object asyncState)
 2015-05-16 07:31:24,956 [6] INFO  StatisticalSolutions.Controllers.Base.BaseController - Application URL - /StatisticalSolutions/Base/StatisticalError 
 2015-05-16 07:31:24,957 [6] INFO  StatisticalSolutions.Controllers.Base.BaseController - Application URL - /StatisticalSolutions/Base/StatisticalError 
 2015-05-16 07:31:24,957 [6] ERROR StatisticalSolutions.Controllers.Base.BaseController - Statistical exception message - Exception has been thrown by the target of an invocation.
 2015-05-16 07:31:24,957 [6] ERROR StatisticalSolutions.Controllers.Base.BaseController - Statistical exception stack trace -    at System.RuntimeTypeHandle.CreateInstance(RuntimeType type, Boolean publicOnly, Boolean noCheck, Boolean& canBeCached, RuntimeMethodHandleInternal& ctor, Boolean& bNeedSecurityCheck)
   at System.RuntimeType.CreateInstanceSlow(Boolean publicOnly, Boolean skipCheckThis, Boolean fillCache, StackCrawlMark& stackMark)
   at System.RuntimeType.CreateInstanceDefaultCtor(Boolean publicOnly, Boolean skipCheckThis, Boolean fillCache, StackCrawlMark& stackMark)
   at System.Activator.CreateInstance(Type type, Boolean nonPublic)
   at System.Activator.CreateInstance(Type type)
   at System.Threading.LazyHelpers`1.ActivatorFactorySelector()
   at System.Threading.LazyInitializer.EnsureInitializedCore[T](T& target, Boolean& initialized, Object& syncLock, Func`1 valueFactory)
   at System.Threading.LazyInitializer.EnsureInitialized[T](T& target, Boolean& initialized, Object& syncLock)
   at StatisticalSolutions.Filters.InitializeSimpleMembershipAttribute.OnActionExecuting(ActionExecutingContext filterContext) in e:\Ola Projects\3rdPartyProjects\StatisticalSolutions\StatisticalSolutions\Filters\InitializeSimpleMembershipAttribute.cs:line 23
   at System.Web.Mvc.Async.AsyncControllerActionInvoker.InvokeActionMethodFilterAsynchronously(IActionFilter filter, ActionExecutingContext preContext, Func`1 nextInChain)
   at System.Web.Mvc.Async.AsyncControllerActionInvoker.InvokeActionMethodFilterAsynchronously(IActionFilter filter, ActionExecutingContext preContext, Func`1 nextInChain)
   at System.Web.Mvc.Async.AsyncControllerActionInvoker.<>c__DisplayClass37.<BeginInvokeActionMethodWithFilters>b__31(AsyncCallback asyncCallback, Object asyncState)
   at System.Web.Mvc.Async.AsyncResultWrapper.WrappedAsyncResult`1.Begin(AsyncCallback callback, Object state, Int32 timeout)
   at System.Web.Mvc.Async.AsyncResultWrapper.Begin[TResult](AsyncCallback callback, Object state, BeginInvokeDelegate beginDelegate, EndInvokeDelegate`1 endDelegate, Object tag, Int32 timeout)
   at System.Web.Mvc.Async.AsyncResultWrapper.Begin[TResult](AsyncCallback callback, Object state, BeginInvokeDelegate beginDelegate, EndInvokeDelegate`1 endDelegate, Object tag)
   at System.Web.Mvc.Async.AsyncControllerActionInvoker.<>c__DisplayClass25.<BeginInvokeAction>b__1e(AsyncCallback asyncCallback, Object asyncState)
 2015-05-16 07:31:24,965 [5] INFO  StatisticalSolutions.Controllers.Base.BaseController - Application URL - /StatisticalSolutions/Base/StatisticalError 
 2015-05-16 07:31:24,966 [5] INFO  StatisticalSolutions.Controllers.Base.BaseController - Application URL - /StatisticalSolutions/Base/StatisticalError 
 2015-05-16 07:31:24,966 [5] ERROR StatisticalSolutions.Controllers.Base.BaseController - Statistical exception message - Exception has been thrown by the target of an invocation.
 2015-05-16 07:31:24,966 [5] ERROR StatisticalSolutions.Controllers.Base.BaseController - Statistical exception stack trace -    at System.RuntimeTypeHandle.CreateInstance(RuntimeType type, Boolean publicOnly, Boolean noCheck, Boolean& canBeCached, RuntimeMethodHandleInternal& ctor, Boolean& bNeedSecurityCheck)
   at System.RuntimeType.CreateInstanceSlow(Boolean publicOnly, Boolean skipCheckThis, Boolean fillCache, StackCrawlMark& stackMark)
   at System.RuntimeType.CreateInstanceDefaultCtor(Boolean publicOnly, Boolean skipCheckThis, Boolean fillCache, StackCrawlMark& stackMark)
   at System.Activator.CreateInstance(Type type, Boolean nonPublic)
   at System.Activator.CreateInstance(Type type)
   at System.Threading.LazyHelpers`1.ActivatorFactorySelector()
   at System.Threading.LazyInitializer.EnsureInitializedCore[T](T& target, Boolean& initialized, Object& syncLock, Func`1 valueFactory)
   at System.Threading.LazyInitializer.EnsureInitialized[T](T& target, Boolean& initialized, Object& syncLock)
   at StatisticalSolutions.Filters.InitializeSimpleMembershipAttribute.OnActionExecuting(ActionExecutingContext filterContext) in e:\Ola Projects\3rdPartyProjects\StatisticalSolutions\StatisticalSolutions\Filters\InitializeSimpleMembershipAttribute.cs:line 23
   at System.Web.Mvc.Async.AsyncControllerActionInvoker.InvokeActionMethodFilterAsynchronously(IActionFilter filter, ActionExecutingContext preContext, Func`1 nextInChain)
   at System.Web.Mvc.Async.AsyncControllerActionInvoker.InvokeActionMethodFilterAsynchronously(IActionFilter filter, ActionExecutingContext preContext, Func`1 nextInChain)
   at System.Web.Mvc.Async.AsyncControllerActionInvoker.<>c__DisplayClass37.<BeginInvokeActionMethodWithFilters>b__31(AsyncCallback asyncCallback, Object asyncState)
   at System.Web.Mvc.Async.AsyncResultWrapper.WrappedAsyncResult`1.Begin(AsyncCallback callback, Object state, Int32 timeout)
   at System.Web.Mvc.Async.AsyncResultWrapper.Begin[TResult](AsyncCallback callback, Object state, BeginInvokeDelegate beginDelegate, EndInvokeDelegate`1 endDelegate, Object tag, Int32 timeout)
   at System.Web.Mvc.Async.AsyncResultWrapper.Begin[TResult](AsyncCallback callback, Object state, BeginInvokeDelegate beginDelegate, EndInvokeDelegate`1 endDelegate, Object tag)
   at System.Web.Mvc.Async.AsyncControllerActionInvoker.<>c__DisplayClass25.<BeginInvokeAction>b__1e(AsyncCallback asyncCallback, Object asyncState)
 2015-05-16 07:31:24,972 [7] INFO  StatisticalSolutions.Controllers.Base.BaseController - Application URL - /StatisticalSolutions/Base/StatisticalError 
 2015-05-16 07:31:24,973 [7] INFO  StatisticalSolutions.Controllers.Base.BaseController - Application URL - /StatisticalSolutions/Base/StatisticalError 
 2015-05-16 07:31:24,973 [7] ERROR StatisticalSolutions.Controllers.Base.BaseController - Statistical exception message - Exception has been thrown by the target of an invocation.
 2015-05-16 07:31:24,973 [7] ERROR StatisticalSolutions.Controllers.Base.BaseController - Statistical exception stack trace -    at System.RuntimeTypeHandle.CreateInstance(RuntimeType type, Boolean publicOnly, Boolean noCheck, Boolean& canBeCached, RuntimeMethodHandleInternal& ctor, Boolean& bNeedSecurityCheck)
   at System.RuntimeType.CreateInstanceSlow(Boolean publicOnly, Boolean skipCheckThis, Boolean fillCache, StackCrawlMark& stackMark)
   at System.RuntimeType.CreateInstanceDefaultCtor(Boolean publicOnly, Boolean skipCheckThis, Boolean fillCache, StackCrawlMark& stackMark)
   at System.Activator.CreateInstance(Type type, Boolean nonPublic)
   at System.Activator.CreateInstance(Type type)
   at System.Threading.LazyHelpers`1.ActivatorFactorySelector()
   at System.Threading.LazyInitializer.EnsureInitializedCore[T](T& target, Boolean& initialized, Object& syncLock, Func`1 valueFactory)
   at System.Threading.LazyInitializer.EnsureInitialized[T](T& target, Boolean& initialized, Object& syncLock)
   at StatisticalSolutions.Filters.InitializeSimpleMembershipAttribute.OnActionExecuting(ActionExecutingContext filterContext) in e:\Ola Projects\3rdPartyProjects\StatisticalSolutions\StatisticalSolutions\Filters\InitializeSimpleMembershipAttribute.cs:line 23
   at System.Web.Mvc.Async.AsyncControllerActionInvoker.InvokeActionMethodFilterAsynchronously(IActionFilter filter, ActionExecutingContext preContext, Func`1 nextInChain)
   at System.Web.Mvc.Async.AsyncControllerActionInvoker.InvokeActionMethodFilterAsynchronously(IActionFilter filter, ActionExecutingContext preContext, Func`1 nextInChain)
   at System.Web.Mvc.Async.AsyncControllerActionInvoker.<>c__DisplayClass37.<BeginInvokeActionMethodWithFilters>b__31(AsyncCallback asyncCallback, Object asyncState)
   at System.Web.Mvc.Async.AsyncResultWrapper.WrappedAsyncResult`1.Begin(AsyncCallback callback, Object state, Int32 timeout)
   at System.Web.Mvc.Async.AsyncResultWrapper.Begin[TResult](AsyncCallback callback, Object state, BeginInvokeDelegate beginDelegate, EndInvokeDelegate`1 endDelegate, Object tag, Int32 timeout)
   at System.Web.Mvc.Async.AsyncResultWrapper.Begin[TResult](AsyncCallback callback, Object state, BeginInvokeDelegate beginDelegate, EndInvokeDelegate`1 endDelegate, Object tag)
   at System.Web.Mvc.Async.AsyncControllerActionInvoker.<>c__DisplayClass25.<BeginInvokeAction>b__1e(AsyncCallback asyncCallback, Object asyncState)
 2015-05-16 07:31:24,979 [12] INFO  StatisticalSolutions.Controllers.Base.BaseController - Application URL - /StatisticalSolutions/Base/StatisticalError 
 2015-05-16 07:31:24,981 [12] INFO  StatisticalSolutions.Controllers.Base.BaseController - Application URL - /StatisticalSolutions/Base/StatisticalError 
 2015-05-16 07:31:24,981 [12] ERROR StatisticalSolutions.Controllers.Base.BaseController - Statistical exception message - Exception has been thrown by the target of an invocation.
 2015-05-16 07:31:24,982 [12] ERROR StatisticalSolutions.Controllers.Base.BaseController - Statistical exception stack trace -    at System.RuntimeTypeHandle.CreateInstance(RuntimeType type, Boolean publicOnly, Boolean noCheck, Boolean& canBeCached, RuntimeMethodHandleInternal& ctor, Boolean& bNeedSecurityCheck)
   at System.RuntimeType.CreateInstanceSlow(Boolean publicOnly, Boolean skipCheckThis, Boolean fillCache, StackCrawlMark& stackMark)
   at System.RuntimeType.CreateInstanceDefaultCtor(Boolean publicOnly, Boolean skipCheckThis, Boolean fillCache, StackCrawlMark& stackMark)
   at System.Activator.CreateInstance(Type type, Boolean nonPublic)
   at System.Activator.CreateInstance(Type type)
   at System.Threading.LazyHelpers`1.ActivatorFactorySelector()
   at System.Threading.LazyInitializer.EnsureInitializedCore[T](T& target, Boolean& initialized, Object& syncLock, Func`1 valueFactory)
   at System.Threading.LazyInitializer.EnsureInitialized[T](T& target, Boolean& initialized, Object& syncLock)
   at StatisticalSolutions.Filters.InitializeSimpleMembershipAttribute.OnActionExecuting(ActionExecutingContext filterContext) in e:\Ola Projects\3rdPartyProjects\StatisticalSolutions\StatisticalSolutions\Filters\InitializeSimpleMembershipAttribute.cs:line 23
   at System.Web.Mvc.Async.AsyncControllerActionInvoker.InvokeActionMethodFilterAsynchronously(IActionFilter filter, ActionExecutingContext preContext, Func`1 nextInChain)
   at System.Web.Mvc.Async.AsyncControllerActionInvoker.InvokeActionMethodFilterAsynchronously(IActionFilter filter, ActionExecutingContext preContext, Func`1 nextInChain)
   at System.Web.Mvc.Async.AsyncControllerActionInvoker.<>c__DisplayClass37.<BeginInvokeActionMethodWithFilters>b__31(AsyncCallback asyncCallback, Object asyncState)
   at System.Web.Mvc.Async.AsyncResultWrapper.WrappedAsyncResult`1.Begin(AsyncCallback callback, Object state, Int32 timeout)
   at System.Web.Mvc.Async.AsyncResultWrapper.Begin[TResult](AsyncCallback callback, Object state, BeginInvokeDelegate beginDelegate, EndInvokeDelegate`1 endDelegate, Object tag, Int32 timeout)
   at System.Web.Mvc.Async.AsyncResultWrapper.Begin[TResult](AsyncCallback callback, Object state, BeginInvokeDelegate beginDelegate, EndInvokeDelegate`1 endDelegate, Object tag)
   at System.Web.Mvc.Async.AsyncControllerActionInvoker.<>c__DisplayClass25.<BeginInvokeAction>b__1e(AsyncCallback asyncCallback, Object asyncState)
 2015-05-16 07:31:24,989 [5] INFO  StatisticalSolutions.Controllers.Base.BaseController - Application URL - /StatisticalSolutions/Base/StatisticalError 
 2015-05-16 07:31:24,990 [5] INFO  StatisticalSolutions.Controllers.Base.BaseController - Application URL - /StatisticalSolutions/Base/StatisticalError 
 2015-05-16 07:31:24,990 [5] ERROR StatisticalSolutions.Controllers.Base.BaseController - Statistical exception message - Exception has been thrown by the target of an invocation.
 2015-05-16 07:31:24,990 [5] ERROR StatisticalSolutions.Controllers.Base.BaseController - Statistical exception stack trace -    at System.RuntimeTypeHandle.CreateInstance(RuntimeType type, Boolean publicOnly, Boolean noCheck, Boolean& canBeCached, RuntimeMethodHandleInternal& ctor, Boolean& bNeedSecurityCheck)
   at System.RuntimeType.CreateInstanceSlow(Boolean publicOnly, Boolean skipCheckThis, Boolean fillCache, StackCrawlMark& stackMark)
   at System.RuntimeType.CreateInstanceDefaultCtor(Boolean publicOnly, Boolean skipCheckThis, Boolean fillCache, StackCrawlMark& stackMark)
   at System.Activator.CreateInstance(Type type, Boolean nonPublic)
   at System.Activator.CreateInstance(Type type)
   at System.Threading.LazyHelpers`1.ActivatorFactorySelector()
   at System.Threading.LazyInitializer.EnsureInitializedCore[T](T& target, Boolean& initialized, Object& syncLock, Func`1 valueFactory)
   at System.Threading.LazyInitializer.EnsureInitialized[T](T& target, Boolean& initialized, Object& syncLock)
   at StatisticalSolutions.Filters.InitializeSimpleMembershipAttribute.OnActionExecuting(ActionExecutingContext filterContext) in e:\Ola Projects\3rdPartyProjects\StatisticalSolutions\StatisticalSolutions\Filters\InitializeSimpleMembershipAttribute.cs:line 23
   at System.Web.Mvc.Async.AsyncControllerActionInvoker.InvokeActionMethodFilterAsynchronously(IActionFilter filter, ActionExecutingContext preContext, Func`1 nextInChain)
   at System.Web.Mvc.Async.AsyncControllerActionInvoker.InvokeActionMethodFilterAsynchronously(IActionFilter filter, ActionExecutingContext preContext, Func`1 nextInChain)
   at System.Web.Mvc.Async.AsyncControllerActionInvoker.<>c__DisplayClass37.<BeginInvokeActionMethodWithFilters>b__31(AsyncCallback asyncCallback, Object asyncState)
   at System.Web.Mvc.Async.AsyncResultWrapper.WrappedAsyncResult`1.Begin(AsyncCallback callback, Object state, Int32 timeout)
   at System.Web.Mvc.Async.AsyncResultWrapper.Begin[TResult](AsyncCallback callback, Object state, BeginInvokeDelegate beginDelegate, EndInvokeDelegate`1 endDelegate, Object tag, Int32 timeout)
   at System.Web.Mvc.Async.AsyncResultWrapper.Begin[TResult](AsyncCallback callback, Object state, BeginInvokeDelegate beginDelegate, EndInvokeDelegate`1 endDelegate, Object tag)
   at System.Web.Mvc.Async.AsyncControllerActionInvoker.<>c__DisplayClass25.<BeginInvokeAction>b__1e(AsyncCallback asyncCallback, Object asyncState)
 2015-05-16 07:31:25,006 [6] INFO  StatisticalSolutions.Controllers.Base.BaseController - Application URL - /StatisticalSolutions/Base/StatisticalError 
 2015-05-16 07:31:25,007 [6] INFO  StatisticalSolutions.Controllers.Base.BaseController - Application URL - /StatisticalSolutions/Base/StatisticalError 
 2015-05-16 07:31:25,008 [6] ERROR StatisticalSolutions.Controllers.Base.BaseController - Statistical exception message - Exception has been thrown by the target of an invocation.
 2015-05-16 07:31:25,008 [6] ERROR StatisticalSolutions.Controllers.Base.BaseController - Statistical exception stack trace -    at System.RuntimeTypeHandle.CreateInstance(RuntimeType type, Boolean publicOnly, Boolean noCheck, Boolean& canBeCached, RuntimeMethodHandleInternal& ctor, Boolean& bNeedSecurityCheck)
   at System.RuntimeType.CreateInstanceSlow(Boolean publicOnly, Boolean skipCheckThis, Boolean fillCache, StackCrawlMark& stackMark)
   at System.RuntimeType.CreateInstanceDefaultCtor(Boolean publicOnly, Boolean skipCheckThis, Boolean fillCache, StackCrawlMark& stackMark)
   at System.Activator.CreateInstance(Type type, Boolean nonPublic)
   at System.Activator.CreateInstance(Type type)
   at System.Threading.LazyHelpers`1.ActivatorFactorySelector()
   at System.Threading.LazyInitializer.EnsureInitializedCore[T](T& target, Boolean& initialized, Object& syncLock, Func`1 valueFactory)
   at System.Threading.LazyInitializer.EnsureInitialized[T](T& target, Boolean& initialized, Object& syncLock)
   at StatisticalSolutions.Filters.InitializeSimpleMembershipAttribute.OnActionExecuting(ActionExecutingContext filterContext) in e:\Ola Projects\3rdPartyProjects\StatisticalSolutions\StatisticalSolutions\Filters\InitializeSimpleMembershipAttribute.cs:line 23
   at System.Web.Mvc.Async.AsyncControllerActionInvoker.InvokeActionMethodFilterAsynchronously(IActionFilter filter, ActionExecutingContext preContext, Func`1 nextInChain)
   at System.Web.Mvc.Async.AsyncControllerActionInvoker.InvokeActionMethodFilterAsynchronously(IActionFilter filter, ActionExecutingContext preContext, Func`1 nextInChain)
   at System.Web.Mvc.Async.AsyncControllerActionInvoker.<>c__DisplayClass37.<BeginInvokeActionMethodWithFilters>b__31(AsyncCallback asyncCallback, Object asyncState)
   at System.Web.Mvc.Async.AsyncResultWrapper.WrappedAsyncResult`1.Begin(AsyncCallback callback, Object state, Int32 timeout)
   at System.Web.Mvc.Async.AsyncResultWrapper.Begin[TResult](AsyncCallback callback, Object state, BeginInvokeDelegate beginDelegate, EndInvokeDelegate`1 endDelegate, Object tag, Int32 timeout)
   at System.Web.Mvc.Async.AsyncResultWrapper.Begin[TResult](AsyncCallback callback, Object state, BeginInvokeDelegate beginDelegate, EndInvokeDelegate`1 endDelegate, Object tag)
   at System.Web.Mvc.Async.AsyncControllerActionInvoker.<>c__DisplayClass25.<BeginInvokeAction>b__1e(AsyncCallback asyncCallback, Object asyncState)
 2015-05-16 07:31:25,013 [12] INFO  StatisticalSolutions.Controllers.Base.BaseController - Application URL - /StatisticalSolutions/Base/StatisticalError 
 2015-05-16 07:31:25,014 [12] INFO  StatisticalSolutions.Controllers.Base.BaseController - Application URL - /StatisticalSolutions/Base/StatisticalError 
 2015-05-16 07:31:25,015 [12] ERROR StatisticalSolutions.Controllers.Base.BaseController - Statistical exception message - Exception has been thrown by the target of an invocation.
 2015-05-16 07:31:25,016 [12] ERROR StatisticalSolutions.Controllers.Base.BaseController - Statistical exception stack trace -    at System.RuntimeTypeHandle.CreateInstance(RuntimeType type, Boolean publicOnly, Boolean noCheck, Boolean& canBeCached, RuntimeMethodHandleInternal& ctor, Boolean& bNeedSecurityCheck)
   at System.RuntimeType.CreateInstanceSlow(Boolean publicOnly, Boolean skipCheckThis, Boolean fillCache, StackCrawlMark& stackMark)
   at System.RuntimeType.CreateInstanceDefaultCtor(Boolean publicOnly, Boolean skipCheckThis, Boolean fillCache, StackCrawlMark& stackMark)
   at System.Activator.CreateInstance(Type type, Boolean nonPublic)
   at System.Activator.CreateInstance(Type type)
   at System.Threading.LazyHelpers`1.ActivatorFactorySelector()
   at System.Threading.LazyInitializer.EnsureInitializedCore[T](T& target, Boolean& initialized, Object& syncLock, Func`1 valueFactory)
   at System.Threading.LazyInitializer.EnsureInitialized[T](T& target, Boolean& initialized, Object& syncLock)
   at StatisticalSolutions.Filters.InitializeSimpleMembershipAttribute.OnActionExecuting(ActionExecutingContext filterContext) in e:\Ola Projects\3rdPartyProjects\StatisticalSolutions\StatisticalSolutions\Filters\InitializeSimpleMembershipAttribute.cs:line 23
   at System.Web.Mvc.Async.AsyncControllerActionInvoker.InvokeActionMethodFilterAsynchronously(IActionFilter filter, ActionExecutingContext preContext, Func`1 nextInChain)
   at System.Web.Mvc.Async.AsyncControllerActionInvoker.InvokeActionMethodFilterAsynchronously(IActionFilter filter, ActionExecutingContext preContext, Func`1 nextInChain)
   at System.Web.Mvc.Async.AsyncControllerActionInvoker.<>c__DisplayClass37.<BeginInvokeActionMethodWithFilters>b__31(AsyncCallback asyncCallback, Object asyncState)
   at System.Web.Mvc.Async.AsyncResultWrapper.WrappedAsyncResult`1.Begin(AsyncCallback callback, Object state, Int32 timeout)
   at System.Web.Mvc.Async.AsyncResultWrapper.Begin[TResult](AsyncCallback callback, Object state, BeginInvokeDelegate beginDelegate, EndInvokeDelegate`1 endDelegate, Object tag, Int32 timeout)
   at System.Web.Mvc.Async.AsyncResultWrapper.Begin[TResult](AsyncCallback callback, Object state, BeginInvokeDelegate beginDelegate, EndInvokeDelegate`1 endDelegate, Object tag)
   at System.Web.Mvc.Async.AsyncControllerActionInvoker.<>c__DisplayClass25.<BeginInvokeAction>b__1e(AsyncCallback asyncCallback, Object asyncState)
 2015-05-16 07:31:25,025 [5] INFO  StatisticalSolutions.Controllers.Base.BaseController - Application URL - /StatisticalSolutions/Base/StatisticalError 
 2015-05-16 07:31:25,026 [5] INFO  StatisticalSolutions.Controllers.Base.BaseController - Application URL - /StatisticalSolutions/Base/StatisticalError 
 2015-05-16 07:31:25,026 [5] ERROR StatisticalSolutions.Controllers.Base.BaseController - Statistical exception message - Exception has been thrown by the target of an invocation.
 2015-05-16 07:31:25,026 [5] ERROR StatisticalSolutions.Controllers.Base.BaseController - Statistical exception stack trace -    at System.RuntimeTypeHandle.CreateInstance(RuntimeType type, Boolean publicOnly, Boolean noCheck, Boolean& canBeCached, RuntimeMethodHandleInternal& ctor, Boolean& bNeedSecurityCheck)
   at System.RuntimeType.CreateInstanceSlow(Boolean publicOnly, Boolean skipCheckThis, Boolean fillCache, StackCrawlMark& stackMark)
   at System.RuntimeType.CreateInstanceDefaultCtor(Boolean publicOnly, Boolean skipCheckThis, Boolean fillCache, StackCrawlMark& stackMark)
   at System.Activator.CreateInstance(Type type, Boolean nonPublic)
   at System.Activator.CreateInstance(Type type)
   at System.Threading.LazyHelpers`1.ActivatorFactorySelector()
   at System.Threading.LazyInitializer.EnsureInitializedCore[T](T& target, Boolean& initialized, Object& syncLock, Func`1 valueFactory)
   at System.Threading.LazyInitializer.EnsureInitialized[T](T& target, Boolean& initialized, Object& syncLock)
   at StatisticalSolutions.Filters.InitializeSimpleMembershipAttribute.OnActionExecuting(ActionExecutingContext filterContext) in e:\Ola Projects\3rdPartyProjects\StatisticalSolutions\StatisticalSolutions\Filters\InitializeSimpleMembershipAttribute.cs:line 23
   at System.Web.Mvc.Async.AsyncControllerActionInvoker.InvokeActionMethodFilterAsynchronously(IActionFilter filter, ActionExecutingContext preContext, Func`1 nextInChain)
   at System.Web.Mvc.Async.AsyncControllerActionInvoker.InvokeActionMethodFilterAsynchronously(IActionFilter filter, ActionExecutingContext preContext, Func`1 nextInChain)
   at System.Web.Mvc.Async.AsyncControllerActionInvoker.<>c__DisplayClass37.<BeginInvokeActionMethodWithFilters>b__31(AsyncCallback asyncCallback, Object asyncState)
   at System.Web.Mvc.Async.AsyncResultWrapper.WrappedAsyncResult`1.Begin(AsyncCallback callback, Object state, Int32 timeout)
   at System.Web.Mvc.Async.AsyncResultWrapper.Begin[TResult](AsyncCallback callback, Object state, BeginInvokeDelegate beginDelegate, EndInvokeDelegate`1 endDelegate, Object tag, Int32 timeout)
   at System.Web.Mvc.Async.AsyncResultWrapper.Begin[TResult](AsyncCallback callback, Object state, BeginInvokeDelegate beginDelegate, EndInvokeDelegate`1 endDelegate, Object tag)
   at System.Web.Mvc.Async.AsyncControllerActionInvoker.<>c__DisplayClass25.<BeginInvokeAction>b__1e(AsyncCallback asyncCallback, Object asyncState)
 2015-05-16 07:31:25,032 [7] INFO  StatisticalSolutions.Controllers.Base.BaseController - Application URL - /StatisticalSolutions/Base/StatisticalError 
 2015-05-16 07:31:25,033 [7] INFO  StatisticalSolutions.Controllers.Base.BaseController - Application URL - /StatisticalSolutions/Base/StatisticalError 
 2015-05-16 07:31:25,033 [7] ERROR StatisticalSolutions.Controllers.Base.BaseController - Statistical exception message - Exception has been thrown by the target of an invocation.
 2015-05-16 07:31:25,033 [7] ERROR StatisticalSolutions.Controllers.Base.BaseController - Statistical exception stack trace -    at System.RuntimeTypeHandle.CreateInstance(RuntimeType type, Boolean publicOnly, Boolean noCheck, Boolean& canBeCached, RuntimeMethodHandleInternal& ctor, Boolean& bNeedSecurityCheck)
   at System.RuntimeType.CreateInstanceSlow(Boolean publicOnly, Boolean skipCheckThis, Boolean fillCache, StackCrawlMark& stackMark)
   at System.RuntimeType.CreateInstanceDefaultCtor(Boolean publicOnly, Boolean skipCheckThis, Boolean fillCache, StackCrawlMark& stackMark)
   at System.Activator.CreateInstance(Type type, Boolean nonPublic)
   at System.Activator.CreateInstance(Type type)
   at System.Threading.LazyHelpers`1.ActivatorFactorySelector()
   at System.Threading.LazyInitializer.EnsureInitializedCore[T](T& target, Boolean& initialized, Object& syncLock, Func`1 valueFactory)
   at System.Threading.LazyInitializer.EnsureInitialized[T](T& target, Boolean& initialized, Object& syncLock)
   at StatisticalSolutions.Filters.InitializeSimpleMembershipAttribute.OnActionExecuting(ActionExecutingContext filterContext) in e:\Ola Projects\3rdPartyProjects\StatisticalSolutions\StatisticalSolutions\Filters\InitializeSimpleMembershipAttribute.cs:line 23
   at System.Web.Mvc.Async.AsyncControllerActionInvoker.InvokeActionMethodFilterAsynchronously(IActionFilter filter, ActionExecutingContext preContext, Func`1 nextInChain)
   at System.Web.Mvc.Async.AsyncControllerActionInvoker.InvokeActionMethodFilterAsynchronously(IActionFilter filter, ActionExecutingContext preContext, Func`1 nextInChain)
   at System.Web.Mvc.Async.AsyncControllerActionInvoker.<>c__DisplayClass37.<BeginInvokeActionMethodWithFilters>b__31(AsyncCallback asyncCallback, Object asyncState)
   at System.Web.Mvc.Async.AsyncResultWrapper.WrappedAsyncResult`1.Begin(AsyncCallback callback, Object state, Int32 timeout)
   at System.Web.Mvc.Async.AsyncResultWrapper.Begin[TResult](AsyncCallback callback, Object state, BeginInvokeDelegate beginDelegate, EndInvokeDelegate`1 endDelegate, Object tag, Int32 timeout)
   at System.Web.Mvc.Async.AsyncResultWrapper.Begin[TResult](AsyncCallback callback, Object state, BeginInvokeDelegate beginDelegate, EndInvokeDelegate`1 endDelegate, Object tag)
   at System.Web.Mvc.Async.AsyncControllerActionInvoker.<>c__DisplayClass25.<BeginInvokeAction>b__1e(AsyncCallback asyncCallback, Object asyncState)
 2015-05-16 07:31:25,038 [12] INFO  StatisticalSolutions.Controllers.Base.BaseController - Application URL - /StatisticalSolutions/Base/StatisticalError 
 2015-05-16 07:31:25,039 [12] INFO  StatisticalSolutions.Controllers.Base.BaseController - Application URL - /StatisticalSolutions/Base/StatisticalError 
 2015-05-16 07:31:25,039 [12] ERROR StatisticalSolutions.Controllers.Base.BaseController - Statistical exception message - Exception has been thrown by the target of an invocation.
 2015-05-16 07:31:25,040 [12] ERROR StatisticalSolutions.Controllers.Base.BaseController - Statistical exception stack trace -    at System.RuntimeTypeHandle.CreateInstance(RuntimeType type, Boolean publicOnly, Boolean noCheck, Boolean& canBeCached, RuntimeMethodHandleInternal& ctor, Boolean& bNeedSecurityCheck)
   at System.RuntimeType.CreateInstanceSlow(Boolean publicOnly, Boolean skipCheckThis, Boolean fillCache, StackCrawlMark& stackMark)
   at System.RuntimeType.CreateInstanceDefaultCtor(Boolean publicOnly, Boolean skipCheckThis, Boolean fillCache, StackCrawlMark& stackMark)
   at System.Activator.CreateInstance(Type type, Boolean nonPublic)
   at System.Activator.CreateInstance(Type type)
   at System.Threading.LazyHelpers`1.ActivatorFactorySelector()
   at System.Threading.LazyInitializer.EnsureInitializedCore[T](T& target, Boolean& initialized, Object& syncLock, Func`1 valueFactory)
   at System.Threading.LazyInitializer.EnsureInitialized[T](T& target, Boolean& initialized, Object& syncLock)
   at StatisticalSolutions.Filters.InitializeSimpleMembershipAttribute.OnActionExecuting(ActionExecutingContext filterContext) in e:\Ola Projects\3rdPartyProjects\StatisticalSolutions\StatisticalSolutions\Filters\InitializeSimpleMembershipAttribute.cs:line 23
   at System.Web.Mvc.Async.AsyncControllerActionInvoker.InvokeActionMethodFilterAsynchronously(IActionFilter filter, ActionExecutingContext preContext, Func`1 nextInChain)
   at System.Web.Mvc.Async.AsyncControllerActionInvoker.InvokeActionMethodFilterAsynchronously(IActionFilter filter, ActionExecutingContext preContext, Func`1 nextInChain)
   at System.Web.Mvc.Async.AsyncControllerActionInvoker.<>c__DisplayClass37.<BeginInvokeActionMethodWithFilters>b__31(AsyncCallback asyncCallback, Object asyncState)
   at System.Web.Mvc.Async.AsyncResultWrapper.WrappedAsyncResult`1.Begin(AsyncCallback callback, Object state, Int32 timeout)
   at System.Web.Mvc.Async.AsyncResultWrapper.Begin[TResult](AsyncCallback callback, Object state, BeginInvokeDelegate beginDelegate, EndInvokeDelegate`1 endDelegate, Object tag, Int32 timeout)
   at System.Web.Mvc.Async.AsyncResultWrapper.Begin[TResult](AsyncCallback callback, Object state, BeginInvokeDelegate beginDelegate, EndInvokeDelegate`1 endDelegate, Object tag)
   at System.Web.Mvc.Async.AsyncControllerActionInvoker.<>c__DisplayClass25.<BeginInvokeAction>b__1e(AsyncCallback asyncCallback, Object asyncState)
 2015-05-16 07:31:25,045 [5] INFO  StatisticalSolutions.Controllers.Base.BaseController - Application URL - /StatisticalSolutions/Base/StatisticalError 
 2015-05-16 07:31:25,046 [5] INFO  StatisticalSolutions.Controllers.Base.BaseController - Application URL - /StatisticalSolutions/Base/StatisticalError 
 2015-05-16 07:31:25,046 [5] ERROR StatisticalSolutions.Controllers.Base.BaseController - Statistical exception message - Exception has been thrown by the target of an invocation.
 2015-05-16 07:31:25,047 [5] ERROR StatisticalSolutions.Controllers.Base.BaseController - Statistical exception stack trace -    at System.RuntimeTypeHandle.CreateInstance(RuntimeType type, Boolean publicOnly, Boolean noCheck, Boolean& canBeCached, RuntimeMethodHandleInternal& ctor, Boolean& bNeedSecurityCheck)
   at System.RuntimeType.CreateInstanceSlow(Boolean publicOnly, Boolean skipCheckThis, Boolean fillCache, StackCrawlMark& stackMark)
   at System.RuntimeType.CreateInstanceDefaultCtor(Boolean publicOnly, Boolean skipCheckThis, Boolean fillCache, StackCrawlMark& stackMark)
   at System.Activator.CreateInstance(Type type, Boolean nonPublic)
   at System.Activator.CreateInstance(Type type)
   at System.Threading.LazyHelpers`1.ActivatorFactorySelector()
   at System.Threading.LazyInitializer.EnsureInitializedCore[T](T& target, Boolean& initialized, Object& syncLock, Func`1 valueFactory)
   at System.Threading.LazyInitializer.EnsureInitialized[T](T& target, Boolean& initialized, Object& syncLock)
   at StatisticalSolutions.Filters.InitializeSimpleMembershipAttribute.OnActionExecuting(ActionExecutingContext filterContext) in e:\Ola Projects\3rdPartyProjects\StatisticalSolutions\StatisticalSolutions\Filters\InitializeSimpleMembershipAttribute.cs:line 23
   at System.Web.Mvc.Async.AsyncControllerActionInvoker.InvokeActionMethodFilterAsynchronously(IActionFilter filter, ActionExecutingContext preContext, Func`1 nextInChain)
   at System.Web.Mvc.Async.AsyncControllerActionInvoker.InvokeActionMethodFilterAsynchronously(IActionFilter filter, ActionExecutingContext preContext, Func`1 nextInChain)
   at System.Web.Mvc.Async.AsyncControllerActionInvoker.<>c__DisplayClass37.<BeginInvokeActionMethodWithFilters>b__31(AsyncCallback asyncCallback, Object asyncState)
   at System.Web.Mvc.Async.AsyncResultWrapper.WrappedAsyncResult`1.Begin(AsyncCallback callback, Object state, Int32 timeout)
   at System.Web.Mvc.Async.AsyncResultWrapper.Begin[TResult](AsyncCallback callback, Object state, BeginInvokeDelegate beginDelegate, EndInvokeDelegate`1 endDelegate, Object tag, Int32 timeout)
   at System.Web.Mvc.Async.AsyncResultWrapper.Begin[TResult](AsyncCallback callback, Object state, BeginInvokeDelegate beginDelegate, EndInvokeDelegate`1 endDelegate, Object tag)
   at System.Web.Mvc.Async.AsyncControllerActionInvoker.<>c__DisplayClass25.<BeginInvokeAction>b__1e(AsyncCallback asyncCallback, Object asyncState)
 2015-05-16 07:31:25,053 [6] INFO  StatisticalSolutions.Controllers.Base.BaseController - Application URL - /StatisticalSolutions/Base/StatisticalError 
 2015-05-16 07:31:25,054 [6] INFO  StatisticalSolutions.Controllers.Base.BaseController - Application URL - /StatisticalSolutions/Base/StatisticalError 
 2015-05-16 07:31:25,055 [6] ERROR StatisticalSolutions.Controllers.Base.BaseController - Statistical exception message - Exception has been thrown by the target of an invocation.
 2015-05-16 07:31:25,055 [6] ERROR StatisticalSolutions.Controllers.Base.BaseController - Statistical exception stack trace -    at System.RuntimeTypeHandle.CreateInstance(RuntimeType type, Boolean publicOnly, Boolean noCheck, Boolean& canBeCached, RuntimeMethodHandleInternal& ctor, Boolean& bNeedSecurityCheck)
   at System.RuntimeType.CreateInstanceSlow(Boolean publicOnly, Boolean skipCheckThis, Boolean fillCache, StackCrawlMark& stackMark)
   at System.RuntimeType.CreateInstanceDefaultCtor(Boolean publicOnly, Boolean skipCheckThis, Boolean fillCache, StackCrawlMark& stackMark)
   at System.Activator.CreateInstance(Type type, Boolean nonPublic)
   at System.Activator.CreateInstance(Type type)
   at System.Threading.LazyHelpers`1.ActivatorFactorySelector()
   at System.Threading.LazyInitializer.EnsureInitializedCore[T](T& target, Boolean& initialized, Object& syncLock, Func`1 valueFactory)
   at System.Threading.LazyInitializer.EnsureInitialized[T](T& target, Boolean& initialized, Object& syncLock)
   at StatisticalSolutions.Filters.InitializeSimpleMembershipAttribute.OnActionExecuting(ActionExecutingContext filterContext) in e:\Ola Projects\3rdPartyProjects\StatisticalSolutions\StatisticalSolutions\Filters\InitializeSimpleMembershipAttribute.cs:line 23
   at System.Web.Mvc.Async.AsyncControllerActionInvoker.InvokeActionMethodFilterAsynchronously(IActionFilter filter, ActionExecutingContext preContext, Func`1 nextInChain)
   at System.Web.Mvc.Async.AsyncControllerActionInvoker.InvokeActionMethodFilterAsynchronously(IActionFilter filter, ActionExecutingContext preContext, Func`1 nextInChain)
   at System.Web.Mvc.Async.AsyncControllerActionInvoker.<>c__DisplayClass37.<BeginInvokeActionMethodWithFilters>b__31(AsyncCallback asyncCallback, Object asyncState)
   at System.Web.Mvc.Async.AsyncResultWrapper.WrappedAsyncResult`1.Begin(AsyncCallback callback, Object state, Int32 timeout)
   at System.Web.Mvc.Async.AsyncResultWrapper.Begin[TResult](AsyncCallback callback, Object state, BeginInvokeDelegate beginDelegate, EndInvokeDelegate`1 endDelegate, Object tag, Int32 timeout)
   at System.Web.Mvc.Async.AsyncResultWrapper.Begin[TResult](AsyncCallback callback, Object state, BeginInvokeDelegate beginDelegate, EndInvokeDelegate`1 endDelegate, Object tag)
   at System.Web.Mvc.Async.AsyncControllerActionInvoker.<>c__DisplayClass25.<BeginInvokeAction>b__1e(AsyncCallback asyncCallback, Object asyncState)
 2015-05-16 07:31:25,060 [7] INFO  StatisticalSolutions.Controllers.Base.BaseController - Application URL - /StatisticalSolutions/Base/StatisticalError 
 2015-05-16 07:31:25,061 [7] INFO  StatisticalSolutions.Controllers.Base.BaseController - Application URL - /StatisticalSolutions/Base/StatisticalError 
 2015-05-16 07:31:25,061 [7] ERROR StatisticalSolutions.Controllers.Base.BaseController - Statistical exception message - Exception has been thrown by the target of an invocation.
 2015-05-16 07:31:25,062 [7] ERROR StatisticalSolutions.Controllers.Base.BaseController - Statistical exception stack trace -    at System.RuntimeTypeHandle.CreateInstance(RuntimeType type, Boolean publicOnly, Boolean noCheck, Boolean& canBeCached, RuntimeMethodHandleInternal& ctor, Boolean& bNeedSecurityCheck)
   at System.RuntimeType.CreateInstanceSlow(Boolean publicOnly, Boolean skipCheckThis, Boolean fillCache, StackCrawlMark& stackMark)
   at System.RuntimeType.CreateInstanceDefaultCtor(Boolean publicOnly, Boolean skipCheckThis, Boolean fillCache, StackCrawlMark& stackMark)
   at System.Activator.CreateInstance(Type type, Boolean nonPublic)
   at System.Activator.CreateInstance(Type type)
   at System.Threading.LazyHelpers`1.ActivatorFactorySelector()
   at System.Threading.LazyInitializer.EnsureInitializedCore[T](T& target, Boolean& initialized, Object& syncLock, Func`1 valueFactory)
   at System.Threading.LazyInitializer.EnsureInitialized[T](T& target, Boolean& initialized, Object& syncLock)
   at StatisticalSolutions.Filters.InitializeSimpleMembershipAttribute.OnActionExecuting(ActionExecutingContext filterContext) in e:\Ola Projects\3rdPartyProjects\StatisticalSolutions\StatisticalSolutions\Filters\InitializeSimpleMembershipAttribute.cs:line 23
   at System.Web.Mvc.Async.AsyncControllerActionInvoker.InvokeActionMethodFilterAsynchronously(IActionFilter filter, ActionExecutingContext preContext, Func`1 nextInChain)
   at System.Web.Mvc.Async.AsyncControllerActionInvoker.InvokeActionMethodFilterAsynchronously(IActionFilter filter, ActionExecutingContext preContext, Func`1 nextInChain)
   at System.Web.Mvc.Async.AsyncControllerActionInvoker.<>c__DisplayClass37.<BeginInvokeActionMethodWithFilters>b__31(AsyncCallback asyncCallback, Object asyncState)
   at System.Web.Mvc.Async.AsyncResultWrapper.WrappedAsyncResult`1.Begin(AsyncCallback callback, Object state, Int32 timeout)
   at System.Web.Mvc.Async.AsyncResultWrapper.Begin[TResult](AsyncCallback callback, Object state, BeginInvokeDelegate beginDelegate, EndInvokeDelegate`1 endDelegate, Object tag, Int32 timeout)
   at System.Web.Mvc.Async.AsyncResultWrapper.Begin[TResult](AsyncCallback callback, Object state, BeginInvokeDelegate beginDelegate, EndInvokeDelegate`1 endDelegate, Object tag)
   at System.Web.Mvc.Async.AsyncControllerActionInvoker.<>c__DisplayClass25.<BeginInvokeAction>b__1e(AsyncCallback asyncCallback, Object asyncState)
 2015-05-16 07:31:25,068 [12] INFO  StatisticalSolutions.Controllers.Base.BaseController - Application URL - /StatisticalSolutions/Base/StatisticalError 
 2015-05-16 07:31:25,070 [12] INFO  StatisticalSolutions.Controllers.Base.BaseController - Application URL - /StatisticalSolutions/Base/StatisticalError 
 2015-05-16 07:31:25,070 [12] ERROR StatisticalSolutions.Controllers.Base.BaseController - Statistical exception message - Exception has been thrown by the target of an invocation.
 2015-05-16 07:31:25,070 [12] ERROR StatisticalSolutions.Controllers.Base.BaseController - Statistical exception stack trace -    at System.RuntimeTypeHandle.CreateInstance(RuntimeType type, Boolean publicOnly, Boolean noCheck, Boolean& canBeCached, RuntimeMethodHandleInternal& ctor, Boolean& bNeedSecurityCheck)
   at System.RuntimeType.CreateInstanceSlow(Boolean publicOnly, Boolean skipCheckThis, Boolean fillCache, StackCrawlMark& stackMark)
   at System.RuntimeType.CreateInstanceDefaultCtor(Boolean publicOnly, Boolean skipCheckThis, Boolean fillCache, StackCrawlMark& stackMark)
   at System.Activator.CreateInstance(Type type, Boolean nonPublic)
   at System.Activator.CreateInstance(Type type)
   at System.Threading.LazyHelpers`1.ActivatorFactorySelector()
   at System.Threading.LazyInitializer.EnsureInitializedCore[T](T& target, Boolean& initialized, Object& syncLock, Func`1 valueFactory)
   at System.Threading.LazyInitializer.EnsureInitialized[T](T& target, Boolean& initialized, Object& syncLock)
   at StatisticalSolutions.Filters.InitializeSimpleMembershipAttribute.OnActionExecuting(ActionExecutingContext filterContext) in e:\Ola Projects\3rdPartyProjects\StatisticalSolutions\StatisticalSolutions\Filters\InitializeSimpleMembershipAttribute.cs:line 23
   at System.Web.Mvc.Async.AsyncControllerActionInvoker.InvokeActionMethodFilterAsynchronously(IActionFilter filter, ActionExecutingContext preContext, Func`1 nextInChain)
   at System.Web.Mvc.Async.AsyncControllerActionInvoker.InvokeActionMethodFilterAsynchronously(IActionFilter filter, ActionExecutingContext preContext, Func`1 nextInChain)
   at System.Web.Mvc.Async.AsyncControllerActionInvoker.<>c__DisplayClass37.<BeginInvokeActionMethodWithFilters>b__31(AsyncCallback asyncCallback, Object asyncState)
   at System.Web.Mvc.Async.AsyncResultWrapper.WrappedAsyncResult`1.Begin(AsyncCallback callback, Object state, Int32 timeout)
   at System.Web.Mvc.Async.AsyncResultWrapper.Begin[TResult](AsyncCallback callback, Object state, BeginInvokeDelegate beginDelegate, EndInvokeDelegate`1 endDelegate, Object tag, Int32 timeout)
   at System.Web.Mvc.Async.AsyncResultWrapper.Begin[TResult](AsyncCallback callback, Object state, BeginInvokeDelegate beginDelegate, EndInvokeDelegate`1 endDelegate, Object tag)
   at System.Web.Mvc.Async.AsyncControllerActionInvoker.<>c__DisplayClass25.<BeginInvokeAction>b__1e(AsyncCallback asyncCallback, Object asyncState)
 2015-05-16 07:31:25,076 [5] INFO  StatisticalSolutions.Controllers.Base.BaseController - Application URL - /StatisticalSolutions/Base/StatisticalError 
 2015-05-16 07:31:25,077 [5] INFO  StatisticalSolutions.Controllers.Base.BaseController - Application URL - /StatisticalSolutions/Base/StatisticalError 
 2015-05-16 07:31:25,077 [5] ERROR StatisticalSolutions.Controllers.Base.BaseController - Statistical exception message - Exception has been thrown by the target of an invocation.
 2015-05-16 07:31:25,078 [5] ERROR StatisticalSolutions.Controllers.Base.BaseController - Statistical exception stack trace -    at System.RuntimeTypeHandle.CreateInstance(RuntimeType type, Boolean publicOnly, Boolean noCheck, Boolean& canBeCached, RuntimeMethodHandleInternal& ctor, Boolean& bNeedSecurityCheck)
   at System.RuntimeType.CreateInstanceSlow(Boolean publicOnly, Boolean skipCheckThis, Boolean fillCache, StackCrawlMark& stackMark)
   at System.RuntimeType.CreateInstanceDefaultCtor(Boolean publicOnly, Boolean skipCheckThis, Boolean fillCache, StackCrawlMark& stackMark)
   at System.Activator.CreateInstance(Type type, Boolean nonPublic)
   at System.Activator.CreateInstance(Type type)
   at System.Threading.LazyHelpers`1.ActivatorFactorySelector()
   at System.Threading.LazyInitializer.EnsureInitializedCore[T](T& target, Boolean& initialized, Object& syncLock, Func`1 valueFactory)
   at System.Threading.LazyInitializer.EnsureInitialized[T](T& target, Boolean& initialized, Object& syncLock)
   at StatisticalSolutions.Filters.InitializeSimpleMembershipAttribute.OnActionExecuting(ActionExecutingContext filterContext) in e:\Ola Projects\3rdPartyProjects\StatisticalSolutions\StatisticalSolutions\Filters\InitializeSimpleMembershipAttribute.cs:line 23
   at System.Web.Mvc.Async.AsyncControllerActionInvoker.InvokeActionMethodFilterAsynchronously(IActionFilter filter, ActionExecutingContext preContext, Func`1 nextInChain)
   at System.Web.Mvc.Async.AsyncControllerActionInvoker.InvokeActionMethodFilterAsynchronously(IActionFilter filter, ActionExecutingContext preContext, Func`1 nextInChain)
   at System.Web.Mvc.Async.AsyncControllerActionInvoker.<>c__DisplayClass37.<BeginInvokeActionMethodWithFilters>b__31(AsyncCallback asyncCallback, Object asyncState)
   at System.Web.Mvc.Async.AsyncResultWrapper.WrappedAsyncResult`1.Begin(AsyncCallback callback, Object state, Int32 timeout)
   at System.Web.Mvc.Async.AsyncResultWrapper.Begin[TResult](AsyncCallback callback, Object state, BeginInvokeDelegate beginDelegate, EndInvokeDelegate`1 endDelegate, Object tag, Int32 timeout)
   at System.Web.Mvc.Async.AsyncResultWrapper.Begin[TResult](AsyncCallback callback, Object state, BeginInvokeDelegate beginDelegate, EndInvokeDelegate`1 endDelegate, Object tag)
   at System.Web.Mvc.Async.AsyncControllerActionInvoker.<>c__DisplayClass25.<BeginInvokeAction>b__1e(AsyncCallback asyncCallback, Object asyncState)
 2015-05-16 07:31:25,088 [6] INFO  StatisticalSolutions.Controllers.Base.BaseController - Application URL - /StatisticalSolutions/Base/StatisticalError 
 2015-05-16 07:31:25,089 [6] INFO  StatisticalSolutions.Controllers.Base.BaseController - Application URL - /StatisticalSolutions/Base/StatisticalError 
 2015-05-16 07:31:25,090 [6] ERROR StatisticalSolutions.Controllers.Base.BaseController - Statistical exception message - Exception has been thrown by the target of an invocation.
 2015-05-16 07:31:25,090 [6] ERROR StatisticalSolutions.Controllers.Base.BaseController - Statistical exception stack trace -    at System.RuntimeTypeHandle.CreateInstance(RuntimeType type, Boolean publicOnly, Boolean noCheck, Boolean& canBeCached, RuntimeMethodHandleInternal& ctor, Boolean& bNeedSecurityCheck)
   at System.RuntimeType.CreateInstanceSlow(Boolean publicOnly, Boolean skipCheckThis, Boolean fillCache, StackCrawlMark& stackMark)
   at System.RuntimeType.CreateInstanceDefaultCtor(Boolean publicOnly, Boolean skipCheckThis, Boolean fillCache, StackCrawlMark& stackMark)
   at System.Activator.CreateInstance(Type type, Boolean nonPublic)
   at System.Activator.CreateInstance(Type type)
   at System.Threading.LazyHelpers`1.ActivatorFactorySelector()
   at System.Threading.LazyInitializer.EnsureInitializedCore[T](T& target, Boolean& initialized, Object& syncLock, Func`1 valueFactory)
   at System.Threading.LazyInitializer.EnsureInitialized[T](T& target, Boolean& initialized, Object& syncLock)
   at StatisticalSolutions.Filters.InitializeSimpleMembershipAttribute.OnActionExecuting(ActionExecutingContext filterContext) in e:\Ola Projects\3rdPartyProjects\StatisticalSolutions\StatisticalSolutions\Filters\InitializeSimpleMembershipAttribute.cs:line 23
   at System.Web.Mvc.Async.AsyncControllerActionInvoker.InvokeActionMethodFilterAsynchronously(IActionFilter filter, ActionExecutingContext preContext, Func`1 nextInChain)
   at System.Web.Mvc.Async.AsyncControllerActionInvoker.InvokeActionMethodFilterAsynchronously(IActionFilter filter, ActionExecutingContext preContext, Func`1 nextInChain)
   at System.Web.Mvc.Async.AsyncControllerActionInvoker.<>c__DisplayClass37.<BeginInvokeActionMethodWithFilters>b__31(AsyncCallback asyncCallback, Object asyncState)
   at System.Web.Mvc.Async.AsyncResultWrapper.WrappedAsyncResult`1.Begin(AsyncCallback callback, Object state, Int32 timeout)
   at System.Web.Mvc.Async.AsyncResultWrapper.Begin[TResult](AsyncCallback callback, Object state, BeginInvokeDelegate beginDelegate, EndInvokeDelegate`1 endDelegate, Object tag, Int32 timeout)
   at System.Web.Mvc.Async.AsyncResultWrapper.Begin[TResult](AsyncCallback callback, Object state, BeginInvokeDelegate beginDelegate, EndInvokeDelegate`1 endDelegate, Object tag)
   at System.Web.Mvc.Async.AsyncControllerActionInvoker.<>c__DisplayClass25.<BeginInvokeAction>b__1e(AsyncCallback asyncCallback, Object asyncState)
 2015-05-16 07:31:25,096 [7] INFO  StatisticalSolutions.Controllers.Base.BaseController - Application URL - /StatisticalSolutions/Base/StatisticalError 
 2015-05-16 07:31:25,098 [7] INFO  StatisticalSolutions.Controllers.Base.BaseController - Application URL - /StatisticalSolutions/Base/StatisticalError 
 2015-05-16 07:31:25,098 [7] ERROR StatisticalSolutions.Controllers.Base.BaseController - Statistical exception message - Exception has been thrown by the target of an invocation.
 2015-05-16 07:31:25,098 [7] ERROR StatisticalSolutions.Controllers.Base.BaseController - Statistical exception stack trace -    at System.RuntimeTypeHandle.CreateInstance(RuntimeType type, Boolean publicOnly, Boolean noCheck, Boolean& canBeCached, RuntimeMethodHandleInternal& ctor, Boolean& bNeedSecurityCheck)
   at System.RuntimeType.CreateInstanceSlow(Boolean publicOnly, Boolean skipCheckThis, Boolean fillCache, StackCrawlMark& stackMark)
   at System.RuntimeType.CreateInstanceDefaultCtor(Boolean publicOnly, Boolean skipCheckThis, Boolean fillCache, StackCrawlMark& stackMark)
   at System.Activator.CreateInstance(Type type, Boolean nonPublic)
   at System.Activator.CreateInstance(Type type)
   at System.Threading.LazyHelpers`1.ActivatorFactorySelector()
   at System.Threading.LazyInitializer.EnsureInitializedCore[T](T& target, Boolean& initialized, Object& syncLock, Func`1 valueFactory)
   at System.Threading.LazyInitializer.EnsureInitialized[T](T& target, Boolean& initialized, Object& syncLock)
   at StatisticalSolutions.Filters.InitializeSimpleMembershipAttribute.OnActionExecuting(ActionExecutingContext filterContext) in e:\Ola Projects\3rdPartyProjects\StatisticalSolutions\StatisticalSolutions\Filters\InitializeSimpleMembershipAttribute.cs:line 23
   at System.Web.Mvc.Async.AsyncControllerActionInvoker.InvokeActionMethodFilterAsynchronously(IActionFilter filter, ActionExecutingContext preContext, Func`1 nextInChain)
   at System.Web.Mvc.Async.AsyncControllerActionInvoker.InvokeActionMethodFilterAsynchronously(IActionFilter filter, ActionExecutingContext preContext, Func`1 nextInChain)
   at System.Web.Mvc.Async.AsyncControllerActionInvoker.<>c__DisplayClass37.<BeginInvokeActionMethodWithFilters>b__31(AsyncCallback asyncCallback, Object asyncState)
   at System.Web.Mvc.Async.AsyncResultWrapper.WrappedAsyncResult`1.Begin(AsyncCallback callback, Object state, Int32 timeout)
   at System.Web.Mvc.Async.AsyncResultWrapper.Begin[TResult](AsyncCallback callback, Object state, BeginInvokeDelegate beginDelegate, EndInvokeDelegate`1 endDelegate, Object tag, Int32 timeout)
   at System.Web.Mvc.Async.AsyncResultWrapper.Begin[TResult](AsyncCallback callback, Object state, BeginInvokeDelegate beginDelegate, EndInvokeDelegate`1 endDelegate, Object tag)
   at System.Web.Mvc.Async.AsyncControllerActionInvoker.<>c__DisplayClass25.<BeginInvokeAction>b__1e(AsyncCallback asyncCallback, Object asyncState)
 2015-05-16 07:31:30,110 [5] INFO  StatisticalSolutions.Controllers.Base.BaseController - Application URL - /StatisticalSolutions/Base/StatisticalError 
 2015-05-16 07:31:30,111 [5] INFO  StatisticalSolutions.Controllers.Base.BaseController - Application URL - /StatisticalSolutions/Base/StatisticalError 
 2015-05-16 07:31:30,111 [5] ERROR StatisticalSolutions.Controllers.Base.BaseController - Statistical exception message - Exception has been thrown by the target of an invocation.
 2015-05-16 07:31:30,112 [5] ERROR StatisticalSolutions.Controllers.Base.BaseController - Statistical exception stack trace -    at System.RuntimeTypeHandle.CreateInstance(RuntimeType type, Boolean publicOnly, Boolean noCheck, Boolean& canBeCached, RuntimeMethodHandleInternal& ctor, Boolean& bNeedSecurityCheck)
   at System.RuntimeType.CreateInstanceSlow(Boolean publicOnly, Boolean skipCheckThis, Boolean fillCache, StackCrawlMark& stackMark)
   at System.RuntimeType.CreateInstanceDefaultCtor(Boolean publicOnly, Boolean skipCheckThis, Boolean fillCache, StackCrawlMark& stackMark)
   at System.Activator.CreateInstance(Type type, Boolean nonPublic)
   at System.Activator.CreateInstance(Type type)
   at System.Threading.LazyHelpers`1.ActivatorFactorySelector()
   at System.Threading.LazyInitializer.EnsureInitializedCore[T](T& target, Boolean& initialized, Object& syncLock, Func`1 valueFactory)
   at System.Threading.LazyInitializer.EnsureInitialized[T](T& target, Boolean& initialized, Object& syncLock)
   at StatisticalSolutions.Filters.InitializeSimpleMembershipAttribute.OnActionExecuting(ActionExecutingContext filterContext) in e:\Ola Projects\3rdPartyProjects\StatisticalSolutions\StatisticalSolutions\Filters\InitializeSimpleMembershipAttribute.cs:line 23
   at System.Web.Mvc.Async.AsyncControllerActionInvoker.InvokeActionMethodFilterAsynchronously(IActionFilter filter, ActionExecutingContext preContext, Func`1 nextInChain)
   at System.Web.Mvc.Async.AsyncControllerActionInvoker.InvokeActionMethodFilterAsynchronously(IActionFilter filter, ActionExecutingContext preContext, Func`1 nextInChain)
   at System.Web.Mvc.Async.AsyncControllerActionInvoker.<>c__DisplayClass37.<BeginInvokeActionMethodWithFilters>b__31(AsyncCallback asyncCallback, Object asyncState)
   at System.Web.Mvc.Async.AsyncResultWrapper.WrappedAsyncResult`1.Begin(AsyncCallback callback, Object state, Int32 timeout)
   at System.Web.Mvc.Async.AsyncResultWrapper.Begin[TResult](AsyncCallback callback, Object state, BeginInvokeDelegate beginDelegate, EndInvokeDelegate`1 endDelegate, Object tag, Int32 timeout)
   at System.Web.Mvc.Async.AsyncResultWrapper.Begin[TResult](AsyncCallback callback, Object state, BeginInvokeDelegate beginDelegate, EndInvokeDelegate`1 endDelegate, Object tag)
   at System.Web.Mvc.Async.AsyncControllerActionInvoker.<>c__DisplayClass25.<BeginInvokeAction>b__1e(AsyncCallback asyncCallback, Object asyncState)
 2015-05-16 07:31:30,130 [7] INFO  StatisticalSolutions.Controllers.Base.BaseController - Application URL - /StatisticalSolutions/Base/StatisticalError 
 2015-05-16 07:31:30,131 [7] INFO  StatisticalSolutions.Controllers.Base.BaseController - Application URL - /StatisticalSolutions/Base/StatisticalError 
 2015-05-16 07:31:30,132 [7] ERROR StatisticalSolutions.Controllers.Base.BaseController - Statistical exception message - Exception has been thrown by the target of an invocation.
 2015-05-16 07:31:30,132 [7] ERROR StatisticalSolutions.Controllers.Base.BaseController - Statistical exception stack trace -    at System.RuntimeTypeHandle.CreateInstance(RuntimeType type, Boolean publicOnly, Boolean noCheck, Boolean& canBeCached, RuntimeMethodHandleInternal& ctor, Boolean& bNeedSecurityCheck)
   at System.RuntimeType.CreateInstanceSlow(Boolean publicOnly, Boolean skipCheckThis, Boolean fillCache, StackCrawlMark& stackMark)
   at System.RuntimeType.CreateInstanceDefaultCtor(Boolean publicOnly, Boolean skipCheckThis, Boolean fillCache, StackCrawlMark& stackMark)
   at System.Activator.CreateInstance(Type type, Boolean nonPublic)
   at System.Activator.CreateInstance(Type type)
   at System.Threading.LazyHelpers`1.ActivatorFactorySelector()
   at System.Threading.LazyInitializer.EnsureInitializedCore[T](T& target, Boolean& initialized, Object& syncLock, Func`1 valueFactory)
   at System.Threading.LazyInitializer.EnsureInitialized[T](T& target, Boolean& initialized, Object& syncLock)
   at StatisticalSolutions.Filters.InitializeSimpleMembershipAttribute.OnActionExecuting(ActionExecutingContext filterContext) in e:\Ola Projects\3rdPartyProjects\StatisticalSolutions\StatisticalSolutions\Filters\InitializeSimpleMembershipAttribute.cs:line 23
   at System.Web.Mvc.Async.AsyncControllerActionInvoker.InvokeActionMethodFilterAsynchronously(IActionFilter filter, ActionExecutingContext preContext, Func`1 nextInChain)
   at System.Web.Mvc.Async.AsyncControllerActionInvoker.InvokeActionMethodFilterAsynchronously(IActionFilter filter, ActionExecutingContext preContext, Func`1 nextInChain)
   at System.Web.Mvc.Async.AsyncControllerActionInvoker.<>c__DisplayClass37.<BeginInvokeActionMethodWithFilters>b__31(AsyncCallback asyncCallback, Object asyncState)
   at System.Web.Mvc.Async.AsyncResultWrapper.WrappedAsyncResult`1.Begin(AsyncCallback callback, Object state, Int32 timeout)
   at System.Web.Mvc.Async.AsyncResultWrapper.Begin[TResult](AsyncCallback callback, Object state, BeginInvokeDelegate beginDelegate, EndInvokeDelegate`1 endDelegate, Object tag, Int32 timeout)
   at System.Web.Mvc.Async.AsyncResultWrapper.Begin[TResult](AsyncCallback callback, Object state, BeginInvokeDelegate beginDelegate, EndInvokeDelegate`1 endDelegate, Object tag)
   at System.Web.Mvc.Async.AsyncControllerActionInvoker.<>c__DisplayClass25.<BeginInvokeAction>b__1e(AsyncCallback asyncCallback, Object asyncState)
 2015-05-16 07:31:30,141 [12] INFO  StatisticalSolutions.Controllers.Base.BaseController - Application URL - /StatisticalSolutions/Base/StatisticalError 
 2015-05-16 07:31:30,142 [12] INFO  StatisticalSolutions.Controllers.Base.BaseController - Application URL - /StatisticalSolutions/Base/StatisticalError 
 2015-05-16 07:31:30,142 [12] ERROR StatisticalSolutions.Controllers.Base.BaseController - Statistical exception message - Exception has been thrown by the target of an invocation.
 2015-05-16 07:31:30,142 [12] ERROR StatisticalSolutions.Controllers.Base.BaseController - Statistical exception stack trace -    at System.RuntimeTypeHandle.CreateInstance(RuntimeType type, Boolean publicOnly, Boolean noCheck, Boolean& canBeCached, RuntimeMethodHandleInternal& ctor, Boolean& bNeedSecurityCheck)
   at System.RuntimeType.CreateInstanceSlow(Boolean publicOnly, Boolean skipCheckThis, Boolean fillCache, StackCrawlMark& stackMark)
   at System.RuntimeType.CreateInstanceDefaultCtor(Boolean publicOnly, Boolean skipCheckThis, Boolean fillCache, StackCrawlMark& stackMark)
   at System.Activator.CreateInstance(Type type, Boolean nonPublic)
   at System.Activator.CreateInstance(Type type)
   at System.Threading.LazyHelpers`1.ActivatorFactorySelector()
   at System.Threading.LazyInitializer.EnsureInitializedCore[T](T& target, Boolean& initialized, Object& syncLock, Func`1 valueFactory)
   at System.Threading.LazyInitializer.EnsureInitialized[T](T& target, Boolean& initialized, Object& syncLock)
   at StatisticalSolutions.Filters.InitializeSimpleMembershipAttribute.OnActionExecuting(ActionExecutingContext filterContext) in e:\Ola Projects\3rdPartyProjects\StatisticalSolutions\StatisticalSolutions\Filters\InitializeSimpleMembershipAttribute.cs:line 23
   at System.Web.Mvc.Async.AsyncControllerActionInvoker.InvokeActionMethodFilterAsynchronously(IActionFilter filter, ActionExecutingContext preContext, Func`1 nextInChain)
   at System.Web.Mvc.Async.AsyncControllerActionInvoker.InvokeActionMethodFilterAsynchronously(IActionFilter filter, ActionExecutingContext preContext, Func`1 nextInChain)
   at System.Web.Mvc.Async.AsyncControllerActionInvoker.<>c__DisplayClass37.<BeginInvokeActionMethodWithFilters>b__31(AsyncCallback asyncCallback, Object asyncState)
   at System.Web.Mvc.Async.AsyncResultWrapper.WrappedAsyncResult`1.Begin(AsyncCallback callback, Object state, Int32 timeout)
   at System.Web.Mvc.Async.AsyncResultWrapper.Begin[TResult](AsyncCallback callback, Object state, BeginInvokeDelegate beginDelegate, EndInvokeDelegate`1 endDelegate, Object tag, Int32 timeout)
   at System.Web.Mvc.Async.AsyncResultWrapper.Begin[TResult](AsyncCallback callback, Object state, BeginInvokeDelegate beginDelegate, EndInvokeDelegate`1 endDelegate, Object tag)
   at System.Web.Mvc.Async.AsyncControllerActionInvoker.<>c__DisplayClass25.<BeginInvokeAction>b__1e(AsyncCallback asyncCallback, Object asyncState)
 2015-05-16 07:31:30,158 [6] INFO  StatisticalSolutions.Controllers.Base.BaseController - Application URL - /StatisticalSolutions/Base/StatisticalError 
 2015-05-16 07:31:30,159 [6] INFO  StatisticalSolutions.Controllers.Base.BaseController - Application URL - /StatisticalSolutions/Base/StatisticalError 
 2015-05-16 07:31:30,159 [6] ERROR StatisticalSolutions.Controllers.Base.BaseController - Statistical exception message - Exception has been thrown by the target of an invocation.
 2015-05-16 07:31:30,160 [6] ERROR StatisticalSolutions.Controllers.Base.BaseController - Statistical exception stack trace -    at System.RuntimeTypeHandle.CreateInstance(RuntimeType type, Boolean publicOnly, Boolean noCheck, Boolean& canBeCached, RuntimeMethodHandleInternal& ctor, Boolean& bNeedSecurityCheck)
   at System.RuntimeType.CreateInstanceSlow(Boolean publicOnly, Boolean skipCheckThis, Boolean fillCache, StackCrawlMark& stackMark)
   at System.RuntimeType.CreateInstanceDefaultCtor(Boolean publicOnly, Boolean skipCheckThis, Boolean fillCache, StackCrawlMark& stackMark)
   at System.Activator.CreateInstance(Type type, Boolean nonPublic)
   at System.Activator.CreateInstance(Type type)
   at System.Threading.LazyHelpers`1.ActivatorFactorySelector()
   at System.Threading.LazyInitializer.EnsureInitializedCore[T](T& target, Boolean& initialized, Object& syncLock, Func`1 valueFactory)
   at System.Threading.LazyInitializer.EnsureInitialized[T](T& target, Boolean& initialized, Object& syncLock)
   at StatisticalSolutions.Filters.InitializeSimpleMembershipAttribute.OnActionExecuting(ActionExecutingContext filterContext) in e:\Ola Projects\3rdPartyProjects\StatisticalSolutions\StatisticalSolutions\Filters\InitializeSimpleMembershipAttribute.cs:line 23
   at System.Web.Mvc.Async.AsyncControllerActionInvoker.InvokeActionMethodFilterAsynchronously(IActionFilter filter, ActionExecutingContext preContext, Func`1 nextInChain)
   at System.Web.Mvc.Async.AsyncControllerActionInvoker.InvokeActionMethodFilterAsynchronously(IActionFilter filter, ActionExecutingContext preContext, Func`1 nextInChain)
   at System.Web.Mvc.Async.AsyncControllerActionInvoker.<>c__DisplayClass37.<BeginInvokeActionMethodWithFilters>b__31(AsyncCallback asyncCallback, Object asyncState)
   at System.Web.Mvc.Async.AsyncResultWrapper.WrappedAsyncResult`1.Begin(AsyncCallback callback, Object state, Int32 timeout)
   at System.Web.Mvc.Async.AsyncResultWrapper.Begin[TResult](AsyncCallback callback, Object state, BeginInvokeDelegate beginDelegate, EndInvokeDelegate`1 endDelegate, Object tag, Int32 timeout)
   at System.Web.Mvc.Async.AsyncResultWrapper.Begin[TResult](AsyncCallback callback, Object state, BeginInvokeDelegate beginDelegate, EndInvokeDelegate`1 endDelegate, Object tag)
   at System.Web.Mvc.Async.AsyncControllerActionInvoker.<>c__DisplayClass25.<BeginInvokeAction>b__1e(AsyncCallback asyncCallback, Object asyncState)
 2015-05-16 07:31:30,165 [5] INFO  StatisticalSolutions.Controllers.Base.BaseController - Application URL - /StatisticalSolutions/Base/StatisticalError 
 2015-05-16 07:31:30,166 [5] INFO  StatisticalSolutions.Controllers.Base.BaseController - Application URL - /StatisticalSolutions/Base/StatisticalError 
 2015-05-16 07:31:30,167 [5] ERROR StatisticalSolutions.Controllers.Base.BaseController - Statistical exception message - Exception has been thrown by the target of an invocation.
 2015-05-16 07:31:30,167 [5] ERROR StatisticalSolutions.Controllers.Base.BaseController - Statistical exception stack trace -    at System.RuntimeTypeHandle.CreateInstance(RuntimeType type, Boolean publicOnly, Boolean noCheck, Boolean& canBeCached, RuntimeMethodHandleInternal& ctor, Boolean& bNeedSecurityCheck)
   at System.RuntimeType.CreateInstanceSlow(Boolean publicOnly, Boolean skipCheckThis, Boolean fillCache, StackCrawlMark& stackMark)
   at System.RuntimeType.CreateInstanceDefaultCtor(Boolean publicOnly, Boolean skipCheckThis, Boolean fillCache, StackCrawlMark& stackMark)
   at System.Activator.CreateInstance(Type type, Boolean nonPublic)
   at System.Activator.CreateInstance(Type type)
   at System.Threading.LazyHelpers`1.ActivatorFactorySelector()
   at System.Threading.LazyInitializer.EnsureInitializedCore[T](T& target, Boolean& initialized, Object& syncLock, Func`1 valueFactory)
   at System.Threading.LazyInitializer.EnsureInitialized[T](T& target, Boolean& initialized, Object& syncLock)
   at StatisticalSolutions.Filters.InitializeSimpleMembershipAttribute.OnActionExecuting(ActionExecutingContext filterContext) in e:\Ola Projects\3rdPartyProjects\StatisticalSolutions\StatisticalSolutions\Filters\InitializeSimpleMembershipAttribute.cs:line 23
   at System.Web.Mvc.Async.AsyncControllerActionInvoker.InvokeActionMethodFilterAsynchronously(IActionFilter filter, ActionExecutingContext preContext, Func`1 nextInChain)
   at System.Web.Mvc.Async.AsyncControllerActionInvoker.InvokeActionMethodFilterAsynchronously(IActionFilter filter, ActionExecutingContext preContext, Func`1 nextInChain)
   at System.Web.Mvc.Async.AsyncControllerActionInvoker.<>c__DisplayClass37.<BeginInvokeActionMethodWithFilters>b__31(AsyncCallback asyncCallback, Object asyncState)
   at System.Web.Mvc.Async.AsyncResultWrapper.WrappedAsyncResult`1.Begin(AsyncCallback callback, Object state, Int32 timeout)
   at System.Web.Mvc.Async.AsyncResultWrapper.Begin[TResult](AsyncCallback callback, Object state, BeginInvokeDelegate beginDelegate, EndInvokeDelegate`1 endDelegate, Object tag, Int32 timeout)
   at System.Web.Mvc.Async.AsyncResultWrapper.Begin[TResult](AsyncCallback callback, Object state, BeginInvokeDelegate beginDelegate, EndInvokeDelegate`1 endDelegate, Object tag)
   at System.Web.Mvc.Async.AsyncControllerActionInvoker.<>c__DisplayClass25.<BeginInvokeAction>b__1e(AsyncCallback asyncCallback, Object asyncState)
 2015-05-16 07:31:30,172 [12] INFO  StatisticalSolutions.Controllers.Base.BaseController - Application URL - /StatisticalSolutions/Base/StatisticalError 
 2015-05-16 07:31:30,174 [12] INFO  StatisticalSolutions.Controllers.Base.BaseController - Application URL - /StatisticalSolutions/Base/StatisticalError 
 2015-05-16 07:31:30,175 [12] ERROR StatisticalSolutions.Controllers.Base.BaseController - Statistical exception message - Exception has been thrown by the target of an invocation.
 2015-05-16 07:31:30,175 [12] ERROR StatisticalSolutions.Controllers.Base.BaseController - Statistical exception stack trace -    at System.RuntimeTypeHandle.CreateInstance(RuntimeType type, Boolean publicOnly, Boolean noCheck, Boolean& canBeCached, RuntimeMethodHandleInternal& ctor, Boolean& bNeedSecurityCheck)
   at System.RuntimeType.CreateInstanceSlow(Boolean publicOnly, Boolean skipCheckThis, Boolean fillCache, StackCrawlMark& stackMark)
   at System.RuntimeType.CreateInstanceDefaultCtor(Boolean publicOnly, Boolean skipCheckThis, Boolean fillCache, StackCrawlMark& stackMark)
   at System.Activator.CreateInstance(Type type, Boolean nonPublic)
   at System.Activator.CreateInstance(Type type)
   at System.Threading.LazyHelpers`1.ActivatorFactorySelector()
   at System.Threading.LazyInitializer.EnsureInitializedCore[T](T& target, Boolean& initialized, Object& syncLock, Func`1 valueFactory)
   at System.Threading.LazyInitializer.EnsureInitialized[T](T& target, Boolean& initialized, Object& syncLock)
   at StatisticalSolutions.Filters.InitializeSimpleMembershipAttribute.OnActionExecuting(ActionExecutingContext filterContext) in e:\Ola Projects\3rdPartyProjects\StatisticalSolutions\StatisticalSolutions\Filters\InitializeSimpleMembershipAttribute.cs:line 23
   at System.Web.Mvc.Async.AsyncControllerActionInvoker.InvokeActionMethodFilterAsynchronously(IActionFilter filter, ActionExecutingContext preContext, Func`1 nextInChain)
   at System.Web.Mvc.Async.AsyncControllerActionInvoker.InvokeActionMethodFilterAsynchronously(IActionFilter filter, ActionExecutingContext preContext, Func`1 nextInChain)
   at System.Web.Mvc.Async.AsyncControllerActionInvoker.<>c__DisplayClass37.<BeginInvokeActionMethodWithFilters>b__31(AsyncCallback asyncCallback, Object asyncState)
   at System.Web.Mvc.Async.AsyncResultWrapper.WrappedAsyncResult`1.Begin(AsyncCallback callback, Object state, Int32 timeout)
   at System.Web.Mvc.Async.AsyncResultWrapper.Begin[TResult](AsyncCallback callback, Object state, BeginInvokeDelegate beginDelegate, EndInvokeDelegate`1 endDelegate, Object tag, Int32 timeout)
   at System.Web.Mvc.Async.AsyncResultWrapper.Begin[TResult](AsyncCallback callback, Object state, BeginInvokeDelegate beginDelegate, EndInvokeDelegate`1 endDelegate, Object tag)
   at System.Web.Mvc.Async.AsyncControllerActionInvoker.<>c__DisplayClass25.<BeginInvokeAction>b__1e(AsyncCallback asyncCallback, Object asyncState)
 2015-05-16 07:31:30,180 [6] INFO  StatisticalSolutions.Controllers.Base.BaseController - Application URL - /StatisticalSolutions/Base/StatisticalError 
 2015-05-16 07:31:30,181 [6] INFO  StatisticalSolutions.Controllers.Base.BaseController - Application URL - /StatisticalSolutions/Base/StatisticalError 
 2015-05-16 07:31:30,182 [6] ERROR StatisticalSolutions.Controllers.Base.BaseController - Statistical exception message - Exception has been thrown by the target of an invocation.
 2015-05-16 07:31:30,182 [6] ERROR StatisticalSolutions.Controllers.Base.BaseController - Statistical exception stack trace -    at System.RuntimeTypeHandle.CreateInstance(RuntimeType type, Boolean publicOnly, Boolean noCheck, Boolean& canBeCached, RuntimeMethodHandleInternal& ctor, Boolean& bNeedSecurityCheck)
   at System.RuntimeType.CreateInstanceSlow(Boolean publicOnly, Boolean skipCheckThis, Boolean fillCache, StackCrawlMark& stackMark)
   at System.RuntimeType.CreateInstanceDefaultCtor(Boolean publicOnly, Boolean skipCheckThis, Boolean fillCache, StackCrawlMark& stackMark)
   at System.Activator.CreateInstance(Type type, Boolean nonPublic)
   at System.Activator.CreateInstance(Type type)
   at System.Threading.LazyHelpers`1.ActivatorFactorySelector()
   at System.Threading.LazyInitializer.EnsureInitializedCore[T](T& target, Boolean& initialized, Object& syncLock, Func`1 valueFactory)
   at System.Threading.LazyInitializer.EnsureInitialized[T](T& target, Boolean& initialized, Object& syncLock)
   at StatisticalSolutions.Filters.InitializeSimpleMembershipAttribute.OnActionExecuting(ActionExecutingContext filterContext) in e:\Ola Projects\3rdPartyProjects\StatisticalSolutions\StatisticalSolutions\Filters\InitializeSimpleMembershipAttribute.cs:line 23
   at System.Web.Mvc.Async.AsyncControllerActionInvoker.InvokeActionMethodFilterAsynchronously(IActionFilter filter, ActionExecutingContext preContext, Func`1 nextInChain)
   at System.Web.Mvc.Async.AsyncControllerActionInvoker.InvokeActionMethodFilterAsynchronously(IActionFilter filter, ActionExecutingContext preContext, Func`1 nextInChain)
   at System.Web.Mvc.Async.AsyncControllerActionInvoker.<>c__DisplayClass37.<BeginInvokeActionMethodWithFilters>b__31(AsyncCallback asyncCallback, Object asyncState)
   at System.Web.Mvc.Async.AsyncResultWrapper.WrappedAsyncResult`1.Begin(AsyncCallback callback, Object state, Int32 timeout)
   at System.Web.Mvc.Async.AsyncResultWrapper.Begin[TResult](AsyncCallback callback, Object state, BeginInvokeDelegate beginDelegate, EndInvokeDelegate`1 endDelegate, Object tag, Int32 timeout)
   at System.Web.Mvc.Async.AsyncResultWrapper.Begin[TResult](AsyncCallback callback, Object state, BeginInvokeDelegate beginDelegate, EndInvokeDelegate`1 endDelegate, Object tag)
   at System.Web.Mvc.Async.AsyncControllerActionInvoker.<>c__DisplayClass25.<BeginInvokeAction>b__1e(AsyncCallback asyncCallback, Object asyncState)
 2015-05-16 07:31:30,188 [12] INFO  StatisticalSolutions.Controllers.Base.BaseController - Application URL - /StatisticalSolutions/Base/StatisticalError 
 2015-05-16 07:31:30,189 [12] INFO  StatisticalSolutions.Controllers.Base.BaseController - Application URL - /StatisticalSolutions/Base/StatisticalError 
 2015-05-16 07:31:30,189 [12] ERROR StatisticalSolutions.Controllers.Base.BaseController - Statistical exception message - Exception has been thrown by the target of an invocation.
 2015-05-16 07:31:30,189 [12] ERROR StatisticalSolutions.Controllers.Base.BaseController - Statistical exception stack trace -    at System.RuntimeTypeHandle.CreateInstance(RuntimeType type, Boolean publicOnly, Boolean noCheck, Boolean& canBeCached, RuntimeMethodHandleInternal& ctor, Boolean& bNeedSecurityCheck)
   at System.RuntimeType.CreateInstanceSlow(Boolean publicOnly, Boolean skipCheckThis, Boolean fillCache, StackCrawlMark& stackMark)
   at System.RuntimeType.CreateInstanceDefaultCtor(Boolean publicOnly, Boolean skipCheckThis, Boolean fillCache, StackCrawlMark& stackMark)
   at System.Activator.CreateInstance(Type type, Boolean nonPublic)
   at System.Activator.CreateInstance(Type type)
   at System.Threading.LazyHelpers`1.ActivatorFactorySelector()
   at System.Threading.LazyInitializer.EnsureInitializedCore[T](T& target, Boolean& initialized, Object& syncLock, Func`1 valueFactory)
   at System.Threading.LazyInitializer.EnsureInitialized[T](T& target, Boolean& initialized, Object& syncLock)
   at StatisticalSolutions.Filters.InitializeSimpleMembershipAttribute.OnActionExecuting(ActionExecutingContext filterContext) in e:\Ola Projects\3rdPartyProjects\StatisticalSolutions\StatisticalSolutions\Filters\InitializeSimpleMembershipAttribute.cs:line 23
   at System.Web.Mvc.Async.AsyncControllerActionInvoker.InvokeActionMethodFilterAsynchronously(IActionFilter filter, ActionExecutingContext preContext, Func`1 nextInChain)
   at System.Web.Mvc.Async.AsyncControllerActionInvoker.InvokeActionMethodFilterAsynchronously(IActionFilter filter, ActionExecutingContext preContext, Func`1 nextInChain)
   at System.Web.Mvc.Async.AsyncControllerActionInvoker.<>c__DisplayClass37.<BeginInvokeActionMethodWithFilters>b__31(AsyncCallback asyncCallback, Object asyncState)
   at System.Web.Mvc.Async.AsyncResultWrapper.WrappedAsyncResult`1.Begin(AsyncCallback callback, Object state, Int32 timeout)
   at System.Web.Mvc.Async.AsyncResultWrapper.Begin[TResult](AsyncCallback callback, Object state, BeginInvokeDelegate beginDelegate, EndInvokeDelegate`1 endDelegate, Object tag, Int32 timeout)
   at System.Web.Mvc.Async.AsyncResultWrapper.Begin[TResult](AsyncCallback callback, Object state, BeginInvokeDelegate beginDelegate, EndInvokeDelegate`1 endDelegate, Object tag)
   at System.Web.Mvc.Async.AsyncControllerActionInvoker.<>c__DisplayClass25.<BeginInvokeAction>b__1e(AsyncCallback asyncCallback, Object asyncState)
 2015-05-16 07:31:30,195 [6] INFO  StatisticalSolutions.Controllers.Base.BaseController - Application URL - /StatisticalSolutions/Base/StatisticalError 
 2015-05-16 07:31:30,196 [6] INFO  StatisticalSolutions.Controllers.Base.BaseController - Application URL - /StatisticalSolutions/Base/StatisticalError 
 2015-05-16 07:31:30,196 [6] ERROR StatisticalSolutions.Controllers.Base.BaseController - Statistical exception message - Exception has been thrown by the target of an invocation.
 2015-05-16 07:31:30,196 [6] ERROR StatisticalSolutions.Controllers.Base.BaseController - Statistical exception stack trace -    at System.RuntimeTypeHandle.CreateInstance(RuntimeType type, Boolean publicOnly, Boolean noCheck, Boolean& canBeCached, RuntimeMethodHandleInternal& ctor, Boolean& bNeedSecurityCheck)
   at System.RuntimeType.CreateInstanceSlow(Boolean publicOnly, Boolean skipCheckThis, Boolean fillCache, StackCrawlMark& stackMark)
   at System.RuntimeType.CreateInstanceDefaultCtor(Boolean publicOnly, Boolean skipCheckThis, Boolean fillCache, StackCrawlMark& stackMark)
   at System.Activator.CreateInstance(Type type, Boolean nonPublic)
   at System.Activator.CreateInstance(Type type)
   at System.Threading.LazyHelpers`1.ActivatorFactorySelector()
   at System.Threading.LazyInitializer.EnsureInitializedCore[T](T& target, Boolean& initialized, Object& syncLock, Func`1 valueFactory)
   at System.Threading.LazyInitializer.EnsureInitialized[T](T& target, Boolean& initialized, Object& syncLock)
   at StatisticalSolutions.Filters.InitializeSimpleMembershipAttribute.OnActionExecuting(ActionExecutingContext filterContext) in e:\Ola Projects\3rdPartyProjects\StatisticalSolutions\StatisticalSolutions\Filters\InitializeSimpleMembershipAttribute.cs:line 23
   at System.Web.Mvc.Async.AsyncControllerActionInvoker.InvokeActionMethodFilterAsynchronously(IActionFilter filter, ActionExecutingContext preContext, Func`1 nextInChain)
   at System.Web.Mvc.Async.AsyncControllerActionInvoker.InvokeActionMethodFilterAsynchronously(IActionFilter filter, ActionExecutingContext preContext, Func`1 nextInChain)
   at System.Web.Mvc.Async.AsyncControllerActionInvoker.<>c__DisplayClass37.<BeginInvokeActionMethodWithFilters>b__31(AsyncCallback asyncCallback, Object asyncState)
   at System.Web.Mvc.Async.AsyncResultWrapper.WrappedAsyncResult`1.Begin(AsyncCallback callback, Object state, Int32 timeout)
   at System.Web.Mvc.Async.AsyncResultWrapper.Begin[TResult](AsyncCallback callback, Object state, BeginInvokeDelegate beginDelegate, EndInvokeDelegate`1 endDelegate, Object tag, Int32 timeout)
   at System.Web.Mvc.Async.AsyncResultWrapper.Begin[TResult](AsyncCallback callback, Object state, BeginInvokeDelegate beginDelegate, EndInvokeDelegate`1 endDelegate, Object tag)
   at System.Web.Mvc.Async.AsyncControllerActionInvoker.<>c__DisplayClass25.<BeginInvokeAction>b__1e(AsyncCallback asyncCallback, Object asyncState)
 2015-05-16 07:31:30,202 [7] INFO  StatisticalSolutions.Controllers.Base.BaseController - Application URL - /StatisticalSolutions/Base/StatisticalError 
 2015-05-16 07:31:30,202 [7] INFO  StatisticalSolutions.Controllers.Base.BaseController - Application URL - /StatisticalSolutions/Base/StatisticalError 
 2015-05-16 07:31:30,203 [7] ERROR StatisticalSolutions.Controllers.Base.BaseController - Statistical exception message - Exception has been thrown by the target of an invocation.
 2015-05-16 07:31:30,204 [7] ERROR StatisticalSolutions.Controllers.Base.BaseController - Statistical exception stack trace -    at System.RuntimeTypeHandle.CreateInstance(RuntimeType type, Boolean publicOnly, Boolean noCheck, Boolean& canBeCached, RuntimeMethodHandleInternal& ctor, Boolean& bNeedSecurityCheck)
   at System.RuntimeType.CreateInstanceSlow(Boolean publicOnly, Boolean skipCheckThis, Boolean fillCache, StackCrawlMark& stackMark)
   at System.RuntimeType.CreateInstanceDefaultCtor(Boolean publicOnly, Boolean skipCheckThis, Boolean fillCache, StackCrawlMark& stackMark)
   at System.Activator.CreateInstance(Type type, Boolean nonPublic)
   at System.Activator.CreateInstance(Type type)
   at System.Threading.LazyHelpers`1.ActivatorFactorySelector()
   at System.Threading.LazyInitializer.EnsureInitializedCore[T](T& target, Boolean& initialized, Object& syncLock, Func`1 valueFactory)
   at System.Threading.LazyInitializer.EnsureInitialized[T](T& target, Boolean& initialized, Object& syncLock)
   at StatisticalSolutions.Filters.InitializeSimpleMembershipAttribute.OnActionExecuting(ActionExecutingContext filterContext) in e:\Ola Projects\3rdPartyProjects\StatisticalSolutions\StatisticalSolutions\Filters\InitializeSimpleMembershipAttribute.cs:line 23
   at System.Web.Mvc.Async.AsyncControllerActionInvoker.InvokeActionMethodFilterAsynchronously(IActionFilter filter, ActionExecutingContext preContext, Func`1 nextInChain)
   at System.Web.Mvc.Async.AsyncControllerActionInvoker.InvokeActionMethodFilterAsynchronously(IActionFilter filter, ActionExecutingContext preContext, Func`1 nextInChain)
   at System.Web.Mvc.Async.AsyncControllerActionInvoker.<>c__DisplayClass37.<BeginInvokeActionMethodWithFilters>b__31(AsyncCallback asyncCallback, Object asyncState)
   at System.Web.Mvc.Async.AsyncResultWrapper.WrappedAsyncResult`1.Begin(AsyncCallback callback, Object state, Int32 timeout)
   at System.Web.Mvc.Async.AsyncResultWrapper.Begin[TResult](AsyncCallback callback, Object state, BeginInvokeDelegate beginDelegate, EndInvokeDelegate`1 endDelegate, Object tag, Int32 timeout)
   at System.Web.Mvc.Async.AsyncResultWrapper.Begin[TResult](AsyncCallback callback, Object state, BeginInvokeDelegate beginDelegate, EndInvokeDelegate`1 endDelegate, Object tag)
   at System.Web.Mvc.Async.AsyncControllerActionInvoker.<>c__DisplayClass25.<BeginInvokeAction>b__1e(AsyncCallback asyncCallback, Object asyncState)
 2015-05-16 07:31:30,212 [12] INFO  StatisticalSolutions.Controllers.Base.BaseController - Application URL - /StatisticalSolutions/Base/StatisticalError 
 2015-05-16 07:31:30,213 [12] INFO  StatisticalSolutions.Controllers.Base.BaseController - Application URL - /StatisticalSolutions/Base/StatisticalError 
 2015-05-16 07:31:30,214 [12] ERROR StatisticalSolutions.Controllers.Base.BaseController - Statistical exception message - Exception has been thrown by the target of an invocation.
 2015-05-16 07:31:30,214 [12] ERROR StatisticalSolutions.Controllers.Base.BaseController - Statistical exception stack trace -    at System.RuntimeTypeHandle.CreateInstance(RuntimeType type, Boolean publicOnly, Boolean noCheck, Boolean& canBeCached, RuntimeMethodHandleInternal& ctor, Boolean& bNeedSecurityCheck)
   at System.RuntimeType.CreateInstanceSlow(Boolean publicOnly, Boolean skipCheckThis, Boolean fillCache, StackCrawlMark& stackMark)
   at System.RuntimeType.CreateInstanceDefaultCtor(Boolean publicOnly, Boolean skipCheckThis, Boolean fillCache, StackCrawlMark& stackMark)
   at System.Activator.CreateInstance(Type type, Boolean nonPublic)
   at System.Activator.CreateInstance(Type type)
   at System.Threading.LazyHelpers`1.ActivatorFactorySelector()
   at System.Threading.LazyInitializer.EnsureInitializedCore[T](T& target, Boolean& initialized, Object& syncLock, Func`1 valueFactory)
   at System.Threading.LazyInitializer.EnsureInitialized[T](T& target, Boolean& initialized, Object& syncLock)
   at StatisticalSolutions.Filters.InitializeSimpleMembershipAttribute.OnActionExecuting(ActionExecutingContext filterContext) in e:\Ola Projects\3rdPartyProjects\StatisticalSolutions\StatisticalSolutions\Filters\InitializeSimpleMembershipAttribute.cs:line 23
   at System.Web.Mvc.Async.AsyncControllerActionInvoker.InvokeActionMethodFilterAsynchronously(IActionFilter filter, ActionExecutingContext preContext, Func`1 nextInChain)
   at System.Web.Mvc.Async.AsyncControllerActionInvoker.InvokeActionMethodFilterAsynchronously(IActionFilter filter, ActionExecutingContext preContext, Func`1 nextInChain)
   at System.Web.Mvc.Async.AsyncControllerActionInvoker.<>c__DisplayClass37.<BeginInvokeActionMethodWithFilters>b__31(AsyncCallback asyncCallback, Object asyncState)
   at System.Web.Mvc.Async.AsyncResultWrapper.WrappedAsyncResult`1.Begin(AsyncCallback callback, Object state, Int32 timeout)
   at System.Web.Mvc.Async.AsyncResultWrapper.Begin[TResult](AsyncCallback callback, Object state, BeginInvokeDelegate beginDelegate, EndInvokeDelegate`1 endDelegate, Object tag, Int32 timeout)
   at System.Web.Mvc.Async.AsyncResultWrapper.Begin[TResult](AsyncCallback callback, Object state, BeginInvokeDelegate beginDelegate, EndInvokeDelegate`1 endDelegate, Object tag)
   at System.Web.Mvc.Async.AsyncControllerActionInvoker.<>c__DisplayClass25.<BeginInvokeAction>b__1e(AsyncCallback asyncCallback, Object asyncState)
 2015-05-16 07:31:30,248 [5] INFO  StatisticalSolutions.Controllers.Base.BaseController - Application URL - /StatisticalSolutions/Base/StatisticalError 
 2015-05-16 07:31:30,249 [5] INFO  StatisticalSolutions.Controllers.Base.BaseController - Application URL - /StatisticalSolutions/Base/StatisticalError 
 2015-05-16 07:31:30,250 [5] ERROR StatisticalSolutions.Controllers.Base.BaseController - Statistical exception message - Exception has been thrown by the target of an invocation.
 2015-05-16 07:31:30,250 [5] ERROR StatisticalSolutions.Controllers.Base.BaseController - Statistical exception stack trace -    at System.RuntimeTypeHandle.CreateInstance(RuntimeType type, Boolean publicOnly, Boolean noCheck, Boolean& canBeCached, RuntimeMethodHandleInternal& ctor, Boolean& bNeedSecurityCheck)
   at System.RuntimeType.CreateInstanceSlow(Boolean publicOnly, Boolean skipCheckThis, Boolean fillCache, StackCrawlMark& stackMark)
   at System.RuntimeType.CreateInstanceDefaultCtor(Boolean publicOnly, Boolean skipCheckThis, Boolean fillCache, StackCrawlMark& stackMark)
   at System.Activator.CreateInstance(Type type, Boolean nonPublic)
   at System.Activator.CreateInstance(Type type)
   at System.Threading.LazyHelpers`1.ActivatorFactorySelector()
   at System.Threading.LazyInitializer.EnsureInitializedCore[T](T& target, Boolean& initialized, Object& syncLock, Func`1 valueFactory)
   at System.Threading.LazyInitializer.EnsureInitialized[T](T& target, Boolean& initialized, Object& syncLock)
   at StatisticalSolutions.Filters.InitializeSimpleMembershipAttribute.OnActionExecuting(ActionExecutingContext filterContext) in e:\Ola Projects\3rdPartyProjects\StatisticalSolutions\StatisticalSolutions\Filters\InitializeSimpleMembershipAttribute.cs:line 23
   at System.Web.Mvc.Async.AsyncControllerActionInvoker.InvokeActionMethodFilterAsynchronously(IActionFilter filter, ActionExecutingContext preContext, Func`1 nextInChain)
   at System.Web.Mvc.Async.AsyncControllerActionInvoker.InvokeActionMethodFilterAsynchronously(IActionFilter filter, ActionExecutingContext preContext, Func`1 nextInChain)
   at System.Web.Mvc.Async.AsyncControllerActionInvoker.<>c__DisplayClass37.<BeginInvokeActionMethodWithFilters>b__31(AsyncCallback asyncCallback, Object asyncState)
   at System.Web.Mvc.Async.AsyncResultWrapper.WrappedAsyncResult`1.Begin(AsyncCallback callback, Object state, Int32 timeout)
   at System.Web.Mvc.Async.AsyncResultWrapper.Begin[TResult](AsyncCallback callback, Object state, BeginInvokeDelegate beginDelegate, EndInvokeDelegate`1 endDelegate, Object tag, Int32 timeout)
   at System.Web.Mvc.Async.AsyncResultWrapper.Begin[TResult](AsyncCallback callback, Object state, BeginInvokeDelegate beginDelegate, EndInvokeDelegate`1 endDelegate, Object tag)
   at System.Web.Mvc.Async.AsyncControllerActionInvoker.<>c__DisplayClass25.<BeginInvokeAction>b__1e(AsyncCallback asyncCallback, Object asyncState)
 2015-05-16 07:31:30,260 [7] INFO  StatisticalSolutions.Controllers.Base.BaseController - Application URL - /StatisticalSolutions/Base/StatisticalError 
 2015-05-16 07:31:30,261 [7] INFO  StatisticalSolutions.Controllers.Base.BaseController - Application URL - /StatisticalSolutions/Base/StatisticalError 
 2015-05-16 07:31:30,262 [7] ERROR StatisticalSolutions.Controllers.Base.BaseController - Statistical exception message - Exception has been thrown by the target of an invocation.
 2015-05-16 07:31:30,262 [7] ERROR StatisticalSolutions.Controllers.Base.BaseController - Statistical exception stack trace -    at System.RuntimeTypeHandle.CreateInstance(RuntimeType type, Boolean publicOnly, Boolean noCheck, Boolean& canBeCached, RuntimeMethodHandleInternal& ctor, Boolean& bNeedSecurityCheck)
   at System.RuntimeType.CreateInstanceSlow(Boolean publicOnly, Boolean skipCheckThis, Boolean fillCache, StackCrawlMark& stackMark)
   at System.RuntimeType.CreateInstanceDefaultCtor(Boolean publicOnly, Boolean skipCheckThis, Boolean fillCache, StackCrawlMark& stackMark)
   at System.Activator.CreateInstance(Type type, Boolean nonPublic)
   at System.Activator.CreateInstance(Type type)
   at System.Threading.LazyHelpers`1.ActivatorFactorySelector()
   at System.Threading.LazyInitializer.EnsureInitializedCore[T](T& target, Boolean& initialized, Object& syncLock, Func`1 valueFactory)
   at System.Threading.LazyInitializer.EnsureInitialized[T](T& target, Boolean& initialized, Object& syncLock)
   at StatisticalSolutions.Filters.InitializeSimpleMembershipAttribute.OnActionExecuting(ActionExecutingContext filterContext) in e:\Ola Projects\3rdPartyProjects\StatisticalSolutions\StatisticalSolutions\Filters\InitializeSimpleMembershipAttribute.cs:line 23
   at System.Web.Mvc.Async.AsyncControllerActionInvoker.InvokeActionMethodFilterAsynchronously(IActionFilter filter, ActionExecutingContext preContext, Func`1 nextInChain)
   at System.Web.Mvc.Async.AsyncControllerActionInvoker.InvokeActionMethodFilterAsynchronously(IActionFilter filter, ActionExecutingContext preContext, Func`1 nextInChain)
   at System.Web.Mvc.Async.AsyncControllerActionInvoker.<>c__DisplayClass37.<BeginInvokeActionMethodWithFilters>b__31(AsyncCallback asyncCallback, Object asyncState)
   at System.Web.Mvc.Async.AsyncResultWrapper.WrappedAsyncResult`1.Begin(AsyncCallback callback, Object state, Int32 timeout)
   at System.Web.Mvc.Async.AsyncResultWrapper.Begin[TResult](AsyncCallback callback, Object state, BeginInvokeDelegate beginDelegate, EndInvokeDelegate`1 endDelegate, Object tag, Int32 timeout)
   at System.Web.Mvc.Async.AsyncResultWrapper.Begin[TResult](AsyncCallback callback, Object state, BeginInvokeDelegate beginDelegate, EndInvokeDelegate`1 endDelegate, Object tag)
   at System.Web.Mvc.Async.AsyncControllerActionInvoker.<>c__DisplayClass25.<BeginInvokeAction>b__1e(AsyncCallback asyncCallback, Object asyncState)
 2015-05-16 07:31:30,278 [6] INFO  StatisticalSolutions.Controllers.Base.BaseController - Application URL - /StatisticalSolutions/Base/StatisticalError 
 2015-05-16 07:31:30,279 [6] INFO  StatisticalSolutions.Controllers.Base.BaseController - Application URL - /StatisticalSolutions/Base/StatisticalError 
 2015-05-16 07:31:30,280 [6] ERROR StatisticalSolutions.Controllers.Base.BaseController - Statistical exception message - Exception has been thrown by the target of an invocation.
 2015-05-16 07:31:30,280 [6] ERROR StatisticalSolutions.Controllers.Base.BaseController - Statistical exception stack trace -    at System.RuntimeTypeHandle.CreateInstance(RuntimeType type, Boolean publicOnly, Boolean noCheck, Boolean& canBeCached, RuntimeMethodHandleInternal& ctor, Boolean& bNeedSecurityCheck)
   at System.RuntimeType.CreateInstanceSlow(Boolean publicOnly, Boolean skipCheckThis, Boolean fillCache, StackCrawlMark& stackMark)
   at System.RuntimeType.CreateInstanceDefaultCtor(Boolean publicOnly, Boolean skipCheckThis, Boolean fillCache, StackCrawlMark& stackMark)
   at System.Activator.CreateInstance(Type type, Boolean nonPublic)
   at System.Activator.CreateInstance(Type type)
   at System.Threading.LazyHelpers`1.ActivatorFactorySelector()
   at System.Threading.LazyInitializer.EnsureInitializedCore[T](T& target, Boolean& initialized, Object& syncLock, Func`1 valueFactory)
   at System.Threading.LazyInitializer.EnsureInitialized[T](T& target, Boolean& initialized, Object& syncLock)
   at StatisticalSolutions.Filters.InitializeSimpleMembershipAttribute.OnActionExecuting(ActionExecutingContext filterContext) in e:\Ola Projects\3rdPartyProjects\StatisticalSolutions\StatisticalSolutions\Filters\InitializeSimpleMembershipAttribute.cs:line 23
   at System.Web.Mvc.Async.AsyncControllerActionInvoker.InvokeActionMethodFilterAsynchronously(IActionFilter filter, ActionExecutingContext preContext, Func`1 nextInChain)
   at System.Web.Mvc.Async.AsyncControllerActionInvoker.InvokeActionMethodFilterAsynchronously(IActionFilter filter, ActionExecutingContext preContext, Func`1 nextInChain)
   at System.Web.Mvc.Async.AsyncControllerActionInvoker.<>c__DisplayClass37.<BeginInvokeActionMethodWithFilters>b__31(AsyncCallback asyncCallback, Object asyncState)
   at System.Web.Mvc.Async.AsyncResultWrapper.WrappedAsyncResult`1.Begin(AsyncCallback callback, Object state, Int32 timeout)
   at System.Web.Mvc.Async.AsyncResultWrapper.Begin[TResult](AsyncCallback callback, Object state, BeginInvokeDelegate beginDelegate, EndInvokeDelegate`1 endDelegate, Object tag, Int32 timeout)
   at System.Web.Mvc.Async.AsyncResultWrapper.Begin[TResult](AsyncCallback callback, Object state, BeginInvokeDelegate beginDelegate, EndInvokeDelegate`1 endDelegate, Object tag)
   at System.Web.Mvc.Async.AsyncControllerActionInvoker.<>c__DisplayClass25.<BeginInvokeAction>b__1e(AsyncCallback asyncCallback, Object asyncState)
 2015-05-16 07:31:30,289 [5] INFO  StatisticalSolutions.Controllers.Base.BaseController - Application URL - /StatisticalSolutions/Base/StatisticalError 
 2015-05-16 07:31:30,290 [5] INFO  StatisticalSolutions.Controllers.Base.BaseController - Application URL - /StatisticalSolutions/Base/StatisticalError 
 2015-05-16 07:31:30,291 [5] ERROR StatisticalSolutions.Controllers.Base.BaseController - Statistical exception message - Exception has been thrown by the target of an invocation.
 2015-05-16 07:31:30,292 [5] ERROR StatisticalSolutions.Controllers.Base.BaseController - Statistical exception stack trace -    at System.RuntimeTypeHandle.CreateInstance(RuntimeType type, Boolean publicOnly, Boolean noCheck, Boolean& canBeCached, RuntimeMethodHandleInternal& ctor, Boolean& bNeedSecurityCheck)
   at System.RuntimeType.CreateInstanceSlow(Boolean publicOnly, Boolean skipCheckThis, Boolean fillCache, StackCrawlMark& stackMark)
   at System.RuntimeType.CreateInstanceDefaultCtor(Boolean publicOnly, Boolean skipCheckThis, Boolean fillCache, StackCrawlMark& stackMark)
   at System.Activator.CreateInstance(Type type, Boolean nonPublic)
   at System.Activator.CreateInstance(Type type)
   at System.Threading.LazyHelpers`1.ActivatorFactorySelector()
   at System.Threading.LazyInitializer.EnsureInitializedCore[T](T& target, Boolean& initialized, Object& syncLock, Func`1 valueFactory)
   at System.Threading.LazyInitializer.EnsureInitialized[T](T& target, Boolean& initialized, Object& syncLock)
   at StatisticalSolutions.Filters.InitializeSimpleMembershipAttribute.OnActionExecuting(ActionExecutingContext filterContext) in e:\Ola Projects\3rdPartyProjects\StatisticalSolutions\StatisticalSolutions\Filters\InitializeSimpleMembershipAttribute.cs:line 23
   at System.Web.Mvc.Async.AsyncControllerActionInvoker.InvokeActionMethodFilterAsynchronously(IActionFilter filter, ActionExecutingContext preContext, Func`1 nextInChain)
   at System.Web.Mvc.Async.AsyncControllerActionInvoker.InvokeActionMethodFilterAsynchronously(IActionFilter filter, ActionExecutingContext preContext, Func`1 nextInChain)
   at System.Web.Mvc.Async.AsyncControllerActionInvoker.<>c__DisplayClass37.<BeginInvokeActionMethodWithFilters>b__31(AsyncCallback asyncCallback, Object asyncState)
   at System.Web.Mvc.Async.AsyncResultWrapper.WrappedAsyncResult`1.Begin(AsyncCallback callback, Object state, Int32 timeout)
   at System.Web.Mvc.Async.AsyncResultWrapper.Begin[TResult](AsyncCallback callback, Object state, BeginInvokeDelegate beginDelegate, EndInvokeDelegate`1 endDelegate, Object tag, Int32 timeout)
   at System.Web.Mvc.Async.AsyncResultWrapper.Begin[TResult](AsyncCallback callback, Object state, BeginInvokeDelegate beginDelegate, EndInvokeDelegate`1 endDelegate, Object tag)
   at System.Web.Mvc.Async.AsyncControllerActionInvoker.<>c__DisplayClass25.<BeginInvokeAction>b__1e(AsyncCallback asyncCallback, Object asyncState)
 2015-05-16 07:31:30,306 [12] INFO  StatisticalSolutions.Controllers.Base.BaseController - Application URL - /StatisticalSolutions/Base/StatisticalError 
 2015-05-16 07:31:30,308 [12] INFO  StatisticalSolutions.Controllers.Base.BaseController - Application URL - /StatisticalSolutions/Base/StatisticalError 
 2015-05-16 07:31:30,309 [12] ERROR StatisticalSolutions.Controllers.Base.BaseController - Statistical exception message - Exception has been thrown by the target of an invocation.
 2015-05-16 07:31:30,309 [12] ERROR StatisticalSolutions.Controllers.Base.BaseController - Statistical exception stack trace -    at System.RuntimeTypeHandle.CreateInstance(RuntimeType type, Boolean publicOnly, Boolean noCheck, Boolean& canBeCached, RuntimeMethodHandleInternal& ctor, Boolean& bNeedSecurityCheck)
   at System.RuntimeType.CreateInstanceSlow(Boolean publicOnly, Boolean skipCheckThis, Boolean fillCache, StackCrawlMark& stackMark)
   at System.RuntimeType.CreateInstanceDefaultCtor(Boolean publicOnly, Boolean skipCheckThis, Boolean fillCache, StackCrawlMark& stackMark)
   at System.Activator.CreateInstance(Type type, Boolean nonPublic)
   at System.Activator.CreateInstance(Type type)
   at System.Threading.LazyHelpers`1.ActivatorFactorySelector()
   at System.Threading.LazyInitializer.EnsureInitializedCore[T](T& target, Boolean& initialized, Object& syncLock, Func`1 valueFactory)
   at System.Threading.LazyInitializer.EnsureInitialized[T](T& target, Boolean& initialized, Object& syncLock)
   at StatisticalSolutions.Filters.InitializeSimpleMembershipAttribute.OnActionExecuting(ActionExecutingContext filterContext) in e:\Ola Projects\3rdPartyProjects\StatisticalSolutions\StatisticalSolutions\Filters\InitializeSimpleMembershipAttribute.cs:line 23
   at System.Web.Mvc.Async.AsyncControllerActionInvoker.InvokeActionMethodFilterAsynchronously(IActionFilter filter, ActionExecutingContext preContext, Func`1 nextInChain)
   at System.Web.Mvc.Async.AsyncControllerActionInvoker.InvokeActionMethodFilterAsynchronously(IActionFilter filter, ActionExecutingContext preContext, Func`1 nextInChain)
   at System.Web.Mvc.Async.AsyncControllerActionInvoker.<>c__DisplayClass37.<BeginInvokeActionMethodWithFilters>b__31(AsyncCallback asyncCallback, Object asyncState)
   at System.Web.Mvc.Async.AsyncResultWrapper.WrappedAsyncResult`1.Begin(AsyncCallback callback, Object state, Int32 timeout)
   at System.Web.Mvc.Async.AsyncResultWrapper.Begin[TResult](AsyncCallback callback, Object state, BeginInvokeDelegate beginDelegate, EndInvokeDelegate`1 endDelegate, Object tag, Int32 timeout)
   at System.Web.Mvc.Async.AsyncResultWrapper.Begin[TResult](AsyncCallback callback, Object state, BeginInvokeDelegate beginDelegate, EndInvokeDelegate`1 endDelegate, Object tag)
   at System.Web.Mvc.Async.AsyncControllerActionInvoker.<>c__DisplayClass25.<BeginInvokeAction>b__1e(AsyncCallback asyncCallback, Object asyncState)
 2015-05-16 07:31:30,318 [5] INFO  StatisticalSolutions.Controllers.Base.BaseController - Application URL - /StatisticalSolutions/Base/StatisticalError 
 2015-05-16 07:31:30,320 [5] INFO  StatisticalSolutions.Controllers.Base.BaseController - Application URL - /StatisticalSolutions/Base/StatisticalError 
 2015-05-16 07:31:30,320 [5] ERROR StatisticalSolutions.Controllers.Base.BaseController - Statistical exception message - Exception has been thrown by the target of an invocation.
 2015-05-16 07:31:30,320 [5] ERROR StatisticalSolutions.Controllers.Base.BaseController - Statistical exception stack trace -    at System.RuntimeTypeHandle.CreateInstance(RuntimeType type, Boolean publicOnly, Boolean noCheck, Boolean& canBeCached, RuntimeMethodHandleInternal& ctor, Boolean& bNeedSecurityCheck)
   at System.RuntimeType.CreateInstanceSlow(Boolean publicOnly, Boolean skipCheckThis, Boolean fillCache, StackCrawlMark& stackMark)
   at System.RuntimeType.CreateInstanceDefaultCtor(Boolean publicOnly, Boolean skipCheckThis, Boolean fillCache, StackCrawlMark& stackMark)
   at System.Activator.CreateInstance(Type type, Boolean nonPublic)
   at System.Activator.CreateInstance(Type type)
   at System.Threading.LazyHelpers`1.ActivatorFactorySelector()
   at System.Threading.LazyInitializer.EnsureInitializedCore[T](T& target, Boolean& initialized, Object& syncLock, Func`1 valueFactory)
   at System.Threading.LazyInitializer.EnsureInitialized[T](T& target, Boolean& initialized, Object& syncLock)
   at StatisticalSolutions.Filters.InitializeSimpleMembershipAttribute.OnActionExecuting(ActionExecutingContext filterContext) in e:\Ola Projects\3rdPartyProjects\StatisticalSolutions\StatisticalSolutions\Filters\InitializeSimpleMembershipAttribute.cs:line 23
   at System.Web.Mvc.Async.AsyncControllerActionInvoker.InvokeActionMethodFilterAsynchronously(IActionFilter filter, ActionExecutingContext preContext, Func`1 nextInChain)
   at System.Web.Mvc.Async.AsyncControllerActionInvoker.InvokeActionMethodFilterAsynchronously(IActionFilter filter, ActionExecutingContext preContext, Func`1 nextInChain)
   at System.Web.Mvc.Async.AsyncControllerActionInvoker.<>c__DisplayClass37.<BeginInvokeActionMethodWithFilters>b__31(AsyncCallback asyncCallback, Object asyncState)
   at System.Web.Mvc.Async.AsyncResultWrapper.WrappedAsyncResult`1.Begin(AsyncCallback callback, Object state, Int32 timeout)
   at System.Web.Mvc.Async.AsyncResultWrapper.Begin[TResult](AsyncCallback callback, Object state, BeginInvokeDelegate beginDelegate, EndInvokeDelegate`1 endDelegate, Object tag, Int32 timeout)
   at System.Web.Mvc.Async.AsyncResultWrapper.Begin[TResult](AsyncCallback callback, Object state, BeginInvokeDelegate beginDelegate, EndInvokeDelegate`1 endDelegate, Object tag)
   at System.Web.Mvc.Async.AsyncControllerActionInvoker.<>c__DisplayClass25.<BeginInvokeAction>b__1e(AsyncCallback asyncCallback, Object asyncState)
 2015-05-16 07:31:30,329 [7] INFO  StatisticalSolutions.Controllers.Base.BaseController - Application URL - /StatisticalSolutions/Base/StatisticalError 
 2015-05-16 07:31:30,330 [7] INFO  StatisticalSolutions.Controllers.Base.BaseController - Application URL - /StatisticalSolutions/Base/StatisticalError 
 2015-05-16 07:31:30,331 [7] ERROR StatisticalSolutions.Controllers.Base.BaseController - Statistical exception message - Exception has been thrown by the target of an invocation.
 2015-05-16 07:31:30,331 [7] ERROR StatisticalSolutions.Controllers.Base.BaseController - Statistical exception stack trace -    at System.RuntimeTypeHandle.CreateInstance(RuntimeType type, Boolean publicOnly, Boolean noCheck, Boolean& canBeCached, RuntimeMethodHandleInternal& ctor, Boolean& bNeedSecurityCheck)
   at System.RuntimeType.CreateInstanceSlow(Boolean publicOnly, Boolean skipCheckThis, Boolean fillCache, StackCrawlMark& stackMark)
   at System.RuntimeType.CreateInstanceDefaultCtor(Boolean publicOnly, Boolean skipCheckThis, Boolean fillCache, StackCrawlMark& stackMark)
   at System.Activator.CreateInstance(Type type, Boolean nonPublic)
   at System.Activator.CreateInstance(Type type)
   at System.Threading.LazyHelpers`1.ActivatorFactorySelector()
   at System.Threading.LazyInitializer.EnsureInitializedCore[T](T& target, Boolean& initialized, Object& syncLock, Func`1 valueFactory)
   at System.Threading.LazyInitializer.EnsureInitialized[T](T& target, Boolean& initialized, Object& syncLock)
   at StatisticalSolutions.Filters.InitializeSimpleMembershipAttribute.OnActionExecuting(ActionExecutingContext filterContext) in e:\Ola Projects\3rdPartyProjects\StatisticalSolutions\StatisticalSolutions\Filters\InitializeSimpleMembershipAttribute.cs:line 23
   at System.Web.Mvc.Async.AsyncControllerActionInvoker.InvokeActionMethodFilterAsynchronously(IActionFilter filter, ActionExecutingContext preContext, Func`1 nextInChain)
   at System.Web.Mvc.Async.AsyncControllerActionInvoker.InvokeActionMethodFilterAsynchronously(IActionFilter filter, ActionExecutingContext preContext, Func`1 nextInChain)
   at System.Web.Mvc.Async.AsyncControllerActionInvoker.<>c__DisplayClass37.<BeginInvokeActionMethodWithFilters>b__31(AsyncCallback asyncCallback, Object asyncState)
   at System.Web.Mvc.Async.AsyncResultWrapper.WrappedAsyncResult`1.Begin(AsyncCallback callback, Object state, Int32 timeout)
   at System.Web.Mvc.Async.AsyncResultWrapper.Begin[TResult](AsyncCallback callback, Object state, BeginInvokeDelegate beginDelegate, EndInvokeDelegate`1 endDelegate, Object tag, Int32 timeout)
   at System.Web.Mvc.Async.AsyncResultWrapper.Begin[TResult](AsyncCallback callback, Object state, BeginInvokeDelegate beginDelegate, EndInvokeDelegate`1 endDelegate, Object tag)
   at System.Web.Mvc.Async.AsyncControllerActionInvoker.<>c__DisplayClass25.<BeginInvokeAction>b__1e(AsyncCallback asyncCallback, Object asyncState)
 2015-05-16 07:31:30,336 [12] INFO  StatisticalSolutions.Controllers.Base.BaseController - Application URL - /StatisticalSolutions/Base/StatisticalError 
 2015-05-16 07:31:30,337 [12] INFO  StatisticalSolutions.Controllers.Base.BaseController - Application URL - /StatisticalSolutions/Base/StatisticalError 
 2015-05-16 07:31:30,337 [12] ERROR StatisticalSolutions.Controllers.Base.BaseController - Statistical exception message - Exception has been thrown by the target of an invocation.
 2015-05-16 07:31:30,337 [12] ERROR StatisticalSolutions.Controllers.Base.BaseController - Statistical exception stack trace -    at System.RuntimeTypeHandle.CreateInstance(RuntimeType type, Boolean publicOnly, Boolean noCheck, Boolean& canBeCached, RuntimeMethodHandleInternal& ctor, Boolean& bNeedSecurityCheck)
   at System.RuntimeType.CreateInstanceSlow(Boolean publicOnly, Boolean skipCheckThis, Boolean fillCache, StackCrawlMark& stackMark)
   at System.RuntimeType.CreateInstanceDefaultCtor(Boolean publicOnly, Boolean skipCheckThis, Boolean fillCache, StackCrawlMark& stackMark)
   at System.Activator.CreateInstance(Type type, Boolean nonPublic)
   at System.Activator.CreateInstance(Type type)
   at System.Threading.LazyHelpers`1.ActivatorFactorySelector()
   at System.Threading.LazyInitializer.EnsureInitializedCore[T](T& target, Boolean& initialized, Object& syncLock, Func`1 valueFactory)
   at System.Threading.LazyInitializer.EnsureInitialized[T](T& target, Boolean& initialized, Object& syncLock)
   at StatisticalSolutions.Filters.InitializeSimpleMembershipAttribute.OnActionExecuting(ActionExecutingContext filterContext) in e:\Ola Projects\3rdPartyProjects\StatisticalSolutions\StatisticalSolutions\Filters\InitializeSimpleMembershipAttribute.cs:line 23
   at System.Web.Mvc.Async.AsyncControllerActionInvoker.InvokeActionMethodFilterAsynchronously(IActionFilter filter, ActionExecutingContext preContext, Func`1 nextInChain)
   at System.Web.Mvc.Async.AsyncControllerActionInvoker.InvokeActionMethodFilterAsynchronously(IActionFilter filter, ActionExecutingContext preContext, Func`1 nextInChain)
   at System.Web.Mvc.Async.AsyncControllerActionInvoker.<>c__DisplayClass37.<BeginInvokeActionMethodWithFilters>b__31(AsyncCallback asyncCallback, Object asyncState)
   at System.Web.Mvc.Async.AsyncResultWrapper.WrappedAsyncResult`1.Begin(AsyncCallback callback, Object state, Int32 timeout)
   at System.Web.Mvc.Async.AsyncResultWrapper.Begin[TResult](AsyncCallback callback, Object state, BeginInvokeDelegate beginDelegate, EndInvokeDelegate`1 endDelegate, Object tag, Int32 timeout)
   at System.Web.Mvc.Async.AsyncResultWrapper.Begin[TResult](AsyncCallback callback, Object state, BeginInvokeDelegate beginDelegate, EndInvokeDelegate`1 endDelegate, Object tag)
   at System.Web.Mvc.Async.AsyncControllerActionInvoker.<>c__DisplayClass25.<BeginInvokeAction>b__1e(AsyncCallback asyncCallback, Object asyncState)
 2015-05-16 07:31:30,345 [5] INFO  StatisticalSolutions.Controllers.Base.BaseController - Application URL - /StatisticalSolutions/Base/StatisticalError 
 2015-05-16 07:31:30,346 [5] INFO  StatisticalSolutions.Controllers.Base.BaseController - Application URL - /StatisticalSolutions/Base/StatisticalError 
 2015-05-16 07:31:30,347 [5] ERROR StatisticalSolutions.Controllers.Base.BaseController - Statistical exception message - Exception has been thrown by the target of an invocation.
 2015-05-16 07:31:30,347 [5] ERROR StatisticalSolutions.Controllers.Base.BaseController - Statistical exception stack trace -    at System.RuntimeTypeHandle.CreateInstance(RuntimeType type, Boolean publicOnly, Boolean noCheck, Boolean& canBeCached, RuntimeMethodHandleInternal& ctor, Boolean& bNeedSecurityCheck)
   at System.RuntimeType.CreateInstanceSlow(Boolean publicOnly, Boolean skipCheckThis, Boolean fillCache, StackCrawlMark& stackMark)
   at System.RuntimeType.CreateInstanceDefaultCtor(Boolean publicOnly, Boolean skipCheckThis, Boolean fillCache, StackCrawlMark& stackMark)
   at System.Activator.CreateInstance(Type type, Boolean nonPublic)
   at System.Activator.CreateInstance(Type type)
   at System.Threading.LazyHelpers`1.ActivatorFactorySelector()
   at System.Threading.LazyInitializer.EnsureInitializedCore[T](T& target, Boolean& initialized, Object& syncLock, Func`1 valueFactory)
   at System.Threading.LazyInitializer.EnsureInitialized[T](T& target, Boolean& initialized, Object& syncLock)
   at StatisticalSolutions.Filters.InitializeSimpleMembershipAttribute.OnActionExecuting(ActionExecutingContext filterContext) in e:\Ola Projects\3rdPartyProjects\StatisticalSolutions\StatisticalSolutions\Filters\InitializeSimpleMembershipAttribute.cs:line 23
   at System.Web.Mvc.Async.AsyncControllerActionInvoker.InvokeActionMethodFilterAsynchronously(IActionFilter filter, ActionExecutingContext preContext, Func`1 nextInChain)
   at System.Web.Mvc.Async.AsyncControllerActionInvoker.InvokeActionMethodFilterAsynchronously(IActionFilter filter, ActionExecutingContext preContext, Func`1 nextInChain)
   at System.Web.Mvc.Async.AsyncControllerActionInvoker.<>c__DisplayClass37.<BeginInvokeActionMethodWithFilters>b__31(AsyncCallback asyncCallback, Object asyncState)
   at System.Web.Mvc.Async.AsyncResultWrapper.WrappedAsyncResult`1.Begin(AsyncCallback callback, Object state, Int32 timeout)
   at System.Web.Mvc.Async.AsyncResultWrapper.Begin[TResult](AsyncCallback callback, Object state, BeginInvokeDelegate beginDelegate, EndInvokeDelegate`1 endDelegate, Object tag, Int32 timeout)
   at System.Web.Mvc.Async.AsyncResultWrapper.Begin[TResult](AsyncCallback callback, Object state, BeginInvokeDelegate beginDelegate, EndInvokeDelegate`1 endDelegate, Object tag)
   at System.Web.Mvc.Async.AsyncControllerActionInvoker.<>c__DisplayClass25.<BeginInvokeAction>b__1e(AsyncCallback asyncCallback, Object asyncState)
 2015-05-16 07:31:30,353 [7] INFO  StatisticalSolutions.Controllers.Base.BaseController - Application URL - /StatisticalSolutions/Base/StatisticalError 
 2015-05-16 07:31:30,354 [7] INFO  StatisticalSolutions.Controllers.Base.BaseController - Application URL - /StatisticalSolutions/Base/StatisticalError 
 2015-05-16 07:31:30,354 [7] ERROR StatisticalSolutions.Controllers.Base.BaseController - Statistical exception message - Exception has been thrown by the target of an invocation.
 2015-05-16 07:31:30,355 [7] ERROR StatisticalSolutions.Controllers.Base.BaseController - Statistical exception stack trace -    at System.RuntimeTypeHandle.CreateInstance(RuntimeType type, Boolean publicOnly, Boolean noCheck, Boolean& canBeCached, RuntimeMethodHandleInternal& ctor, Boolean& bNeedSecurityCheck)
   at System.RuntimeType.CreateInstanceSlow(Boolean publicOnly, Boolean skipCheckThis, Boolean fillCache, StackCrawlMark& stackMark)
   at System.RuntimeType.CreateInstanceDefaultCtor(Boolean publicOnly, Boolean skipCheckThis, Boolean fillCache, StackCrawlMark& stackMark)
   at System.Activator.CreateInstance(Type type, Boolean nonPublic)
   at System.Activator.CreateInstance(Type type)
   at System.Threading.LazyHelpers`1.ActivatorFactorySelector()
   at System.Threading.LazyInitializer.EnsureInitializedCore[T](T& target, Boolean& initialized, Object& syncLock, Func`1 valueFactory)
   at System.Threading.LazyInitializer.EnsureInitialized[T](T& target, Boolean& initialized, Object& syncLock)
   at StatisticalSolutions.Filters.InitializeSimpleMembershipAttribute.OnActionExecuting(ActionExecutingContext filterContext) in e:\Ola Projects\3rdPartyProjects\StatisticalSolutions\StatisticalSolutions\Filters\InitializeSimpleMembershipAttribute.cs:line 23
   at System.Web.Mvc.Async.AsyncControllerActionInvoker.InvokeActionMethodFilterAsynchronously(IActionFilter filter, ActionExecutingContext preContext, Func`1 nextInChain)
   at System.Web.Mvc.Async.AsyncControllerActionInvoker.InvokeActionMethodFilterAsynchronously(IActionFilter filter, ActionExecutingContext preContext, Func`1 nextInChain)
   at System.Web.Mvc.Async.AsyncControllerActionInvoker.<>c__DisplayClass37.<BeginInvokeActionMethodWithFilters>b__31(AsyncCallback asyncCallback, Object asyncState)
   at System.Web.Mvc.Async.AsyncResultWrapper.WrappedAsyncResult`1.Begin(AsyncCallback callback, Object state, Int32 timeout)
   at System.Web.Mvc.Async.AsyncResultWrapper.Begin[TResult](AsyncCallback callback, Object state, BeginInvokeDelegate beginDelegate, EndInvokeDelegate`1 endDelegate, Object tag, Int32 timeout)
   at System.Web.Mvc.Async.AsyncResultWrapper.Begin[TResult](AsyncCallback callback, Object state, BeginInvokeDelegate beginDelegate, EndInvokeDelegate`1 endDelegate, Object tag)
   at System.Web.Mvc.Async.AsyncControllerActionInvoker.<>c__DisplayClass25.<BeginInvokeAction>b__1e(AsyncCallback asyncCallback, Object asyncState)
 2015-05-16 07:31:47,090 [7] INFO  StatisticalSolutions.Controllers.Base.BaseController - Application URL - /StatisticalSolutions/ 
 2015-05-16 07:32:00,863 [5] INFO  StatisticalSolutions.Controllers.Base.BaseController - Application URL - /StatisticalSolutions/Instructor/Consultants 
 2015-05-16 07:32:06,239 [12] INFO  StatisticalSolutions.Controllers.Base.BaseController - Application URL - /StatisticalSolutions/Workshop/Register 
 2015-05-16 07:32:26,144 [12] ERROR StatisticalSolutions.Controllers.Base.BaseController - Function Register Error  - Cannot open server 'b6qk2z7st9' requested by the login. Client with IP address '116.202.36.15' is not allowed to access the server.  To enable access, use the Windows Azure Management Portal or run sp_set_firewall_rule on the master database to create a firewall rule for this IP address or address range.  It may take up to five minutes for this change to take effect.
Login failed for user 'anewluv'.
This session has been assigned a tracing ID of 'ed8eb9b3-bf41-41f6-9174-b466bed95c94'.  Provide this tracing ID to customer support when you need assistance.
 2015-05-16 07:32:26,146 [12] ERROR StatisticalSolutions.Controllers.Base.BaseController - Statistical exception message - Cannot open server 'b6qk2z7st9' requested by the login. Client with IP address '116.202.36.15' is not allowed to access the server.  To enable access, use the Windows Azure Management Portal or run sp_set_firewall_rule on the master database to create a firewall rule for this IP address or address range.  It may take up to five minutes for this change to take effect.
Login failed for user 'anewluv'.
This session has been assigned a tracing ID of 'ed8eb9b3-bf41-41f6-9174-b466bed95c94'.  Provide this tracing ID to customer support when you need assistance.
 System.Data.SqlClient.SqlException (0x80131904): Cannot open server 'b6qk2z7st9' requested by the login. Client with IP address '116.202.36.15' is not allowed to access the server.  To enable access, use the Windows Azure Management Portal or run sp_set_firewall_rule on the master database to create a firewall rule for this IP address or address range.  It may take up to five minutes for this change to take effect.
Login failed for user 'anewluv'.
This session has been assigned a tracing ID of 'ed8eb9b3-bf41-41f6-9174-b466bed95c94'.  Provide this tracing ID to customer support when you need assistance.
   at StatisticalSolutions.DataAccess.DAL.getseminars() in e:\Ola Projects\3rdPartyProjects\StatisticalSolutions\StatisticalSolutions\DataAccess\DAL.cs:line 598
   at StatisticalSolutions.Controllers.WorkshopController.Register(registration model) in e:\Ola Projects\3rdPartyProjects\StatisticalSolutions\StatisticalSolutions\Controllers\WorkshopController.cs:line 61
ClientConnectionId:17ecf2dc-c2de-41db-b863-dc8bf67c33d2
2015-05-16 07:33:16,349 [19] INFO  StatisticalSolutions.Controllers.Base.BaseController - Application URL - /StatisticalSolutions/ 
 2015-05-16 07:33:20,157 [19] INFO  StatisticalSolutions.Controllers.Base.BaseController - Application URL - /StatisticalSolutions/Home/About 
 2015-05-16 07:33:36,546 [18] INFO  StatisticalSolutions.Controllers.Base.BaseController - Application URL - /StatisticalSolutions/ 
 2015-05-16 07:33:45,425 [18] INFO  StatisticalSolutions.Controllers.Base.BaseController - Application URL - /StatisticalSolutions/Home/About 
 2015-05-16 07:47:51,013 [36] INFO  StatisticalSolutions.Controllers.Base.BaseController - Application URL - /StatisticalSolutions/ 
 2015-05-16 07:47:54,508 [36] INFO  StatisticalSolutions.Controllers.Base.BaseController - Application URL - /StatisticalSolutions/ 
 2015-05-16 07:47:54,509 [36] ERROR StatisticalSolutions.Controllers.Base.BaseController - Statistical exception message - e:\Ola Projects\3rdPartyProjects\StatisticalSolutions\StatisticalSolutions\Views\Shared\_LayoutNew.cshtml(104): error CS1061: 'StatisticalSolutions.DataAccess.DAL' does not contain a definition for 'getseminaridbyname' and no extension method 'getseminaridbyname' accepting a first argument of type 'StatisticalSolutions.DataAccess.DAL' could be found (are you missing a using directive or an assembly reference?)
 2015-05-16 07:47:54,510 [36] ERROR StatisticalSolutions.Controllers.Base.BaseController - Statistical exception stack trace -    at System.Web.Compilation.AssemblyBuilder.Compile()
   at System.Web.Compilation.BuildProvidersCompiler.PerformBuild()
   at System.Web.Compilation.BuildManager.CompileWebFile(VirtualPath virtualPath)
   at System.Web.Compilation.BuildManager.GetVPathBuildResultInternal(VirtualPath virtualPath, Boolean noBuild, Boolean allowCrossApp, Boolean allowBuildInPrecompile, Boolean throwIfNotFound, Boolean ensureIsUpToDate)
   at System.Web.Compilation.BuildManager.GetVPathBuildResultWithNoAssert(HttpContext context, VirtualPath virtualPath, Boolean noBuild, Boolean allowCrossApp, Boolean allowBuildInPrecompile, Boolean throwIfNotFound, Boolean ensureIsUpToDate)
   at System.Web.Compilation.BuildManager.GetVirtualPathObjectFactory(VirtualPath virtualPath, HttpContext context, Boolean allowCrossApp, Boolean throwIfNotFound)
   at System.Web.Compilation.BuildManager.CreateInstanceFromVirtualPath(VirtualPath virtualPath, Type requiredBaseType, HttpContext context, Boolean allowCrossApp)
   at System.Web.WebPages.BuildManagerWrapper.CreateInstanceOfType[T](String virtualPath)
   at System.Web.WebPages.VirtualPathFactoryManager.CreateInstanceOfType[T](String virtualPath)
   at System.Web.WebPages.WebPageBase.CreatePageFromVirtualPath(String virtualPath, HttpContextBase httpContext, Func`2 virtualPathExists, DisplayModeProvider displayModeProvider, IDisplayMode displayMode)
   at System.Web.WebPages.WebPageBase.<>c__DisplayClass7.<RenderPageCore>b__6(TextWriter writer)
   at System.Web.WebPages.WebPageBase.Write(HelperResult result)
   at System.Web.WebPages.WebPageBase.RenderSurrounding(String partialViewName, Action`1 body)
   at System.Web.WebPages.WebPageBase.PopContext()
   at System.Web.Mvc.ViewResultBase.ExecuteResult(ControllerContext context)
   at System.Web.Mvc.ControllerActionInvoker.<>c__DisplayClass1a.<InvokeActionResultWithFilters>b__17()
   at System.Web.Mvc.ControllerActionInvoker.InvokeActionResultFilter(IResultFilter filter, ResultExecutingContext preContext, Func`1 continuation)
   at System.Web.Mvc.ControllerActionInvoker.InvokeActionResultFilter(IResultFilter filter, ResultExecutingContext preContext, Func`1 continuation)
   at System.Web.Mvc.ControllerActionInvoker.InvokeActionResultWithFilters(ControllerContext controllerContext, IList`1 filters, ActionResult actionResult)
   at System.Web.Mvc.Async.AsyncControllerActionInvoker.<>c__DisplayClass25.<BeginInvokeAction>b__22(IAsyncResult asyncResult)
 2015-05-16 07:48:23,563 [28] INFO  StatisticalSolutions.Controllers.Base.BaseController - Application URL - /StatisticalSolutions/ 
 2015-05-16 07:48:25,323 [28] INFO  StatisticalSolutions.Controllers.Base.BaseController - Application URL - /StatisticalSolutions/ 
 2015-05-16 07:48:25,323 [28] ERROR StatisticalSolutions.Controllers.Base.BaseController - Statistical exception message - e:\Ola Projects\3rdPartyProjects\StatisticalSolutions\StatisticalSolutions\Views\Shared\_LayoutNew.cshtml(104): error CS1061: 'StatisticalSolutions.DataAccess.DAL' does not contain a definition for 'getseminaridbyname' and no extension method 'getseminaridbyname' accepting a first argument of type 'StatisticalSolutions.DataAccess.DAL' could be found (are you missing a using directive or an assembly reference?)
 2015-05-16 07:48:25,324 [28] ERROR StatisticalSolutions.Controllers.Base.BaseController - Statistical exception stack trace -    at System.Web.Compilation.AssemblyBuilder.Compile()
   at System.Web.Compilation.BuildProvidersCompiler.PerformBuild()
   at System.Web.Compilation.BuildManager.CompileWebFile(VirtualPath virtualPath)
   at System.Web.Compilation.BuildManager.GetVPathBuildResultInternal(VirtualPath virtualPath, Boolean noBuild, Boolean allowCrossApp, Boolean allowBuildInPrecompile, Boolean throwIfNotFound, Boolean ensureIsUpToDate)
   at System.Web.Compilation.BuildManager.GetVPathBuildResultWithNoAssert(HttpContext context, VirtualPath virtualPath, Boolean noBuild, Boolean allowCrossApp, Boolean allowBuildInPrecompile, Boolean throwIfNotFound, Boolean ensureIsUpToDate)
   at System.Web.Compilation.BuildManager.GetVirtualPathObjectFactory(VirtualPath virtualPath, HttpContext context, Boolean allowCrossApp, Boolean throwIfNotFound)
   at System.Web.Compilation.BuildManager.CreateInstanceFromVirtualPath(VirtualPath virtualPath, Type requiredBaseType, HttpContext context, Boolean allowCrossApp)
   at System.Web.WebPages.BuildManagerWrapper.CreateInstanceOfType[T](String virtualPath)
   at System.Web.WebPages.VirtualPathFactoryManager.CreateInstanceOfType[T](String virtualPath)
   at System.Web.WebPages.WebPageBase.CreatePageFromVirtualPath(String virtualPath, HttpContextBase httpContext, Func`2 virtualPathExists, DisplayModeProvider displayModeProvider, IDisplayMode displayMode)
   at System.Web.WebPages.WebPageBase.<>c__DisplayClass7.<RenderPageCore>b__6(TextWriter writer)
   at System.Web.WebPages.WebPageBase.Write(HelperResult result)
   at System.Web.WebPages.WebPageBase.RenderSurrounding(String partialViewName, Action`1 body)
   at System.Web.WebPages.WebPageBase.PopContext()
   at System.Web.Mvc.ViewResultBase.ExecuteResult(ControllerContext context)
   at System.Web.Mvc.ControllerActionInvoker.<>c__DisplayClass1a.<InvokeActionResultWithFilters>b__17()
   at System.Web.Mvc.ControllerActionInvoker.InvokeActionResultFilter(IResultFilter filter, ResultExecutingContext preContext, Func`1 continuation)
   at System.Web.Mvc.ControllerActionInvoker.InvokeActionResultFilter(IResultFilter filter, ResultExecutingContext preContext, Func`1 continuation)
   at System.Web.Mvc.ControllerActionInvoker.InvokeActionResultWithFilters(ControllerContext controllerContext, IList`1 filters, ActionResult actionResult)
   at System.Web.Mvc.Async.AsyncControllerActionInvoker.<>c__DisplayClass25.<BeginInvokeAction>b__22(IAsyncResult asyncResult)
 2015-05-16 07:48:25,379 [43] INFO  StatisticalSolutions.Controllers.Base.BaseController - Application URL - /StatisticalSolutions/Base/StatisticalError 
 2015-05-16 07:48:25,381 [43] INFO  StatisticalSolutions.Controllers.Base.BaseController - Application URL - /StatisticalSolutions/Base/StatisticalError 
 2015-05-16 08:26:46,575 [19] INFO  StatisticalSolutions.Controllers.Base.BaseController - Application URL - /StatisticalSolutions/ 
 2015-05-16 08:26:50,050 [19] INFO  StatisticalSolutions.Controllers.Base.BaseController - Application URL - /StatisticalSolutions/ 
 2015-05-16 08:26:50,054 [19] ERROR StatisticalSolutions.Controllers.Base.BaseController - Statistical exception message - e:\Ola Projects\3rdPartyProjects\StatisticalSolutions\StatisticalSolutions\Views\Shared\_LayoutNew.cshtml(104): error CS1061: 'StatisticalSolutions.DataAccess.DAL' does not contain a definition for 'getseminaridbyname' and no extension method 'getseminaridbyname' accepting a first argument of type 'StatisticalSolutions.DataAccess.DAL' could be found (are you missing a using directive or an assembly reference?)
 2015-05-16 08:26:50,054 [19] ERROR StatisticalSolutions.Controllers.Base.BaseController - Statistical exception stack trace -    at System.Web.Compilation.AssemblyBuilder.Compile()
   at System.Web.Compilation.BuildProvidersCompiler.PerformBuild()
   at System.Web.Compilation.BuildManager.CompileWebFile(VirtualPath virtualPath)
   at System.Web.Compilation.BuildManager.GetVPathBuildResultInternal(VirtualPath virtualPath, Boolean noBuild, Boolean allowCrossApp, Boolean allowBuildInPrecompile, Boolean throwIfNotFound, Boolean ensureIsUpToDate)
   at System.Web.Compilation.BuildManager.GetVPathBuildResultWithNoAssert(HttpContext context, VirtualPath virtualPath, Boolean noBuild, Boolean allowCrossApp, Boolean allowBuildInPrecompile, Boolean throwIfNotFound, Boolean ensureIsUpToDate)
   at System.Web.Compilation.BuildManager.GetVirtualPathObjectFactory(VirtualPath virtualPath, HttpContext context, Boolean allowCrossApp, Boolean throwIfNotFound)
   at System.Web.Compilation.BuildManager.CreateInstanceFromVirtualPath(VirtualPath virtualPath, Type requiredBaseType, HttpContext context, Boolean allowCrossApp)
   at System.Web.WebPages.BuildManagerWrapper.CreateInstanceOfType[T](String virtualPath)
   at System.Web.WebPages.VirtualPathFactoryManager.CreateInstanceOfType[T](String virtualPath)
   at System.Web.WebPages.WebPageBase.CreatePageFromVirtualPath(String virtualPath, HttpContextBase httpContext, Func`2 virtualPathExists, DisplayModeProvider displayModeProvider, IDisplayMode displayMode)
   at System.Web.WebPages.WebPageBase.<>c__DisplayClass7.<RenderPageCore>b__6(TextWriter writer)
   at System.Web.WebPages.WebPageBase.Write(HelperResult result)
   at System.Web.WebPages.WebPageBase.RenderSurrounding(String partialViewName, Action`1 body)
   at System.Web.WebPages.WebPageBase.PopContext()
   at System.Web.Mvc.ViewResultBase.ExecuteResult(ControllerContext context)
   at System.Web.Mvc.ControllerActionInvoker.<>c__DisplayClass1a.<InvokeActionResultWithFilters>b__17()
   at System.Web.Mvc.ControllerActionInvoker.InvokeActionResultFilter(IResultFilter filter, ResultExecutingContext preContext, Func`1 continuation)
   at System.Web.Mvc.ControllerActionInvoker.InvokeActionResultFilter(IResultFilter filter, ResultExecutingContext preContext, Func`1 continuation)
   at System.Web.Mvc.ControllerActionInvoker.InvokeActionResultWithFilters(ControllerContext controllerContext, IList`1 filters, ActionResult actionResult)
   at System.Web.Mvc.Async.AsyncControllerActionInvoker.<>c__DisplayClass25.<BeginInvokeAction>b__22(IAsyncResult asyncResult)
 2015-05-16 08:26:50,231 [20] INFO  StatisticalSolutions.Controllers.Base.BaseController - Application URL - /StatisticalSolutions/Base/StatisticalError 
 2015-05-16 08:26:50,234 [20] INFO  StatisticalSolutions.Controllers.Base.BaseController - Application URL - /StatisticalSolutions/Base/StatisticalError 
 2015-05-16 08:34:23,522 [20] INFO  StatisticalSolutions.Controllers.Base.BaseController - Application URL - /StatisticalSolutions/ 
 2015-05-16 08:34:25,279 [20] INFO  StatisticalSolutions.Controllers.Base.BaseController - Application URL - /StatisticalSolutions/ 
 2015-05-16 08:34:25,279 [20] ERROR StatisticalSolutions.Controllers.Base.BaseController - Statistical exception message - e:\Ola Projects\3rdPartyProjects\StatisticalSolutions\StatisticalSolutions\Views\Shared\_LayoutNew.cshtml(104): error CS1061: 'StatisticalSolutions.DataAccess.DAL' does not contain a definition for 'getseminaridbyname' and no extension method 'getseminaridbyname' accepting a first argument of type 'StatisticalSolutions.DataAccess.DAL' could be found (are you missing a using directive or an assembly reference?)
 2015-05-16 08:34:25,279 [20] ERROR StatisticalSolutions.Controllers.Base.BaseController - Statistical exception stack trace -    at System.Web.Compilation.AssemblyBuilder.Compile()
   at System.Web.Compilation.BuildProvidersCompiler.PerformBuild()
   at System.Web.Compilation.BuildManager.CompileWebFile(VirtualPath virtualPath)
   at System.Web.Compilation.BuildManager.GetVPathBuildResultInternal(VirtualPath virtualPath, Boolean noBuild, Boolean allowCrossApp, Boolean allowBuildInPrecompile, Boolean throwIfNotFound, Boolean ensureIsUpToDate)
   at System.Web.Compilation.BuildManager.GetVPathBuildResultWithNoAssert(HttpContext context, VirtualPath virtualPath, Boolean noBuild, Boolean allowCrossApp, Boolean allowBuildInPrecompile, Boolean throwIfNotFound, Boolean ensureIsUpToDate)
   at System.Web.Compilation.BuildManager.GetVirtualPathObjectFactory(VirtualPath virtualPath, HttpContext context, Boolean allowCrossApp, Boolean throwIfNotFound)
   at System.Web.Compilation.BuildManager.CreateInstanceFromVirtualPath(VirtualPath virtualPath, Type requiredBaseType, HttpContext context, Boolean allowCrossApp)
   at System.Web.WebPages.BuildManagerWrapper.CreateInstanceOfType[T](String virtualPath)
   at System.Web.WebPages.VirtualPathFactoryManager.CreateInstanceOfType[T](String virtualPath)
   at System.Web.WebPages.WebPageBase.CreatePageFromVirtualPath(String virtualPath, HttpContextBase httpContext, Func`2 virtualPathExists, DisplayModeProvider displayModeProvider, IDisplayMode displayMode)
   at System.Web.WebPages.WebPageBase.<>c__DisplayClass7.<RenderPageCore>b__6(TextWriter writer)
   at System.Web.WebPages.WebPageBase.Write(HelperResult result)
   at System.Web.WebPages.WebPageBase.RenderSurrounding(String partialViewName, Action`1 body)
   at System.Web.WebPages.WebPageBase.PopContext()
   at System.Web.Mvc.ViewResultBase.ExecuteResult(ControllerContext context)
   at System.Web.Mvc.ControllerActionInvoker.<>c__DisplayClass1a.<InvokeActionResultWithFilters>b__17()
   at System.Web.Mvc.ControllerActionInvoker.InvokeActionResultFilter(IResultFilter filter, ResultExecutingContext preContext, Func`1 continuation)
   at System.Web.Mvc.ControllerActionInvoker.InvokeActionResultFilter(IResultFilter filter, ResultExecutingContext preContext, Func`1 continuation)
   at System.Web.Mvc.ControllerActionInvoker.InvokeActionResultWithFilters(ControllerContext controllerContext, IList`1 filters, ActionResult actionResult)
   at System.Web.Mvc.Async.AsyncControllerActionInvoker.<>c__DisplayClass25.<BeginInvokeAction>b__22(IAsyncResult asyncResult)
 2015-05-16 08:34:25,338 [8] INFO  StatisticalSolutions.Controllers.Base.BaseController - Application URL - /StatisticalSolutions/Base/StatisticalError 
 2015-05-16 08:34:25,338 [8] INFO  StatisticalSolutions.Controllers.Base.BaseController - Application URL - /StatisticalSolutions/Base/StatisticalError 
 2015-05-16 08:37:03,927 [18] INFO  StatisticalSolutions.Controllers.Base.BaseController - Application URL - /StatisticalSolutions/Base/StatisticalError 
 2015-05-16 08:37:03,928 [18] INFO  StatisticalSolutions.Controllers.Base.BaseController - Application URL - /StatisticalSolutions/Base/StatisticalError 
 2015-05-16 08:37:08,913 [18] INFO  StatisticalSolutions.Controllers.Base.BaseController - Application URL - /StatisticalSolutions/ 
 2015-05-16 08:37:10,602 [18] INFO  StatisticalSolutions.Controllers.Base.BaseController - Application URL - /StatisticalSolutions/ 
 2015-05-16 08:37:10,602 [18] ERROR StatisticalSolutions.Controllers.Base.BaseController - Statistical exception message - e:\Ola Projects\3rdPartyProjects\StatisticalSolutions\StatisticalSolutions\Views\Shared\_LayoutNew.cshtml(104): error CS1061: 'StatisticalSolutions.DataAccess.DAL' does not contain a definition for 'getseminaridbyname' and no extension method 'getseminaridbyname' accepting a first argument of type 'StatisticalSolutions.DataAccess.DAL' could be found (are you missing a using directive or an assembly reference?)
 2015-05-16 08:37:10,603 [18] ERROR StatisticalSolutions.Controllers.Base.BaseController - Statistical exception stack trace -    at System.Web.Compilation.AssemblyBuilder.Compile()
   at System.Web.Compilation.BuildProvidersCompiler.PerformBuild()
   at System.Web.Compilation.BuildManager.CompileWebFile(VirtualPath virtualPath)
   at System.Web.Compilation.BuildManager.GetVPathBuildResultInternal(VirtualPath virtualPath, Boolean noBuild, Boolean allowCrossApp, Boolean allowBuildInPrecompile, Boolean throwIfNotFound, Boolean ensureIsUpToDate)
   at System.Web.Compilation.BuildManager.GetVPathBuildResultWithNoAssert(HttpContext context, VirtualPath virtualPath, Boolean noBuild, Boolean allowCrossApp, Boolean allowBuildInPrecompile, Boolean throwIfNotFound, Boolean ensureIsUpToDate)
   at System.Web.Compilation.BuildManager.GetVirtualPathObjectFactory(VirtualPath virtualPath, HttpContext context, Boolean allowCrossApp, Boolean throwIfNotFound)
   at System.Web.Compilation.BuildManager.CreateInstanceFromVirtualPath(VirtualPath virtualPath, Type requiredBaseType, HttpContext context, Boolean allowCrossApp)
   at System.Web.WebPages.BuildManagerWrapper.CreateInstanceOfType[T](String virtualPath)
   at System.Web.WebPages.VirtualPathFactoryManager.CreateInstanceOfType[T](String virtualPath)
   at System.Web.WebPages.WebPageBase.CreatePageFromVirtualPath(String virtualPath, HttpContextBase httpContext, Func`2 virtualPathExists, DisplayModeProvider displayModeProvider, IDisplayMode displayMode)
   at System.Web.WebPages.WebPageBase.<>c__DisplayClass7.<RenderPageCore>b__6(TextWriter writer)
   at System.Web.WebPages.WebPageBase.Write(HelperResult result)
   at System.Web.WebPages.WebPageBase.RenderSurrounding(String partialViewName, Action`1 body)
   at System.Web.WebPages.WebPageBase.PopContext()
   at System.Web.Mvc.ViewResultBase.ExecuteResult(ControllerContext context)
   at System.Web.Mvc.ControllerActionInvoker.<>c__DisplayClass1a.<InvokeActionResultWithFilters>b__17()
   at System.Web.Mvc.ControllerActionInvoker.InvokeActionResultFilter(IResultFilter filter, ResultExecutingContext preContext, Func`1 continuation)
   at System.Web.Mvc.ControllerActionInvoker.InvokeActionResultFilter(IResultFilter filter, ResultExecutingContext preContext, Func`1 continuation)
   at System.Web.Mvc.ControllerActionInvoker.InvokeActionResultWithFilters(ControllerContext controllerContext, IList`1 filters, ActionResult actionResult)
   at System.Web.Mvc.Async.AsyncControllerActionInvoker.<>c__DisplayClass25.<BeginInvokeAction>b__22(IAsyncResult asyncResult)
 2015-05-16 08:37:10,664 [8] INFO  StatisticalSolutions.Controllers.Base.BaseController - Application URL - /StatisticalSolutions/Base/StatisticalError 
 2015-05-16 08:37:10,664 [8] INFO  StatisticalSolutions.Controllers.Base.BaseController - Application URL - /StatisticalSolutions/Base/StatisticalError 
 2015-05-16 08:49:14,051 [9] INFO  StatisticalSolutions.Controllers.Base.BaseController - Application URL - /StatisticalSolutions/ 
 2015-05-16 08:49:16,847 [9] INFO  StatisticalSolutions.Controllers.Base.BaseController - Application URL - /StatisticalSolutions/ 
 2015-05-16 08:49:16,850 [9] ERROR StatisticalSolutions.Controllers.Base.BaseController - Statistical exception message - c:\Windows\Microsoft.NET\Framework64\v4.0.30319\Temporary ASP.NET Files\statisticalsolutions\bc9a4f49\4d6dcf24\App_Web__layoutnew.cshtml.639c3968.oc57goms.0.cs(1290): error CS1513: } expected
 2015-05-16 08:49:16,850 [9] ERROR StatisticalSolutions.Controllers.Base.BaseController - Statistical exception stack trace -    at System.Web.Compilation.AssemblyBuilder.Compile()
   at System.Web.Compilation.BuildProvidersCompiler.PerformBuild()
   at System.Web.Compilation.BuildManager.CompileWebFile(VirtualPath virtualPath)
   at System.Web.Compilation.BuildManager.GetVPathBuildResultInternal(VirtualPath virtualPath, Boolean noBuild, Boolean allowCrossApp, Boolean allowBuildInPrecompile, Boolean throwIfNotFound, Boolean ensureIsUpToDate)
   at System.Web.Compilation.BuildManager.GetVPathBuildResultWithNoAssert(HttpContext context, VirtualPath virtualPath, Boolean noBuild, Boolean allowCrossApp, Boolean allowBuildInPrecompile, Boolean throwIfNotFound, Boolean ensureIsUpToDate)
   at System.Web.Compilation.BuildManager.GetVirtualPathObjectFactory(VirtualPath virtualPath, HttpContext context, Boolean allowCrossApp, Boolean throwIfNotFound)
   at System.Web.Compilation.BuildManager.CreateInstanceFromVirtualPath(VirtualPath virtualPath, Type requiredBaseType, HttpContext context, Boolean allowCrossApp)
   at System.Web.WebPages.BuildManagerWrapper.CreateInstanceOfType[T](String virtualPath)
   at System.Web.WebPages.VirtualPathFactoryManager.CreateInstanceOfType[T](String virtualPath)
   at System.Web.WebPages.WebPageBase.CreatePageFromVirtualPath(String virtualPath, HttpContextBase httpContext, Func`2 virtualPathExists, DisplayModeProvider displayModeProvider, IDisplayMode displayMode)
   at System.Web.WebPages.WebPageBase.<>c__DisplayClass7.<RenderPageCore>b__6(TextWriter writer)
   at System.Web.WebPages.WebPageBase.Write(HelperResult result)
   at System.Web.WebPages.WebPageBase.RenderSurrounding(String partialViewName, Action`1 body)
   at System.Web.WebPages.WebPageBase.PopContext()
   at System.Web.Mvc.ViewResultBase.ExecuteResult(ControllerContext context)
   at System.Web.Mvc.ControllerActionInvoker.<>c__DisplayClass1a.<InvokeActionResultWithFilters>b__17()
   at System.Web.Mvc.ControllerActionInvoker.InvokeActionResultFilter(IResultFilter filter, ResultExecutingContext preContext, Func`1 continuation)
   at System.Web.Mvc.ControllerActionInvoker.InvokeActionResultFilter(IResultFilter filter, ResultExecutingContext preContext, Func`1 continuation)
   at System.Web.Mvc.ControllerActionInvoker.InvokeActionResultWithFilters(ControllerContext controllerContext, IList`1 filters, ActionResult actionResult)
   at System.Web.Mvc.Async.AsyncControllerActionInvoker.<>c__DisplayClass25.<BeginInvokeAction>b__22(IAsyncResult asyncResult)
 2015-05-16 08:49:16,938 [26] INFO  StatisticalSolutions.Controllers.Base.BaseController - Application URL - /StatisticalSolutions/Base/StatisticalError 
 2015-05-16 08:49:16,941 [26] INFO  StatisticalSolutions.Controllers.Base.BaseController - Application URL - /StatisticalSolutions/Base/StatisticalError 
 2015-05-16 08:49:46,254 [31] INFO  StatisticalSolutions.Controllers.Base.BaseController - Application URL - /StatisticalSolutions/ 
 2015-05-16 08:53:28,217 [21] INFO  StatisticalSolutions.Controllers.Base.BaseController - Application URL - /StatisticalSolutions/ 
 2015-05-16 08:54:58,713 [25] INFO  StatisticalSolutions.Controllers.Base.BaseController - Application URL - /StatisticalSolutions/ 
 2015-05-16 08:57:03,339 [30] INFO  StatisticalSolutions.Controllers.Base.BaseController - Application URL - /StatisticalSolutions/Workshop/RegisterSeminar 
 2015-05-16 08:57:59,412 [30] INFO  StatisticalSolutions.Controllers.Base.BaseController - Application URL - /StatisticalSolutions/Workshop/RegisterSeminar 
 2015-05-16 08:57:59,414 [30] ERROR StatisticalSolutions.Controllers.Base.BaseController - Statistical exception message - Value cannot be null.
Parameter name: items
 2015-05-16 08:57:59,414 [30] ERROR StatisticalSolutions.Controllers.Base.BaseController - Statistical exception stack trace -    at System.Web.Mvc.SelectList..ctor(IEnumerable items, String dataValueField, String dataTextField, Object selectedValue)
   at CallSite.Target(Closure , CallSite , Type , Object , String , String , DateTime )
   at System.Dynamic.UpdateDelegates.UpdateAndExecute5[T0,T1,T2,T3,T4,TRet](CallSite site, T0 arg0, T1 arg1, T2 arg2, T3 arg3, T4 arg4)
   at ASP._Page_Views_Workshop_Register_cshtml.Execute() in e:\Ola Projects\3rdPartyProjects\StatisticalSolutions\StatisticalSolutions\Views\Workshop\Register.cshtml:line 28
   at System.Web.WebPages.WebPageBase.ExecutePageHierarchy()
   at System.Web.Mvc.WebViewPage.ExecutePageHierarchy()
   at System.Web.WebPages.StartPage.ExecutePageHierarchy()
   at System.Web.WebPages.WebPageBase.ExecutePageHierarchy(WebPageContext pageContext, TextWriter writer, WebPageRenderingBase startPage)
   at System.Web.Mvc.ViewResultBase.ExecuteResult(ControllerContext context)
   at System.Web.Mvc.ControllerActionInvoker.<>c__DisplayClass1a.<InvokeActionResultWithFilters>b__17()
   at System.Web.Mvc.ControllerActionInvoker.InvokeActionResultFilter(IResultFilter filter, ResultExecutingContext preContext, Func`1 continuation)
   at System.Web.Mvc.ControllerActionInvoker.InvokeActionResultFilter(IResultFilter filter, ResultExecutingContext preContext, Func`1 continuation)
   at System.Web.Mvc.ControllerActionInvoker.InvokeActionResultWithFilters(ControllerContext controllerContext, IList`1 filters, ActionResult actionResult)
   at System.Web.Mvc.Async.AsyncControllerActionInvoker.<>c__DisplayClass25.<BeginInvokeAction>b__22(IAsyncResult asyncResult)
 2015-05-16 08:57:59,485 [25] INFO  StatisticalSolutions.Controllers.Base.BaseController - Application URL - /StatisticalSolutions/Base/StatisticalError 
 2015-05-16 08:57:59,488 [25] INFO  StatisticalSolutions.Controllers.Base.BaseController - Application URL - /StatisticalSolutions/Base/StatisticalError 
 2015-05-16 09:00:10,578 [8] INFO  StatisticalSolutions.Controllers.Base.BaseController - Application URL - /StatisticalSolutions/ 
 2015-05-16 09:00:22,617 [30] INFO  StatisticalSolutions.Controllers.Base.BaseController - Application URL - /StatisticalSolutions/Workshop/RegisterSeminar 
 2015-05-16 09:01:13,989 [15] INFO  StatisticalSolutions.Controllers.Base.BaseController - Application URL - /StatisticalSolutions/Workshop/Register 
 2015-05-16 09:02:13,181 [15] INFO  StatisticalSolutions.Controllers.Base.BaseController - Application URL - /StatisticalSolutions/Workshop/Register 
 2015-05-16 09:02:13,183 [15] ERROR StatisticalSolutions.Controllers.Base.BaseController - Statistical exception message - Value cannot be null.
Parameter name: items
 2015-05-16 09:02:13,184 [15] ERROR StatisticalSolutions.Controllers.Base.BaseController - Statistical exception stack trace -    at System.Web.Mvc.SelectList..ctor(IEnumerable items, String dataValueField, String dataTextField, Object selectedValue)
   at CallSite.Target(Closure , CallSite , Type , Object , String , String , DateTime )
   at System.Dynamic.UpdateDelegates.UpdateAndExecute5[T0,T1,T2,T3,T4,TRet](CallSite site, T0 arg0, T1 arg1, T2 arg2, T3 arg3, T4 arg4)
   at CallSite.Target(Closure , CallSite , Type , Object , String , String , DateTime )
   at ASP._Page_Views_Workshop_Register_cshtml.Execute() in e:\Ola Projects\3rdPartyProjects\StatisticalSolutions\StatisticalSolutions\Views\Workshop\Register.cshtml:line 28
   at System.Web.WebPages.WebPageBase.ExecutePageHierarchy()
   at System.Web.Mvc.WebViewPage.ExecutePageHierarchy()
   at System.Web.WebPages.StartPage.ExecutePageHierarchy()
   at System.Web.WebPages.WebPageBase.ExecutePageHierarchy(WebPageContext pageContext, TextWriter writer, WebPageRenderingBase startPage)
   at System.Web.Mvc.ViewResultBase.ExecuteResult(ControllerContext context)
   at System.Web.Mvc.ControllerActionInvoker.<>c__DisplayClass1a.<InvokeActionResultWithFilters>b__17()
   at System.Web.Mvc.ControllerActionInvoker.InvokeActionResultFilter(IResultFilter filter, ResultExecutingContext preContext, Func`1 continuation)
   at System.Web.Mvc.ControllerActionInvoker.InvokeActionResultFilter(IResultFilter filter, ResultExecutingContext preContext, Func`1 continuation)
   at System.Web.Mvc.ControllerActionInvoker.InvokeActionResultWithFilters(ControllerContext controllerContext, IList`1 filters, ActionResult actionResult)
   at System.Web.Mvc.Async.AsyncControllerActionInvoker.<>c__DisplayClass25.<BeginInvokeAction>b__22(IAsyncResult asyncResult)
 2015-05-16 09:02:13,216 [29] INFO  StatisticalSolutions.Controllers.Base.BaseController - Application URL - /StatisticalSolutions/Base/StatisticalError 
 2015-05-16 09:02:13,218 [29] INFO  StatisticalSolutions.Controllers.Base.BaseController - Application URL - /StatisticalSolutions/Base/StatisticalError 
 2015-05-16 09:03:24,607 [15] INFO  StatisticalSolutions.Controllers.Base.BaseController - Application URL - /StatisticalSolutions/ 
 2015-05-16 09:03:32,829 [37] INFO  StatisticalSolutions.Controllers.Base.BaseController - Application URL - /StatisticalSolutions/Workshop/Register 
 2015-05-16 09:07:51,021 [39] INFO  StatisticalSolutions.Controllers.Base.BaseController - Application URL - /StatisticalSolutions/ 
 2015-05-16 09:10:16,403 [41] INFO  StatisticalSolutions.Controllers.Base.BaseController - Application URL - /StatisticalSolutions/ 
 2015-05-16 09:10:51,111 [13] INFO  StatisticalSolutions.Controllers.Base.BaseController - Application URL - /StatisticalSolutions/Admin/AddWorkshop 
 2015-05-16 09:11:51,582 [13] INFO  StatisticalSolutions.Controllers.Base.BaseController - Application URL - /StatisticalSolutions/Admin/WorkshopList 
 2015-05-16 09:11:57,993 [41] INFO  StatisticalSolutions.Controllers.Base.BaseController - Application URL - /StatisticalSolutions/Admin/EditWorkshop/9 
 2015-05-16 09:12:02,898 [41] INFO  StatisticalSolutions.Controllers.Base.BaseController - Application URL - /StatisticalSolutions/Admin/EditWorkshop/9 
 2015-05-16 09:12:02,901 [41] ERROR StatisticalSolutions.Controllers.Base.BaseController - Statistical exception message - Unterminated string literal.  Strings that start with a quotation mark (") must be terminated before the end of the line.  However, strings that start with @ and a quotation mark (@") can span multiple lines.

 2015-05-16 09:12:02,901 [41] ERROR StatisticalSolutions.Controllers.Base.BaseController - Statistical exception stack trace -    at System.Web.WebPages.Razor.RazorBuildProvider.EnsureGeneratedCode()
   at System.Web.WebPages.Razor.RazorBuildProvider.get_CodeCompilerType()
   at System.Web.Compilation.BuildProvider.GetCompilerTypeFromBuildProvider(BuildProvider buildProvider)
   at System.Web.Compilation.BuildProvidersCompiler.ProcessBuildProviders()
   at System.Web.Compilation.BuildProvidersCompiler.PerformBuild()
   at System.Web.Compilation.BuildManager.CompileWebFile(VirtualPath virtualPath)
   at System.Web.Compilation.BuildManager.GetVPathBuildResultInternal(VirtualPath virtualPath, Boolean noBuild, Boolean allowCrossApp, Boolean allowBuildInPrecompile, Boolean throwIfNotFound, Boolean ensureIsUpToDate)
   at System.Web.Compilation.BuildManager.GetVPathBuildResultWithNoAssert(HttpContext context, VirtualPath virtualPath, Boolean noBuild, Boolean allowCrossApp, Boolean allowBuildInPrecompile, Boolean throwIfNotFound, Boolean ensureIsUpToDate)
   at System.Web.Compilation.BuildManager.GetVirtualPathObjectFactory(VirtualPath virtualPath, HttpContext context, Boolean allowCrossApp, Boolean throwIfNotFound)
   at System.Web.Mvc.BuildManagerWrapper.System.Web.Mvc.IBuildManager.FileExists(String virtualPath)
   at Microsoft.Web.Mvc.ViewEngineFixWorker`1.FileExists(ControllerContext controllerContext, String virtualPath)
   at System.Web.WebPages.DefaultDisplayMode.GetDisplayInfo(HttpContextBase httpContext, String virtualPath, Func`2 virtualPathExists)
   at System.Linq.Enumerable.WhereSelectListIterator`2.MoveNext()
   at System.Linq.Enumerable.FirstOrDefault[TSource](IEnumerable`1 source, Func`2 predicate)
   at System.Web.WebPages.DisplayModeProvider.GetDisplayInfoForVirtualPath(String virtualPath, HttpContextBase httpContext, Func`2 virtualPathExists, IDisplayMode currentDisplayMode)
   at Microsoft.Web.Mvc.ViewEngineFixWorker`1.GetPathFromGeneralName(ControllerContext controllerContext, List`1 locations, String name, String controllerName, String areaName, String cacheKey, String[]& searchedLocations)
   at Microsoft.Web.Mvc.ViewEngineFixWorker`1.GetPath(ControllerContext controllerContext, String[] locations, String[] areaLocations, String locationsPropertyName, String name, String controllerName, String cacheKeyPrefix, Boolean useCache, String[]& searchedLocations)
   at Microsoft.Web.Mvc.ViewEngineFixWorker`1.FindView(ControllerContext controllerContext, String viewName, String masterName, Boolean useCache)
   at System.Web.Mvc.ViewEngineCollection.<>c__DisplayClassc.<FindView>b__b(IViewEngine e)
   at System.Web.Mvc.ViewEngineCollection.Find(Func`2 lookup, Boolean trackSearchedPaths)
   at System.Web.Mvc.ViewResult.FindView(ControllerContext context)
   at System.Web.Mvc.ViewResultBase.ExecuteResult(ControllerContext context)
   at System.Web.Mvc.ControllerActionInvoker.<>c__DisplayClass1a.<InvokeActionResultWithFilters>b__17()
   at System.Web.Mvc.ControllerActionInvoker.InvokeActionResultFilter(IResultFilter filter, ResultExecutingContext preContext, Func`1 continuation)
   at System.Web.Mvc.ControllerActionInvoker.InvokeActionResultFilter(IResultFilter filter, ResultExecutingContext preContext, Func`1 continuation)
   at System.Web.Mvc.ControllerActionInvoker.InvokeActionResultWithFilters(ControllerContext controllerContext, IList`1 filters, ActionResult actionResult)
   at System.Web.Mvc.Async.AsyncControllerActionInvoker.<>c__DisplayClass25.<BeginInvokeAction>b__22(IAsyncResult asyncResult)
 2015-05-16 09:12:03,005 [8] INFO  StatisticalSolutions.Controllers.Base.BaseController - Application URL - /StatisticalSolutions/Base/StatisticalError 
 2015-05-16 09:12:03,008 [8] INFO  StatisticalSolutions.Controllers.Base.BaseController - Application URL - /StatisticalSolutions/Base/StatisticalError 
 2015-05-16 09:13:52,948 [41] INFO  StatisticalSolutions.Controllers.Base.BaseController - Application URL - /StatisticalSolutions/Admin/EditWorkshop/9 
 2015-05-16 09:15:14,509 [36] INFO  StatisticalSolutions.Controllers.Base.BaseController - Application URL - /StatisticalSolutions/Admin/EditWorkshop/9 
 2015-05-16 09:17:03,934 [36] INFO  StatisticalSolutions.Controllers.Base.BaseController - Application URL - /StatisticalSolutions/Admin/EditWorkshop/9 
 2015-05-16 09:18:02,500 [34] INFO  StatisticalSolutions.Controllers.Base.BaseController - Application URL - /StatisticalSolutions/Admin/EditWorkshop/9 
 2015-05-16 09:18:36,029 [18] INFO  StatisticalSolutions.Controllers.Base.BaseController - Application URL - /StatisticalSolutions/Admin/EditWorkshop/9 
 2015-05-16 09:19:39,347 [18] INFO  StatisticalSolutions.Controllers.Base.BaseController - Application URL - /StatisticalSolutions/Admin/AddWorkshop 
 2015-05-16 09:22:50,520 [22] INFO  StatisticalSolutions.Controllers.Base.BaseController - Application URL - /StatisticalSolutions/Workshop/WorkShops 
 2015-05-16 09:22:56,236 [22] INFO  StatisticalSolutions.Controllers.Base.BaseController - Application URL - /StatisticalSolutions/Workshop/Register 
 2015-05-16 12:20:22,324 [7] INFO  StatisticalSolutions.Controllers.Base.BaseController - Application URL - /StatisticalSolutions/ 
 2015-05-16 12:21:14,373 [8] INFO  StatisticalSolutions.Controllers.Base.BaseController - Application URL - /StatisticalSolutions/Admin/AddWorkshop 
 2015-05-16 12:22:24,261 [8] INFO  StatisticalSolutions.Controllers.Base.BaseController - Application URL - /StatisticalSolutions/Workshop/RegisterSeminar 
 2015-05-16 12:22:49,312 [10] INFO  StatisticalSolutions.Controllers.Base.BaseController - Application URL - /StatisticalSolutions/Workshop/Workshop_Selected 
 2015-05-16 12:22:52,648 [10] INFO  StatisticalSolutions.Controllers.Base.BaseController - Application URL - /StatisticalSolutions/Workshop/Workshop_Selected 
 2015-05-16 12:22:52,650 [10] ERROR StatisticalSolutions.Controllers.Base.BaseController - Statistical exception message - The view '~/Views/Home/Register.cshtml' or its master was not found or no view engine supports the searched locations. The following locations were searched:
~/Views/Home/Register.cshtml
 2015-05-16 12:22:52,650 [10] ERROR StatisticalSolutions.Controllers.Base.BaseController - Statistical exception stack trace -    at System.Web.Mvc.ViewResult.FindView(ControllerContext context)
   at System.Web.Mvc.ViewResultBase.ExecuteResult(ControllerContext context)
   at System.Web.Mvc.ControllerActionInvoker.<>c__DisplayClass1a.<InvokeActionResultWithFilters>b__17()
   at System.Web.Mvc.ControllerActionInvoker.InvokeActionResultFilter(IResultFilter filter, ResultExecutingContext preContext, Func`1 continuation)
   at System.Web.Mvc.ControllerActionInvoker.InvokeActionResultFilter(IResultFilter filter, ResultExecutingContext preContext, Func`1 continuation)
   at System.Web.Mvc.ControllerActionInvoker.InvokeActionResultWithFilters(ControllerContext controllerContext, IList`1 filters, ActionResult actionResult)
   at System.Web.Mvc.Async.AsyncControllerActionInvoker.<>c__DisplayClass25.<BeginInvokeAction>b__22(IAsyncResult asyncResult)
 2015-05-16 12:22:52,706 [8] INFO  StatisticalSolutions.Controllers.Base.BaseController - Application URL - /StatisticalSolutions/Base/StatisticalError 
 2015-05-16 12:22:52,708 [8] INFO  StatisticalSolutions.Controllers.Base.BaseController - Application URL - /StatisticalSolutions/Base/StatisticalError 
 2015-05-16 13:20:24,708 [6] INFO  StatisticalSolutions.Controllers.Base.BaseController - Application URL - /StatisticalSolutions/ 
 2015-05-16 13:21:55,631 [7] INFO  StatisticalSolutions.Controllers.Base.BaseController - Application URL - /StatisticalSolutions/ 
 2015-05-16 13:22:07,218 [14] INFO  StatisticalSolutions.Controllers.Base.BaseController - Application URL - /StatisticalSolutions/Workshop/WorkShops 
 2015-05-16 13:26:09,947 [6] INFO  StatisticalSolutions.Controllers.Base.BaseController - Application URL - /StatisticalSolutions/ 
 2015-05-16 13:36:44,912 [9] INFO  StatisticalSolutions.Controllers.Base.BaseController - Application URL - /StatisticalSolutions/ 
 2015-05-16 13:36:57,489 [9] INFO  StatisticalSolutions.Controllers.Base.BaseController - Application URL - /StatisticalSolutions/Workshop/WorkShops 
 2015-05-16 13:37:15,466 [9] INFO  StatisticalSolutions.Controllers.Base.BaseController - Application URL - /StatisticalSolutions/Workshop/WorkshopDetails 
 2015-05-16 13:37:18,313 [16] INFO  StatisticalSolutions.Controllers.Base.BaseController - Application URL - /StatisticalSolutions/Workshop/WorkshopDetails 
 2015-05-16 13:37:33,393 [16] INFO  StatisticalSolutions.Controllers.Base.BaseController - Application URL - /StatisticalSolutions/Workshop/WorkshopDetails 
 2015-05-16 13:37:33,396 [16] ERROR StatisticalSolutions.Controllers.Base.BaseController - Statistical exception message - Object reference not set to an instance of an object.
 2015-05-16 13:37:33,397 [16] ERROR StatisticalSolutions.Controllers.Base.BaseController - Statistical exception stack trace -    at ASP._Page_Views_Workshop_Workshops_cshtml.Execute() in e:\Ola Projects\3rdPartyProjects\StatisticalSolutions\StatisticalSolutions\Views\Workshop\Workshops.cshtml:line 15
   at System.Web.WebPages.WebPageBase.ExecutePageHierarchy()
   at System.Web.Mvc.WebViewPage.ExecutePageHierarchy()
   at System.Web.WebPages.StartPage.ExecutePageHierarchy()
   at System.Web.WebPages.WebPageBase.ExecutePageHierarchy(WebPageContext pageContext, TextWriter writer, WebPageRenderingBase startPage)
   at System.Web.Mvc.ViewResultBase.ExecuteResult(ControllerContext context)
   at System.Web.Mvc.ControllerActionInvoker.<>c__DisplayClass1a.<InvokeActionResultWithFilters>b__17()
   at System.Web.Mvc.ControllerActionInvoker.InvokeActionResultFilter(IResultFilter filter, ResultExecutingContext preContext, Func`1 continuation)
   at System.Web.Mvc.ControllerActionInvoker.InvokeActionResultFilter(IResultFilter filter, ResultExecutingContext preContext, Func`1 continuation)
   at System.Web.Mvc.ControllerActionInvoker.InvokeActionResultWithFilters(ControllerContext controllerContext, IList`1 filters, ActionResult actionResult)
   at System.Web.Mvc.Async.AsyncControllerActionInvoker.<>c__DisplayClass25.<BeginInvokeAction>b__22(IAsyncResult asyncResult)
 2015-05-16 13:37:33,573 [9] INFO  StatisticalSolutions.Controllers.Base.BaseController - Application URL - /StatisticalSolutions/Base/StatisticalError 
 2015-05-16 13:37:33,575 [9] INFO  StatisticalSolutions.Controllers.Base.BaseController - Application URL - /StatisticalSolutions/Base/StatisticalError 
 2015-05-16 13:37:37,261 [28] INFO  StatisticalSolutions.Controllers.Base.BaseController - Application URL - /StatisticalSolutions/Workshop/WorkShops 
 2015-05-16 13:39:30,469 [24] INFO  StatisticalSolutions.Controllers.Base.BaseController - Application URL - /StatisticalSolutions/ 
 2015-05-16 13:39:41,908 [28] INFO  StatisticalSolutions.Controllers.Base.BaseController - Application URL - /StatisticalSolutions/Workshop/WorkShops 
 2015-05-16 13:40:28,893 [24] INFO  StatisticalSolutions.Controllers.Base.BaseController - Application URL - /StatisticalSolutions/ 
 2015-05-16 13:40:53,767 [31] INFO  StatisticalSolutions.Controllers.Base.BaseController - Application URL - /StatisticalSolutions/Workshop/WorkShops 
 2015-05-16 13:41:13,620 [23] INFO  StatisticalSolutions.Controllers.Base.BaseController - Application URL - /StatisticalSolutions/Workshop/WorkshopDetails 
 2015-05-16 13:41:18,499 [31] INFO  StatisticalSolutions.Controllers.Base.BaseController - Application URL - /StatisticalSolutions/Workshop/WorkshopDetails 
 2015-05-16 13:41:21,489 [7] INFO  StatisticalSolutions.Controllers.Base.BaseController - Application URL - /StatisticalSolutions/Workshop/WorkshopDetails 
 2015-05-16 13:41:27,865 [31] INFO  StatisticalSolutions.Controllers.Base.BaseController - Application URL - /StatisticalSolutions/Workshop/WorkshopDetails 
 2015-05-16 13:41:30,189 [7] INFO  StatisticalSolutions.Controllers.Base.BaseController - Application URL - /StatisticalSolutions/Workshop/WorkshopDetails 
 2015-05-16 13:41:32,382 [31] INFO  StatisticalSolutions.Controllers.Base.BaseController - Application URL - /StatisticalSolutions/Workshop/WorkshopDetails 
 2015-05-16 13:42:00,421 [7] INFO  StatisticalSolutions.Controllers.Base.BaseController - Application URL - /StatisticalSolutions/Admin/AddWorkshop 
 2015-05-16 13:43:10,511 [9] INFO  StatisticalSolutions.Controllers.Base.BaseController - Application URL - /StatisticalSolutions/Admin/AddWorkshop 
 2015-05-16 13:43:13,792 [31] INFO  StatisticalSolutions.Controllers.Base.BaseController - Application URL - /StatisticalSolutions/Admin/WorkshopList 
 2015-05-16 13:43:19,738 [9] INFO  StatisticalSolutions.Controllers.Base.BaseController - Application URL - /StatisticalSolutions/Workshop/WorkShops 
 2015-05-16 13:43:24,803 [9] INFO  StatisticalSolutions.Controllers.Base.BaseController - Application URL - /StatisticalSolutions/Workshop/WorkshopDetails 
 2015-05-16 13:43:28,513 [7] INFO  StatisticalSolutions.Controllers.Base.BaseController - Application URL - /StatisticalSolutions/Workshop/WorkshopDetails 
 2015-05-16 13:43:32,008 [7] INFO  StatisticalSolutions.Controllers.Base.BaseController - Application URL - /StatisticalSolutions/Workshop/WorkshopDetails 
 2015-05-16 13:43:40,078 [31] INFO  StatisticalSolutions.Controllers.Base.BaseController - Application URL - /StatisticalSolutions/Workshop/WorkshopDetails 
 2015-05-16 13:45:18,857 [31] INFO  StatisticalSolutions.Controllers.Base.BaseController - Application URL - /StatisticalSolutions/ 
 2015-05-16 13:45:30,874 [16] INFO  StatisticalSolutions.Controllers.Base.BaseController - Application URL - /StatisticalSolutions/Workshop/WorkShops 
 2015-05-16 13:45:48,087 [7] INFO  StatisticalSolutions.Controllers.Base.BaseController - Application URL - /StatisticalSolutions/Workshop/Workshop 
 2015-05-16 13:45:56,110 [31] INFO  StatisticalSolutions.Controllers.Base.BaseController - Application URL - /StatisticalSolutions/Workshop/Workshop 
 2015-05-16 13:46:39,900 [31] INFO  StatisticalSolutions.Controllers.Base.BaseController - Application URL - /StatisticalSolutions/ 
 2015-05-16 13:46:52,852 [16] INFO  StatisticalSolutions.Controllers.Base.BaseController - Application URL - /StatisticalSolutions/Workshop/WorkShops 
 2015-05-16 13:46:53,085 [16] INFO  StatisticalSolutions.Controllers.Base.BaseController - Application URL - /StatisticalSolutions/Workshop/WorkShops 
 2015-05-16 13:46:53,088 [16] ERROR StatisticalSolutions.Controllers.Base.BaseController - Statistical exception message - The parameters dictionary contains a null entry for parameter 'seminar_id' of non-nullable type 'System.Int32' for method 'System.Web.Mvc.ActionResult Workshops(Int32)' in 'StatisticalSolutions.Controllers.WorkshopController'. An optional parameter must be a reference type, a nullable type, or be declared as an optional parameter.
Parameter name: parameters
 2015-05-16 13:46:53,089 [16] ERROR StatisticalSolutions.Controllers.Base.BaseController - Statistical exception stack trace -    at System.Web.Mvc.ActionDescriptor.ExtractParameterFromDictionary(ParameterInfo parameterInfo, IDictionary`2 parameters, MethodInfo methodInfo)
   at System.Linq.Enumerable.WhereSelectArrayIterator`2.MoveNext()
   at System.Linq.Buffer`1..ctor(IEnumerable`1 source)
   at System.Linq.Enumerable.ToArray[TSource](IEnumerable`1 source)
   at System.Web.Mvc.ReflectedActionDescriptor.Execute(ControllerContext controllerContext, IDictionary`2 parameters)
   at System.Web.Mvc.ControllerActionInvoker.InvokeActionMethod(ControllerContext controllerContext, ActionDescriptor actionDescriptor, IDictionary`2 parameters)
   at System.Web.Mvc.Async.AsyncControllerActionInvoker.<>c__DisplayClass37.<>c__DisplayClass39.<BeginInvokeActionMethodWithFilters>b__33()
   at System.Web.Mvc.Async.AsyncControllerActionInvoker.<>c__DisplayClass4f.<InvokeActionMethodFilterAsynchronously>b__49()
   at System.Web.Mvc.Async.AsyncControllerActionInvoker.<>c__DisplayClass4f.<InvokeActionMethodFilterAsynchronously>b__49()
   at System.Web.Mvc.Async.AsyncControllerActionInvoker.<>c__DisplayClass37.<BeginInvokeActionMethodWithFilters>b__36(IAsyncResult asyncResult)
   at System.Web.Mvc.Async.AsyncControllerActionInvoker.<>c__DisplayClass25.<>c__DisplayClass2a.<BeginInvokeAction>b__20()
   at System.Web.Mvc.Async.AsyncControllerActionInvoker.<>c__DisplayClass25.<BeginInvokeAction>b__22(IAsyncResult asyncResult)
 2015-05-16 13:46:53,157 [31] INFO  StatisticalSolutions.Controllers.Base.BaseController - Application URL - /StatisticalSolutions/Base/StatisticalError 
 2015-05-16 13:46:53,159 [31] INFO  StatisticalSolutions.Controllers.Base.BaseController - Application URL - /StatisticalSolutions/Base/StatisticalError 
 2015-05-16 13:51:15,339 [8] INFO  StatisticalSolutions.Controllers.Base.BaseController - Application URL - /StatisticalSolutions/ 
 2015-05-16 13:51:29,935 [23] INFO  StatisticalSolutions.Controllers.Base.BaseController - Application URL - /StatisticalSolutions/Workshop/Register 
 2015-05-16 13:51:59,889 [18] INFO  StatisticalSolutions.Controllers.Base.BaseController - Application URL - /StatisticalSolutions/Workshop/WorkshopSelected 
 2015-05-16 13:52:23,400 [18] INFO  StatisticalSolutions.Controllers.Base.BaseController - Application URL - /StatisticalSolutions/Workshop/WorkshopSelected 
 2015-05-16 14:05:15,910 [34] INFO  StatisticalSolutions.Controllers.Base.BaseController - Application URL - /StatisticalSolutions/ 
 2015-05-16 14:05:43,485 [34] INFO  StatisticalSolutions.Controllers.Base.BaseController - Application URL - /StatisticalSolutions/ 
 2015-05-16 14:05:43,487 [34] ERROR StatisticalSolutions.Controllers.Base.BaseController - Statistical exception message - Exception has been thrown by the target of an invocation.
 2015-05-16 14:05:43,488 [34] ERROR StatisticalSolutions.Controllers.Base.BaseController - Statistical exception stack trace -    at System.RuntimeTypeHandle.CreateInstance(RuntimeType type, Boolean publicOnly, Boolean noCheck, Boolean& canBeCached, RuntimeMethodHandleInternal& ctor, Boolean& bNeedSecurityCheck)
   at System.RuntimeType.CreateInstanceSlow(Boolean publicOnly, Boolean skipCheckThis, Boolean fillCache, StackCrawlMark& stackMark)
   at System.RuntimeType.CreateInstanceDefaultCtor(Boolean publicOnly, Boolean skipCheckThis, Boolean fillCache, StackCrawlMark& stackMark)
   at System.Activator.CreateInstance(Type type, Boolean nonPublic)
   at System.Activator.CreateInstance(Type type)
   at System.Threading.LazyHelpers`1.ActivatorFactorySelector()
   at System.Threading.LazyInitializer.EnsureInitializedCore[T](T& target, Boolean& initialized, Object& syncLock, Func`1 valueFactory)
   at System.Threading.LazyInitializer.EnsureInitialized[T](T& target, Boolean& initialized, Object& syncLock)
   at StatisticalSolutions.Filters.InitializeSimpleMembershipAttribute.OnActionExecuting(ActionExecutingContext filterContext) in e:\Ola Projects\3rdPartyProjects\StatisticalSolutions\StatisticalSolutions\Filters\InitializeSimpleMembershipAttribute.cs:line 23
   at System.Web.Mvc.Async.AsyncControllerActionInvoker.InvokeActionMethodFilterAsynchronously(IActionFilter filter, ActionExecutingContext preContext, Func`1 nextInChain)
   at System.Web.Mvc.Async.AsyncControllerActionInvoker.InvokeActionMethodFilterAsynchronously(IActionFilter filter, ActionExecutingContext preContext, Func`1 nextInChain)
   at System.Web.Mvc.Async.AsyncControllerActionInvoker.<>c__DisplayClass37.<BeginInvokeActionMethodWithFilters>b__31(AsyncCallback asyncCallback, Object asyncState)
   at System.Web.Mvc.Async.AsyncResultWrapper.WrappedAsyncResult`1.Begin(AsyncCallback callback, Object state, Int32 timeout)
   at System.Web.Mvc.Async.AsyncResultWrapper.Begin[TResult](AsyncCallback callback, Object state, BeginInvokeDelegate beginDelegate, EndInvokeDelegate`1 endDelegate, Object tag, Int32 timeout)
   at System.Web.Mvc.Async.AsyncResultWrapper.Begin[TResult](AsyncCallback callback, Object state, BeginInvokeDelegate beginDelegate, EndInvokeDelegate`1 endDelegate, Object tag)
   at System.Web.Mvc.Async.AsyncControllerActionInvoker.<>c__DisplayClass25.<BeginInvokeAction>b__1e(AsyncCallback asyncCallback, Object asyncState)
 2015-05-16 14:05:43,597 [26] INFO  StatisticalSolutions.Controllers.Base.BaseController - Application URL - /StatisticalSolutions/Base/StatisticalError 
 2015-05-16 14:05:58,116 [26] INFO  StatisticalSolutions.Controllers.Base.BaseController - Application URL - /StatisticalSolutions/Base/StatisticalError 
 2015-05-16 14:05:58,116 [26] ERROR StatisticalSolutions.Controllers.Base.BaseController - Statistical exception message - Exception has been thrown by the target of an invocation.
 2015-05-16 14:05:58,120 [26] ERROR StatisticalSolutions.Controllers.Base.BaseController - Statistical exception stack trace -    at System.RuntimeTypeHandle.CreateInstance(RuntimeType type, Boolean publicOnly, Boolean noCheck, Boolean& canBeCached, RuntimeMethodHandleInternal& ctor, Boolean& bNeedSecurityCheck)
   at System.RuntimeType.CreateInstanceSlow(Boolean publicOnly, Boolean skipCheckThis, Boolean fillCache, StackCrawlMark& stackMark)
   at System.RuntimeType.CreateInstanceDefaultCtor(Boolean publicOnly, Boolean skipCheckThis, Boolean fillCache, StackCrawlMark& stackMark)
   at System.Activator.CreateInstance(Type type, Boolean nonPublic)
   at System.Activator.CreateInstance(Type type)
   at System.Threading.LazyHelpers`1.ActivatorFactorySelector()
   at System.Threading.LazyInitializer.EnsureInitializedCore[T](T& target, Boolean& initialized, Object& syncLock, Func`1 valueFactory)
   at System.Threading.LazyInitializer.EnsureInitialized[T](T& target, Boolean& initialized, Object& syncLock)
   at StatisticalSolutions.Filters.InitializeSimpleMembershipAttribute.OnActionExecuting(ActionExecutingContext filterContext) in e:\Ola Projects\3rdPartyProjects\StatisticalSolutions\StatisticalSolutions\Filters\InitializeSimpleMembershipAttribute.cs:line 23
   at System.Web.Mvc.Async.AsyncControllerActionInvoker.InvokeActionMethodFilterAsynchronously(IActionFilter filter, ActionExecutingContext preContext, Func`1 nextInChain)
   at System.Web.Mvc.Async.AsyncControllerActionInvoker.InvokeActionMethodFilterAsynchronously(IActionFilter filter, ActionExecutingContext preContext, Func`1 nextInChain)
   at System.Web.Mvc.Async.AsyncControllerActionInvoker.<>c__DisplayClass37.<BeginInvokeActionMethodWithFilters>b__31(AsyncCallback asyncCallback, Object asyncState)
   at System.Web.Mvc.Async.AsyncResultWrapper.WrappedAsyncResult`1.Begin(AsyncCallback callback, Object state, Int32 timeout)
   at System.Web.Mvc.Async.AsyncResultWrapper.Begin[TResult](AsyncCallback callback, Object state, BeginInvokeDelegate beginDelegate, EndInvokeDelegate`1 endDelegate, Object tag, Int32 timeout)
   at System.Web.Mvc.Async.AsyncResultWrapper.Begin[TResult](AsyncCallback callback, Object state, BeginInvokeDelegate beginDelegate, EndInvokeDelegate`1 endDelegate, Object tag)
   at System.Web.Mvc.Async.AsyncControllerActionInvoker.<>c__DisplayClass25.<BeginInvokeAction>b__1e(AsyncCallback asyncCallback, Object asyncState)
 2015-05-16 14:05:58,169 [33] INFO  StatisticalSolutions.Controllers.Base.BaseController - Application URL - /StatisticalSolutions/Base/StatisticalError 
 2015-05-16 14:05:58,171 [33] INFO  StatisticalSolutions.Controllers.Base.BaseController - Application URL - /StatisticalSolutions/Base/StatisticalError 
 2015-05-16 14:05:58,171 [33] ERROR StatisticalSolutions.Controllers.Base.BaseController - Statistical exception message - Exception has been thrown by the target of an invocation.
 2015-05-16 14:05:58,171 [33] ERROR StatisticalSolutions.Controllers.Base.BaseController - Statistical exception stack trace -    at System.RuntimeTypeHandle.CreateInstance(RuntimeType type, Boolean publicOnly, Boolean noCheck, Boolean& canBeCached, RuntimeMethodHandleInternal& ctor, Boolean& bNeedSecurityCheck)
   at System.RuntimeType.CreateInstanceSlow(Boolean publicOnly, Boolean skipCheckThis, Boolean fillCache, StackCrawlMark& stackMark)
   at System.RuntimeType.CreateInstanceDefaultCtor(Boolean publicOnly, Boolean skipCheckThis, Boolean fillCache, StackCrawlMark& stackMark)
   at System.Activator.CreateInstance(Type type, Boolean nonPublic)
   at System.Activator.CreateInstance(Type type)
   at System.Threading.LazyHelpers`1.ActivatorFactorySelector()
   at System.Threading.LazyInitializer.EnsureInitializedCore[T](T& target, Boolean& initialized, Object& syncLock, Func`1 valueFactory)
   at System.Threading.LazyInitializer.EnsureInitialized[T](T& target, Boolean& initialized, Object& syncLock)
   at StatisticalSolutions.Filters.InitializeSimpleMembershipAttribute.OnActionExecuting(ActionExecutingContext filterContext) in e:\Ola Projects\3rdPartyProjects\StatisticalSolutions\StatisticalSolutions\Filters\InitializeSimpleMembershipAttribute.cs:line 23
   at System.Web.Mvc.Async.AsyncControllerActionInvoker.InvokeActionMethodFilterAsynchronously(IActionFilter filter, ActionExecutingContext preContext, Func`1 nextInChain)
   at System.Web.Mvc.Async.AsyncControllerActionInvoker.InvokeActionMethodFilterAsynchronously(IActionFilter filter, ActionExecutingContext preContext, Func`1 nextInChain)
   at System.Web.Mvc.Async.AsyncControllerActionInvoker.<>c__DisplayClass37.<BeginInvokeActionMethodWithFilters>b__31(AsyncCallback asyncCallback, Object asyncState)
   at System.Web.Mvc.Async.AsyncResultWrapper.WrappedAsyncResult`1.Begin(AsyncCallback callback, Object state, Int32 timeout)
   at System.Web.Mvc.Async.AsyncResultWrapper.Begin[TResult](AsyncCallback callback, Object state, BeginInvokeDelegate beginDelegate, EndInvokeDelegate`1 endDelegate, Object tag, Int32 timeout)
   at System.Web.Mvc.Async.AsyncResultWrapper.Begin[TResult](AsyncCallback callback, Object state, BeginInvokeDelegate beginDelegate, EndInvokeDelegate`1 endDelegate, Object tag)
   at System.Web.Mvc.Async.AsyncControllerActionInvoker.<>c__DisplayClass25.<BeginInvokeAction>b__1e(AsyncCallback asyncCallback, Object asyncState)
 2015-05-16 14:05:58,180 [35] INFO  StatisticalSolutions.Controllers.Base.BaseController - Application URL - /StatisticalSolutions/Base/StatisticalError 
 2015-05-16 14:05:58,181 [35] INFO  StatisticalSolutions.Controllers.Base.BaseController - Application URL - /StatisticalSolutions/Base/StatisticalError 
 2015-05-16 14:05:58,182 [35] ERROR StatisticalSolutions.Controllers.Base.BaseController - Statistical exception message - Exception has been thrown by the target of an invocation.
 2015-05-16 14:05:58,182 [35] ERROR StatisticalSolutions.Controllers.Base.BaseController - Statistical exception stack trace -    at System.RuntimeTypeHandle.CreateInstance(RuntimeType type, Boolean publicOnly, Boolean noCheck, Boolean& canBeCached, RuntimeMethodHandleInternal& ctor, Boolean& bNeedSecurityCheck)
   at System.RuntimeType.CreateInstanceSlow(Boolean publicOnly, Boolean skipCheckThis, Boolean fillCache, StackCrawlMark& stackMark)
   at System.RuntimeType.CreateInstanceDefaultCtor(Boolean publicOnly, Boolean skipCheckThis, Boolean fillCache, StackCrawlMark& stackMark)
   at System.Activator.CreateInstance(Type type, Boolean nonPublic)
   at System.Activator.CreateInstance(Type type)
   at System.Threading.LazyHelpers`1.ActivatorFactorySelector()
   at System.Threading.LazyInitializer.EnsureInitializedCore[T](T& target, Boolean& initialized, Object& syncLock, Func`1 valueFactory)
   at System.Threading.LazyInitializer.EnsureInitialized[T](T& target, Boolean& initialized, Object& syncLock)
   at StatisticalSolutions.Filters.InitializeSimpleMembershipAttribute.OnActionExecuting(ActionExecutingContext filterContext) in e:\Ola Projects\3rdPartyProjects\StatisticalSolutions\StatisticalSolutions\Filters\InitializeSimpleMembershipAttribute.cs:line 23
   at System.Web.Mvc.Async.AsyncControllerActionInvoker.InvokeActionMethodFilterAsynchronously(IActionFilter filter, ActionExecutingContext preContext, Func`1 nextInChain)
   at System.Web.Mvc.Async.AsyncControllerActionInvoker.InvokeActionMethodFilterAsynchronously(IActionFilter filter, ActionExecutingContext preContext, Func`1 nextInChain)
   at System.Web.Mvc.Async.AsyncControllerActionInvoker.<>c__DisplayClass37.<BeginInvokeActionMethodWithFilters>b__31(AsyncCallback asyncCallback, Object asyncState)
   at System.Web.Mvc.Async.AsyncResultWrapper.WrappedAsyncResult`1.Begin(AsyncCallback callback, Object state, Int32 timeout)
   at System.Web.Mvc.Async.AsyncResultWrapper.Begin[TResult](AsyncCallback callback, Object state, BeginInvokeDelegate beginDelegate, EndInvokeDelegate`1 endDelegate, Object tag, Int32 timeout)
   at System.Web.Mvc.Async.AsyncResultWrapper.Begin[TResult](AsyncCallback callback, Object state, BeginInvokeDelegate beginDelegate, EndInvokeDelegate`1 endDelegate, Object tag)
   at System.Web.Mvc.Async.AsyncControllerActionInvoker.<>c__DisplayClass25.<BeginInvokeAction>b__1e(AsyncCallback asyncCallback, Object asyncState)
 2015-05-16 14:05:58,187 [26] INFO  StatisticalSolutions.Controllers.Base.BaseController - Application URL - /StatisticalSolutions/Base/StatisticalError 
 2015-05-16 14:05:58,189 [26] INFO  StatisticalSolutions.Controllers.Base.BaseController - Application URL - /StatisticalSolutions/Base/StatisticalError 
 2015-05-16 14:05:58,189 [26] ERROR StatisticalSolutions.Controllers.Base.BaseController - Statistical exception message - Exception has been thrown by the target of an invocation.
 2015-05-16 14:05:58,189 [26] ERROR StatisticalSolutions.Controllers.Base.BaseController - Statistical exception stack trace -    at System.RuntimeTypeHandle.CreateInstance(RuntimeType type, Boolean publicOnly, Boolean noCheck, Boolean& canBeCached, RuntimeMethodHandleInternal& ctor, Boolean& bNeedSecurityCheck)
   at System.RuntimeType.CreateInstanceSlow(Boolean publicOnly, Boolean skipCheckThis, Boolean fillCache, StackCrawlMark& stackMark)
   at System.RuntimeType.CreateInstanceDefaultCtor(Boolean publicOnly, Boolean skipCheckThis, Boolean fillCache, StackCrawlMark& stackMark)
   at System.Activator.CreateInstance(Type type, Boolean nonPublic)
   at System.Activator.CreateInstance(Type type)
   at System.Threading.LazyHelpers`1.ActivatorFactorySelector()
   at System.Threading.LazyInitializer.EnsureInitializedCore[T](T& target, Boolean& initialized, Object& syncLock, Func`1 valueFactory)
   at System.Threading.LazyInitializer.EnsureInitialized[T](T& target, Boolean& initialized, Object& syncLock)
   at StatisticalSolutions.Filters.InitializeSimpleMembershipAttribute.OnActionExecuting(ActionExecutingContext filterContext) in e:\Ola Projects\3rdPartyProjects\StatisticalSolutions\StatisticalSolutions\Filters\InitializeSimpleMembershipAttribute.cs:line 23
   at System.Web.Mvc.Async.AsyncControllerActionInvoker.InvokeActionMethodFilterAsynchronously(IActionFilter filter, ActionExecutingContext preContext, Func`1 nextInChain)
   at System.Web.Mvc.Async.AsyncControllerActionInvoker.InvokeActionMethodFilterAsynchronously(IActionFilter filter, ActionExecutingContext preContext, Func`1 nextInChain)
   at System.Web.Mvc.Async.AsyncControllerActionInvoker.<>c__DisplayClass37.<BeginInvokeActionMethodWithFilters>b__31(AsyncCallback asyncCallback, Object asyncState)
   at System.Web.Mvc.Async.AsyncResultWrapper.WrappedAsyncResult`1.Begin(AsyncCallback callback, Object state, Int32 timeout)
   at System.Web.Mvc.Async.AsyncResultWrapper.Begin[TResult](AsyncCallback callback, Object state, BeginInvokeDelegate beginDelegate, EndInvokeDelegate`1 endDelegate, Object tag, Int32 timeout)
   at System.Web.Mvc.Async.AsyncResultWrapper.Begin[TResult](AsyncCallback callback, Object state, BeginInvokeDelegate beginDelegate, EndInvokeDelegate`1 endDelegate, Object tag)
   at System.Web.Mvc.Async.AsyncControllerActionInvoker.<>c__DisplayClass25.<BeginInvokeAction>b__1e(AsyncCallback asyncCallback, Object asyncState)
 2015-05-16 14:05:58,195 [34] INFO  StatisticalSolutions.Controllers.Base.BaseController - Application URL - /StatisticalSolutions/Base/StatisticalError 
 2015-05-16 14:05:58,197 [34] INFO  StatisticalSolutions.Controllers.Base.BaseController - Application URL - /StatisticalSolutions/Base/StatisticalError 
 2015-05-16 14:05:58,197 [34] ERROR StatisticalSolutions.Controllers.Base.BaseController - Statistical exception message - Exception has been thrown by the target of an invocation.
 2015-05-16 14:05:58,198 [34] ERROR StatisticalSolutions.Controllers.Base.BaseController - Statistical exception stack trace -    at System.RuntimeTypeHandle.CreateInstance(RuntimeType type, Boolean publicOnly, Boolean noCheck, Boolean& canBeCached, RuntimeMethodHandleInternal& ctor, Boolean& bNeedSecurityCheck)
   at System.RuntimeType.CreateInstanceSlow(Boolean publicOnly, Boolean skipCheckThis, Boolean fillCache, StackCrawlMark& stackMark)
   at System.RuntimeType.CreateInstanceDefaultCtor(Boolean publicOnly, Boolean skipCheckThis, Boolean fillCache, StackCrawlMark& stackMark)
   at System.Activator.CreateInstance(Type type, Boolean nonPublic)
   at System.Activator.CreateInstance(Type type)
   at System.Threading.LazyHelpers`1.ActivatorFactorySelector()
   at System.Threading.LazyInitializer.EnsureInitializedCore[T](T& target, Boolean& initialized, Object& syncLock, Func`1 valueFactory)
   at System.Threading.LazyInitializer.EnsureInitialized[T](T& target, Boolean& initialized, Object& syncLock)
   at StatisticalSolutions.Filters.InitializeSimpleMembershipAttribute.OnActionExecuting(ActionExecutingContext filterContext) in e:\Ola Projects\3rdPartyProjects\StatisticalSolutions\StatisticalSolutions\Filters\InitializeSimpleMembershipAttribute.cs:line 23
   at System.Web.Mvc.Async.AsyncControllerActionInvoker.InvokeActionMethodFilterAsynchronously(IActionFilter filter, ActionExecutingContext preContext, Func`1 nextInChain)
   at System.Web.Mvc.Async.AsyncControllerActionInvoker.InvokeActionMethodFilterAsynchronously(IActionFilter filter, ActionExecutingContext preContext, Func`1 nextInChain)
   at System.Web.Mvc.Async.AsyncControllerActionInvoker.<>c__DisplayClass37.<BeginInvokeActionMethodWithFilters>b__31(AsyncCallback asyncCallback, Object asyncState)
   at System.Web.Mvc.Async.AsyncResultWrapper.WrappedAsyncResult`1.Begin(AsyncCallback callback, Object state, Int32 timeout)
   at System.Web.Mvc.Async.AsyncResultWrapper.Begin[TResult](AsyncCallback callback, Object state, BeginInvokeDelegate beginDelegate, EndInvokeDelegate`1 endDelegate, Object tag, Int32 timeout)
   at System.Web.Mvc.Async.AsyncResultWrapper.Begin[TResult](AsyncCallback callback, Object state, BeginInvokeDelegate beginDelegate, EndInvokeDelegate`1 endDelegate, Object tag)
   at System.Web.Mvc.Async.AsyncControllerActionInvoker.<>c__DisplayClass25.<BeginInvokeAction>b__1e(AsyncCallback asyncCallback, Object asyncState)
 2015-05-16 14:05:58,204 [35] INFO  StatisticalSolutions.Controllers.Base.BaseController - Application URL - /StatisticalSolutions/Base/StatisticalError 
 2015-05-16 14:05:58,205 [35] INFO  StatisticalSolutions.Controllers.Base.BaseController - Application URL - /StatisticalSolutions/Base/StatisticalError 
 2015-05-16 14:05:58,205 [35] ERROR StatisticalSolutions.Controllers.Base.BaseController - Statistical exception message - Exception has been thrown by the target of an invocation.
 2015-05-16 14:05:58,206 [35] ERROR StatisticalSolutions.Controllers.Base.BaseController - Statistical exception stack trace -    at System.RuntimeTypeHandle.CreateInstance(RuntimeType type, Boolean publicOnly, Boolean noCheck, Boolean& canBeCached, RuntimeMethodHandleInternal& ctor, Boolean& bNeedSecurityCheck)
   at System.RuntimeType.CreateInstanceSlow(Boolean publicOnly, Boolean skipCheckThis, Boolean fillCache, StackCrawlMark& stackMark)
   at System.RuntimeType.CreateInstanceDefaultCtor(Boolean publicOnly, Boolean skipCheckThis, Boolean fillCache, StackCrawlMark& stackMark)
   at System.Activator.CreateInstance(Type type, Boolean nonPublic)
   at System.Activator.CreateInstance(Type type)
   at System.Threading.LazyHelpers`1.ActivatorFactorySelector()
   at System.Threading.LazyInitializer.EnsureInitializedCore[T](T& target, Boolean& initialized, Object& syncLock, Func`1 valueFactory)
   at System.Threading.LazyInitializer.EnsureInitialized[T](T& target, Boolean& initialized, Object& syncLock)
   at StatisticalSolutions.Filters.InitializeSimpleMembershipAttribute.OnActionExecuting(ActionExecutingContext filterContext) in e:\Ola Projects\3rdPartyProjects\StatisticalSolutions\StatisticalSolutions\Filters\InitializeSimpleMembershipAttribute.cs:line 23
   at System.Web.Mvc.Async.AsyncControllerActionInvoker.InvokeActionMethodFilterAsynchronously(IActionFilter filter, ActionExecutingContext preContext, Func`1 nextInChain)
   at System.Web.Mvc.Async.AsyncControllerActionInvoker.InvokeActionMethodFilterAsynchronously(IActionFilter filter, ActionExecutingContext preContext, Func`1 nextInChain)
   at System.Web.Mvc.Async.AsyncControllerActionInvoker.<>c__DisplayClass37.<BeginInvokeActionMethodWithFilters>b__31(AsyncCallback asyncCallback, Object asyncState)
   at System.Web.Mvc.Async.AsyncResultWrapper.WrappedAsyncResult`1.Begin(AsyncCallback callback, Object state, Int32 timeout)
   at System.Web.Mvc.Async.AsyncResultWrapper.Begin[TResult](AsyncCallback callback, Object state, BeginInvokeDelegate beginDelegate, EndInvokeDelegate`1 endDelegate, Object tag, Int32 timeout)
   at System.Web.Mvc.Async.AsyncResultWrapper.Begin[TResult](AsyncCallback callback, Object state, BeginInvokeDelegate beginDelegate, EndInvokeDelegate`1 endDelegate, Object tag)
   at System.Web.Mvc.Async.AsyncControllerActionInvoker.<>c__DisplayClass25.<BeginInvokeAction>b__1e(AsyncCallback asyncCallback, Object asyncState)
 2015-05-16 14:05:58,211 [26] INFO  StatisticalSolutions.Controllers.Base.BaseController - Application URL - /StatisticalSolutions/Base/StatisticalError 
 2015-05-16 14:05:58,212 [26] INFO  StatisticalSolutions.Controllers.Base.BaseController - Application URL - /StatisticalSolutions/Base/StatisticalError 
 2015-05-16 14:05:58,212 [26] ERROR StatisticalSolutions.Controllers.Base.BaseController - Statistical exception message - Exception has been thrown by the target of an invocation.
 2015-05-16 14:05:58,213 [26] ERROR StatisticalSolutions.Controllers.Base.BaseController - Statistical exception stack trace -    at System.RuntimeTypeHandle.CreateInstance(RuntimeType type, Boolean publicOnly, Boolean noCheck, Boolean& canBeCached, RuntimeMethodHandleInternal& ctor, Boolean& bNeedSecurityCheck)
   at System.RuntimeType.CreateInstanceSlow(Boolean publicOnly, Boolean skipCheckThis, Boolean fillCache, StackCrawlMark& stackMark)
   at System.RuntimeType.CreateInstanceDefaultCtor(Boolean publicOnly, Boolean skipCheckThis, Boolean fillCache, StackCrawlMark& stackMark)
   at System.Activator.CreateInstance(Type type, Boolean nonPublic)
   at System.Activator.CreateInstance(Type type)
   at System.Threading.LazyHelpers`1.ActivatorFactorySelector()
   at System.Threading.LazyInitializer.EnsureInitializedCore[T](T& target, Boolean& initialized, Object& syncLock, Func`1 valueFactory)
   at System.Threading.LazyInitializer.EnsureInitialized[T](T& target, Boolean& initialized, Object& syncLock)
   at StatisticalSolutions.Filters.InitializeSimpleMembershipAttribute.OnActionExecuting(ActionExecutingContext filterContext) in e:\Ola Projects\3rdPartyProjects\StatisticalSolutions\StatisticalSolutions\Filters\InitializeSimpleMembershipAttribute.cs:line 23
   at System.Web.Mvc.Async.AsyncControllerActionInvoker.InvokeActionMethodFilterAsynchronously(IActionFilter filter, ActionExecutingContext preContext, Func`1 nextInChain)
   at System.Web.Mvc.Async.AsyncControllerActionInvoker.InvokeActionMethodFilterAsynchronously(IActionFilter filter, ActionExecutingContext preContext, Func`1 nextInChain)
   at System.Web.Mvc.Async.AsyncControllerActionInvoker.<>c__DisplayClass37.<BeginInvokeActionMethodWithFilters>b__31(AsyncCallback asyncCallback, Object asyncState)
   at System.Web.Mvc.Async.AsyncResultWrapper.WrappedAsyncResult`1.Begin(AsyncCallback callback, Object state, Int32 timeout)
   at System.Web.Mvc.Async.AsyncResultWrapper.Begin[TResult](AsyncCallback callback, Object state, BeginInvokeDelegate beginDelegate, EndInvokeDelegate`1 endDelegate, Object tag, Int32 timeout)
   at System.Web.Mvc.Async.AsyncResultWrapper.Begin[TResult](AsyncCallback callback, Object state, BeginInvokeDelegate beginDelegate, EndInvokeDelegate`1 endDelegate, Object tag)
   at System.Web.Mvc.Async.AsyncControllerActionInvoker.<>c__DisplayClass25.<BeginInvokeAction>b__1e(AsyncCallback asyncCallback, Object asyncState)
 2015-05-16 14:05:58,218 [34] INFO  StatisticalSolutions.Controllers.Base.BaseController - Application URL - /StatisticalSolutions/Base/StatisticalError 
 2015-05-16 14:05:58,219 [34] INFO  StatisticalSolutions.Controllers.Base.BaseController - Application URL - /StatisticalSolutions/Base/StatisticalError 
 2015-05-16 14:05:58,220 [34] ERROR StatisticalSolutions.Controllers.Base.BaseController - Statistical exception message - Exception has been thrown by the target of an invocation.
 2015-05-16 14:05:58,220 [34] ERROR StatisticalSolutions.Controllers.Base.BaseController - Statistical exception stack trace -    at System.RuntimeTypeHandle.CreateInstance(RuntimeType type, Boolean publicOnly, Boolean noCheck, Boolean& canBeCached, RuntimeMethodHandleInternal& ctor, Boolean& bNeedSecurityCheck)
   at System.RuntimeType.CreateInstanceSlow(Boolean publicOnly, Boolean skipCheckThis, Boolean fillCache, StackCrawlMark& stackMark)
   at System.RuntimeType.CreateInstanceDefaultCtor(Boolean publicOnly, Boolean skipCheckThis, Boolean fillCache, StackCrawlMark& stackMark)
   at System.Activator.CreateInstance(Type type, Boolean nonPublic)
   at System.Activator.CreateInstance(Type type)
   at System.Threading.LazyHelpers`1.ActivatorFactorySelector()
   at System.Threading.LazyInitializer.EnsureInitializedCore[T](T& target, Boolean& initialized, Object& syncLock, Func`1 valueFactory)
   at System.Threading.LazyInitializer.EnsureInitialized[T](T& target, Boolean& initialized, Object& syncLock)
   at StatisticalSolutions.Filters.InitializeSimpleMembershipAttribute.OnActionExecuting(ActionExecutingContext filterContext) in e:\Ola Projects\3rdPartyProjects\StatisticalSolutions\StatisticalSolutions\Filters\InitializeSimpleMembershipAttribute.cs:line 23
   at System.Web.Mvc.Async.AsyncControllerActionInvoker.InvokeActionMethodFilterAsynchronously(IActionFilter filter, ActionExecutingContext preContext, Func`1 nextInChain)
   at System.Web.Mvc.Async.AsyncControllerActionInvoker.InvokeActionMethodFilterAsynchronously(IActionFilter filter, ActionExecutingContext preContext, Func`1 nextInChain)
   at System.Web.Mvc.Async.AsyncControllerActionInvoker.<>c__DisplayClass37.<BeginInvokeActionMethodWithFilters>b__31(AsyncCallback asyncCallback, Object asyncState)
   at System.Web.Mvc.Async.AsyncResultWrapper.WrappedAsyncResult`1.Begin(AsyncCallback callback, Object state, Int32 timeout)
   at System.Web.Mvc.Async.AsyncResultWrapper.Begin[TResult](AsyncCallback callback, Object state, BeginInvokeDelegate beginDelegate, EndInvokeDelegate`1 endDelegate, Object tag, Int32 timeout)
   at System.Web.Mvc.Async.AsyncResultWrapper.Begin[TResult](AsyncCallback callback, Object state, BeginInvokeDelegate beginDelegate, EndInvokeDelegate`1 endDelegate, Object tag)
   at System.Web.Mvc.Async.AsyncControllerActionInvoker.<>c__DisplayClass25.<BeginInvokeAction>b__1e(AsyncCallback asyncCallback, Object asyncState)
 2015-05-16 14:05:58,225 [33] INFO  StatisticalSolutions.Controllers.Base.BaseController - Application URL - /StatisticalSolutions/Base/StatisticalError 
 2015-05-16 14:05:58,226 [33] INFO  StatisticalSolutions.Controllers.Base.BaseController - Application URL - /StatisticalSolutions/Base/StatisticalError 
 2015-05-16 14:05:58,227 [33] ERROR StatisticalSolutions.Controllers.Base.BaseController - Statistical exception message - Exception has been thrown by the target of an invocation.
 2015-05-16 14:05:58,227 [33] ERROR StatisticalSolutions.Controllers.Base.BaseController - Statistical exception stack trace -    at System.RuntimeTypeHandle.CreateInstance(RuntimeType type, Boolean publicOnly, Boolean noCheck, Boolean& canBeCached, RuntimeMethodHandleInternal& ctor, Boolean& bNeedSecurityCheck)
   at System.RuntimeType.CreateInstanceSlow(Boolean publicOnly, Boolean skipCheckThis, Boolean fillCache, StackCrawlMark& stackMark)
   at System.RuntimeType.CreateInstanceDefaultCtor(Boolean publicOnly, Boolean skipCheckThis, Boolean fillCache, StackCrawlMark& stackMark)
   at System.Activator.CreateInstance(Type type, Boolean nonPublic)
   at System.Activator.CreateInstance(Type type)
   at System.Threading.LazyHelpers`1.ActivatorFactorySelector()
   at System.Threading.LazyInitializer.EnsureInitializedCore[T](T& target, Boolean& initialized, Object& syncLock, Func`1 valueFactory)
   at System.Threading.LazyInitializer.EnsureInitialized[T](T& target, Boolean& initialized, Object& syncLock)
   at StatisticalSolutions.Filters.InitializeSimpleMembershipAttribute.OnActionExecuting(ActionExecutingContext filterContext) in e:\Ola Projects\3rdPartyProjects\StatisticalSolutions\StatisticalSolutions\Filters\InitializeSimpleMembershipAttribute.cs:line 23
   at System.Web.Mvc.Async.AsyncControllerActionInvoker.InvokeActionMethodFilterAsynchronously(IActionFilter filter, ActionExecutingContext preContext, Func`1 nextInChain)
   at System.Web.Mvc.Async.AsyncControllerActionInvoker.InvokeActionMethodFilterAsynchronously(IActionFilter filter, ActionExecutingContext preContext, Func`1 nextInChain)
   at System.Web.Mvc.Async.AsyncControllerActionInvoker.<>c__DisplayClass37.<BeginInvokeActionMethodWithFilters>b__31(AsyncCallback asyncCallback, Object asyncState)
   at System.Web.Mvc.Async.AsyncResultWrapper.WrappedAsyncResult`1.Begin(AsyncCallback callback, Object state, Int32 timeout)
   at System.Web.Mvc.Async.AsyncResultWrapper.Begin[TResult](AsyncCallback callback, Object state, BeginInvokeDelegate beginDelegate, EndInvokeDelegate`1 endDelegate, Object tag, Int32 timeout)
   at System.Web.Mvc.Async.AsyncResultWrapper.Begin[TResult](AsyncCallback callback, Object state, BeginInvokeDelegate beginDelegate, EndInvokeDelegate`1 endDelegate, Object tag)
   at System.Web.Mvc.Async.AsyncControllerActionInvoker.<>c__DisplayClass25.<BeginInvokeAction>b__1e(AsyncCallback asyncCallback, Object asyncState)
 2015-05-16 14:05:58,233 [26] INFO  StatisticalSolutions.Controllers.Base.BaseController - Application URL - /StatisticalSolutions/Base/StatisticalError 
 2015-05-16 14:05:58,234 [26] INFO  StatisticalSolutions.Controllers.Base.BaseController - Application URL - /StatisticalSolutions/Base/StatisticalError 
 2015-05-16 14:05:58,234 [26] ERROR StatisticalSolutions.Controllers.Base.BaseController - Statistical exception message - Exception has been thrown by the target of an invocation.
 2015-05-16 14:05:58,234 [26] ERROR StatisticalSolutions.Controllers.Base.BaseController - Statistical exception stack trace -    at System.RuntimeTypeHandle.CreateInstance(RuntimeType type, Boolean publicOnly, Boolean noCheck, Boolean& canBeCached, RuntimeMethodHandleInternal& ctor, Boolean& bNeedSecurityCheck)
   at System.RuntimeType.CreateInstanceSlow(Boolean publicOnly, Boolean skipCheckThis, Boolean fillCache, StackCrawlMark& stackMark)
   at System.RuntimeType.CreateInstanceDefaultCtor(Boolean publicOnly, Boolean skipCheckThis, Boolean fillCache, StackCrawlMark& stackMark)
   at System.Activator.CreateInstance(Type type, Boolean nonPublic)
   at System.Activator.CreateInstance(Type type)
   at System.Threading.LazyHelpers`1.ActivatorFactorySelector()
   at System.Threading.LazyInitializer.EnsureInitializedCore[T](T& target, Boolean& initialized, Object& syncLock, Func`1 valueFactory)
   at System.Threading.LazyInitializer.EnsureInitialized[T](T& target, Boolean& initialized, Object& syncLock)
   at StatisticalSolutions.Filters.InitializeSimpleMembershipAttribute.OnActionExecuting(ActionExecutingContext filterContext) in e:\Ola Projects\3rdPartyProjects\StatisticalSolutions\StatisticalSolutions\Filters\InitializeSimpleMembershipAttribute.cs:line 23
   at System.Web.Mvc.Async.AsyncControllerActionInvoker.InvokeActionMethodFilterAsynchronously(IActionFilter filter, ActionExecutingContext preContext, Func`1 nextInChain)
   at System.Web.Mvc.Async.AsyncControllerActionInvoker.InvokeActionMethodFilterAsynchronously(IActionFilter filter, ActionExecutingContext preContext, Func`1 nextInChain)
   at System.Web.Mvc.Async.AsyncControllerActionInvoker.<>c__DisplayClass37.<BeginInvokeActionMethodWithFilters>b__31(AsyncCallback asyncCallback, Object asyncState)
   at System.Web.Mvc.Async.AsyncResultWrapper.WrappedAsyncResult`1.Begin(AsyncCallback callback, Object state, Int32 timeout)
   at System.Web.Mvc.Async.AsyncResultWrapper.Begin[TResult](AsyncCallback callback, Object state, BeginInvokeDelegate beginDelegate, EndInvokeDelegate`1 endDelegate, Object tag, Int32 timeout)
   at System.Web.Mvc.Async.AsyncResultWrapper.Begin[TResult](AsyncCallback callback, Object state, BeginInvokeDelegate beginDelegate, EndInvokeDelegate`1 endDelegate, Object tag)
   at System.Web.Mvc.Async.AsyncControllerActionInvoker.<>c__DisplayClass25.<BeginInvokeAction>b__1e(AsyncCallback asyncCallback, Object asyncState)
 2015-05-16 14:05:58,240 [35] INFO  StatisticalSolutions.Controllers.Base.BaseController - Application URL - /StatisticalSolutions/Base/StatisticalError 
 2015-05-16 14:05:58,241 [35] INFO  StatisticalSolutions.Controllers.Base.BaseController - Application URL - /StatisticalSolutions/Base/StatisticalError 
 2015-05-16 14:05:58,241 [35] ERROR StatisticalSolutions.Controllers.Base.BaseController - Statistical exception message - Exception has been thrown by the target of an invocation.
 2015-05-16 14:05:58,241 [35] ERROR StatisticalSolutions.Controllers.Base.BaseController - Statistical exception stack trace -    at System.RuntimeTypeHandle.CreateInstance(RuntimeType type, Boolean publicOnly, Boolean noCheck, Boolean& canBeCached, RuntimeMethodHandleInternal& ctor, Boolean& bNeedSecurityCheck)
   at System.RuntimeType.CreateInstanceSlow(Boolean publicOnly, Boolean skipCheckThis, Boolean fillCache, StackCrawlMark& stackMark)
   at System.RuntimeType.CreateInstanceDefaultCtor(Boolean publicOnly, Boolean skipCheckThis, Boolean fillCache, StackCrawlMark& stackMark)
   at System.Activator.CreateInstance(Type type, Boolean nonPublic)
   at System.Activator.CreateInstance(Type type)
   at System.Threading.LazyHelpers`1.ActivatorFactorySelector()
   at System.Threading.LazyInitializer.EnsureInitializedCore[T](T& target, Boolean& initialized, Object& syncLock, Func`1 valueFactory)
   at System.Threading.LazyInitializer.EnsureInitialized[T](T& target, Boolean& initialized, Object& syncLock)
   at StatisticalSolutions.Filters.InitializeSimpleMembershipAttribute.OnActionExecuting(ActionExecutingContext filterContext) in e:\Ola Projects\3rdPartyProjects\StatisticalSolutions\StatisticalSolutions\Filters\InitializeSimpleMembershipAttribute.cs:line 23
   at System.Web.Mvc.Async.AsyncControllerActionInvoker.InvokeActionMethodFilterAsynchronously(IActionFilter filter, ActionExecutingContext preContext, Func`1 nextInChain)
   at System.Web.Mvc.Async.AsyncControllerActionInvoker.InvokeActionMethodFilterAsynchronously(IActionFilter filter, ActionExecutingContext preContext, Func`1 nextInChain)
   at System.Web.Mvc.Async.AsyncControllerActionInvoker.<>c__DisplayClass37.<BeginInvokeActionMethodWithFilters>b__31(AsyncCallback asyncCallback, Object asyncState)
   at System.Web.Mvc.Async.AsyncResultWrapper.WrappedAsyncResult`1.Begin(AsyncCallback callback, Object state, Int32 timeout)
   at System.Web.Mvc.Async.AsyncResultWrapper.Begin[TResult](AsyncCallback callback, Object state, BeginInvokeDelegate beginDelegate, EndInvokeDelegate`1 endDelegate, Object tag, Int32 timeout)
   at System.Web.Mvc.Async.AsyncResultWrapper.Begin[TResult](AsyncCallback callback, Object state, BeginInvokeDelegate beginDelegate, EndInvokeDelegate`1 endDelegate, Object tag)
   at System.Web.Mvc.Async.AsyncControllerActionInvoker.<>c__DisplayClass25.<BeginInvokeAction>b__1e(AsyncCallback asyncCallback, Object asyncState)
 2015-05-16 14:05:58,246 [33] INFO  StatisticalSolutions.Controllers.Base.BaseController - Application URL - /StatisticalSolutions/Base/StatisticalError 
 2015-05-16 14:05:58,247 [33] INFO  StatisticalSolutions.Controllers.Base.BaseController - Application URL - /StatisticalSolutions/Base/StatisticalError 
 2015-05-16 14:05:58,247 [33] ERROR StatisticalSolutions.Controllers.Base.BaseController - Statistical exception message - Exception has been thrown by the target of an invocation.
 2015-05-16 14:05:58,248 [33] ERROR StatisticalSolutions.Controllers.Base.BaseController - Statistical exception stack trace -    at System.RuntimeTypeHandle.CreateInstance(RuntimeType type, Boolean publicOnly, Boolean noCheck, Boolean& canBeCached, RuntimeMethodHandleInternal& ctor, Boolean& bNeedSecurityCheck)
   at System.RuntimeType.CreateInstanceSlow(Boolean publicOnly, Boolean skipCheckThis, Boolean fillCache, StackCrawlMark& stackMark)
   at System.RuntimeType.CreateInstanceDefaultCtor(Boolean publicOnly, Boolean skipCheckThis, Boolean fillCache, StackCrawlMark& stackMark)
   at System.Activator.CreateInstance(Type type, Boolean nonPublic)
   at System.Activator.CreateInstance(Type type)
   at System.Threading.LazyHelpers`1.ActivatorFactorySelector()
   at System.Threading.LazyInitializer.EnsureInitializedCore[T](T& target, Boolean& initialized, Object& syncLock, Func`1 valueFactory)
   at System.Threading.LazyInitializer.EnsureInitialized[T](T& target, Boolean& initialized, Object& syncLock)
   at StatisticalSolutions.Filters.InitializeSimpleMembershipAttribute.OnActionExecuting(ActionExecutingContext filterContext) in e:\Ola Projects\3rdPartyProjects\StatisticalSolutions\StatisticalSolutions\Filters\InitializeSimpleMembershipAttribute.cs:line 23
   at System.Web.Mvc.Async.AsyncControllerActionInvoker.InvokeActionMethodFilterAsynchronously(IActionFilter filter, ActionExecutingContext preContext, Func`1 nextInChain)
   at System.Web.Mvc.Async.AsyncControllerActionInvoker.InvokeActionMethodFilterAsynchronously(IActionFilter filter, ActionExecutingContext preContext, Func`1 nextInChain)
   at System.Web.Mvc.Async.AsyncControllerActionInvoker.<>c__DisplayClass37.<BeginInvokeActionMethodWithFilters>b__31(AsyncCallback asyncCallback, Object asyncState)
   at System.Web.Mvc.Async.AsyncResultWrapper.WrappedAsyncResult`1.Begin(AsyncCallback callback, Object state, Int32 timeout)
   at System.Web.Mvc.Async.AsyncResultWrapper.Begin[TResult](AsyncCallback callback, Object state, BeginInvokeDelegate beginDelegate, EndInvokeDelegate`1 endDelegate, Object tag, Int32 timeout)
   at System.Web.Mvc.Async.AsyncResultWrapper.Begin[TResult](AsyncCallback callback, Object state, BeginInvokeDelegate beginDelegate, EndInvokeDelegate`1 endDelegate, Object tag)
   at System.Web.Mvc.Async.AsyncControllerActionInvoker.<>c__DisplayClass25.<BeginInvokeAction>b__1e(AsyncCallback asyncCallback, Object asyncState)
 2015-05-16 14:05:58,254 [35] INFO  StatisticalSolutions.Controllers.Base.BaseController - Application URL - /StatisticalSolutions/Base/StatisticalError 
 2015-05-16 14:05:58,255 [35] INFO  StatisticalSolutions.Controllers.Base.BaseController - Application URL - /StatisticalSolutions/Base/StatisticalError 
 2015-05-16 14:05:58,255 [35] ERROR StatisticalSolutions.Controllers.Base.BaseController - Statistical exception message - Exception has been thrown by the target of an invocation.
 2015-05-16 14:05:58,255 [35] ERROR StatisticalSolutions.Controllers.Base.BaseController - Statistical exception stack trace -    at System.RuntimeTypeHandle.CreateInstance(RuntimeType type, Boolean publicOnly, Boolean noCheck, Boolean& canBeCached, RuntimeMethodHandleInternal& ctor, Boolean& bNeedSecurityCheck)
   at System.RuntimeType.CreateInstanceSlow(Boolean publicOnly, Boolean skipCheckThis, Boolean fillCache, StackCrawlMark& stackMark)
   at System.RuntimeType.CreateInstanceDefaultCtor(Boolean publicOnly, Boolean skipCheckThis, Boolean fillCache, StackCrawlMark& stackMark)
   at System.Activator.CreateInstance(Type type, Boolean nonPublic)
   at System.Activator.CreateInstance(Type type)
   at System.Threading.LazyHelpers`1.ActivatorFactorySelector()
   at System.Threading.LazyInitializer.EnsureInitializedCore[T](T& target, Boolean& initialized, Object& syncLock, Func`1 valueFactory)
   at System.Threading.LazyInitializer.EnsureInitialized[T](T& target, Boolean& initialized, Object& syncLock)
   at StatisticalSolutions.Filters.InitializeSimpleMembershipAttribute.OnActionExecuting(ActionExecutingContext filterContext) in e:\Ola Projects\3rdPartyProjects\StatisticalSolutions\StatisticalSolutions\Filters\InitializeSimpleMembershipAttribute.cs:line 23
   at System.Web.Mvc.Async.AsyncControllerActionInvoker.InvokeActionMethodFilterAsynchronously(IActionFilter filter, ActionExecutingContext preContext, Func`1 nextInChain)
   at System.Web.Mvc.Async.AsyncControllerActionInvoker.InvokeActionMethodFilterAsynchronously(IActionFilter filter, ActionExecutingContext preContext, Func`1 nextInChain)
   at System.Web.Mvc.Async.AsyncControllerActionInvoker.<>c__DisplayClass37.<BeginInvokeActionMethodWithFilters>b__31(AsyncCallback asyncCallback, Object asyncState)
   at System.Web.Mvc.Async.AsyncResultWrapper.WrappedAsyncResult`1.Begin(AsyncCallback callback, Object state, Int32 timeout)
   at System.Web.Mvc.Async.AsyncResultWrapper.Begin[TResult](AsyncCallback callback, Object state, BeginInvokeDelegate beginDelegate, EndInvokeDelegate`1 endDelegate, Object tag, Int32 timeout)
   at System.Web.Mvc.Async.AsyncResultWrapper.Begin[TResult](AsyncCallback callback, Object state, BeginInvokeDelegate beginDelegate, EndInvokeDelegate`1 endDelegate, Object tag)
   at System.Web.Mvc.Async.AsyncControllerActionInvoker.<>c__DisplayClass25.<BeginInvokeAction>b__1e(AsyncCallback asyncCallback, Object asyncState)
 2015-05-16 14:05:58,260 [33] INFO  StatisticalSolutions.Controllers.Base.BaseController - Application URL - /StatisticalSolutions/Base/StatisticalError 
 2015-05-16 14:05:58,261 [33] INFO  StatisticalSolutions.Controllers.Base.BaseController - Application URL - /StatisticalSolutions/Base/StatisticalError 
 2015-05-16 14:05:58,261 [33] ERROR StatisticalSolutions.Controllers.Base.BaseController - Statistical exception message - Exception has been thrown by the target of an invocation.
 2015-05-16 14:05:58,261 [33] ERROR StatisticalSolutions.Controllers.Base.BaseController - Statistical exception stack trace -    at System.RuntimeTypeHandle.CreateInstance(RuntimeType type, Boolean publicOnly, Boolean noCheck, Boolean& canBeCached, RuntimeMethodHandleInternal& ctor, Boolean& bNeedSecurityCheck)
   at System.RuntimeType.CreateInstanceSlow(Boolean publicOnly, Boolean skipCheckThis, Boolean fillCache, StackCrawlMark& stackMark)
   at System.RuntimeType.CreateInstanceDefaultCtor(Boolean publicOnly, Boolean skipCheckThis, Boolean fillCache, StackCrawlMark& stackMark)
   at System.Activator.CreateInstance(Type type, Boolean nonPublic)
   at System.Activator.CreateInstance(Type type)
   at System.Threading.LazyHelpers`1.ActivatorFactorySelector()
   at System.Threading.LazyInitializer.EnsureInitializedCore[T](T& target, Boolean& initialized, Object& syncLock, Func`1 valueFactory)
   at System.Threading.LazyInitializer.EnsureInitialized[T](T& target, Boolean& initialized, Object& syncLock)
   at StatisticalSolutions.Filters.InitializeSimpleMembershipAttribute.OnActionExecuting(ActionExecutingContext filterContext) in e:\Ola Projects\3rdPartyProjects\StatisticalSolutions\StatisticalSolutions\Filters\InitializeSimpleMembershipAttribute.cs:line 23
   at System.Web.Mvc.Async.AsyncControllerActionInvoker.InvokeActionMethodFilterAsynchronously(IActionFilter filter, ActionExecutingContext preContext, Func`1 nextInChain)
   at System.Web.Mvc.Async.AsyncControllerActionInvoker.InvokeActionMethodFilterAsynchronously(IActionFilter filter, ActionExecutingContext preContext, Func`1 nextInChain)
   at System.Web.Mvc.Async.AsyncControllerActionInvoker.<>c__DisplayClass37.<BeginInvokeActionMethodWithFilters>b__31(AsyncCallback asyncCallback, Object asyncState)
   at System.Web.Mvc.Async.AsyncResultWrapper.WrappedAsyncResult`1.Begin(AsyncCallback callback, Object state, Int32 timeout)
   at System.Web.Mvc.Async.AsyncResultWrapper.Begin[TResult](AsyncCallback callback, Object state, BeginInvokeDelegate beginDelegate, EndInvokeDelegate`1 endDelegate, Object tag, Int32 timeout)
   at System.Web.Mvc.Async.AsyncResultWrapper.Begin[TResult](AsyncCallback callback, Object state, BeginInvokeDelegate beginDelegate, EndInvokeDelegate`1 endDelegate, Object tag)
   at System.Web.Mvc.Async.AsyncControllerActionInvoker.<>c__DisplayClass25.<BeginInvokeAction>b__1e(AsyncCallback asyncCallback, Object asyncState)
 2015-05-16 14:05:58,266 [26] INFO  StatisticalSolutions.Controllers.Base.BaseController - Application URL - /StatisticalSolutions/Base/StatisticalError 
 2015-05-16 14:05:58,267 [26] INFO  StatisticalSolutions.Controllers.Base.BaseController - Application URL - /StatisticalSolutions/Base/StatisticalError 
 2015-05-16 14:05:58,267 [26] ERROR StatisticalSolutions.Controllers.Base.BaseController - Statistical exception message - Exception has been thrown by the target of an invocation.
 2015-05-16 14:05:58,268 [26] ERROR StatisticalSolutions.Controllers.Base.BaseController - Statistical exception stack trace -    at System.RuntimeTypeHandle.CreateInstance(RuntimeType type, Boolean publicOnly, Boolean noCheck, Boolean& canBeCached, RuntimeMethodHandleInternal& ctor, Boolean& bNeedSecurityCheck)
   at System.RuntimeType.CreateInstanceSlow(Boolean publicOnly, Boolean skipCheckThis, Boolean fillCache, StackCrawlMark& stackMark)
   at System.RuntimeType.CreateInstanceDefaultCtor(Boolean publicOnly, Boolean skipCheckThis, Boolean fillCache, StackCrawlMark& stackMark)
   at System.Activator.CreateInstance(Type type, Boolean nonPublic)
   at System.Activator.CreateInstance(Type type)
   at System.Threading.LazyHelpers`1.ActivatorFactorySelector()
   at System.Threading.LazyInitializer.EnsureInitializedCore[T](T& target, Boolean& initialized, Object& syncLock, Func`1 valueFactory)
   at System.Threading.LazyInitializer.EnsureInitialized[T](T& target, Boolean& initialized, Object& syncLock)
   at StatisticalSolutions.Filters.InitializeSimpleMembershipAttribute.OnActionExecuting(ActionExecutingContext filterContext) in e:\Ola Projects\3rdPartyProjects\StatisticalSolutions\StatisticalSolutions\Filters\InitializeSimpleMembershipAttribute.cs:line 23
   at System.Web.Mvc.Async.AsyncControllerActionInvoker.InvokeActionMethodFilterAsynchronously(IActionFilter filter, ActionExecutingContext preContext, Func`1 nextInChain)
   at System.Web.Mvc.Async.AsyncControllerActionInvoker.InvokeActionMethodFilterAsynchronously(IActionFilter filter, ActionExecutingContext preContext, Func`1 nextInChain)
   at System.Web.Mvc.Async.AsyncControllerActionInvoker.<>c__DisplayClass37.<BeginInvokeActionMethodWithFilters>b__31(AsyncCallback asyncCallback, Object asyncState)
   at System.Web.Mvc.Async.AsyncResultWrapper.WrappedAsyncResult`1.Begin(AsyncCallback callback, Object state, Int32 timeout)
   at System.Web.Mvc.Async.AsyncResultWrapper.Begin[TResult](AsyncCallback callback, Object state, BeginInvokeDelegate beginDelegate, EndInvokeDelegate`1 endDelegate, Object tag, Int32 timeout)
   at System.Web.Mvc.Async.AsyncResultWrapper.Begin[TResult](AsyncCallback callback, Object state, BeginInvokeDelegate beginDelegate, EndInvokeDelegate`1 endDelegate, Object tag)
   at System.Web.Mvc.Async.AsyncControllerActionInvoker.<>c__DisplayClass25.<BeginInvokeAction>b__1e(AsyncCallback asyncCallback, Object asyncState)
 2015-05-16 14:05:58,273 [35] INFO  StatisticalSolutions.Controllers.Base.BaseController - Application URL - /StatisticalSolutions/Base/StatisticalError 
 2015-05-16 14:05:58,274 [35] INFO  StatisticalSolutions.Controllers.Base.BaseController - Application URL - /StatisticalSolutions/Base/StatisticalError 
 2015-05-16 14:05:58,274 [35] ERROR StatisticalSolutions.Controllers.Base.BaseController - Statistical exception message - Exception has been thrown by the target of an invocation.
 2015-05-16 14:05:58,274 [35] ERROR StatisticalSolutions.Controllers.Base.BaseController - Statistical exception stack trace -    at System.RuntimeTypeHandle.CreateInstance(RuntimeType type, Boolean publicOnly, Boolean noCheck, Boolean& canBeCached, RuntimeMethodHandleInternal& ctor, Boolean& bNeedSecurityCheck)
   at System.RuntimeType.CreateInstanceSlow(Boolean publicOnly, Boolean skipCheckThis, Boolean fillCache, StackCrawlMark& stackMark)
   at System.RuntimeType.CreateInstanceDefaultCtor(Boolean publicOnly, Boolean skipCheckThis, Boolean fillCache, StackCrawlMark& stackMark)
   at System.Activator.CreateInstance(Type type, Boolean nonPublic)
   at System.Activator.CreateInstance(Type type)
   at System.Threading.LazyHelpers`1.ActivatorFactorySelector()
   at System.Threading.LazyInitializer.EnsureInitializedCore[T](T& target, Boolean& initialized, Object& syncLock, Func`1 valueFactory)
   at System.Threading.LazyInitializer.EnsureInitialized[T](T& target, Boolean& initialized, Object& syncLock)
   at StatisticalSolutions.Filters.InitializeSimpleMembershipAttribute.OnActionExecuting(ActionExecutingContext filterContext) in e:\Ola Projects\3rdPartyProjects\StatisticalSolutions\StatisticalSolutions\Filters\InitializeSimpleMembershipAttribute.cs:line 23
   at System.Web.Mvc.Async.AsyncControllerActionInvoker.InvokeActionMethodFilterAsynchronously(IActionFilter filter, ActionExecutingContext preContext, Func`1 nextInChain)
   at System.Web.Mvc.Async.AsyncControllerActionInvoker.InvokeActionMethodFilterAsynchronously(IActionFilter filter, ActionExecutingContext preContext, Func`1 nextInChain)
   at System.Web.Mvc.Async.AsyncControllerActionInvoker.<>c__DisplayClass37.<BeginInvokeActionMethodWithFilters>b__31(AsyncCallback asyncCallback, Object asyncState)
   at System.Web.Mvc.Async.AsyncResultWrapper.WrappedAsyncResult`1.Begin(AsyncCallback callback, Object state, Int32 timeout)
   at System.Web.Mvc.Async.AsyncResultWrapper.Begin[TResult](AsyncCallback callback, Object state, BeginInvokeDelegate beginDelegate, EndInvokeDelegate`1 endDelegate, Object tag, Int32 timeout)
   at System.Web.Mvc.Async.AsyncResultWrapper.Begin[TResult](AsyncCallback callback, Object state, BeginInvokeDelegate beginDelegate, EndInvokeDelegate`1 endDelegate, Object tag)
   at System.Web.Mvc.Async.AsyncControllerActionInvoker.<>c__DisplayClass25.<BeginInvokeAction>b__1e(AsyncCallback asyncCallback, Object asyncState)
 2015-05-16 14:05:58,279 [33] INFO  StatisticalSolutions.Controllers.Base.BaseController - Application URL - /StatisticalSolutions/Base/StatisticalError 
 2015-05-16 14:05:58,280 [33] INFO  StatisticalSolutions.Controllers.Base.BaseController - Application URL - /StatisticalSolutions/Base/StatisticalError 
 2015-05-16 14:05:58,281 [33] ERROR StatisticalSolutions.Controllers.Base.BaseController - Statistical exception message - Exception has been thrown by the target of an invocation.
 2015-05-16 14:05:58,281 [33] ERROR StatisticalSolutions.Controllers.Base.BaseController - Statistical exception stack trace -    at System.RuntimeTypeHandle.CreateInstance(RuntimeType type, Boolean publicOnly, Boolean noCheck, Boolean& canBeCached, RuntimeMethodHandleInternal& ctor, Boolean& bNeedSecurityCheck)
   at System.RuntimeType.CreateInstanceSlow(Boolean publicOnly, Boolean skipCheckThis, Boolean fillCache, StackCrawlMark& stackMark)
   at System.RuntimeType.CreateInstanceDefaultCtor(Boolean publicOnly, Boolean skipCheckThis, Boolean fillCache, StackCrawlMark& stackMark)
   at System.Activator.CreateInstance(Type type, Boolean nonPublic)
   at System.Activator.CreateInstance(Type type)
   at System.Threading.LazyHelpers`1.ActivatorFactorySelector()
   at System.Threading.LazyInitializer.EnsureInitializedCore[T](T& target, Boolean& initialized, Object& syncLock, Func`1 valueFactory)
   at System.Threading.LazyInitializer.EnsureInitialized[T](T& target, Boolean& initialized, Object& syncLock)
   at StatisticalSolutions.Filters.InitializeSimpleMembershipAttribute.OnActionExecuting(ActionExecutingContext filterContext) in e:\Ola Projects\3rdPartyProjects\StatisticalSolutions\StatisticalSolutions\Filters\InitializeSimpleMembershipAttribute.cs:line 23
   at System.Web.Mvc.Async.AsyncControllerActionInvoker.InvokeActionMethodFilterAsynchronously(IActionFilter filter, ActionExecutingContext preContext, Func`1 nextInChain)
   at System.Web.Mvc.Async.AsyncControllerActionInvoker.InvokeActionMethodFilterAsynchronously(IActionFilter filter, ActionExecutingContext preContext, Func`1 nextInChain)
   at System.Web.Mvc.Async.AsyncControllerActionInvoker.<>c__DisplayClass37.<BeginInvokeActionMethodWithFilters>b__31(AsyncCallback asyncCallback, Object asyncState)
   at System.Web.Mvc.Async.AsyncResultWrapper.WrappedAsyncResult`1.Begin(AsyncCallback callback, Object state, Int32 timeout)
   at System.Web.Mvc.Async.AsyncResultWrapper.Begin[TResult](AsyncCallback callback, Object state, BeginInvokeDelegate beginDelegate, EndInvokeDelegate`1 endDelegate, Object tag, Int32 timeout)
   at System.Web.Mvc.Async.AsyncResultWrapper.Begin[TResult](AsyncCallback callback, Object state, BeginInvokeDelegate beginDelegate, EndInvokeDelegate`1 endDelegate, Object tag)
   at System.Web.Mvc.Async.AsyncControllerActionInvoker.<>c__DisplayClass25.<BeginInvokeAction>b__1e(AsyncCallback asyncCallback, Object asyncState)
 2015-05-16 14:05:58,286 [26] INFO  StatisticalSolutions.Controllers.Base.BaseController - Application URL - /StatisticalSolutions/Base/StatisticalError 
 2015-05-16 14:05:58,287 [26] INFO  StatisticalSolutions.Controllers.Base.BaseController - Application URL - /StatisticalSolutions/Base/StatisticalError 
 2015-05-16 14:05:58,288 [26] ERROR StatisticalSolutions.Controllers.Base.BaseController - Statistical exception message - Exception has been thrown by the target of an invocation.
 2015-05-16 14:05:58,288 [26] ERROR StatisticalSolutions.Controllers.Base.BaseController - Statistical exception stack trace -    at System.RuntimeTypeHandle.CreateInstance(RuntimeType type, Boolean publicOnly, Boolean noCheck, Boolean& canBeCached, RuntimeMethodHandleInternal& ctor, Boolean& bNeedSecurityCheck)
   at System.RuntimeType.CreateInstanceSlow(Boolean publicOnly, Boolean skipCheckThis, Boolean fillCache, StackCrawlMark& stackMark)
   at System.RuntimeType.CreateInstanceDefaultCtor(Boolean publicOnly, Boolean skipCheckThis, Boolean fillCache, StackCrawlMark& stackMark)
   at System.Activator.CreateInstance(Type type, Boolean nonPublic)
   at System.Activator.CreateInstance(Type type)
   at System.Threading.LazyHelpers`1.ActivatorFactorySelector()
   at System.Threading.LazyInitializer.EnsureInitializedCore[T](T& target, Boolean& initialized, Object& syncLock, Func`1 valueFactory)
   at System.Threading.LazyInitializer.EnsureInitialized[T](T& target, Boolean& initialized, Object& syncLock)
   at StatisticalSolutions.Filters.InitializeSimpleMembershipAttribute.OnActionExecuting(ActionExecutingContext filterContext) in e:\Ola Projects\3rdPartyProjects\StatisticalSolutions\StatisticalSolutions\Filters\InitializeSimpleMembershipAttribute.cs:line 23
   at System.Web.Mvc.Async.AsyncControllerActionInvoker.InvokeActionMethodFilterAsynchronously(IActionFilter filter, ActionExecutingContext preContext, Func`1 nextInChain)
   at System.Web.Mvc.Async.AsyncControllerActionInvoker.InvokeActionMethodFilterAsynchronously(IActionFilter filter, ActionExecutingContext preContext, Func`1 nextInChain)
   at System.Web.Mvc.Async.AsyncControllerActionInvoker.<>c__DisplayClass37.<BeginInvokeActionMethodWithFilters>b__31(AsyncCallback asyncCallback, Object asyncState)
   at System.Web.Mvc.Async.AsyncResultWrapper.WrappedAsyncResult`1.Begin(AsyncCallback callback, Object state, Int32 timeout)
   at System.Web.Mvc.Async.AsyncResultWrapper.Begin[TResult](AsyncCallback callback, Object state, BeginInvokeDelegate beginDelegate, EndInvokeDelegate`1 endDelegate, Object tag, Int32 timeout)
   at System.Web.Mvc.Async.AsyncResultWrapper.Begin[TResult](AsyncCallback callback, Object state, BeginInvokeDelegate beginDelegate, EndInvokeDelegate`1 endDelegate, Object tag)
   at System.Web.Mvc.Async.AsyncControllerActionInvoker.<>c__DisplayClass25.<BeginInvokeAction>b__1e(AsyncCallback asyncCallback, Object asyncState)
 2015-05-16 14:05:58,293 [35] INFO  StatisticalSolutions.Controllers.Base.BaseController - Application URL - /StatisticalSolutions/Base/StatisticalError 
 2015-05-16 14:05:58,294 [35] INFO  StatisticalSolutions.Controllers.Base.BaseController - Application URL - /StatisticalSolutions/Base/StatisticalError 
 2015-05-16 14:05:58,294 [35] ERROR StatisticalSolutions.Controllers.Base.BaseController - Statistical exception message - Exception has been thrown by the target of an invocation.
 2015-05-16 14:05:58,294 [35] ERROR StatisticalSolutions.Controllers.Base.BaseController - Statistical exception stack trace -    at System.RuntimeTypeHandle.CreateInstance(RuntimeType type, Boolean publicOnly, Boolean noCheck, Boolean& canBeCached, RuntimeMethodHandleInternal& ctor, Boolean& bNeedSecurityCheck)
   at System.RuntimeType.CreateInstanceSlow(Boolean publicOnly, Boolean skipCheckThis, Boolean fillCache, StackCrawlMark& stackMark)
   at System.RuntimeType.CreateInstanceDefaultCtor(Boolean publicOnly, Boolean skipCheckThis, Boolean fillCache, StackCrawlMark& stackMark)
   at System.Activator.CreateInstance(Type type, Boolean nonPublic)
   at System.Activator.CreateInstance(Type type)
   at System.Threading.LazyHelpers`1.ActivatorFactorySelector()
   at System.Threading.LazyInitializer.EnsureInitializedCore[T](T& target, Boolean& initialized, Object& syncLock, Func`1 valueFactory)
   at System.Threading.LazyInitializer.EnsureInitialized[T](T& target, Boolean& initialized, Object& syncLock)
   at StatisticalSolutions.Filters.InitializeSimpleMembershipAttribute.OnActionExecuting(ActionExecutingContext filterContext) in e:\Ola Projects\3rdPartyProjects\StatisticalSolutions\StatisticalSolutions\Filters\InitializeSimpleMembershipAttribute.cs:line 23
   at System.Web.Mvc.Async.AsyncControllerActionInvoker.InvokeActionMethodFilterAsynchronously(IActionFilter filter, ActionExecutingContext preContext, Func`1 nextInChain)
   at System.Web.Mvc.Async.AsyncControllerActionInvoker.InvokeActionMethodFilterAsynchronously(IActionFilter filter, ActionExecutingContext preContext, Func`1 nextInChain)
   at System.Web.Mvc.Async.AsyncControllerActionInvoker.<>c__DisplayClass37.<BeginInvokeActionMethodWithFilters>b__31(AsyncCallback asyncCallback, Object asyncState)
   at System.Web.Mvc.Async.AsyncResultWrapper.WrappedAsyncResult`1.Begin(AsyncCallback callback, Object state, Int32 timeout)
   at System.Web.Mvc.Async.AsyncResultWrapper.Begin[TResult](AsyncCallback callback, Object state, BeginInvokeDelegate beginDelegate, EndInvokeDelegate`1 endDelegate, Object tag, Int32 timeout)
   at System.Web.Mvc.Async.AsyncResultWrapper.Begin[TResult](AsyncCallback callback, Object state, BeginInvokeDelegate beginDelegate, EndInvokeDelegate`1 endDelegate, Object tag)
   at System.Web.Mvc.Async.AsyncControllerActionInvoker.<>c__DisplayClass25.<BeginInvokeAction>b__1e(AsyncCallback asyncCallback, Object asyncState)
 2015-05-16 14:05:58,300 [33] INFO  StatisticalSolutions.Controllers.Base.BaseController - Application URL - /StatisticalSolutions/Base/StatisticalError 
 2015-05-16 14:05:58,302 [33] INFO  StatisticalSolutions.Controllers.Base.BaseController - Application URL - /StatisticalSolutions/Base/StatisticalError 
 2015-05-16 14:05:58,302 [33] ERROR StatisticalSolutions.Controllers.Base.BaseController - Statistical exception message - Exception has been thrown by the target of an invocation.
 2015-05-16 14:05:58,302 [33] ERROR StatisticalSolutions.Controllers.Base.BaseController - Statistical exception stack trace -    at System.RuntimeTypeHandle.CreateInstance(RuntimeType type, Boolean publicOnly, Boolean noCheck, Boolean& canBeCached, RuntimeMethodHandleInternal& ctor, Boolean& bNeedSecurityCheck)
   at System.RuntimeType.CreateInstanceSlow(Boolean publicOnly, Boolean skipCheckThis, Boolean fillCache, StackCrawlMark& stackMark)
   at System.RuntimeType.CreateInstanceDefaultCtor(Boolean publicOnly, Boolean skipCheckThis, Boolean fillCache, StackCrawlMark& stackMark)
   at System.Activator.CreateInstance(Type type, Boolean nonPublic)
   at System.Activator.CreateInstance(Type type)
   at System.Threading.LazyHelpers`1.ActivatorFactorySelector()
   at System.Threading.LazyInitializer.EnsureInitializedCore[T](T& target, Boolean& initialized, Object& syncLock, Func`1 valueFactory)
   at System.Threading.LazyInitializer.EnsureInitialized[T](T& target, Boolean& initialized, Object& syncLock)
   at StatisticalSolutions.Filters.InitializeSimpleMembershipAttribute.OnActionExecuting(ActionExecutingContext filterContext) in e:\Ola Projects\3rdPartyProjects\StatisticalSolutions\StatisticalSolutions\Filters\InitializeSimpleMembershipAttribute.cs:line 23
   at System.Web.Mvc.Async.AsyncControllerActionInvoker.InvokeActionMethodFilterAsynchronously(IActionFilter filter, ActionExecutingContext preContext, Func`1 nextInChain)
   at System.Web.Mvc.Async.AsyncControllerActionInvoker.InvokeActionMethodFilterAsynchronously(IActionFilter filter, ActionExecutingContext preContext, Func`1 nextInChain)
   at System.Web.Mvc.Async.AsyncControllerActionInvoker.<>c__DisplayClass37.<BeginInvokeActionMethodWithFilters>b__31(AsyncCallback asyncCallback, Object asyncState)
   at System.Web.Mvc.Async.AsyncResultWrapper.WrappedAsyncResult`1.Begin(AsyncCallback callback, Object state, Int32 timeout)
   at System.Web.Mvc.Async.AsyncResultWrapper.Begin[TResult](AsyncCallback callback, Object state, BeginInvokeDelegate beginDelegate, EndInvokeDelegate`1 endDelegate, Object tag, Int32 timeout)
   at System.Web.Mvc.Async.AsyncResultWrapper.Begin[TResult](AsyncCallback callback, Object state, BeginInvokeDelegate beginDelegate, EndInvokeDelegate`1 endDelegate, Object tag)
   at System.Web.Mvc.Async.AsyncControllerActionInvoker.<>c__DisplayClass25.<BeginInvokeAction>b__1e(AsyncCallback asyncCallback, Object asyncState)
 2015-05-16 14:09:47,739 [45] INFO  StatisticalSolutions.Controllers.Base.BaseController - Application URL - /StatisticalSolutions/ 
 2015-05-16 14:12:27,556 [45] INFO  StatisticalSolutions.Controllers.Base.BaseController - Application URL - /StatisticalSolutions/ 
 2015-05-16 14:12:27,648 [45] ERROR StatisticalSolutions.Controllers.Base.BaseController - Statistical exception message - Exception has been thrown by the target of an invocation.
 2015-05-16 14:12:27,673 [45] ERROR StatisticalSolutions.Controllers.Base.BaseController - Statistical exception stack trace -    at System.RuntimeTypeHandle.CreateInstance(RuntimeType type, Boolean publicOnly, Boolean noCheck, Boolean& canBeCached, RuntimeMethodHandleInternal& ctor, Boolean& bNeedSecurityCheck)
   at System.RuntimeType.CreateInstanceSlow(Boolean publicOnly, Boolean skipCheckThis, Boolean fillCache, StackCrawlMark& stackMark)
   at System.RuntimeType.CreateInstanceDefaultCtor(Boolean publicOnly, Boolean skipCheckThis, Boolean fillCache, StackCrawlMark& stackMark)
   at System.Activator.CreateInstance(Type type, Boolean nonPublic)
   at System.Activator.CreateInstance(Type type)
   at System.Threading.LazyHelpers`1.ActivatorFactorySelector()
   at System.Threading.LazyInitializer.EnsureInitializedCore[T](T& target, Boolean& initialized, Object& syncLock, Func`1 valueFactory)
   at System.Threading.LazyInitializer.EnsureInitialized[T](T& target, Boolean& initialized, Object& syncLock)
   at StatisticalSolutions.Filters.InitializeSimpleMembershipAttribute.OnActionExecuting(ActionExecutingContext filterContext) in e:\Ola Projects\3rdPartyProjects\StatisticalSolutions\StatisticalSolutions\Filters\InitializeSimpleMembershipAttribute.cs:line 23
   at System.Web.Mvc.Async.AsyncControllerActionInvoker.InvokeActionMethodFilterAsynchronously(IActionFilter filter, ActionExecutingContext preContext, Func`1 nextInChain)
   at System.Web.Mvc.Async.AsyncControllerActionInvoker.InvokeActionMethodFilterAsynchronously(IActionFilter filter, ActionExecutingContext preContext, Func`1 nextInChain)
   at System.Web.Mvc.Async.AsyncControllerActionInvoker.<>c__DisplayClass37.<BeginInvokeActionMethodWithFilters>b__31(AsyncCallback asyncCallback, Object asyncState)
   at System.Web.Mvc.Async.AsyncResultWrapper.WrappedAsyncResult`1.Begin(AsyncCallback callback, Object state, Int32 timeout)
   at System.Web.Mvc.Async.AsyncResultWrapper.Begin[TResult](AsyncCallback callback, Object state, BeginInvokeDelegate beginDelegate, EndInvokeDelegate`1 endDelegate, Object tag, Int32 timeout)
   at System.Web.Mvc.Async.AsyncResultWrapper.Begin[TResult](AsyncCallback callback, Object state, BeginInvokeDelegate beginDelegate, EndInvokeDelegate`1 endDelegate, Object tag)
   at System.Web.Mvc.Async.AsyncControllerActionInvoker.<>c__DisplayClass25.<BeginInvokeAction>b__1e(AsyncCallback asyncCallback, Object asyncState)
 2015-05-16 14:22:52,326 [59] INFO  StatisticalSolutions.Controllers.Base.BaseController - Application URL - /StatisticalSolutions/ 
 2015-05-16 14:25:57,418 [6] INFO  StatisticalSolutions.Controllers.Base.BaseController - Application URL - /StatisticalSolutions/ 
 2015-05-16 14:33:43,174 [11] INFO  StatisticalSolutions.Controllers.Base.BaseController - Application URL - /StatisticalSolutions/Instructor/Consultants 
 2015-05-16 14:40:33,706 [13] INFO  StatisticalSolutions.Controllers.Base.BaseController - Application URL - /StatisticalSolutions/ 
 2015-05-16 15:17:44,126 [8] INFO  StatisticalSolutions.Controllers.Base.BaseController - Application URL - /StatisticalSolutions/ 
 2015-05-16 15:18:53,297 [6] INFO  StatisticalSolutions.Controllers.Base.BaseController - Application URL - /StatisticalSolutions/Admin/StudentList 
 2015-05-16 15:20:16,236 [17] INFO  StatisticalSolutions.Controllers.Base.BaseController - Application URL - /StatisticalSolutions/Admin/EditStudent/2 
 2015-05-16 15:20:41,004 [17] INFO  StatisticalSolutions.Controllers.Base.BaseController - Application URL - /StatisticalSolutions/Admin/EditStudent/2 
 2015-05-16 15:20:43,259 [7] INFO  StatisticalSolutions.Controllers.Base.BaseController - Application URL - /StatisticalSolutions/Admin/StudentList 
 2015-05-16 15:22:49,780 [8] INFO  StatisticalSolutions.Controllers.Base.BaseController - Application URL - /StatisticalSolutions/Admin/StudentList 
 2015-05-16 15:23:58,885 [7] INFO  StatisticalSolutions.Controllers.Base.BaseController - Application URL - /StatisticalSolutions/ 
 2015-05-16 15:27:18,092 [7] INFO  StatisticalSolutions.Controllers.Base.BaseController - Application URL - /StatisticalSolutions/Admin/StudentList 
 2015-05-16 15:28:28,599 [19] INFO  StatisticalSolutions.Controllers.Base.BaseController - Application URL - /StatisticalSolutions/Admin/ClientsList 
 2015-05-16 15:28:33,406 [14] INFO  StatisticalSolutions.Controllers.Base.BaseController - Application URL - /StatisticalSolutions/Admin/EditClient/4 
 2015-05-16 15:28:57,531 [24] INFO  StatisticalSolutions.Controllers.Base.BaseController - Application URL - /StatisticalSolutions/Admin/EditClient/4 
 2015-05-16 15:28:59,790 [14] INFO  StatisticalSolutions.Controllers.Base.BaseController - Application URL - /StatisticalSolutions/Admin/ClientsList 
 2015-05-16 15:29:46,839 [27] INFO  StatisticalSolutions.Controllers.Base.BaseController - Application URL - /StatisticalSolutions/Admin/EditClient/4 
 2015-05-16 15:29:52,541 [27] INFO  StatisticalSolutions.Controllers.Base.BaseController - Application URL - /StatisticalSolutions/Admin/BulkMails 
 2015-05-16 15:30:11,864 [27] INFO  StatisticalSolutions.Controllers.Base.BaseController - Application URL - /StatisticalSolutions/Admin/BulkMailsFilter 
 2015-05-16 15:30:21,196 [6] INFO  StatisticalSolutions.Controllers.Base.BaseController - Application URL - /StatisticalSolutions/Admin/BulkMailsFilter 
 2015-05-16 15:30:56,255 [26] INFO  StatisticalSolutions.Controllers.Base.BaseController - Application URL - /StatisticalSolutions/Admin/AddClient 
 2015-05-16 15:31:56,442 [29] INFO  StatisticalSolutions.Controllers.Base.BaseController - Application URL - /StatisticalSolutions/Admin/AddClient 
 2015-05-16 15:31:58,772 [29] INFO  StatisticalSolutions.Controllers.Base.BaseController - Application URL - /StatisticalSolutions/Admin/ClientsList 
 2015-05-16 15:33:09,401 [31] INFO  StatisticalSolutions.Controllers.Base.BaseController - Application URL - /StatisticalSolutions/Workshop/Register 
 2015-05-16 15:33:42,846 [24] INFO  StatisticalSolutions.Controllers.Base.BaseController - Application URL - /StatisticalSolutions/ 
 2015-05-16 15:34:13,116 [7] INFO  StatisticalSolutions.Controllers.Base.BaseController - Application URL - /StatisticalSolutions/Admin/ClientsList 
 2015-05-16 15:34:30,271 [32] INFO  StatisticalSolutions.Controllers.Base.BaseController - Application URL - /StatisticalSolutions/ 
 2015-05-16 15:34:45,035 [7] INFO  StatisticalSolutions.Controllers.Base.BaseController - Application URL - /StatisticalSolutions/Admin/AddWorkshop 
 2015-05-16 15:36:29,215 [33] INFO  StatisticalSolutions.Controllers.Base.BaseController - Application URL - /StatisticalSolutions/Instructor/Consultants 
 