2015-05-21 06:53:27,521 [7] INFO  StatisticalSolutions.Controllers.Base.BaseController - Application URL - /StatisticalSolutions/ 
 2015-05-21 06:53:52,975 [18] INFO  StatisticalSolutions.Controllers.Base.BaseController - Application URL - /StatisticalSolutions/Workshop/Register 
 2015-05-21 06:57:32,387 [12] INFO  StatisticalSolutions.Controllers.Base.BaseController - Application URL - /StatisticalSolutions/Workshop/Registration/9 
 2015-05-21 06:59:54,851 [9] INFO  StatisticalSolutions.Controllers.Base.BaseController - Application URL - /StatisticalSolutions/Workshop/Register 
 2015-05-21 06:59:58,576 [9] INFO  StatisticalSolutions.Controllers.Base.BaseController - Function Register - Insetion in regastration tablr 
 2015-05-21 07:00:17,628 [9] INFO  StatisticalSolutions.Controllers.Base.BaseController - Function Register - Start of mail sending
 2015-05-21 07:00:43,916 [9] INFO  StatisticalSolutions.Controllers.Base.BaseController - Function Register - End of mail sending
 2015-05-21 07:03:51,045 [18] INFO  StatisticalSolutions.Controllers.Base.BaseController - Application URL - /StatisticalSolutions/Workshop/Register 
 2015-05-21 07:03:52,579 [22] INFO  StatisticalSolutions.Controllers.Base.BaseController - Application URL - /StatisticalSolutions/Workshop/register/0 
 2015-05-21 07:04:32,964 [18] INFO  StatisticalSolutions.Controllers.Base.BaseController - Application URL - /StatisticalSolutions/Workshop/register/ 
 2015-05-21 07:04:52,289 [8] INFO  StatisticalSolutions.Controllers.Base.BaseController - Application URL - /StatisticalSolutions/Workshop/Registration/9 
 2015-05-21 07:05:45,877 [8] INFO  StatisticalSolutions.Controllers.Base.BaseController - Application URL - /StatisticalSolutions/Workshop/Register 
 2015-05-21 07:05:46,546 [8] INFO  StatisticalSolutions.Controllers.Base.BaseController - Function Register - Insetion in regastration tablr 
 2015-05-21 07:05:52,689 [8] INFO  StatisticalSolutions.Controllers.Base.BaseController - Function Register - Start of mail sending
 2015-05-21 07:06:33,051 [8] INFO  StatisticalSolutions.Controllers.Base.BaseController - Function Register - End of mail sending
 2015-05-21 07:13:01,303 [35] INFO  StatisticalSolutions.Controllers.Base.BaseController - Application URL - /StatisticalSolutions/Admin/BulkMails 
 2015-05-21 07:13:19,377 [35] INFO  StatisticalSolutions.Controllers.Base.BaseController - Application URL - /StatisticalSolutions/Admin/BulkMailsFilter 
 2015-05-21 07:14:51,901 [39] INFO  StatisticalSolutions.Controllers.Base.BaseController - Application URL - /StatisticalSolutions/Admin/BulkMailsFilter 
 2015-05-21 07:14:59,314 [38] INFO  StatisticalSolutions.Controllers.Base.BaseController - Application URL - /StatisticalSolutions/Admin/BulkMailsFilter 
 2015-05-21 07:55:15,230 [9] INFO  StatisticalSolutions.Controllers.Base.BaseController - Application URL - /StatisticalSolutions/ 
 2015-05-21 07:55:35,343 [9] INFO  StatisticalSolutions.Controllers.Base.BaseController - Application URL - /StatisticalSolutions/ 
 2015-05-21 07:56:16,435 [16] INFO  StatisticalSolutions.Controllers.Base.BaseController - Application URL - /StatisticalSolutions/Workshop/Register 
 2015-05-21 07:56:43,165 [23] INFO  StatisticalSolutions.Controllers.Base.BaseController - Application URL - /StatisticalSolutions/Workshop/Register 
 2015-05-21 07:57:48,222 [22] INFO  StatisticalSolutions.Controllers.Base.BaseController - Application URL - /StatisticalSolutions/Workshop/Registration/9 
 2015-05-21 08:04:00,894 [17] INFO  StatisticalSolutions.Controllers.Base.BaseController - Application URL - /StatisticalSolutions/Workshop/Register 
 2015-05-21 08:04:04,298 [17] INFO  StatisticalSolutions.Controllers.Base.BaseController - Function Register - Insetion in regastration tablr 
 2015-05-21 08:04:11,577 [17] INFO  StatisticalSolutions.Controllers.Base.BaseController - Function Register - Start of mail sending
 2015-05-21 08:04:19,025 [17] INFO  StatisticalSolutions.Controllers.Base.BaseController - Function Register - End of mail sending
 2015-05-21 08:07:21,586 [10] INFO  StatisticalSolutions.Controllers.Base.BaseController - Application URL - /StatisticalSolutions/Workshop/Register 
 2015-05-21 08:07:27,686 [10] INFO  StatisticalSolutions.Controllers.Base.BaseController - Application URL - /StatisticalSolutions/Workshop/Registration/9 
 2015-05-21 08:10:47,656 [32] INFO  StatisticalSolutions.Controllers.Base.BaseController - Application URL - /StatisticalSolutions/Workshop/Register 
 2015-05-21 08:10:48,179 [32] INFO  StatisticalSolutions.Controllers.Base.BaseController - Function Register - Insetion in regastration tablr 
 2015-05-21 08:10:53,719 [32] INFO  StatisticalSolutions.Controllers.Base.BaseController - Function Register - Start of mail sending
 2015-05-21 08:14:00,945 [32] INFO  StatisticalSolutions.Controllers.Base.BaseController - Function Register - End of mail sending
 2015-05-21 08:19:57,708 [45] INFO  StatisticalSolutions.Controllers.Base.BaseController - Application URL - /StatisticalSolutions/Workshop/WorkShops 
 2015-05-21 08:20:55,944 [48] INFO  StatisticalSolutions.Controllers.Base.BaseController - Application URL - /StatisticalSolutions/Workshop/WorkShops 
 2015-05-21 08:21:04,470 [45] INFO  StatisticalSolutions.Controllers.Base.BaseController - Application URL - /StatisticalSolutions/Workshop/Workshop/9 
 2015-05-21 08:21:59,144 [49] INFO  StatisticalSolutions.Controllers.Base.BaseController - Application URL - /StatisticalSolutions/Workshop/Registration/9 
 2015-05-21 08:25:24,693 [46] INFO  StatisticalSolutions.Controllers.Base.BaseController - Application URL - /StatisticalSolutions/Instructor/Consultants 
 2015-05-21 08:25:48,821 [52] INFO  StatisticalSolutions.Controllers.Base.BaseController - Application URL - /StatisticalSolutions/Instructor/Consultant/2 
 2015-05-21 08:26:01,352 [53] INFO  StatisticalSolutions.Controllers.Base.BaseController - Application URL - /StatisticalSolutions/Workshop/Workshop/9 
 2015-05-21 08:26:11,082 [53] INFO  StatisticalSolutions.Controllers.Base.BaseController - Application URL - /StatisticalSolutions/Instructor/Consultants 
 2015-05-21 08:26:25,626 [53] INFO  StatisticalSolutions.Controllers.Base.BaseController - Application URL - /StatisticalSolutions/Instructor/Consultant/1 
 2015-05-21 08:28:18,682 [56] INFO  StatisticalSolutions.Controllers.Base.BaseController - Application URL - /StatisticalSolutions/Instructor/Consultants 
 2015-05-21 08:32:49,864 [55] INFO  StatisticalSolutions.Controllers.Base.BaseController - Application URL - /StatisticalSolutions/Admin/AddWorkshop 
 2015-05-21 08:33:16,610 [55] INFO  StatisticalSolutions.Controllers.Base.BaseController - Application URL - /StatisticalSolutions/Admin/WorkshopList 
 2015-05-21 08:33:24,274 [56] INFO  StatisticalSolutions.Controllers.Base.BaseController - Application URL - /StatisticalSolutions/Admin/EditWorkshop/9 
 2015-05-21 08:34:09,383 [54] INFO  StatisticalSolutions.Controllers.Base.BaseController - Application URL - /StatisticalSolutions/Admin/EditWorkshop/9 
 2015-05-21 08:34:10,490 [58] INFO  StatisticalSolutions.Controllers.Base.BaseController - Application URL - /StatisticalSolutions/Admin/WorkshopList 
 2015-05-21 08:40:49,181 [47] INFO  StatisticalSolutions.Controllers.Base.BaseController - Application URL - /StatisticalSolutions/Admin/EditWorkshop/9 
 2015-05-21 08:41:40,876 [42] INFO  StatisticalSolutions.Controllers.Base.BaseController - Application URL - /StatisticalSolutions/Admin/EditWorkshop/9 
 2015-05-21 08:41:43,115 [43] INFO  StatisticalSolutions.Controllers.Base.BaseController - Application URL - /StatisticalSolutions/Admin/WorkshopList 
 2015-05-21 08:44:05,302 [43] INFO  StatisticalSolutions.Controllers.Base.BaseController - Application URL - /StatisticalSolutions/Admin/ConsultantList 
 2015-05-21 08:49:04,886 [37] INFO  StatisticalSolutions.Controllers.Base.BaseController - Application URL - /StatisticalSolutions/Admin/AddConsultant 
 2015-05-21 08:56:19,660 [13] INFO  StatisticalSolutions.Controllers.Base.BaseController - Application URL - /StatisticalSolutions/Admin/AddWorkshop 
 2015-05-21 09:03:44,685 [7] INFO  StatisticalSolutions.Controllers.Base.BaseController - Application URL - /StatisticalSolutions/Admin/WorkshopList 
 2015-05-21 09:04:14,631 [8] INFO  StatisticalSolutions.Controllers.Base.BaseController - Application URL - /StatisticalSolutions/Workshop/WorkShops 
 2015-05-21 09:04:35,364 [7] INFO  StatisticalSolutions.Controllers.Base.BaseController - Application URL - /StatisticalSolutions/Workshop/Workshop/14 
 2015-05-21 09:04:37,161 [7] ERROR StatisticalSolutions.Controllers.Base.BaseController - Function Workshop Error  - Object reference not set to an instance of an object.
 2015-05-21 09:04:37,163 [7] ERROR StatisticalSolutions.Controllers.Base.BaseController - Statistical exception message - Object reference not set to an instance of an object.
 System.NullReferenceException: Object reference not set to an instance of an object.
   at StatisticalSolutions.Controllers.WorkshopController.Workshop(Int32 id) in e:\Ola Projects\3rdPartyProjects\StatisticalSolutions\StatisticalSolutions\Controllers\WorkshopController.cs:line 72
2015-05-21 09:08:42,279 [14] INFO  StatisticalSolutions.Controllers.Base.BaseController - Application URL - /StatisticalSolutions/Workshop/WorkShops 
 2015-05-21 09:08:47,915 [38] INFO  StatisticalSolutions.Controllers.Base.BaseController - Application URL - /StatisticalSolutions/Workshop/Workshop/14 
 2015-05-21 09:08:49,850 [38] ERROR StatisticalSolutions.Controllers.Base.BaseController - Function Workshop Error  - Object reference not set to an instance of an object.
 2015-05-21 09:08:49,850 [38] ERROR StatisticalSolutions.Controllers.Base.BaseController - Statistical exception message - Object reference not set to an instance of an object.
 System.NullReferenceException: Object reference not set to an instance of an object.
   at StatisticalSolutions.Controllers.WorkshopController.Workshop(Int32 id) in e:\Ola Projects\3rdPartyProjects\StatisticalSolutions\StatisticalSolutions\Controllers\WorkshopController.cs:line 72
2015-05-21 09:09:08,393 [14] INFO  StatisticalSolutions.Controllers.Base.BaseController - Application URL - /StatisticalSolutions/ 
 2015-05-21 09:09:11,688 [14] INFO  StatisticalSolutions.Controllers.Base.BaseController - Application URL - /StatisticalSolutions/Workshop/WorkShops 
 2015-05-21 09:09:21,099 [28] INFO  StatisticalSolutions.Controllers.Base.BaseController - Application URL - /StatisticalSolutions/Workshop/Workshop/14 
 2015-05-21 09:09:23,225 [28] ERROR StatisticalSolutions.Controllers.Base.BaseController - Function Workshop Error  - Object reference not set to an instance of an object.
 2015-05-21 09:09:23,225 [28] ERROR StatisticalSolutions.Controllers.Base.BaseController - Statistical exception message - Object reference not set to an instance of an object.
 System.NullReferenceException: Object reference not set to an instance of an object.
   at StatisticalSolutions.Controllers.WorkshopController.Workshop(Int32 id) in e:\Ola Projects\3rdPartyProjects\StatisticalSolutions\StatisticalSolutions\Controllers\WorkshopController.cs:line 72
2015-05-21 09:09:43,008 [14] INFO  StatisticalSolutions.Controllers.Base.BaseController - Application URL - /StatisticalSolutions/ 
 2015-05-21 09:10:04,076 [28] INFO  StatisticalSolutions.Controllers.Base.BaseController - Application URL - /StatisticalSolutions/Workshop/WorkShops 
 2015-05-21 09:10:12,812 [28] INFO  StatisticalSolutions.Controllers.Base.BaseController - Application URL - /StatisticalSolutions/Workshop/Workshop/14 
 2015-05-21 09:10:14,730 [28] ERROR StatisticalSolutions.Controllers.Base.BaseController - Function Workshop Error  - Object reference not set to an instance of an object.
 2015-05-21 09:10:14,730 [28] ERROR StatisticalSolutions.Controllers.Base.BaseController - Statistical exception message - Object reference not set to an instance of an object.
 System.NullReferenceException: Object reference not set to an instance of an object.
   at StatisticalSolutions.Controllers.WorkshopController.Workshop(Int32 id) in e:\Ola Projects\3rdPartyProjects\StatisticalSolutions\StatisticalSolutions\Controllers\WorkshopController.cs:line 72
2015-05-21 09:12:53,563 [28] INFO  StatisticalSolutions.Controllers.Base.BaseController - Application URL - /StatisticalSolutions/ 
 2015-05-21 09:12:55,674 [14] INFO  StatisticalSolutions.Controllers.Base.BaseController - Application URL - /StatisticalSolutions/Workshop/WorkShops 
 2015-05-21 09:14:07,994 [22] INFO  StatisticalSolutions.Controllers.Base.BaseController - Application URL - /StatisticalSolutions/Workshop/Workshop/9 
 2015-05-21 09:15:33,903 [29] INFO  StatisticalSolutions.Controllers.Base.BaseController - Application URL - /StatisticalSolutions/Workshop/WorkShops 
 2015-05-21 09:16:50,789 [19] INFO  StatisticalSolutions.Controllers.Base.BaseController - Application URL - /StatisticalSolutions/Workshop/WorkShops 
 2015-05-21 09:17:32,091 [61] INFO  StatisticalSolutions.Controllers.Base.BaseController - Application URL - /StatisticalSolutions/Workshop/WorkShops 
 2015-05-21 09:19:57,791 [61] INFO  StatisticalSolutions.Controllers.Base.BaseController - Application URL - /StatisticalSolutions/Workshop/WorkShops 
 2015-05-21 00:04:07,479 [8] INFO  StatisticalSolutions.Controllers.Base.BaseController - Application URL - /StatisticalSolutions/ 
 2015-05-21 00:04:13,805 [8] INFO  StatisticalSolutions.Controllers.Base.BaseController - Application URL - /StatisticalSolutions/Workshop/Register 
 2015-05-21 00:04:26,960 [13] INFO  StatisticalSolutions.Controllers.Base.BaseController - Application URL - /StatisticalSolutions/Workshop/Registration/14 
 2015-05-21 00:04:51,827 [5] INFO  StatisticalSolutions.Controllers.Base.BaseController - Application URL - /StatisticalSolutions/Workshop/Registration/14 
 2015-05-21 00:04:54,838 [13] INFO  StatisticalSolutions.Controllers.Base.BaseController - Application URL - /StatisticalSolutions/Workshop/Registration/14 
 2015-05-21 00:05:11,997 [17] INFO  StatisticalSolutions.Controllers.Base.BaseController - Application URL - /StatisticalSolutions/Workshop/Registration/14 
 2015-05-21 00:05:26,877 [16] INFO  StatisticalSolutions.Controllers.Base.BaseController - Application URL - /StatisticalSolutions/Instructor/Consultants 
 2015-05-21 00:05:33,014 [20] INFO  StatisticalSolutions.Controllers.Base.BaseController - Application URL - /StatisticalSolutions/Workshop/Workshop/14 
 2015-05-21 00:05:52,312 [20] INFO  StatisticalSolutions.Controllers.Base.BaseController - Application URL - /StatisticalSolutions/Workshop/Register 
 2015-05-21 00:05:55,849 [20] INFO  StatisticalSolutions.Controllers.Base.BaseController - Application URL - /StatisticalSolutions/Workshop/Registration/9 
 2015-05-21 00:07:15,911 [26] INFO  StatisticalSolutions.Controllers.Base.BaseController - Application URL - /StatisticalSolutions/Workshop/Registration/9 
 2015-05-21 00:08:20,599 [25] INFO  StatisticalSolutions.Controllers.Base.BaseController - Application URL - /StatisticalSolutions/Workshop/Registration/9 
 2015-05-21 00:09:25,500 [35] INFO  StatisticalSolutions.Controllers.Base.BaseController - Application URL - /StatisticalSolutions/Admin/WorkshopList 
 2015-05-21 00:09:29,624 [36] INFO  StatisticalSolutions.Controllers.Base.BaseController - Application URL - /StatisticalSolutions/Admin/EditWorkshop/9 
 2015-05-21 11:09:59,424 [6] INFO  StatisticalSolutions.Controllers.Base.BaseController - Application URL - /StatisticalSolutions/ 
 2015-05-21 11:10:16,439 [9] INFO  StatisticalSolutions.Controllers.Base.BaseController - Application URL - /StatisticalSolutions/ 
 2015-05-21 11:10:37,467 [12] INFO  StatisticalSolutions.Controllers.Base.BaseController - Application URL - /StatisticalSolutions/Workshop/WorkShops 
 2015-05-21 11:11:08,501 [8] INFO  StatisticalSolutions.Controllers.Base.BaseController - Application URL - /StatisticalSolutions/Workshop/Workshop/14 
 2015-05-21 11:11:21,872 [7] INFO  StatisticalSolutions.Controllers.Base.BaseController - Application URL - /StatisticalSolutions/Workshop/Workshop/9 
 2015-05-21 11:11:35,026 [7] INFO  StatisticalSolutions.Controllers.Base.BaseController - Application URL - /StatisticalSolutions/Instructor/Consultants 
 2015-05-21 11:14:12,701 [9] INFO  StatisticalSolutions.Controllers.Base.BaseController - Application URL - /StatisticalSolutions/ 
 2015-05-21 11:14:39,295 [21] INFO  StatisticalSolutions.Controllers.Base.BaseController - Application URL - /StatisticalSolutions/Instructor/Consultants 
 2015-05-21 11:15:31,300 [28] INFO  StatisticalSolutions.Controllers.Base.BaseController - Application URL - /StatisticalSolutions/Instructor/Consultants 
 2015-05-21 11:19:57,444 [32] INFO  StatisticalSolutions.Controllers.Base.BaseController - Application URL - /StatisticalSolutions/Instructor/Consultants 
 2015-05-21 11:22:18,808 [38] INFO  StatisticalSolutions.Controllers.Base.BaseController - Application URL - /StatisticalSolutions/Instructor/Consultant/1 
 2015-05-21 11:24:32,955 [25] INFO  StatisticalSolutions.Controllers.Base.BaseController - Application URL - /StatisticalSolutions/Instructor/Consultant/1 
 2015-05-21 11:24:43,864 [49] INFO  StatisticalSolutions.Controllers.Base.BaseController - Application URL - /StatisticalSolutions/ 
 2015-05-21 11:24:59,189 [49] INFO  StatisticalSolutions.Controllers.Base.BaseController - Application URL - /StatisticalSolutions/Workshop/WorkShops 
 2015-05-21 11:25:13,582 [49] INFO  StatisticalSolutions.Controllers.Base.BaseController - Application URL - /StatisticalSolutions/Instructor/Consultants 
 2015-05-21 12:19:36,016 [7] INFO  StatisticalSolutions.Controllers.Base.BaseController - Application URL - /StatisticalSolutions/Admin/AddWorkshop 
 2015-05-21 12:19:37,362 [8] INFO  StatisticalSolutions.Controllers.Base.BaseController - Application URL - /StatisticalSolutions/Instructor/Consultant/1 
 2015-05-21 12:19:42,035 [10] INFO  StatisticalSolutions.Controllers.Base.BaseController - Application URL - /StatisticalSolutions/Admin/AddWorkshop 
 2015-05-21 12:19:53,385 [7] INFO  StatisticalSolutions.Controllers.Base.BaseController - Application URL - /StatisticalSolutions/Admin/AddWorkshop 
 2015-05-21 12:19:53,385 [10] INFO  StatisticalSolutions.Controllers.Base.BaseController - Application URL - /StatisticalSolutions/Admin/AddWorkshop 
 2015-05-21 12:19:53,385 [8] INFO  StatisticalSolutions.Controllers.Base.BaseController - Application URL - /StatisticalSolutions/Instructor/Consultant/1 
 2015-05-21 12:19:53,387 [7] ERROR StatisticalSolutions.Controllers.Base.BaseController - Statistical exception message - Exception has been thrown by the target of an invocation.
 2015-05-21 12:19:53,388 [7] ERROR StatisticalSolutions.Controllers.Base.BaseController - Statistical exception stack trace -    at System.RuntimeTypeHandle.CreateInstance(RuntimeType type, Boolean publicOnly, Boolean noCheck, Boolean& canBeCached, RuntimeMethodHandleInternal& ctor, Boolean& bNeedSecurityCheck)
   at System.RuntimeType.CreateInstanceSlow(Boolean publicOnly, Boolean skipCheckThis, Boolean fillCache, StackCrawlMark& stackMark)
   at System.RuntimeType.CreateInstanceDefaultCtor(Boolean publicOnly, Boolean skipCheckThis, Boolean fillCache, StackCrawlMark& stackMark)
   at System.Activator.CreateInstance(Type type, Boolean nonPublic)
   at System.Activator.CreateInstance(Type type)
   at System.Threading.LazyHelpers`1.ActivatorFactorySelector()
   at System.Threading.LazyInitializer.EnsureInitializedCore[T](T& target, Boolean& initialized, Object& syncLock, Func`1 valueFactory)
   at System.Threading.LazyInitializer.EnsureInitialized[T](T& target, Boolean& initialized, Object& syncLock)
   at StatisticalSolutions.Filters.InitializeSimpleMembershipAttribute.OnActionExecuting(ActionExecutingContext filterContext) in e:\Ola Projects\3rdPartyProjects\StatisticalSolutions\StatisticalSolutions\Filters\InitializeSimpleMembershipAttribute.cs:line 23
   at System.Web.Mvc.Async.AsyncControllerActionInvoker.InvokeActionMethodFilterAsynchronously(IActionFilter filter, ActionExecutingContext preContext, Func`1 nextInChain)
   at System.Web.Mvc.Async.AsyncControllerActionInvoker.InvokeActionMethodFilterAsynchronously(IActionFilter filter, ActionExecutingContext preContext, Func`1 nextInChain)
   at System.Web.Mvc.Async.AsyncControllerActionInvoker.<>c__DisplayClass37.<BeginInvokeActionMethodWithFilters>b__31(AsyncCallback asyncCallback, Object asyncState)
   at System.Web.Mvc.Async.AsyncResultWrapper.WrappedAsyncResult`1.Begin(AsyncCallback callback, Object state, Int32 timeout)
   at System.Web.Mvc.Async.AsyncResultWrapper.Begin[TResult](AsyncCallback callback, Object state, BeginInvokeDelegate beginDelegate, EndInvokeDelegate`1 endDelegate, Object tag, Int32 timeout)
   at System.Web.Mvc.Async.AsyncResultWrapper.Begin[TResult](AsyncCallback callback, Object state, BeginInvokeDelegate beginDelegate, EndInvokeDelegate`1 endDelegate, Object tag)
   at System.Web.Mvc.Async.AsyncControllerActionInvoker.<>c__DisplayClass25.<BeginInvokeAction>b__1e(AsyncCallback asyncCallback, Object asyncState)
 2015-05-21 12:19:53,388 [10] ERROR StatisticalSolutions.Controllers.Base.BaseController - Statistical exception message - Exception has been thrown by the target of an invocation.
 2015-05-21 12:19:53,388 [8] ERROR StatisticalSolutions.Controllers.Base.BaseController - Statistical exception message - Exception has been thrown by the target of an invocation.
 2015-05-21 12:19:53,683 [8] ERROR StatisticalSolutions.Controllers.Base.BaseController - Statistical exception stack trace -    at System.RuntimeTypeHandle.CreateInstance(RuntimeType type, Boolean publicOnly, Boolean noCheck, Boolean& canBeCached, RuntimeMethodHandleInternal& ctor, Boolean& bNeedSecurityCheck)
   at System.RuntimeType.CreateInstanceSlow(Boolean publicOnly, Boolean skipCheckThis, Boolean fillCache, StackCrawlMark& stackMark)
   at System.RuntimeType.CreateInstanceDefaultCtor(Boolean publicOnly, Boolean skipCheckThis, Boolean fillCache, StackCrawlMark& stackMark)
   at System.Activator.CreateInstance(Type type, Boolean nonPublic)
   at System.Activator.CreateInstance(Type type)
   at System.Threading.LazyHelpers`1.ActivatorFactorySelector()
   at System.Threading.LazyInitializer.EnsureInitializedCore[T](T& target, Boolean& initialized, Object& syncLock, Func`1 valueFactory)
   at System.Threading.LazyInitializer.EnsureInitialized[T](T& target, Boolean& initialized, Object& syncLock)
   at StatisticalSolutions.Filters.InitializeSimpleMembershipAttribute.OnActionExecuting(ActionExecutingContext filterContext) in e:\Ola Projects\3rdPartyProjects\StatisticalSolutions\StatisticalSolutions\Filters\InitializeSimpleMembershipAttribute.cs:line 23
   at System.Web.Mvc.Async.AsyncControllerActionInvoker.InvokeActionMethodFilterAsynchronously(IActionFilter filter, ActionExecutingContext preContext, Func`1 nextInChain)
   at System.Web.Mvc.Async.AsyncControllerActionInvoker.InvokeActionMethodFilterAsynchronously(IActionFilter filter, ActionExecutingContext preContext, Func`1 nextInChain)
   at System.Web.Mvc.Async.AsyncControllerActionInvoker.<>c__DisplayClass37.<BeginInvokeActionMethodWithFilters>b__31(AsyncCallback asyncCallback, Object asyncState)
   at System.Web.Mvc.Async.AsyncResultWrapper.WrappedAsyncResult`1.Begin(AsyncCallback callback, Object state, Int32 timeout)
   at System.Web.Mvc.Async.AsyncResultWrapper.Begin[TResult](AsyncCallback callback, Object state, BeginInvokeDelegate beginDelegate, EndInvokeDelegate`1 endDelegate, Object tag, Int32 timeout)
   at System.Web.Mvc.Async.AsyncResultWrapper.Begin[TResult](AsyncCallback callback, Object state, BeginInvokeDelegate beginDelegate, EndInvokeDelegate`1 endDelegate, Object tag)
   at System.Web.Mvc.Async.AsyncControllerActionInvoker.<>c__DisplayClass25.<BeginInvokeAction>b__1e(AsyncCallback asyncCallback, Object asyncState)
 2015-05-21 12:19:53,683 [10] ERROR StatisticalSolutions.Controllers.Base.BaseController - Statistical exception stack trace -    at System.RuntimeTypeHandle.CreateInstance(RuntimeType type, Boolean publicOnly, Boolean noCheck, Boolean& canBeCached, RuntimeMethodHandleInternal& ctor, Boolean& bNeedSecurityCheck)
   at System.RuntimeType.CreateInstanceSlow(Boolean publicOnly, Boolean skipCheckThis, Boolean fillCache, StackCrawlMark& stackMark)
   at System.RuntimeType.CreateInstanceDefaultCtor(Boolean publicOnly, Boolean skipCheckThis, Boolean fillCache, StackCrawlMark& stackMark)
   at System.Activator.CreateInstance(Type type, Boolean nonPublic)
   at System.Activator.CreateInstance(Type type)
   at System.Threading.LazyHelpers`1.ActivatorFactorySelector()
   at System.Threading.LazyInitializer.EnsureInitializedCore[T](T& target, Boolean& initialized, Object& syncLock, Func`1 valueFactory)
   at System.Threading.LazyInitializer.EnsureInitialized[T](T& target, Boolean& initialized, Object& syncLock)
   at StatisticalSolutions.Filters.InitializeSimpleMembershipAttribute.OnActionExecuting(ActionExecutingContext filterContext) in e:\Ola Projects\3rdPartyProjects\StatisticalSolutions\StatisticalSolutions\Filters\InitializeSimpleMembershipAttribute.cs:line 23
   at System.Web.Mvc.Async.AsyncControllerActionInvoker.InvokeActionMethodFilterAsynchronously(IActionFilter filter, ActionExecutingContext preContext, Func`1 nextInChain)
   at System.Web.Mvc.Async.AsyncControllerActionInvoker.InvokeActionMethodFilterAsynchronously(IActionFilter filter, ActionExecutingContext preContext, Func`1 nextInChain)
   at System.Web.Mvc.Async.AsyncControllerActionInvoker.<>c__DisplayClass37.<BeginInvokeActionMethodWithFilters>b__31(AsyncCallback asyncCallback, Object asyncState)
   at System.Web.Mvc.Async.AsyncResultWrapper.WrappedAsyncResult`1.Begin(AsyncCallback callback, Object state, Int32 timeout)
   at System.Web.Mvc.Async.AsyncResultWrapper.Begin[TResult](AsyncCallback callback, Object state, BeginInvokeDelegate beginDelegate, EndInvokeDelegate`1 endDelegate, Object tag, Int32 timeout)
   at System.Web.Mvc.Async.AsyncResultWrapper.Begin[TResult](AsyncCallback callback, Object state, BeginInvokeDelegate beginDelegate, EndInvokeDelegate`1 endDelegate, Object tag)
   at System.Web.Mvc.Async.AsyncControllerActionInvoker.<>c__DisplayClass25.<BeginInvokeAction>b__1e(AsyncCallback asyncCallback, Object asyncState)
 2015-05-21 12:19:53,956 [10] INFO  StatisticalSolutions.Controllers.Base.BaseController - Application URL - /StatisticalSolutions/Base/StatisticalError 
 2015-05-21 12:19:53,957 [10] INFO  StatisticalSolutions.Controllers.Base.BaseController - Application URL - /StatisticalSolutions/Base/StatisticalError 
 2015-05-21 12:19:53,957 [10] ERROR StatisticalSolutions.Controllers.Base.BaseController - Statistical exception message - Exception has been thrown by the target of an invocation.
 2015-05-21 12:19:53,957 [10] ERROR StatisticalSolutions.Controllers.Base.BaseController - Statistical exception stack trace -    at System.RuntimeTypeHandle.CreateInstance(RuntimeType type, Boolean publicOnly, Boolean noCheck, Boolean& canBeCached, RuntimeMethodHandleInternal& ctor, Boolean& bNeedSecurityCheck)
   at System.RuntimeType.CreateInstanceSlow(Boolean publicOnly, Boolean skipCheckThis, Boolean fillCache, StackCrawlMark& stackMark)
   at System.RuntimeType.CreateInstanceDefaultCtor(Boolean publicOnly, Boolean skipCheckThis, Boolean fillCache, StackCrawlMark& stackMark)
   at System.Activator.CreateInstance(Type type, Boolean nonPublic)
   at System.Activator.CreateInstance(Type type)
   at System.Threading.LazyHelpers`1.ActivatorFactorySelector()
   at System.Threading.LazyInitializer.EnsureInitializedCore[T](T& target, Boolean& initialized, Object& syncLock, Func`1 valueFactory)
   at System.Threading.LazyInitializer.EnsureInitialized[T](T& target, Boolean& initialized, Object& syncLock)
   at StatisticalSolutions.Filters.InitializeSimpleMembershipAttribute.OnActionExecuting(ActionExecutingContext filterContext) in e:\Ola Projects\3rdPartyProjects\StatisticalSolutions\StatisticalSolutions\Filters\InitializeSimpleMembershipAttribute.cs:line 23
   at System.Web.Mvc.Async.AsyncControllerActionInvoker.InvokeActionMethodFilterAsynchronously(IActionFilter filter, ActionExecutingContext preContext, Func`1 nextInChain)
   at System.Web.Mvc.Async.AsyncControllerActionInvoker.InvokeActionMethodFilterAsynchronously(IActionFilter filter, ActionExecutingContext preContext, Func`1 nextInChain)
   at System.Web.Mvc.Async.AsyncControllerActionInvoker.<>c__DisplayClass37.<BeginInvokeActionMethodWithFilters>b__31(AsyncCallback asyncCallback, Object asyncState)
   at System.Web.Mvc.Async.AsyncResultWrapper.WrappedAsyncResult`1.Begin(AsyncCallback callback, Object state, Int32 timeout)
   at System.Web.Mvc.Async.AsyncResultWrapper.Begin[TResult](AsyncCallback callback, Object state, BeginInvokeDelegate beginDelegate, EndInvokeDelegate`1 endDelegate, Object tag, Int32 timeout)
   at System.Web.Mvc.Async.AsyncResultWrapper.Begin[TResult](AsyncCallback callback, Object state, BeginInvokeDelegate beginDelegate, EndInvokeDelegate`1 endDelegate, Object tag)
   at System.Web.Mvc.Async.AsyncControllerActionInvoker.<>c__DisplayClass25.<BeginInvokeAction>b__1e(AsyncCallback asyncCallback, Object asyncState)
 2015-05-21 12:19:54,130 [7] INFO  StatisticalSolutions.Controllers.Base.BaseController - Application URL - /StatisticalSolutions/Base/StatisticalError 
 2015-05-21 12:19:54,131 [7] INFO  StatisticalSolutions.Controllers.Base.BaseController - Application URL - /StatisticalSolutions/Base/StatisticalError 
 2015-05-21 12:19:54,132 [7] ERROR StatisticalSolutions.Controllers.Base.BaseController - Statistical exception message - Exception has been thrown by the target of an invocation.
 2015-05-21 12:19:54,132 [7] ERROR StatisticalSolutions.Controllers.Base.BaseController - Statistical exception stack trace -    at System.RuntimeTypeHandle.CreateInstance(RuntimeType type, Boolean publicOnly, Boolean noCheck, Boolean& canBeCached, RuntimeMethodHandleInternal& ctor, Boolean& bNeedSecurityCheck)
   at System.RuntimeType.CreateInstanceSlow(Boolean publicOnly, Boolean skipCheckThis, Boolean fillCache, StackCrawlMark& stackMark)
   at System.RuntimeType.CreateInstanceDefaultCtor(Boolean publicOnly, Boolean skipCheckThis, Boolean fillCache, StackCrawlMark& stackMark)
   at System.Activator.CreateInstance(Type type, Boolean nonPublic)
   at System.Activator.CreateInstance(Type type)
   at System.Threading.LazyHelpers`1.ActivatorFactorySelector()
   at System.Threading.LazyInitializer.EnsureInitializedCore[T](T& target, Boolean& initialized, Object& syncLock, Func`1 valueFactory)
   at System.Threading.LazyInitializer.EnsureInitialized[T](T& target, Boolean& initialized, Object& syncLock)
   at StatisticalSolutions.Filters.InitializeSimpleMembershipAttribute.OnActionExecuting(ActionExecutingContext filterContext) in e:\Ola Projects\3rdPartyProjects\StatisticalSolutions\StatisticalSolutions\Filters\InitializeSimpleMembershipAttribute.cs:line 23
   at System.Web.Mvc.Async.AsyncControllerActionInvoker.InvokeActionMethodFilterAsynchronously(IActionFilter filter, ActionExecutingContext preContext, Func`1 nextInChain)
   at System.Web.Mvc.Async.AsyncControllerActionInvoker.InvokeActionMethodFilterAsynchronously(IActionFilter filter, ActionExecutingContext preContext, Func`1 nextInChain)
   at System.Web.Mvc.Async.AsyncControllerActionInvoker.<>c__DisplayClass37.<BeginInvokeActionMethodWithFilters>b__31(AsyncCallback asyncCallback, Object asyncState)
   at System.Web.Mvc.Async.AsyncResultWrapper.WrappedAsyncResult`1.Begin(AsyncCallback callback, Object state, Int32 timeout)
   at System.Web.Mvc.Async.AsyncResultWrapper.Begin[TResult](AsyncCallback callback, Object state, BeginInvokeDelegate beginDelegate, EndInvokeDelegate`1 endDelegate, Object tag, Int32 timeout)
   at System.Web.Mvc.Async.AsyncResultWrapper.Begin[TResult](AsyncCallback callback, Object state, BeginInvokeDelegate beginDelegate, EndInvokeDelegate`1 endDelegate, Object tag)
   at System.Web.Mvc.Async.AsyncControllerActionInvoker.<>c__DisplayClass25.<BeginInvokeAction>b__1e(AsyncCallback asyncCallback, Object asyncState)
 2015-05-21 12:19:54,140 [10] INFO  StatisticalSolutions.Controllers.Base.BaseController - Application URL - /StatisticalSolutions/Base/StatisticalError 
 2015-05-21 12:19:54,142 [10] INFO  StatisticalSolutions.Controllers.Base.BaseController - Application URL - /StatisticalSolutions/Base/StatisticalError 
 2015-05-21 12:19:54,142 [10] ERROR StatisticalSolutions.Controllers.Base.BaseController - Statistical exception message - Exception has been thrown by the target of an invocation.
 2015-05-21 12:19:54,143 [10] ERROR StatisticalSolutions.Controllers.Base.BaseController - Statistical exception stack trace -    at System.RuntimeTypeHandle.CreateInstance(RuntimeType type, Boolean publicOnly, Boolean noCheck, Boolean& canBeCached, RuntimeMethodHandleInternal& ctor, Boolean& bNeedSecurityCheck)
   at System.RuntimeType.CreateInstanceSlow(Boolean publicOnly, Boolean skipCheckThis, Boolean fillCache, StackCrawlMark& stackMark)
   at System.RuntimeType.CreateInstanceDefaultCtor(Boolean publicOnly, Boolean skipCheckThis, Boolean fillCache, StackCrawlMark& stackMark)
   at System.Activator.CreateInstance(Type type, Boolean nonPublic)
   at System.Activator.CreateInstance(Type type)
   at System.Threading.LazyHelpers`1.ActivatorFactorySelector()
   at System.Threading.LazyInitializer.EnsureInitializedCore[T](T& target, Boolean& initialized, Object& syncLock, Func`1 valueFactory)
   at System.Threading.LazyInitializer.EnsureInitialized[T](T& target, Boolean& initialized, Object& syncLock)
   at StatisticalSolutions.Filters.InitializeSimpleMembershipAttribute.OnActionExecuting(ActionExecutingContext filterContext) in e:\Ola Projects\3rdPartyProjects\StatisticalSolutions\StatisticalSolutions\Filters\InitializeSimpleMembershipAttribute.cs:line 23
   at System.Web.Mvc.Async.AsyncControllerActionInvoker.InvokeActionMethodFilterAsynchronously(IActionFilter filter, ActionExecutingContext preContext, Func`1 nextInChain)
   at System.Web.Mvc.Async.AsyncControllerActionInvoker.InvokeActionMethodFilterAsynchronously(IActionFilter filter, ActionExecutingContext preContext, Func`1 nextInChain)
   at System.Web.Mvc.Async.AsyncControllerActionInvoker.<>c__DisplayClass37.<BeginInvokeActionMethodWithFilters>b__31(AsyncCallback asyncCallback, Object asyncState)
   at System.Web.Mvc.Async.AsyncResultWrapper.WrappedAsyncResult`1.Begin(AsyncCallback callback, Object state, Int32 timeout)
   at System.Web.Mvc.Async.AsyncResultWrapper.Begin[TResult](AsyncCallback callback, Object state, BeginInvokeDelegate beginDelegate, EndInvokeDelegate`1 endDelegate, Object tag, Int32 timeout)
   at System.Web.Mvc.Async.AsyncResultWrapper.Begin[TResult](AsyncCallback callback, Object state, BeginInvokeDelegate beginDelegate, EndInvokeDelegate`1 endDelegate, Object tag)
   at System.Web.Mvc.Async.AsyncControllerActionInvoker.<>c__DisplayClass25.<BeginInvokeAction>b__1e(AsyncCallback asyncCallback, Object asyncState)
 2015-05-21 12:19:54,149 [8] INFO  StatisticalSolutions.Controllers.Base.BaseController - Application URL - /StatisticalSolutions/Base/StatisticalError 
 2015-05-21 12:19:54,150 [8] INFO  StatisticalSolutions.Controllers.Base.BaseController - Application URL - /StatisticalSolutions/Base/StatisticalError 
 2015-05-21 12:19:54,151 [8] ERROR StatisticalSolutions.Controllers.Base.BaseController - Statistical exception message - Exception has been thrown by the target of an invocation.
 2015-05-21 12:19:54,151 [8] ERROR StatisticalSolutions.Controllers.Base.BaseController - Statistical exception stack trace -    at System.RuntimeTypeHandle.CreateInstance(RuntimeType type, Boolean publicOnly, Boolean noCheck, Boolean& canBeCached, RuntimeMethodHandleInternal& ctor, Boolean& bNeedSecurityCheck)
   at System.RuntimeType.CreateInstanceSlow(Boolean publicOnly, Boolean skipCheckThis, Boolean fillCache, StackCrawlMark& stackMark)
   at System.RuntimeType.CreateInstanceDefaultCtor(Boolean publicOnly, Boolean skipCheckThis, Boolean fillCache, StackCrawlMark& stackMark)
   at System.Activator.CreateInstance(Type type, Boolean nonPublic)
   at System.Activator.CreateInstance(Type type)
   at System.Threading.LazyHelpers`1.ActivatorFactorySelector()
   at System.Threading.LazyInitializer.EnsureInitializedCore[T](T& target, Boolean& initialized, Object& syncLock, Func`1 valueFactory)
   at System.Threading.LazyInitializer.EnsureInitialized[T](T& target, Boolean& initialized, Object& syncLock)
   at StatisticalSolutions.Filters.InitializeSimpleMembershipAttribute.OnActionExecuting(ActionExecutingContext filterContext) in e:\Ola Projects\3rdPartyProjects\StatisticalSolutions\StatisticalSolutions\Filters\InitializeSimpleMembershipAttribute.cs:line 23
   at System.Web.Mvc.Async.AsyncControllerActionInvoker.InvokeActionMethodFilterAsynchronously(IActionFilter filter, ActionExecutingContext preContext, Func`1 nextInChain)
   at System.Web.Mvc.Async.AsyncControllerActionInvoker.InvokeActionMethodFilterAsynchronously(IActionFilter filter, ActionExecutingContext preContext, Func`1 nextInChain)
   at System.Web.Mvc.Async.AsyncControllerActionInvoker.<>c__DisplayClass37.<BeginInvokeActionMethodWithFilters>b__31(AsyncCallback asyncCallback, Object asyncState)
   at System.Web.Mvc.Async.AsyncResultWrapper.WrappedAsyncResult`1.Begin(AsyncCallback callback, Object state, Int32 timeout)
   at System.Web.Mvc.Async.AsyncResultWrapper.Begin[TResult](AsyncCallback callback, Object state, BeginInvokeDelegate beginDelegate, EndInvokeDelegate`1 endDelegate, Object tag, Int32 timeout)
   at System.Web.Mvc.Async.AsyncResultWrapper.Begin[TResult](AsyncCallback callback, Object state, BeginInvokeDelegate beginDelegate, EndInvokeDelegate`1 endDelegate, Object tag)
   at System.Web.Mvc.Async.AsyncControllerActionInvoker.<>c__DisplayClass25.<BeginInvokeAction>b__1e(AsyncCallback asyncCallback, Object asyncState)
 2015-05-21 12:19:54,157 [7] INFO  StatisticalSolutions.Controllers.Base.BaseController - Application URL - /StatisticalSolutions/Base/StatisticalError 
 2015-05-21 12:19:54,157 [7] INFO  StatisticalSolutions.Controllers.Base.BaseController - Application URL - /StatisticalSolutions/Base/StatisticalError 
 2015-05-21 12:19:54,158 [7] ERROR StatisticalSolutions.Controllers.Base.BaseController - Statistical exception message - Exception has been thrown by the target of an invocation.
 2015-05-21 12:19:54,158 [7] ERROR StatisticalSolutions.Controllers.Base.BaseController - Statistical exception stack trace -    at System.RuntimeTypeHandle.CreateInstance(RuntimeType type, Boolean publicOnly, Boolean noCheck, Boolean& canBeCached, RuntimeMethodHandleInternal& ctor, Boolean& bNeedSecurityCheck)
   at System.RuntimeType.CreateInstanceSlow(Boolean publicOnly, Boolean skipCheckThis, Boolean fillCache, StackCrawlMark& stackMark)
   at System.RuntimeType.CreateInstanceDefaultCtor(Boolean publicOnly, Boolean skipCheckThis, Boolean fillCache, StackCrawlMark& stackMark)
   at System.Activator.CreateInstance(Type type, Boolean nonPublic)
   at System.Activator.CreateInstance(Type type)
   at System.Threading.LazyHelpers`1.ActivatorFactorySelector()
   at System.Threading.LazyInitializer.EnsureInitializedCore[T](T& target, Boolean& initialized, Object& syncLock, Func`1 valueFactory)
   at System.Threading.LazyInitializer.EnsureInitialized[T](T& target, Boolean& initialized, Object& syncLock)
   at StatisticalSolutions.Filters.InitializeSimpleMembershipAttribute.OnActionExecuting(ActionExecutingContext filterContext) in e:\Ola Projects\3rdPartyProjects\StatisticalSolutions\StatisticalSolutions\Filters\InitializeSimpleMembershipAttribute.cs:line 23
   at System.Web.Mvc.Async.AsyncControllerActionInvoker.InvokeActionMethodFilterAsynchronously(IActionFilter filter, ActionExecutingContext preContext, Func`1 nextInChain)
   at System.Web.Mvc.Async.AsyncControllerActionInvoker.InvokeActionMethodFilterAsynchronously(IActionFilter filter, ActionExecutingContext preContext, Func`1 nextInChain)
   at System.Web.Mvc.Async.AsyncControllerActionInvoker.<>c__DisplayClass37.<BeginInvokeActionMethodWithFilters>b__31(AsyncCallback asyncCallback, Object asyncState)
   at System.Web.Mvc.Async.AsyncResultWrapper.WrappedAsyncResult`1.Begin(AsyncCallback callback, Object state, Int32 timeout)
   at System.Web.Mvc.Async.AsyncResultWrapper.Begin[TResult](AsyncCallback callback, Object state, BeginInvokeDelegate beginDelegate, EndInvokeDelegate`1 endDelegate, Object tag, Int32 timeout)
   at System.Web.Mvc.Async.AsyncResultWrapper.Begin[TResult](AsyncCallback callback, Object state, BeginInvokeDelegate beginDelegate, EndInvokeDelegate`1 endDelegate, Object tag)
   at System.Web.Mvc.Async.AsyncControllerActionInvoker.<>c__DisplayClass25.<BeginInvokeAction>b__1e(AsyncCallback asyncCallback, Object asyncState)
 2015-05-21 12:19:54,162 [10] INFO  StatisticalSolutions.Controllers.Base.BaseController - Application URL - /StatisticalSolutions/Base/StatisticalError 
 2015-05-21 12:19:54,163 [10] INFO  StatisticalSolutions.Controllers.Base.BaseController - Application URL - /StatisticalSolutions/Base/StatisticalError 
 2015-05-21 12:19:54,164 [10] ERROR StatisticalSolutions.Controllers.Base.BaseController - Statistical exception message - Exception has been thrown by the target of an invocation.
 2015-05-21 12:19:54,164 [10] ERROR StatisticalSolutions.Controllers.Base.BaseController - Statistical exception stack trace -    at System.RuntimeTypeHandle.CreateInstance(RuntimeType type, Boolean publicOnly, Boolean noCheck, Boolean& canBeCached, RuntimeMethodHandleInternal& ctor, Boolean& bNeedSecurityCheck)
   at System.RuntimeType.CreateInstanceSlow(Boolean publicOnly, Boolean skipCheckThis, Boolean fillCache, StackCrawlMark& stackMark)
   at System.RuntimeType.CreateInstanceDefaultCtor(Boolean publicOnly, Boolean skipCheckThis, Boolean fillCache, StackCrawlMark& stackMark)
   at System.Activator.CreateInstance(Type type, Boolean nonPublic)
   at System.Activator.CreateInstance(Type type)
   at System.Threading.LazyHelpers`1.ActivatorFactorySelector()
   at System.Threading.LazyInitializer.EnsureInitializedCore[T](T& target, Boolean& initialized, Object& syncLock, Func`1 valueFactory)
   at System.Threading.LazyInitializer.EnsureInitialized[T](T& target, Boolean& initialized, Object& syncLock)
   at StatisticalSolutions.Filters.InitializeSimpleMembershipAttribute.OnActionExecuting(ActionExecutingContext filterContext) in e:\Ola Projects\3rdPartyProjects\StatisticalSolutions\StatisticalSolutions\Filters\InitializeSimpleMembershipAttribute.cs:line 23
   at System.Web.Mvc.Async.AsyncControllerActionInvoker.InvokeActionMethodFilterAsynchronously(IActionFilter filter, ActionExecutingContext preContext, Func`1 nextInChain)
   at System.Web.Mvc.Async.AsyncControllerActionInvoker.InvokeActionMethodFilterAsynchronously(IActionFilter filter, ActionExecutingContext preContext, Func`1 nextInChain)
   at System.Web.Mvc.Async.AsyncControllerActionInvoker.<>c__DisplayClass37.<BeginInvokeActionMethodWithFilters>b__31(AsyncCallback asyncCallback, Object asyncState)
   at System.Web.Mvc.Async.AsyncResultWrapper.WrappedAsyncResult`1.Begin(AsyncCallback callback, Object state, Int32 timeout)
   at System.Web.Mvc.Async.AsyncResultWrapper.Begin[TResult](AsyncCallback callback, Object state, BeginInvokeDelegate beginDelegate, EndInvokeDelegate`1 endDelegate, Object tag, Int32 timeout)
   at System.Web.Mvc.Async.AsyncResultWrapper.Begin[TResult](AsyncCallback callback, Object state, BeginInvokeDelegate beginDelegate, EndInvokeDelegate`1 endDelegate, Object tag)
   at System.Web.Mvc.Async.AsyncControllerActionInvoker.<>c__DisplayClass25.<BeginInvokeAction>b__1e(AsyncCallback asyncCallback, Object asyncState)
 2015-05-21 12:19:54,170 [8] INFO  StatisticalSolutions.Controllers.Base.BaseController - Application URL - /StatisticalSolutions/Base/StatisticalError 
 2015-05-21 12:19:54,171 [8] INFO  StatisticalSolutions.Controllers.Base.BaseController - Application URL - /StatisticalSolutions/Base/StatisticalError 
 2015-05-21 12:19:54,171 [8] ERROR StatisticalSolutions.Controllers.Base.BaseController - Statistical exception message - Exception has been thrown by the target of an invocation.
 2015-05-21 12:19:54,171 [8] ERROR StatisticalSolutions.Controllers.Base.BaseController - Statistical exception stack trace -    at System.RuntimeTypeHandle.CreateInstance(RuntimeType type, Boolean publicOnly, Boolean noCheck, Boolean& canBeCached, RuntimeMethodHandleInternal& ctor, Boolean& bNeedSecurityCheck)
   at System.RuntimeType.CreateInstanceSlow(Boolean publicOnly, Boolean skipCheckThis, Boolean fillCache, StackCrawlMark& stackMark)
   at System.RuntimeType.CreateInstanceDefaultCtor(Boolean publicOnly, Boolean skipCheckThis, Boolean fillCache, StackCrawlMark& stackMark)
   at System.Activator.CreateInstance(Type type, Boolean nonPublic)
   at System.Activator.CreateInstance(Type type)
   at System.Threading.LazyHelpers`1.ActivatorFactorySelector()
   at System.Threading.LazyInitializer.EnsureInitializedCore[T](T& target, Boolean& initialized, Object& syncLock, Func`1 valueFactory)
   at System.Threading.LazyInitializer.EnsureInitialized[T](T& target, Boolean& initialized, Object& syncLock)
   at StatisticalSolutions.Filters.InitializeSimpleMembershipAttribute.OnActionExecuting(ActionExecutingContext filterContext) in e:\Ola Projects\3rdPartyProjects\StatisticalSolutions\StatisticalSolutions\Filters\InitializeSimpleMembershipAttribute.cs:line 23
   at System.Web.Mvc.Async.AsyncControllerActionInvoker.InvokeActionMethodFilterAsynchronously(IActionFilter filter, ActionExecutingContext preContext, Func`1 nextInChain)
   at System.Web.Mvc.Async.AsyncControllerActionInvoker.InvokeActionMethodFilterAsynchronously(IActionFilter filter, ActionExecutingContext preContext, Func`1 nextInChain)
   at System.Web.Mvc.Async.AsyncControllerActionInvoker.<>c__DisplayClass37.<BeginInvokeActionMethodWithFilters>b__31(AsyncCallback asyncCallback, Object asyncState)
   at System.Web.Mvc.Async.AsyncResultWrapper.WrappedAsyncResult`1.Begin(AsyncCallback callback, Object state, Int32 timeout)
   at System.Web.Mvc.Async.AsyncResultWrapper.Begin[TResult](AsyncCallback callback, Object state, BeginInvokeDelegate beginDelegate, EndInvokeDelegate`1 endDelegate, Object tag, Int32 timeout)
   at System.Web.Mvc.Async.AsyncResultWrapper.Begin[TResult](AsyncCallback callback, Object state, BeginInvokeDelegate beginDelegate, EndInvokeDelegate`1 endDelegate, Object tag)
   at System.Web.Mvc.Async.AsyncControllerActionInvoker.<>c__DisplayClass25.<BeginInvokeAction>b__1e(AsyncCallback asyncCallback, Object asyncState)
 2015-05-21 12:19:54,176 [7] INFO  StatisticalSolutions.Controllers.Base.BaseController - Application URL - /StatisticalSolutions/Base/StatisticalError 
 2015-05-21 12:19:54,176 [7] INFO  StatisticalSolutions.Controllers.Base.BaseController - Application URL - /StatisticalSolutions/Base/StatisticalError 
 2015-05-21 12:19:54,176 [7] ERROR StatisticalSolutions.Controllers.Base.BaseController - Statistical exception message - Exception has been thrown by the target of an invocation.
 2015-05-21 12:19:54,177 [7] ERROR StatisticalSolutions.Controllers.Base.BaseController - Statistical exception stack trace -    at System.RuntimeTypeHandle.CreateInstance(RuntimeType type, Boolean publicOnly, Boolean noCheck, Boolean& canBeCached, RuntimeMethodHandleInternal& ctor, Boolean& bNeedSecurityCheck)
   at System.RuntimeType.CreateInstanceSlow(Boolean publicOnly, Boolean skipCheckThis, Boolean fillCache, StackCrawlMark& stackMark)
   at System.RuntimeType.CreateInstanceDefaultCtor(Boolean publicOnly, Boolean skipCheckThis, Boolean fillCache, StackCrawlMark& stackMark)
   at System.Activator.CreateInstance(Type type, Boolean nonPublic)
   at System.Activator.CreateInstance(Type type)
   at System.Threading.LazyHelpers`1.ActivatorFactorySelector()
   at System.Threading.LazyInitializer.EnsureInitializedCore[T](T& target, Boolean& initialized, Object& syncLock, Func`1 valueFactory)
   at System.Threading.LazyInitializer.EnsureInitialized[T](T& target, Boolean& initialized, Object& syncLock)
   at StatisticalSolutions.Filters.InitializeSimpleMembershipAttribute.OnActionExecuting(ActionExecutingContext filterContext) in e:\Ola Projects\3rdPartyProjects\StatisticalSolutions\StatisticalSolutions\Filters\InitializeSimpleMembershipAttribute.cs:line 23
   at System.Web.Mvc.Async.AsyncControllerActionInvoker.InvokeActionMethodFilterAsynchronously(IActionFilter filter, ActionExecutingContext preContext, Func`1 nextInChain)
   at System.Web.Mvc.Async.AsyncControllerActionInvoker.InvokeActionMethodFilterAsynchronously(IActionFilter filter, ActionExecutingContext preContext, Func`1 nextInChain)
   at System.Web.Mvc.Async.AsyncControllerActionInvoker.<>c__DisplayClass37.<BeginInvokeActionMethodWithFilters>b__31(AsyncCallback asyncCallback, Object asyncState)
   at System.Web.Mvc.Async.AsyncResultWrapper.WrappedAsyncResult`1.Begin(AsyncCallback callback, Object state, Int32 timeout)
   at System.Web.Mvc.Async.AsyncResultWrapper.Begin[TResult](AsyncCallback callback, Object state, BeginInvokeDelegate beginDelegate, EndInvokeDelegate`1 endDelegate, Object tag, Int32 timeout)
   at System.Web.Mvc.Async.AsyncResultWrapper.Begin[TResult](AsyncCallback callback, Object state, BeginInvokeDelegate beginDelegate, EndInvokeDelegate`1 endDelegate, Object tag)
   at System.Web.Mvc.Async.AsyncControllerActionInvoker.<>c__DisplayClass25.<BeginInvokeAction>b__1e(AsyncCallback asyncCallback, Object asyncState)
 2015-05-21 12:19:54,180 [9] INFO  StatisticalSolutions.Controllers.Base.BaseController - Application URL - /StatisticalSolutions/Base/StatisticalError 
 2015-05-21 12:19:54,181 [9] INFO  StatisticalSolutions.Controllers.Base.BaseController - Application URL - /StatisticalSolutions/Base/StatisticalError 
 2015-05-21 12:19:54,182 [9] ERROR StatisticalSolutions.Controllers.Base.BaseController - Statistical exception message - Exception has been thrown by the target of an invocation.
 2015-05-21 12:19:54,182 [9] ERROR StatisticalSolutions.Controllers.Base.BaseController - Statistical exception stack trace -    at System.RuntimeTypeHandle.CreateInstance(RuntimeType type, Boolean publicOnly, Boolean noCheck, Boolean& canBeCached, RuntimeMethodHandleInternal& ctor, Boolean& bNeedSecurityCheck)
   at System.RuntimeType.CreateInstanceSlow(Boolean publicOnly, Boolean skipCheckThis, Boolean fillCache, StackCrawlMark& stackMark)
   at System.RuntimeType.CreateInstanceDefaultCtor(Boolean publicOnly, Boolean skipCheckThis, Boolean fillCache, StackCrawlMark& stackMark)
   at System.Activator.CreateInstance(Type type, Boolean nonPublic)
   at System.Activator.CreateInstance(Type type)
   at System.Threading.LazyHelpers`1.ActivatorFactorySelector()
   at System.Threading.LazyInitializer.EnsureInitializedCore[T](T& target, Boolean& initialized, Object& syncLock, Func`1 valueFactory)
   at System.Threading.LazyInitializer.EnsureInitialized[T](T& target, Boolean& initialized, Object& syncLock)
   at StatisticalSolutions.Filters.InitializeSimpleMembershipAttribute.OnActionExecuting(ActionExecutingContext filterContext) in e:\Ola Projects\3rdPartyProjects\StatisticalSolutions\StatisticalSolutions\Filters\InitializeSimpleMembershipAttribute.cs:line 23
   at System.Web.Mvc.Async.AsyncControllerActionInvoker.InvokeActionMethodFilterAsynchronously(IActionFilter filter, ActionExecutingContext preContext, Func`1 nextInChain)
   at System.Web.Mvc.Async.AsyncControllerActionInvoker.InvokeActionMethodFilterAsynchronously(IActionFilter filter, ActionExecutingContext preContext, Func`1 nextInChain)
   at System.Web.Mvc.Async.AsyncControllerActionInvoker.<>c__DisplayClass37.<BeginInvokeActionMethodWithFilters>b__31(AsyncCallback asyncCallback, Object asyncState)
   at System.Web.Mvc.Async.AsyncResultWrapper.WrappedAsyncResult`1.Begin(AsyncCallback callback, Object state, Int32 timeout)
   at System.Web.Mvc.Async.AsyncResultWrapper.Begin[TResult](AsyncCallback callback, Object state, BeginInvokeDelegate beginDelegate, EndInvokeDelegate`1 endDelegate, Object tag, Int32 timeout)
   at System.Web.Mvc.Async.AsyncResultWrapper.Begin[TResult](AsyncCallback callback, Object state, BeginInvokeDelegate beginDelegate, EndInvokeDelegate`1 endDelegate, Object tag)
   at System.Web.Mvc.Async.AsyncControllerActionInvoker.<>c__DisplayClass25.<BeginInvokeAction>b__1e(AsyncCallback asyncCallback, Object asyncState)
 2015-05-21 12:19:54,186 [8] INFO  StatisticalSolutions.Controllers.Base.BaseController - Application URL - /StatisticalSolutions/Base/StatisticalError 
 2015-05-21 12:19:54,187 [8] INFO  StatisticalSolutions.Controllers.Base.BaseController - Application URL - /StatisticalSolutions/Base/StatisticalError 
 2015-05-21 12:19:54,187 [8] ERROR StatisticalSolutions.Controllers.Base.BaseController - Statistical exception message - Exception has been thrown by the target of an invocation.
 2015-05-21 12:19:54,188 [8] ERROR StatisticalSolutions.Controllers.Base.BaseController - Statistical exception stack trace -    at System.RuntimeTypeHandle.CreateInstance(RuntimeType type, Boolean publicOnly, Boolean noCheck, Boolean& canBeCached, RuntimeMethodHandleInternal& ctor, Boolean& bNeedSecurityCheck)
   at System.RuntimeType.CreateInstanceSlow(Boolean publicOnly, Boolean skipCheckThis, Boolean fillCache, StackCrawlMark& stackMark)
   at System.RuntimeType.CreateInstanceDefaultCtor(Boolean publicOnly, Boolean skipCheckThis, Boolean fillCache, StackCrawlMark& stackMark)
   at System.Activator.CreateInstance(Type type, Boolean nonPublic)
   at System.Activator.CreateInstance(Type type)
   at System.Threading.LazyHelpers`1.ActivatorFactorySelector()
   at System.Threading.LazyInitializer.EnsureInitializedCore[T](T& target, Boolean& initialized, Object& syncLock, Func`1 valueFactory)
   at System.Threading.LazyInitializer.EnsureInitialized[T](T& target, Boolean& initialized, Object& syncLock)
   at StatisticalSolutions.Filters.InitializeSimpleMembershipAttribute.OnActionExecuting(ActionExecutingContext filterContext) in e:\Ola Projects\3rdPartyProjects\StatisticalSolutions\StatisticalSolutions\Filters\InitializeSimpleMembershipAttribute.cs:line 23
   at System.Web.Mvc.Async.AsyncControllerActionInvoker.InvokeActionMethodFilterAsynchronously(IActionFilter filter, ActionExecutingContext preContext, Func`1 nextInChain)
   at System.Web.Mvc.Async.AsyncControllerActionInvoker.InvokeActionMethodFilterAsynchronously(IActionFilter filter, ActionExecutingContext preContext, Func`1 nextInChain)
   at System.Web.Mvc.Async.AsyncControllerActionInvoker.<>c__DisplayClass37.<BeginInvokeActionMethodWithFilters>b__31(AsyncCallback asyncCallback, Object asyncState)
   at System.Web.Mvc.Async.AsyncResultWrapper.WrappedAsyncResult`1.Begin(AsyncCallback callback, Object state, Int32 timeout)
   at System.Web.Mvc.Async.AsyncResultWrapper.Begin[TResult](AsyncCallback callback, Object state, BeginInvokeDelegate beginDelegate, EndInvokeDelegate`1 endDelegate, Object tag, Int32 timeout)
   at System.Web.Mvc.Async.AsyncResultWrapper.Begin[TResult](AsyncCallback callback, Object state, BeginInvokeDelegate beginDelegate, EndInvokeDelegate`1 endDelegate, Object tag)
   at System.Web.Mvc.Async.AsyncControllerActionInvoker.<>c__DisplayClass25.<BeginInvokeAction>b__1e(AsyncCallback asyncCallback, Object asyncState)
 2015-05-21 12:19:54,192 [7] INFO  StatisticalSolutions.Controllers.Base.BaseController - Application URL - /StatisticalSolutions/Base/StatisticalError 
 2015-05-21 12:19:54,192 [7] INFO  StatisticalSolutions.Controllers.Base.BaseController - Application URL - /StatisticalSolutions/Base/StatisticalError 
 2015-05-21 12:19:54,192 [7] ERROR StatisticalSolutions.Controllers.Base.BaseController - Statistical exception message - Exception has been thrown by the target of an invocation.
 2015-05-21 12:19:54,193 [7] ERROR StatisticalSolutions.Controllers.Base.BaseController - Statistical exception stack trace -    at System.RuntimeTypeHandle.CreateInstance(RuntimeType type, Boolean publicOnly, Boolean noCheck, Boolean& canBeCached, RuntimeMethodHandleInternal& ctor, Boolean& bNeedSecurityCheck)
   at System.RuntimeType.CreateInstanceSlow(Boolean publicOnly, Boolean skipCheckThis, Boolean fillCache, StackCrawlMark& stackMark)
   at System.RuntimeType.CreateInstanceDefaultCtor(Boolean publicOnly, Boolean skipCheckThis, Boolean fillCache, StackCrawlMark& stackMark)
   at System.Activator.CreateInstance(Type type, Boolean nonPublic)
   at System.Activator.CreateInstance(Type type)
   at System.Threading.LazyHelpers`1.ActivatorFactorySelector()
   at System.Threading.LazyInitializer.EnsureInitializedCore[T](T& target, Boolean& initialized, Object& syncLock, Func`1 valueFactory)
   at System.Threading.LazyInitializer.EnsureInitialized[T](T& target, Boolean& initialized, Object& syncLock)
   at StatisticalSolutions.Filters.InitializeSimpleMembershipAttribute.OnActionExecuting(ActionExecutingContext filterContext) in e:\Ola Projects\3rdPartyProjects\StatisticalSolutions\StatisticalSolutions\Filters\InitializeSimpleMembershipAttribute.cs:line 23
   at System.Web.Mvc.Async.AsyncControllerActionInvoker.InvokeActionMethodFilterAsynchronously(IActionFilter filter, ActionExecutingContext preContext, Func`1 nextInChain)
   at System.Web.Mvc.Async.AsyncControllerActionInvoker.InvokeActionMethodFilterAsynchronously(IActionFilter filter, ActionExecutingContext preContext, Func`1 nextInChain)
   at System.Web.Mvc.Async.AsyncControllerActionInvoker.<>c__DisplayClass37.<BeginInvokeActionMethodWithFilters>b__31(AsyncCallback asyncCallback, Object asyncState)
   at System.Web.Mvc.Async.AsyncResultWrapper.WrappedAsyncResult`1.Begin(AsyncCallback callback, Object state, Int32 timeout)
   at System.Web.Mvc.Async.AsyncResultWrapper.Begin[TResult](AsyncCallback callback, Object state, BeginInvokeDelegate beginDelegate, EndInvokeDelegate`1 endDelegate, Object tag, Int32 timeout)
   at System.Web.Mvc.Async.AsyncResultWrapper.Begin[TResult](AsyncCallback callback, Object state, BeginInvokeDelegate beginDelegate, EndInvokeDelegate`1 endDelegate, Object tag)
   at System.Web.Mvc.Async.AsyncControllerActionInvoker.<>c__DisplayClass25.<BeginInvokeAction>b__1e(AsyncCallback asyncCallback, Object asyncState)
 2015-05-21 12:19:54,196 [10] INFO  StatisticalSolutions.Controllers.Base.BaseController - Application URL - /StatisticalSolutions/Base/StatisticalError 
 2015-05-21 12:19:54,197 [10] INFO  StatisticalSolutions.Controllers.Base.BaseController - Application URL - /StatisticalSolutions/Base/StatisticalError 
 2015-05-21 12:19:54,197 [10] ERROR StatisticalSolutions.Controllers.Base.BaseController - Statistical exception message - Exception has been thrown by the target of an invocation.
 2015-05-21 12:19:54,197 [10] ERROR StatisticalSolutions.Controllers.Base.BaseController - Statistical exception stack trace -    at System.RuntimeTypeHandle.CreateInstance(RuntimeType type, Boolean publicOnly, Boolean noCheck, Boolean& canBeCached, RuntimeMethodHandleInternal& ctor, Boolean& bNeedSecurityCheck)
   at System.RuntimeType.CreateInstanceSlow(Boolean publicOnly, Boolean skipCheckThis, Boolean fillCache, StackCrawlMark& stackMark)
   at System.RuntimeType.CreateInstanceDefaultCtor(Boolean publicOnly, Boolean skipCheckThis, Boolean fillCache, StackCrawlMark& stackMark)
   at System.Activator.CreateInstance(Type type, Boolean nonPublic)
   at System.Activator.CreateInstance(Type type)
   at System.Threading.LazyHelpers`1.ActivatorFactorySelector()
   at System.Threading.LazyInitializer.EnsureInitializedCore[T](T& target, Boolean& initialized, Object& syncLock, Func`1 valueFactory)
   at System.Threading.LazyInitializer.EnsureInitialized[T](T& target, Boolean& initialized, Object& syncLock)
   at StatisticalSolutions.Filters.InitializeSimpleMembershipAttribute.OnActionExecuting(ActionExecutingContext filterContext) in e:\Ola Projects\3rdPartyProjects\StatisticalSolutions\StatisticalSolutions\Filters\InitializeSimpleMembershipAttribute.cs:line 23
   at System.Web.Mvc.Async.AsyncControllerActionInvoker.InvokeActionMethodFilterAsynchronously(IActionFilter filter, ActionExecutingContext preContext, Func`1 nextInChain)
   at System.Web.Mvc.Async.AsyncControllerActionInvoker.InvokeActionMethodFilterAsynchronously(IActionFilter filter, ActionExecutingContext preContext, Func`1 nextInChain)
   at System.Web.Mvc.Async.AsyncControllerActionInvoker.<>c__DisplayClass37.<BeginInvokeActionMethodWithFilters>b__31(AsyncCallback asyncCallback, Object asyncState)
   at System.Web.Mvc.Async.AsyncResultWrapper.WrappedAsyncResult`1.Begin(AsyncCallback callback, Object state, Int32 timeout)
   at System.Web.Mvc.Async.AsyncResultWrapper.Begin[TResult](AsyncCallback callback, Object state, BeginInvokeDelegate beginDelegate, EndInvokeDelegate`1 endDelegate, Object tag, Int32 timeout)
   at System.Web.Mvc.Async.AsyncResultWrapper.Begin[TResult](AsyncCallback callback, Object state, BeginInvokeDelegate beginDelegate, EndInvokeDelegate`1 endDelegate, Object tag)
   at System.Web.Mvc.Async.AsyncControllerActionInvoker.<>c__DisplayClass25.<BeginInvokeAction>b__1e(AsyncCallback asyncCallback, Object asyncState)
 2015-05-21 12:19:54,202 [8] INFO  StatisticalSolutions.Controllers.Base.BaseController - Application URL - /StatisticalSolutions/Base/StatisticalError 
 2015-05-21 12:19:54,203 [8] INFO  StatisticalSolutions.Controllers.Base.BaseController - Application URL - /StatisticalSolutions/Base/StatisticalError 
 2015-05-21 12:19:54,203 [8] ERROR StatisticalSolutions.Controllers.Base.BaseController - Statistical exception message - Exception has been thrown by the target of an invocation.
 2015-05-21 12:19:54,203 [8] ERROR StatisticalSolutions.Controllers.Base.BaseController - Statistical exception stack trace -    at System.RuntimeTypeHandle.CreateInstance(RuntimeType type, Boolean publicOnly, Boolean noCheck, Boolean& canBeCached, RuntimeMethodHandleInternal& ctor, Boolean& bNeedSecurityCheck)
   at System.RuntimeType.CreateInstanceSlow(Boolean publicOnly, Boolean skipCheckThis, Boolean fillCache, StackCrawlMark& stackMark)
   at System.RuntimeType.CreateInstanceDefaultCtor(Boolean publicOnly, Boolean skipCheckThis, Boolean fillCache, StackCrawlMark& stackMark)
   at System.Activator.CreateInstance(Type type, Boolean nonPublic)
   at System.Activator.CreateInstance(Type type)
   at System.Threading.LazyHelpers`1.ActivatorFactorySelector()
   at System.Threading.LazyInitializer.EnsureInitializedCore[T](T& target, Boolean& initialized, Object& syncLock, Func`1 valueFactory)
   at System.Threading.LazyInitializer.EnsureInitialized[T](T& target, Boolean& initialized, Object& syncLock)
   at StatisticalSolutions.Filters.InitializeSimpleMembershipAttribute.OnActionExecuting(ActionExecutingContext filterContext) in e:\Ola Projects\3rdPartyProjects\StatisticalSolutions\StatisticalSolutions\Filters\InitializeSimpleMembershipAttribute.cs:line 23
   at System.Web.Mvc.Async.AsyncControllerActionInvoker.InvokeActionMethodFilterAsynchronously(IActionFilter filter, ActionExecutingContext preContext, Func`1 nextInChain)
   at System.Web.Mvc.Async.AsyncControllerActionInvoker.InvokeActionMethodFilterAsynchronously(IActionFilter filter, ActionExecutingContext preContext, Func`1 nextInChain)
   at System.Web.Mvc.Async.AsyncControllerActionInvoker.<>c__DisplayClass37.<BeginInvokeActionMethodWithFilters>b__31(AsyncCallback asyncCallback, Object asyncState)
   at System.Web.Mvc.Async.AsyncResultWrapper.WrappedAsyncResult`1.Begin(AsyncCallback callback, Object state, Int32 timeout)
   at System.Web.Mvc.Async.AsyncResultWrapper.Begin[TResult](AsyncCallback callback, Object state, BeginInvokeDelegate beginDelegate, EndInvokeDelegate`1 endDelegate, Object tag, Int32 timeout)
   at System.Web.Mvc.Async.AsyncResultWrapper.Begin[TResult](AsyncCallback callback, Object state, BeginInvokeDelegate beginDelegate, EndInvokeDelegate`1 endDelegate, Object tag)
   at System.Web.Mvc.Async.AsyncControllerActionInvoker.<>c__DisplayClass25.<BeginInvokeAction>b__1e(AsyncCallback asyncCallback, Object asyncState)
 2015-05-21 12:19:54,207 [7] INFO  StatisticalSolutions.Controllers.Base.BaseController - Application URL - /StatisticalSolutions/Base/StatisticalError 
 2015-05-21 12:19:54,208 [7] INFO  StatisticalSolutions.Controllers.Base.BaseController - Application URL - /StatisticalSolutions/Base/StatisticalError 
 2015-05-21 12:19:54,208 [7] ERROR StatisticalSolutions.Controllers.Base.BaseController - Statistical exception message - Exception has been thrown by the target of an invocation.
 2015-05-21 12:19:54,208 [7] ERROR StatisticalSolutions.Controllers.Base.BaseController - Statistical exception stack trace -    at System.RuntimeTypeHandle.CreateInstance(RuntimeType type, Boolean publicOnly, Boolean noCheck, Boolean& canBeCached, RuntimeMethodHandleInternal& ctor, Boolean& bNeedSecurityCheck)
   at System.RuntimeType.CreateInstanceSlow(Boolean publicOnly, Boolean skipCheckThis, Boolean fillCache, StackCrawlMark& stackMark)
   at System.RuntimeType.CreateInstanceDefaultCtor(Boolean publicOnly, Boolean skipCheckThis, Boolean fillCache, StackCrawlMark& stackMark)
   at System.Activator.CreateInstance(Type type, Boolean nonPublic)
   at System.Activator.CreateInstance(Type type)
   at System.Threading.LazyHelpers`1.ActivatorFactorySelector()
   at System.Threading.LazyInitializer.EnsureInitializedCore[T](T& target, Boolean& initialized, Object& syncLock, Func`1 valueFactory)
   at System.Threading.LazyInitializer.EnsureInitialized[T](T& target, Boolean& initialized, Object& syncLock)
   at StatisticalSolutions.Filters.InitializeSimpleMembershipAttribute.OnActionExecuting(ActionExecutingContext filterContext) in e:\Ola Projects\3rdPartyProjects\StatisticalSolutions\StatisticalSolutions\Filters\InitializeSimpleMembershipAttribute.cs:line 23
   at System.Web.Mvc.Async.AsyncControllerActionInvoker.InvokeActionMethodFilterAsynchronously(IActionFilter filter, ActionExecutingContext preContext, Func`1 nextInChain)
   at System.Web.Mvc.Async.AsyncControllerActionInvoker.InvokeActionMethodFilterAsynchronously(IActionFilter filter, ActionExecutingContext preContext, Func`1 nextInChain)
   at System.Web.Mvc.Async.AsyncControllerActionInvoker.<>c__DisplayClass37.<BeginInvokeActionMethodWithFilters>b__31(AsyncCallback asyncCallback, Object asyncState)
   at System.Web.Mvc.Async.AsyncResultWrapper.WrappedAsyncResult`1.Begin(AsyncCallback callback, Object state, Int32 timeout)
   at System.Web.Mvc.Async.AsyncResultWrapper.Begin[TResult](AsyncCallback callback, Object state, BeginInvokeDelegate beginDelegate, EndInvokeDelegate`1 endDelegate, Object tag, Int32 timeout)
   at System.Web.Mvc.Async.AsyncResultWrapper.Begin[TResult](AsyncCallback callback, Object state, BeginInvokeDelegate beginDelegate, EndInvokeDelegate`1 endDelegate, Object tag)
   at System.Web.Mvc.Async.AsyncControllerActionInvoker.<>c__DisplayClass25.<BeginInvokeAction>b__1e(AsyncCallback asyncCallback, Object asyncState)
 2015-05-21 12:19:54,212 [10] INFO  StatisticalSolutions.Controllers.Base.BaseController - Application URL - /StatisticalSolutions/Base/StatisticalError 
 2015-05-21 12:19:54,213 [10] INFO  StatisticalSolutions.Controllers.Base.BaseController - Application URL - /StatisticalSolutions/Base/StatisticalError 
 2015-05-21 12:19:54,213 [10] ERROR StatisticalSolutions.Controllers.Base.BaseController - Statistical exception message - Exception has been thrown by the target of an invocation.
 2015-05-21 12:19:54,213 [10] ERROR StatisticalSolutions.Controllers.Base.BaseController - Statistical exception stack trace -    at System.RuntimeTypeHandle.CreateInstance(RuntimeType type, Boolean publicOnly, Boolean noCheck, Boolean& canBeCached, RuntimeMethodHandleInternal& ctor, Boolean& bNeedSecurityCheck)
   at System.RuntimeType.CreateInstanceSlow(Boolean publicOnly, Boolean skipCheckThis, Boolean fillCache, StackCrawlMark& stackMark)
   at System.RuntimeType.CreateInstanceDefaultCtor(Boolean publicOnly, Boolean skipCheckThis, Boolean fillCache, StackCrawlMark& stackMark)
   at System.Activator.CreateInstance(Type type, Boolean nonPublic)
   at System.Activator.CreateInstance(Type type)
   at System.Threading.LazyHelpers`1.ActivatorFactorySelector()
   at System.Threading.LazyInitializer.EnsureInitializedCore[T](T& target, Boolean& initialized, Object& syncLock, Func`1 valueFactory)
   at System.Threading.LazyInitializer.EnsureInitialized[T](T& target, Boolean& initialized, Object& syncLock)
   at StatisticalSolutions.Filters.InitializeSimpleMembershipAttribute.OnActionExecuting(ActionExecutingContext filterContext) in e:\Ola Projects\3rdPartyProjects\StatisticalSolutions\StatisticalSolutions\Filters\InitializeSimpleMembershipAttribute.cs:line 23
   at System.Web.Mvc.Async.AsyncControllerActionInvoker.InvokeActionMethodFilterAsynchronously(IActionFilter filter, ActionExecutingContext preContext, Func`1 nextInChain)
   at System.Web.Mvc.Async.AsyncControllerActionInvoker.InvokeActionMethodFilterAsynchronously(IActionFilter filter, ActionExecutingContext preContext, Func`1 nextInChain)
   at System.Web.Mvc.Async.AsyncControllerActionInvoker.<>c__DisplayClass37.<BeginInvokeActionMethodWithFilters>b__31(AsyncCallback asyncCallback, Object asyncState)
   at System.Web.Mvc.Async.AsyncResultWrapper.WrappedAsyncResult`1.Begin(AsyncCallback callback, Object state, Int32 timeout)
   at System.Web.Mvc.Async.AsyncResultWrapper.Begin[TResult](AsyncCallback callback, Object state, BeginInvokeDelegate beginDelegate, EndInvokeDelegate`1 endDelegate, Object tag, Int32 timeout)
   at System.Web.Mvc.Async.AsyncResultWrapper.Begin[TResult](AsyncCallback callback, Object state, BeginInvokeDelegate beginDelegate, EndInvokeDelegate`1 endDelegate, Object tag)
   at System.Web.Mvc.Async.AsyncControllerActionInvoker.<>c__DisplayClass25.<BeginInvokeAction>b__1e(AsyncCallback asyncCallback, Object asyncState)
 2015-05-21 12:19:54,218 [8] INFO  StatisticalSolutions.Controllers.Base.BaseController - Application URL - /StatisticalSolutions/Base/StatisticalError 
 2015-05-21 12:19:54,219 [8] INFO  StatisticalSolutions.Controllers.Base.BaseController - Application URL - /StatisticalSolutions/Base/StatisticalError 
 2015-05-21 12:19:54,219 [8] ERROR StatisticalSolutions.Controllers.Base.BaseController - Statistical exception message - Exception has been thrown by the target of an invocation.
 2015-05-21 12:19:54,219 [8] ERROR StatisticalSolutions.Controllers.Base.BaseController - Statistical exception stack trace -    at System.RuntimeTypeHandle.CreateInstance(RuntimeType type, Boolean publicOnly, Boolean noCheck, Boolean& canBeCached, RuntimeMethodHandleInternal& ctor, Boolean& bNeedSecurityCheck)
   at System.RuntimeType.CreateInstanceSlow(Boolean publicOnly, Boolean skipCheckThis, Boolean fillCache, StackCrawlMark& stackMark)
   at System.RuntimeType.CreateInstanceDefaultCtor(Boolean publicOnly, Boolean skipCheckThis, Boolean fillCache, StackCrawlMark& stackMark)
   at System.Activator.CreateInstance(Type type, Boolean nonPublic)
   at System.Activator.CreateInstance(Type type)
   at System.Threading.LazyHelpers`1.ActivatorFactorySelector()
   at System.Threading.LazyInitializer.EnsureInitializedCore[T](T& target, Boolean& initialized, Object& syncLock, Func`1 valueFactory)
   at System.Threading.LazyInitializer.EnsureInitialized[T](T& target, Boolean& initialized, Object& syncLock)
   at StatisticalSolutions.Filters.InitializeSimpleMembershipAttribute.OnActionExecuting(ActionExecutingContext filterContext) in e:\Ola Projects\3rdPartyProjects\StatisticalSolutions\StatisticalSolutions\Filters\InitializeSimpleMembershipAttribute.cs:line 23
   at System.Web.Mvc.Async.AsyncControllerActionInvoker.InvokeActionMethodFilterAsynchronously(IActionFilter filter, ActionExecutingContext preContext, Func`1 nextInChain)
   at System.Web.Mvc.Async.AsyncControllerActionInvoker.InvokeActionMethodFilterAsynchronously(IActionFilter filter, ActionExecutingContext preContext, Func`1 nextInChain)
   at System.Web.Mvc.Async.AsyncControllerActionInvoker.<>c__DisplayClass37.<BeginInvokeActionMethodWithFilters>b__31(AsyncCallback asyncCallback, Object asyncState)
   at System.Web.Mvc.Async.AsyncResultWrapper.WrappedAsyncResult`1.Begin(AsyncCallback callback, Object state, Int32 timeout)
   at System.Web.Mvc.Async.AsyncResultWrapper.Begin[TResult](AsyncCallback callback, Object state, BeginInvokeDelegate beginDelegate, EndInvokeDelegate`1 endDelegate, Object tag, Int32 timeout)
   at System.Web.Mvc.Async.AsyncResultWrapper.Begin[TResult](AsyncCallback callback, Object state, BeginInvokeDelegate beginDelegate, EndInvokeDelegate`1 endDelegate, Object tag)
   at System.Web.Mvc.Async.AsyncControllerActionInvoker.<>c__DisplayClass25.<BeginInvokeAction>b__1e(AsyncCallback asyncCallback, Object asyncState)
 2015-05-21 12:19:54,223 [7] INFO  StatisticalSolutions.Controllers.Base.BaseController - Application URL - /StatisticalSolutions/Base/StatisticalError 
 2015-05-21 12:19:54,223 [7] INFO  StatisticalSolutions.Controllers.Base.BaseController - Application URL - /StatisticalSolutions/Base/StatisticalError 
 2015-05-21 12:19:54,224 [7] ERROR StatisticalSolutions.Controllers.Base.BaseController - Statistical exception message - Exception has been thrown by the target of an invocation.
 2015-05-21 12:19:54,224 [7] ERROR StatisticalSolutions.Controllers.Base.BaseController - Statistical exception stack trace -    at System.RuntimeTypeHandle.CreateInstance(RuntimeType type, Boolean publicOnly, Boolean noCheck, Boolean& canBeCached, RuntimeMethodHandleInternal& ctor, Boolean& bNeedSecurityCheck)
   at System.RuntimeType.CreateInstanceSlow(Boolean publicOnly, Boolean skipCheckThis, Boolean fillCache, StackCrawlMark& stackMark)
   at System.RuntimeType.CreateInstanceDefaultCtor(Boolean publicOnly, Boolean skipCheckThis, Boolean fillCache, StackCrawlMark& stackMark)
   at System.Activator.CreateInstance(Type type, Boolean nonPublic)
   at System.Activator.CreateInstance(Type type)
   at System.Threading.LazyHelpers`1.ActivatorFactorySelector()
   at System.Threading.LazyInitializer.EnsureInitializedCore[T](T& target, Boolean& initialized, Object& syncLock, Func`1 valueFactory)
   at System.Threading.LazyInitializer.EnsureInitialized[T](T& target, Boolean& initialized, Object& syncLock)
   at StatisticalSolutions.Filters.InitializeSimpleMembershipAttribute.OnActionExecuting(ActionExecutingContext filterContext) in e:\Ola Projects\3rdPartyProjects\StatisticalSolutions\StatisticalSolutions\Filters\InitializeSimpleMembershipAttribute.cs:line 23
   at System.Web.Mvc.Async.AsyncControllerActionInvoker.InvokeActionMethodFilterAsynchronously(IActionFilter filter, ActionExecutingContext preContext, Func`1 nextInChain)
   at System.Web.Mvc.Async.AsyncControllerActionInvoker.InvokeActionMethodFilterAsynchronously(IActionFilter filter, ActionExecutingContext preContext, Func`1 nextInChain)
   at System.Web.Mvc.Async.AsyncControllerActionInvoker.<>c__DisplayClass37.<BeginInvokeActionMethodWithFilters>b__31(AsyncCallback asyncCallback, Object asyncState)
   at System.Web.Mvc.Async.AsyncResultWrapper.WrappedAsyncResult`1.Begin(AsyncCallback callback, Object state, Int32 timeout)
   at System.Web.Mvc.Async.AsyncResultWrapper.Begin[TResult](AsyncCallback callback, Object state, BeginInvokeDelegate beginDelegate, EndInvokeDelegate`1 endDelegate, Object tag, Int32 timeout)
   at System.Web.Mvc.Async.AsyncResultWrapper.Begin[TResult](AsyncCallback callback, Object state, BeginInvokeDelegate beginDelegate, EndInvokeDelegate`1 endDelegate, Object tag)
   at System.Web.Mvc.Async.AsyncControllerActionInvoker.<>c__DisplayClass25.<BeginInvokeAction>b__1e(AsyncCallback asyncCallback, Object asyncState)
 2015-05-21 12:19:54,227 [10] INFO  StatisticalSolutions.Controllers.Base.BaseController - Application URL - /StatisticalSolutions/Base/StatisticalError 
 2015-05-21 12:19:54,228 [10] INFO  StatisticalSolutions.Controllers.Base.BaseController - Application URL - /StatisticalSolutions/Base/StatisticalError 
 2015-05-21 12:19:54,228 [10] ERROR StatisticalSolutions.Controllers.Base.BaseController - Statistical exception message - Exception has been thrown by the target of an invocation.
 2015-05-21 12:19:54,228 [10] ERROR StatisticalSolutions.Controllers.Base.BaseController - Statistical exception stack trace -    at System.RuntimeTypeHandle.CreateInstance(RuntimeType type, Boolean publicOnly, Boolean noCheck, Boolean& canBeCached, RuntimeMethodHandleInternal& ctor, Boolean& bNeedSecurityCheck)
   at System.RuntimeType.CreateInstanceSlow(Boolean publicOnly, Boolean skipCheckThis, Boolean fillCache, StackCrawlMark& stackMark)
   at System.RuntimeType.CreateInstanceDefaultCtor(Boolean publicOnly, Boolean skipCheckThis, Boolean fillCache, StackCrawlMark& stackMark)
   at System.Activator.CreateInstance(Type type, Boolean nonPublic)
   at System.Activator.CreateInstance(Type type)
   at System.Threading.LazyHelpers`1.ActivatorFactorySelector()
   at System.Threading.LazyInitializer.EnsureInitializedCore[T](T& target, Boolean& initialized, Object& syncLock, Func`1 valueFactory)
   at System.Threading.LazyInitializer.EnsureInitialized[T](T& target, Boolean& initialized, Object& syncLock)
   at StatisticalSolutions.Filters.InitializeSimpleMembershipAttribute.OnActionExecuting(ActionExecutingContext filterContext) in e:\Ola Projects\3rdPartyProjects\StatisticalSolutions\StatisticalSolutions\Filters\InitializeSimpleMembershipAttribute.cs:line 23
   at System.Web.Mvc.Async.AsyncControllerActionInvoker.InvokeActionMethodFilterAsynchronously(IActionFilter filter, ActionExecutingContext preContext, Func`1 nextInChain)
   at System.Web.Mvc.Async.AsyncControllerActionInvoker.InvokeActionMethodFilterAsynchronously(IActionFilter filter, ActionExecutingContext preContext, Func`1 nextInChain)
   at System.Web.Mvc.Async.AsyncControllerActionInvoker.<>c__DisplayClass37.<BeginInvokeActionMethodWithFilters>b__31(AsyncCallback asyncCallback, Object asyncState)
   at System.Web.Mvc.Async.AsyncResultWrapper.WrappedAsyncResult`1.Begin(AsyncCallback callback, Object state, Int32 timeout)
   at System.Web.Mvc.Async.AsyncResultWrapper.Begin[TResult](AsyncCallback callback, Object state, BeginInvokeDelegate beginDelegate, EndInvokeDelegate`1 endDelegate, Object tag, Int32 timeout)
   at System.Web.Mvc.Async.AsyncResultWrapper.Begin[TResult](AsyncCallback callback, Object state, BeginInvokeDelegate beginDelegate, EndInvokeDelegate`1 endDelegate, Object tag)
   at System.Web.Mvc.Async.AsyncControllerActionInvoker.<>c__DisplayClass25.<BeginInvokeAction>b__1e(AsyncCallback asyncCallback, Object asyncState)
 2015-05-21 12:19:54,233 [8] INFO  StatisticalSolutions.Controllers.Base.BaseController - Application URL - /StatisticalSolutions/Base/StatisticalError 
 2015-05-21 12:19:54,233 [8] INFO  StatisticalSolutions.Controllers.Base.BaseController - Application URL - /StatisticalSolutions/Base/StatisticalError 
 2015-05-21 12:19:54,234 [8] ERROR StatisticalSolutions.Controllers.Base.BaseController - Statistical exception message - Exception has been thrown by the target of an invocation.
 2015-05-21 12:19:54,234 [8] ERROR StatisticalSolutions.Controllers.Base.BaseController - Statistical exception stack trace -    at System.RuntimeTypeHandle.CreateInstance(RuntimeType type, Boolean publicOnly, Boolean noCheck, Boolean& canBeCached, RuntimeMethodHandleInternal& ctor, Boolean& bNeedSecurityCheck)
   at System.RuntimeType.CreateInstanceSlow(Boolean publicOnly, Boolean skipCheckThis, Boolean fillCache, StackCrawlMark& stackMark)
   at System.RuntimeType.CreateInstanceDefaultCtor(Boolean publicOnly, Boolean skipCheckThis, Boolean fillCache, StackCrawlMark& stackMark)
   at System.Activator.CreateInstance(Type type, Boolean nonPublic)
   at System.Activator.CreateInstance(Type type)
   at System.Threading.LazyHelpers`1.ActivatorFactorySelector()
   at System.Threading.LazyInitializer.EnsureInitializedCore[T](T& target, Boolean& initialized, Object& syncLock, Func`1 valueFactory)
   at System.Threading.LazyInitializer.EnsureInitialized[T](T& target, Boolean& initialized, Object& syncLock)
   at StatisticalSolutions.Filters.InitializeSimpleMembershipAttribute.OnActionExecuting(ActionExecutingContext filterContext) in e:\Ola Projects\3rdPartyProjects\StatisticalSolutions\StatisticalSolutions\Filters\InitializeSimpleMembershipAttribute.cs:line 23
   at System.Web.Mvc.Async.AsyncControllerActionInvoker.InvokeActionMethodFilterAsynchronously(IActionFilter filter, ActionExecutingContext preContext, Func`1 nextInChain)
   at System.Web.Mvc.Async.AsyncControllerActionInvoker.InvokeActionMethodFilterAsynchronously(IActionFilter filter, ActionExecutingContext preContext, Func`1 nextInChain)
   at System.Web.Mvc.Async.AsyncControllerActionInvoker.<>c__DisplayClass37.<BeginInvokeActionMethodWithFilters>b__31(AsyncCallback asyncCallback, Object asyncState)
   at System.Web.Mvc.Async.AsyncResultWrapper.WrappedAsyncResult`1.Begin(AsyncCallback callback, Object state, Int32 timeout)
   at System.Web.Mvc.Async.AsyncResultWrapper.Begin[TResult](AsyncCallback callback, Object state, BeginInvokeDelegate beginDelegate, EndInvokeDelegate`1 endDelegate, Object tag, Int32 timeout)
   at System.Web.Mvc.Async.AsyncResultWrapper.Begin[TResult](AsyncCallback callback, Object state, BeginInvokeDelegate beginDelegate, EndInvokeDelegate`1 endDelegate, Object tag)
   at System.Web.Mvc.Async.AsyncControllerActionInvoker.<>c__DisplayClass25.<BeginInvokeAction>b__1e(AsyncCallback asyncCallback, Object asyncState)
 2015-05-21 12:19:54,238 [7] INFO  StatisticalSolutions.Controllers.Base.BaseController - Application URL - /StatisticalSolutions/Base/StatisticalError 
 2015-05-21 12:19:54,238 [7] INFO  StatisticalSolutions.Controllers.Base.BaseController - Application URL - /StatisticalSolutions/Base/StatisticalError 
 2015-05-21 12:19:54,239 [7] ERROR StatisticalSolutions.Controllers.Base.BaseController - Statistical exception message - Exception has been thrown by the target of an invocation.
 2015-05-21 12:19:54,239 [7] ERROR StatisticalSolutions.Controllers.Base.BaseController - Statistical exception stack trace -    at System.RuntimeTypeHandle.CreateInstance(RuntimeType type, Boolean publicOnly, Boolean noCheck, Boolean& canBeCached, RuntimeMethodHandleInternal& ctor, Boolean& bNeedSecurityCheck)
   at System.RuntimeType.CreateInstanceSlow(Boolean publicOnly, Boolean skipCheckThis, Boolean fillCache, StackCrawlMark& stackMark)
   at System.RuntimeType.CreateInstanceDefaultCtor(Boolean publicOnly, Boolean skipCheckThis, Boolean fillCache, StackCrawlMark& stackMark)
   at System.Activator.CreateInstance(Type type, Boolean nonPublic)
   at System.Activator.CreateInstance(Type type)
   at System.Threading.LazyHelpers`1.ActivatorFactorySelector()
   at System.Threading.LazyInitializer.EnsureInitializedCore[T](T& target, Boolean& initialized, Object& syncLock, Func`1 valueFactory)
   at System.Threading.LazyInitializer.EnsureInitialized[T](T& target, Boolean& initialized, Object& syncLock)
   at StatisticalSolutions.Filters.InitializeSimpleMembershipAttribute.OnActionExecuting(ActionExecutingContext filterContext) in e:\Ola Projects\3rdPartyProjects\StatisticalSolutions\StatisticalSolutions\Filters\InitializeSimpleMembershipAttribute.cs:line 23
   at System.Web.Mvc.Async.AsyncControllerActionInvoker.InvokeActionMethodFilterAsynchronously(IActionFilter filter, ActionExecutingContext preContext, Func`1 nextInChain)
   at System.Web.Mvc.Async.AsyncControllerActionInvoker.InvokeActionMethodFilterAsynchronously(IActionFilter filter, ActionExecutingContext preContext, Func`1 nextInChain)
   at System.Web.Mvc.Async.AsyncControllerActionInvoker.<>c__DisplayClass37.<BeginInvokeActionMethodWithFilters>b__31(AsyncCallback asyncCallback, Object asyncState)
   at System.Web.Mvc.Async.AsyncResultWrapper.WrappedAsyncResult`1.Begin(AsyncCallback callback, Object state, Int32 timeout)
   at System.Web.Mvc.Async.AsyncResultWrapper.Begin[TResult](AsyncCallback callback, Object state, BeginInvokeDelegate beginDelegate, EndInvokeDelegate`1 endDelegate, Object tag, Int32 timeout)
   at System.Web.Mvc.Async.AsyncResultWrapper.Begin[TResult](AsyncCallback callback, Object state, BeginInvokeDelegate beginDelegate, EndInvokeDelegate`1 endDelegate, Object tag)
   at System.Web.Mvc.Async.AsyncControllerActionInvoker.<>c__DisplayClass25.<BeginInvokeAction>b__1e(AsyncCallback asyncCallback, Object asyncState)
 2015-05-21 12:19:54,242 [10] INFO  StatisticalSolutions.Controllers.Base.BaseController - Application URL - /StatisticalSolutions/Base/StatisticalError 
 2015-05-21 12:19:54,243 [10] INFO  StatisticalSolutions.Controllers.Base.BaseController - Application URL - /StatisticalSolutions/Base/StatisticalError 
 2015-05-21 12:19:54,243 [10] ERROR StatisticalSolutions.Controllers.Base.BaseController - Statistical exception message - Exception has been thrown by the target of an invocation.
 2015-05-21 12:19:54,243 [10] ERROR StatisticalSolutions.Controllers.Base.BaseController - Statistical exception stack trace -    at System.RuntimeTypeHandle.CreateInstance(RuntimeType type, Boolean publicOnly, Boolean noCheck, Boolean& canBeCached, RuntimeMethodHandleInternal& ctor, Boolean& bNeedSecurityCheck)
   at System.RuntimeType.CreateInstanceSlow(Boolean publicOnly, Boolean skipCheckThis, Boolean fillCache, StackCrawlMark& stackMark)
   at System.RuntimeType.CreateInstanceDefaultCtor(Boolean publicOnly, Boolean skipCheckThis, Boolean fillCache, StackCrawlMark& stackMark)
   at System.Activator.CreateInstance(Type type, Boolean nonPublic)
   at System.Activator.CreateInstance(Type type)
   at System.Threading.LazyHelpers`1.ActivatorFactorySelector()
   at System.Threading.LazyInitializer.EnsureInitializedCore[T](T& target, Boolean& initialized, Object& syncLock, Func`1 valueFactory)
   at System.Threading.LazyInitializer.EnsureInitialized[T](T& target, Boolean& initialized, Object& syncLock)
   at StatisticalSolutions.Filters.InitializeSimpleMembershipAttribute.OnActionExecuting(ActionExecutingContext filterContext) in e:\Ola Projects\3rdPartyProjects\StatisticalSolutions\StatisticalSolutions\Filters\InitializeSimpleMembershipAttribute.cs:line 23
   at System.Web.Mvc.Async.AsyncControllerActionInvoker.InvokeActionMethodFilterAsynchronously(IActionFilter filter, ActionExecutingContext preContext, Func`1 nextInChain)
   at System.Web.Mvc.Async.AsyncControllerActionInvoker.InvokeActionMethodFilterAsynchronously(IActionFilter filter, ActionExecutingContext preContext, Func`1 nextInChain)
   at System.Web.Mvc.Async.AsyncControllerActionInvoker.<>c__DisplayClass37.<BeginInvokeActionMethodWithFilters>b__31(AsyncCallback asyncCallback, Object asyncState)
   at System.Web.Mvc.Async.AsyncResultWrapper.WrappedAsyncResult`1.Begin(AsyncCallback callback, Object state, Int32 timeout)
   at System.Web.Mvc.Async.AsyncResultWrapper.Begin[TResult](AsyncCallback callback, Object state, BeginInvokeDelegate beginDelegate, EndInvokeDelegate`1 endDelegate, Object tag, Int32 timeout)
   at System.Web.Mvc.Async.AsyncResultWrapper.Begin[TResult](AsyncCallback callback, Object state, BeginInvokeDelegate beginDelegate, EndInvokeDelegate`1 endDelegate, Object tag)
   at System.Web.Mvc.Async.AsyncControllerActionInvoker.<>c__DisplayClass25.<BeginInvokeAction>b__1e(AsyncCallback asyncCallback, Object asyncState)
 2015-05-21 12:19:54,247 [8] INFO  StatisticalSolutions.Controllers.Base.BaseController - Application URL - /StatisticalSolutions/Base/StatisticalError 
 2015-05-21 12:19:54,248 [8] INFO  StatisticalSolutions.Controllers.Base.BaseController - Application URL - /StatisticalSolutions/Base/StatisticalError 
 2015-05-21 12:19:54,248 [8] ERROR StatisticalSolutions.Controllers.Base.BaseController - Statistical exception message - Exception has been thrown by the target of an invocation.
 2015-05-21 12:19:54,248 [8] ERROR StatisticalSolutions.Controllers.Base.BaseController - Statistical exception stack trace -    at System.RuntimeTypeHandle.CreateInstance(RuntimeType type, Boolean publicOnly, Boolean noCheck, Boolean& canBeCached, RuntimeMethodHandleInternal& ctor, Boolean& bNeedSecurityCheck)
   at System.RuntimeType.CreateInstanceSlow(Boolean publicOnly, Boolean skipCheckThis, Boolean fillCache, StackCrawlMark& stackMark)
   at System.RuntimeType.CreateInstanceDefaultCtor(Boolean publicOnly, Boolean skipCheckThis, Boolean fillCache, StackCrawlMark& stackMark)
   at System.Activator.CreateInstance(Type type, Boolean nonPublic)
   at System.Activator.CreateInstance(Type type)
   at System.Threading.LazyHelpers`1.ActivatorFactorySelector()
   at System.Threading.LazyInitializer.EnsureInitializedCore[T](T& target, Boolean& initialized, Object& syncLock, Func`1 valueFactory)
   at System.Threading.LazyInitializer.EnsureInitialized[T](T& target, Boolean& initialized, Object& syncLock)
   at StatisticalSolutions.Filters.InitializeSimpleMembershipAttribute.OnActionExecuting(ActionExecutingContext filterContext) in e:\Ola Projects\3rdPartyProjects\StatisticalSolutions\StatisticalSolutions\Filters\InitializeSimpleMembershipAttribute.cs:line 23
   at System.Web.Mvc.Async.AsyncControllerActionInvoker.InvokeActionMethodFilterAsynchronously(IActionFilter filter, ActionExecutingContext preContext, Func`1 nextInChain)
   at System.Web.Mvc.Async.AsyncControllerActionInvoker.InvokeActionMethodFilterAsynchronously(IActionFilter filter, ActionExecutingContext preContext, Func`1 nextInChain)
   at System.Web.Mvc.Async.AsyncControllerActionInvoker.<>c__DisplayClass37.<BeginInvokeActionMethodWithFilters>b__31(AsyncCallback asyncCallback, Object asyncState)
   at System.Web.Mvc.Async.AsyncResultWrapper.WrappedAsyncResult`1.Begin(AsyncCallback callback, Object state, Int32 timeout)
   at System.Web.Mvc.Async.AsyncResultWrapper.Begin[TResult](AsyncCallback callback, Object state, BeginInvokeDelegate beginDelegate, EndInvokeDelegate`1 endDelegate, Object tag, Int32 timeout)
   at System.Web.Mvc.Async.AsyncResultWrapper.Begin[TResult](AsyncCallback callback, Object state, BeginInvokeDelegate beginDelegate, EndInvokeDelegate`1 endDelegate, Object tag)
   at System.Web.Mvc.Async.AsyncControllerActionInvoker.<>c__DisplayClass25.<BeginInvokeAction>b__1e(AsyncCallback asyncCallback, Object asyncState)
 2015-05-21 12:19:59,255 [9] INFO  StatisticalSolutions.Controllers.Base.BaseController - Application URL - /StatisticalSolutions/Base/StatisticalError 
 2015-05-21 12:20:23,741 [9] INFO  StatisticalSolutions.Controllers.Base.BaseController - Application URL - /StatisticalSolutions/Base/StatisticalError 
 2015-05-21 12:20:30,881 [12] INFO  StatisticalSolutions.Controllers.Base.BaseController - Application URL - /StatisticalSolutions/Base/StatisticalError 
 2015-05-21 12:20:30,881 [12] INFO  StatisticalSolutions.Controllers.Base.BaseController - Application URL - /StatisticalSolutions/Base/StatisticalError 
 2015-05-21 12:23:00,029 [10] INFO  StatisticalSolutions.Controllers.Base.BaseController - Application URL - /StatisticalSolutions/ 
 2015-05-21 12:25:27,621 [27] INFO  StatisticalSolutions.Controllers.Base.BaseController - Application URL - /StatisticalSolutions/ 
 2015-05-21 12:26:07,089 [32] INFO  StatisticalSolutions.Controllers.Base.BaseController - Application URL - /StatisticalSolutions/Admin/AddWorkshop 
 2015-05-21 12:26:15,532 [31] INFO  StatisticalSolutions.Controllers.Base.BaseController - Application URL - /StatisticalSolutions/Workshop/Register 
 2015-05-21 12:26:47,481 [33] INFO  StatisticalSolutions.Controllers.Base.BaseController - Application URL - /StatisticalSolutions/Workshop/Registration/14 
 2015-05-21 12:27:41,953 [41] INFO  StatisticalSolutions.Controllers.Base.BaseController - Application URL - /StatisticalSolutions/Workshop/Registration/14 
 2015-05-21 12:31:21,842 [35] INFO  StatisticalSolutions.Controllers.Base.BaseController - Application URL - /StatisticalSolutions/ 
 2015-05-21 12:31:48,447 [31] INFO  StatisticalSolutions.Controllers.Base.BaseController - Application URL - /StatisticalSolutions/Workshop/Register 
 2015-05-21 12:32:10,531 [30] INFO  StatisticalSolutions.Controllers.Base.BaseController - Application URL - /StatisticalSolutions/Workshop/Registration/14 
 2015-05-21 12:32:23,064 [30] INFO  StatisticalSolutions.Controllers.Base.BaseController - Application URL - /StatisticalSolutions/Workshop/Registration/9 
 2015-05-21 12:32:37,180 [30] INFO  StatisticalSolutions.Controllers.Base.BaseController - Application URL - /StatisticalSolutions/Workshop/Registration/14 
 2015-05-21 12:32:58,325 [29] INFO  StatisticalSolutions.Controllers.Base.BaseController - Application URL - /StatisticalSolutions/Workshop/Registration/9 
 2015-05-21 12:43:58,978 [34] INFO  StatisticalSolutions.Controllers.Base.BaseController - Application URL - /StatisticalSolutions/ 
 2015-05-21 12:51:46,172 [30] INFO  StatisticalSolutions.Controllers.Base.BaseController - Application URL - /StatisticalSolutions/ 
 2015-05-21 12:51:50,404 [16] INFO  StatisticalSolutions.Controllers.Base.BaseController - Application URL - /StatisticalSolutions/Workshop/Register 
 2015-05-21 12:52:24,064 [35] INFO  StatisticalSolutions.Controllers.Base.BaseController - Application URL - /StatisticalSolutions/Workshop/Registration/9 
 2015-05-21 12:55:25,455 [47] INFO  StatisticalSolutions.Controllers.Base.BaseController - Application URL - /StatisticalSolutions/ 
 2015-05-21 12:55:36,054 [49] INFO  StatisticalSolutions.Controllers.Base.BaseController - Application URL - /StatisticalSolutions/Workshop/Register 
 2015-05-21 12:55:47,038 [46] INFO  StatisticalSolutions.Controllers.Base.BaseController - Application URL - /StatisticalSolutions/Workshop/Registration/9 
 2015-05-21 12:56:27,699 [47] INFO  StatisticalSolutions.Controllers.Base.BaseController - Application URL - /StatisticalSolutions/Admin/AddWorkshop 
 2015-05-21 12:57:07,550 [44] INFO  StatisticalSolutions.Controllers.Base.BaseController - Application URL - /StatisticalSolutions/Admin/AddWorkshop 
 2015-05-21 12:57:55,967 [7] INFO  StatisticalSolutions.Controllers.Base.BaseController - Application URL - /StatisticalSolutions/Admin/AddWorkshop 
 2015-05-21 13:01:56,102 [44] INFO  StatisticalSolutions.Controllers.Base.BaseController - Application URL - /StatisticalSolutions/Admin/AddWorkshop 
 2015-05-21 13:06:57,650 [53] INFO  StatisticalSolutions.Controllers.Base.BaseController - Application URL - /StatisticalSolutions/Admin/AddWorkshop 
 2015-05-21 13:13:41,713 [44] INFO  StatisticalSolutions.Controllers.Base.BaseController - Application URL - /StatisticalSolutions/Admin/AddWorkshop 
 2015-05-21 13:17:56,950 [37] INFO  StatisticalSolutions.Controllers.Base.BaseController - Application URL - /StatisticalSolutions/Admin/AddWorkshop 
 2015-05-21 13:22:49,221 [19] INFO  StatisticalSolutions.Controllers.Base.BaseController - Application URL - /StatisticalSolutions/Admin/AddWorkshop 
 2015-05-21 13:25:06,572 [35] INFO  StatisticalSolutions.Controllers.Base.BaseController - Application URL - /StatisticalSolutions/Admin/AddWorkshop 
 2015-05-21 13:29:16,402 [22] INFO  StatisticalSolutions.Controllers.Base.BaseController - Application URL - /StatisticalSolutions/Admin/AddWorkshop 
 2015-05-21 13:32:09,854 [65] INFO  StatisticalSolutions.Controllers.Base.BaseController - Application URL - /StatisticalSolutions/Admin/AddWorkshop 
 2015-05-21 13:39:19,829 [64] INFO  StatisticalSolutions.Controllers.Base.BaseController - Application URL - /StatisticalSolutions/Admin/AddWorkshop 
 2015-05-21 13:40:26,647 [33] INFO  StatisticalSolutions.Controllers.Base.BaseController - Application URL - /StatisticalSolutions/Admin/AddWorkshop 
 2015-05-21 13:40:32,950 [49] INFO  StatisticalSolutions.Controllers.Base.BaseController - Application URL - /StatisticalSolutions/Admin/AddWorkshop 
 2015-05-21 13:41:55,044 [43] INFO  StatisticalSolutions.Controllers.Base.BaseController - Application URL - /StatisticalSolutions/Admin/AddWorkshop 
 2015-05-21 13:43:30,369 [36] INFO  StatisticalSolutions.Controllers.Base.BaseController - Application URL - /StatisticalSolutions/Admin/AddWorkshop 
 2015-05-21 13:47:12,871 [48] INFO  StatisticalSolutions.Controllers.Base.BaseController - Application URL - /StatisticalSolutions/Admin/AddWorkshop 
 2015-05-21 13:48:31,914 [48] INFO  StatisticalSolutions.Controllers.Base.BaseController - Application URL - /StatisticalSolutions/Admin/AddWorkshop 
 2015-05-21 13:50:12,202 [48] INFO  StatisticalSolutions.Controllers.Base.BaseController - Application URL - /StatisticalSolutions/Admin/AddWorkshop 
 2015-05-21 13:51:11,110 [36] INFO  StatisticalSolutions.Controllers.Base.BaseController - Application URL - /StatisticalSolutions/Admin/AddWorkshop 
 2015-05-21 13:54:28,929 [45] INFO  StatisticalSolutions.Controllers.Base.BaseController - Application URL - /StatisticalSolutions/Admin/AddWorkshop 
 2015-05-21 13:55:08,955 [45] INFO  StatisticalSolutions.Controllers.Base.BaseController - Application URL - /StatisticalSolutions/Admin/AddWorkshop 
 2015-05-21 13:55:53,544 [36] INFO  StatisticalSolutions.Controllers.Base.BaseController - Application URL - /StatisticalSolutions/Admin/AddWorkshop 
 2015-05-21 13:58:34,243 [55] INFO  StatisticalSolutions.Controllers.Base.BaseController - Application URL - /StatisticalSolutions/Admin/AddWorkshop 
 2015-05-21 14:00:34,026 [45] INFO  StatisticalSolutions.Controllers.Base.BaseController - Application URL - /StatisticalSolutions/Admin/AddWorkshop 
 2015-05-21 14:01:24,525 [45] INFO  StatisticalSolutions.Controllers.Base.BaseController - Application URL - /StatisticalSolutions/Admin/AddWorkshop 
 2015-05-21 14:05:01,719 [49] INFO  StatisticalSolutions.Controllers.Base.BaseController - Application URL - /StatisticalSolutions/Admin/AddWorkshop 
 2015-05-21 14:06:44,012 [23] INFO  StatisticalSolutions.Controllers.Base.BaseController - Application URL - /StatisticalSolutions/Admin/AddWorkshop 
 2015-05-21 14:08:34,714 [48] INFO  StatisticalSolutions.Controllers.Base.BaseController - Application URL - /StatisticalSolutions/Admin/AddWorkshop 
 2015-05-21 14:09:21,505 [23] INFO  StatisticalSolutions.Controllers.Base.BaseController - Application URL - /StatisticalSolutions/Admin/AddWorkshop 
 2015-05-21 14:11:24,592 [9] INFO  StatisticalSolutions.Controllers.Base.BaseController - Application URL - /StatisticalSolutions/Admin/AddWorkshop 
 2015-05-21 14:12:03,684 [43] INFO  StatisticalSolutions.Controllers.Base.BaseController - Application URL - /StatisticalSolutions/Admin/AddWorkshop 
 2015-05-21 14:12:27,005 [21] INFO  StatisticalSolutions.Controllers.Base.BaseController - Application URL - /StatisticalSolutions/Admin/AddWorkshop 
 2015-05-21 14:12:49,136 [23] INFO  StatisticalSolutions.Controllers.Base.BaseController - Application URL - /StatisticalSolutions/Admin/AddWorkshop 
 2015-05-21 14:13:57,364 [41] INFO  StatisticalSolutions.Controllers.Base.BaseController - Application URL - /StatisticalSolutions/Admin/AddWorkshop 
 2015-05-21 14:14:36,716 [9] INFO  StatisticalSolutions.Controllers.Base.BaseController - Application URL - /StatisticalSolutions/Admin/AddWorkshop 
 2015-05-21 14:15:00,162 [9] INFO  StatisticalSolutions.Controllers.Base.BaseController - Application URL - /StatisticalSolutions/Admin/AddWorkshop 
 2015-05-21 14:15:35,002 [23] INFO  StatisticalSolutions.Controllers.Base.BaseController - Application URL - /StatisticalSolutions/Admin/AddWorkshop 
 2015-05-21 14:16:04,197 [43] INFO  StatisticalSolutions.Controllers.Base.BaseController - Application URL - /StatisticalSolutions/Admin/AddWorkshop 
 2015-05-21 14:16:49,127 [42] INFO  StatisticalSolutions.Controllers.Base.BaseController - Application URL - /StatisticalSolutions/Admin/AddWorkshop 
 2015-05-21 14:17:43,500 [9] INFO  StatisticalSolutions.Controllers.Base.BaseController - Application URL - /StatisticalSolutions/Admin/AddWorkshop 
 2015-05-21 14:18:14,221 [7] INFO  StatisticalSolutions.Controllers.Base.BaseController - Application URL - /StatisticalSolutions/Admin/AddWorkshop 
 2015-05-21 14:18:49,009 [47] INFO  StatisticalSolutions.Controllers.Base.BaseController - Application URL - /StatisticalSolutions/Admin/AddWorkshop 
 2015-05-21 14:19:15,430 [47] INFO  StatisticalSolutions.Controllers.Base.BaseController - Application URL - /StatisticalSolutions/Admin/AddWorkshop 
 2015-05-21 14:26:28,197 [22] INFO  StatisticalSolutions.Controllers.Base.BaseController - Application URL - /StatisticalSolutions/ 
 2015-05-21 14:26:35,749 [55] INFO  StatisticalSolutions.Controllers.Base.BaseController - Application URL - /StatisticalSolutions/Workshop/Register 
 2015-05-21 14:26:51,929 [55] ERROR StatisticalSolutions.Controllers.Base.BaseController - Function Register Error  - The underlying provider failed on Open.
 2015-05-21 14:26:51,932 [55] ERROR StatisticalSolutions.Controllers.Base.BaseController - Statistical exception message - The underlying provider failed on Open.
 System.Data.Entity.Core.EntityException: The underlying provider failed on Open. ---> System.Data.SqlClient.SqlException: A network-related or instance-specific error occurred while establishing a connection to SQL Server. The server was not found or was not accessible. Verify that the instance name is correct and that SQL Server is configured to allow remote connections. (provider: TCP Provider, error: 0 - The requested name is valid, but no data of the requested type was found.) ---> System.ComponentModel.Win32Exception: The requested name is valid, but no data of the requested type was found
   --- End of inner exception stack trace ---
   at System.Data.SqlClient.SqlInternalConnection.OnError(SqlException exception, Boolean breakConnection, Action`1 wrapCloseInAction)
   at System.Data.SqlClient.TdsParser.ThrowExceptionAndWarning(TdsParserStateObject stateObj, Boolean callerHasConnectionLock, Boolean asyncClose)
   at System.Data.SqlClient.TdsParser.Connect(ServerInfo serverInfo, SqlInternalConnectionTds connHandler, Boolean ignoreSniOpenTimeout, Int64 timerExpire, Boolean encrypt, Boolean trustServerCert, Boolean integratedSecurity, Boolean withFailover)
   at System.Data.SqlClient.SqlInternalConnectionTds.AttemptOneLogin(ServerInfo serverInfo, String newPassword, SecureString newSecurePassword, Boolean ignoreSniOpenTimeout, TimeoutTimer timeout, Boolean withFailover)
   at System.Data.SqlClient.SqlInternalConnectionTds.LoginNoFailover(ServerInfo serverInfo, String newPassword, SecureString newSecurePassword, Boolean redirectedUserInstance, SqlConnectionString connectionOptions, SqlCredential credential, TimeoutTimer timeout)
   at System.Data.SqlClient.SqlInternalConnectionTds.OpenLoginEnlist(TimeoutTimer timeout, SqlConnectionString connectionOptions, SqlCredential credential, String newPassword, SecureString newSecurePassword, Boolean redirectedUserInstance)
   at System.Data.SqlClient.SqlInternalConnectionTds..ctor(DbConnectionPoolIdentity identity, SqlConnectionString connectionOptions, SqlCredential credential, Object providerInfo, String newPassword, SecureString newSecurePassword, Boolean redirectedUserInstance, SqlConnectionString userConnectionOptions, SessionData reconnectSessionData)
   at System.Data.SqlClient.SqlConnectionFactory.CreateConnection(DbConnectionOptions options, DbConnectionPoolKey poolKey, Object poolGroupProviderInfo, DbConnectionPool pool, DbConnection owningConnection, DbConnectionOptions userOptions)
   at System.Data.ProviderBase.DbConnectionFactory.CreatePooledConnection(DbConnectionPool pool, DbConnection owningObject, DbConnectionOptions options, DbConnectionPoolKey poolKey, DbConnectionOptions userOptions)
   at System.Data.ProviderBase.DbConnectionPool.CreateObject(DbConnection owningObject, DbConnectionOptions userOptions, DbConnectionInternal oldConnection)
   at System.Data.ProviderBase.DbConnectionPool.UserCreateRequest(DbConnection owningObject, DbConnectionOptions userOptions, DbConnectionInternal oldConnection)
   at System.Data.ProviderBase.DbConnectionPool.TryGetConnection(DbConnection owningObject, UInt32 waitForMultipleObjectsTimeout, Boolean allowCreate, Boolean onlyOneCheckConnection, DbConnectionOptions userOptions, DbConnectionInternal& connection)
   at System.Data.ProviderBase.DbConnectionPool.TryGetConnection(DbConnection owningObject, TaskCompletionSource`1 retry, DbConnectionOptions userOptions, DbConnectionInternal& connection)
   at System.Data.ProviderBase.DbConnectionFactory.TryGetConnection(DbConnection owningConnection, TaskCompletionSource`1 retry, DbConnectionOptions userOptions, DbConnectionInternal oldConnection, DbConnectionInternal& connection)
   at System.Data.ProviderBase.DbConnectionInternal.TryOpenConnectionInternal(DbConnection outerConnection, DbConnectionFactory connectionFactory, TaskCompletionSource`1 retry, DbConnectionOptions userOptions)
   at System.Data.SqlClient.SqlConnection.TryOpenInner(TaskCompletionSource`1 retry)
   at System.Data.SqlClient.SqlConnection.TryOpen(TaskCompletionSource`1 retry)
   at System.Data.SqlClient.SqlConnection.Open()
   at System.Data.Entity.Infrastructure.Interception.InternalDispatcher`1.Dispatch[TTarget,TInterceptionContext](TTarget target, Action`2 operation, TInterceptionContext interceptionContext, Action`3 executing, Action`3 executed)
   at System.Data.Entity.Infrastructure.Interception.DbConnectionDispatcher.Open(DbConnection connection, DbInterceptionContext interceptionContext)
   at System.Data.Entity.SqlServer.DefaultSqlExecutionStrategy.<>c__DisplayClass1.<Execute>b__0()
   at System.Data.Entity.SqlServer.DefaultSqlExecutionStrategy.Execute[TResult](Func`1 operation)
   at System.Data.Entity.Core.EntityClient.EntityConnection.Open()
   --- End of inner exception stack trace ---
   at StatisticalSolutions.DataAccess.DAL.getfutureseminars() in e:\Ola Projects\3rdPartyProjects\StatisticalSolutions\StatisticalSolutions\DataAccess\DAL.cs:line 780
   at StatisticalSolutions.Controllers.WorkshopController.Register() in e:\Ola Projects\3rdPartyProjects\StatisticalSolutions\StatisticalSolutions\Controllers\WorkshopController.cs:line 101
2015-05-21 14:27:00,124 [44] INFO  StatisticalSolutions.Controllers.Base.BaseController - Application URL - /StatisticalSolutions/Workshop/Register 
 2015-05-21 14:27:16,087 [44] ERROR StatisticalSolutions.Controllers.Base.BaseController - Function Register Error  - The underlying provider failed on Open.
 2015-05-21 14:27:16,087 [44] ERROR StatisticalSolutions.Controllers.Base.BaseController - Statistical exception message - The underlying provider failed on Open.
 System.Data.Entity.Core.EntityException: The underlying provider failed on Open. ---> System.Data.SqlClient.SqlException: A network-related or instance-specific error occurred while establishing a connection to SQL Server. The server was not found or was not accessible. Verify that the instance name is correct and that SQL Server is configured to allow remote connections. (provider: TCP Provider, error: 0 - The requested name is valid, but no data of the requested type was found.) ---> System.ComponentModel.Win32Exception: The requested name is valid, but no data of the requested type was found
   --- End of inner exception stack trace ---
   at System.Data.SqlClient.SqlInternalConnection.OnError(SqlException exception, Boolean breakConnection, Action`1 wrapCloseInAction)
   at System.Data.SqlClient.TdsParser.ThrowExceptionAndWarning(TdsParserStateObject stateObj, Boolean callerHasConnectionLock, Boolean asyncClose)
   at System.Data.SqlClient.TdsParser.Connect(ServerInfo serverInfo, SqlInternalConnectionTds connHandler, Boolean ignoreSniOpenTimeout, Int64 timerExpire, Boolean encrypt, Boolean trustServerCert, Boolean integratedSecurity, Boolean withFailover)
   at System.Data.SqlClient.SqlInternalConnectionTds.AttemptOneLogin(ServerInfo serverInfo, String newPassword, SecureString newSecurePassword, Boolean ignoreSniOpenTimeout, TimeoutTimer timeout, Boolean withFailover)
   at System.Data.SqlClient.SqlInternalConnectionTds.LoginNoFailover(ServerInfo serverInfo, String newPassword, SecureString newSecurePassword, Boolean redirectedUserInstance, SqlConnectionString connectionOptions, SqlCredential credential, TimeoutTimer timeout)
   at System.Data.SqlClient.SqlInternalConnectionTds.OpenLoginEnlist(TimeoutTimer timeout, SqlConnectionString connectionOptions, SqlCredential credential, String newPassword, SecureString newSecurePassword, Boolean redirectedUserInstance)
   at System.Data.SqlClient.SqlInternalConnectionTds..ctor(DbConnectionPoolIdentity identity, SqlConnectionString connectionOptions, SqlCredential credential, Object providerInfo, String newPassword, SecureString newSecurePassword, Boolean redirectedUserInstance, SqlConnectionString userConnectionOptions, SessionData reconnectSessionData)
   at System.Data.SqlClient.SqlConnectionFactory.CreateConnection(DbConnectionOptions options, DbConnectionPoolKey poolKey, Object poolGroupProviderInfo, DbConnectionPool pool, DbConnection owningConnection, DbConnectionOptions userOptions)
   at System.Data.ProviderBase.DbConnectionFactory.CreatePooledConnection(DbConnectionPool pool, DbConnection owningObject, DbConnectionOptions options, DbConnectionPoolKey poolKey, DbConnectionOptions userOptions)
   at System.Data.ProviderBase.DbConnectionPool.CreateObject(DbConnection owningObject, DbConnectionOptions userOptions, DbConnectionInternal oldConnection)
   at System.Data.ProviderBase.DbConnectionPool.UserCreateRequest(DbConnection owningObject, DbConnectionOptions userOptions, DbConnectionInternal oldConnection)
   at System.Data.ProviderBase.DbConnectionPool.TryGetConnection(DbConnection owningObject, UInt32 waitForMultipleObjectsTimeout, Boolean allowCreate, Boolean onlyOneCheckConnection, DbConnectionOptions userOptions, DbConnectionInternal& connection)
   at System.Data.ProviderBase.DbConnectionPool.TryGetConnection(DbConnection owningObject, TaskCompletionSource`1 retry, DbConnectionOptions userOptions, DbConnectionInternal& connection)
   at System.Data.ProviderBase.DbConnectionFactory.TryGetConnection(DbConnection owningConnection, TaskCompletionSource`1 retry, DbConnectionOptions userOptions, DbConnectionInternal oldConnection, DbConnectionInternal& connection)
   at System.Data.ProviderBase.DbConnectionInternal.TryOpenConnectionInternal(DbConnection outerConnection, DbConnectionFactory connectionFactory, TaskCompletionSource`1 retry, DbConnectionOptions userOptions)
   at System.Data.SqlClient.SqlConnection.TryOpenInner(TaskCompletionSource`1 retry)
   at System.Data.SqlClient.SqlConnection.TryOpen(TaskCompletionSource`1 retry)
   at System.Data.SqlClient.SqlConnection.Open()
   at System.Data.Entity.Infrastructure.Interception.InternalDispatcher`1.Dispatch[TTarget,TInterceptionContext](TTarget target, Action`2 operation, TInterceptionContext interceptionContext, Action`3 executing, Action`3 executed)
   at System.Data.Entity.Infrastructure.Interception.DbConnectionDispatcher.Open(DbConnection connection, DbInterceptionContext interceptionContext)
   at System.Data.Entity.SqlServer.DefaultSqlExecutionStrategy.<>c__DisplayClass1.<Execute>b__0()
   at System.Data.Entity.SqlServer.DefaultSqlExecutionStrategy.Execute[TResult](Func`1 operation)
   at System.Data.Entity.Core.EntityClient.EntityConnection.Open()
   --- End of inner exception stack trace ---
   at StatisticalSolutions.DataAccess.DAL.getfutureseminars() in e:\Ola Projects\3rdPartyProjects\StatisticalSolutions\StatisticalSolutions\DataAccess\DAL.cs:line 780
   at StatisticalSolutions.Controllers.WorkshopController.Register() in e:\Ola Projects\3rdPartyProjects\StatisticalSolutions\StatisticalSolutions\Controllers\WorkshopController.cs:line 101
2015-05-21 14:28:05,208 [48] INFO  StatisticalSolutions.Controllers.Base.BaseController - Application URL - /StatisticalSolutions/Workshop/Register 
 2015-05-21 14:28:21,278 [48] ERROR StatisticalSolutions.Controllers.Base.BaseController - Function Register Error  - The underlying provider failed on Open.
 2015-05-21 14:28:21,279 [48] ERROR StatisticalSolutions.Controllers.Base.BaseController - Statistical exception message - The underlying provider failed on Open.
 System.Data.Entity.Core.EntityException: The underlying provider failed on Open. ---> System.Data.SqlClient.SqlException: A network-related or instance-specific error occurred while establishing a connection to SQL Server. The server was not found or was not accessible. Verify that the instance name is correct and that SQL Server is configured to allow remote connections. (provider: TCP Provider, error: 0 - The requested name is valid, but no data of the requested type was found.) ---> System.ComponentModel.Win32Exception: The requested name is valid, but no data of the requested type was found
   --- End of inner exception stack trace ---
   at System.Data.SqlClient.SqlInternalConnection.OnError(SqlException exception, Boolean breakConnection, Action`1 wrapCloseInAction)
   at System.Data.SqlClient.TdsParser.ThrowExceptionAndWarning(TdsParserStateObject stateObj, Boolean callerHasConnectionLock, Boolean asyncClose)
   at System.Data.SqlClient.TdsParser.Connect(ServerInfo serverInfo, SqlInternalConnectionTds connHandler, Boolean ignoreSniOpenTimeout, Int64 timerExpire, Boolean encrypt, Boolean trustServerCert, Boolean integratedSecurity, Boolean withFailover)
   at System.Data.SqlClient.SqlInternalConnectionTds.AttemptOneLogin(ServerInfo serverInfo, String newPassword, SecureString newSecurePassword, Boolean ignoreSniOpenTimeout, TimeoutTimer timeout, Boolean withFailover)
   at System.Data.SqlClient.SqlInternalConnectionTds.LoginNoFailover(ServerInfo serverInfo, String newPassword, SecureString newSecurePassword, Boolean redirectedUserInstance, SqlConnectionString connectionOptions, SqlCredential credential, TimeoutTimer timeout)
   at System.Data.SqlClient.SqlInternalConnectionTds.OpenLoginEnlist(TimeoutTimer timeout, SqlConnectionString connectionOptions, SqlCredential credential, String newPassword, SecureString newSecurePassword, Boolean redirectedUserInstance)
   at System.Data.SqlClient.SqlInternalConnectionTds..ctor(DbConnectionPoolIdentity identity, SqlConnectionString connectionOptions, SqlCredential credential, Object providerInfo, String newPassword, SecureString newSecurePassword, Boolean redirectedUserInstance, SqlConnectionString userConnectionOptions, SessionData reconnectSessionData)
   at System.Data.SqlClient.SqlConnectionFactory.CreateConnection(DbConnectionOptions options, DbConnectionPoolKey poolKey, Object poolGroupProviderInfo, DbConnectionPool pool, DbConnection owningConnection, DbConnectionOptions userOptions)
   at System.Data.ProviderBase.DbConnectionFactory.CreatePooledConnection(DbConnectionPool pool, DbConnection owningObject, DbConnectionOptions options, DbConnectionPoolKey poolKey, DbConnectionOptions userOptions)
   at System.Data.ProviderBase.DbConnectionPool.CreateObject(DbConnection owningObject, DbConnectionOptions userOptions, DbConnectionInternal oldConnection)
   at System.Data.ProviderBase.DbConnectionPool.UserCreateRequest(DbConnection owningObject, DbConnectionOptions userOptions, DbConnectionInternal oldConnection)
   at System.Data.ProviderBase.DbConnectionPool.TryGetConnection(DbConnection owningObject, UInt32 waitForMultipleObjectsTimeout, Boolean allowCreate, Boolean onlyOneCheckConnection, DbConnectionOptions userOptions, DbConnectionInternal& connection)
   at System.Data.ProviderBase.DbConnectionPool.TryGetConnection(DbConnection owningObject, TaskCompletionSource`1 retry, DbConnectionOptions userOptions, DbConnectionInternal& connection)
   at System.Data.ProviderBase.DbConnectionFactory.TryGetConnection(DbConnection owningConnection, TaskCompletionSource`1 retry, DbConnectionOptions userOptions, DbConnectionInternal oldConnection, DbConnectionInternal& connection)
   at System.Data.ProviderBase.DbConnectionInternal.TryOpenConnectionInternal(DbConnection outerConnection, DbConnectionFactory connectionFactory, TaskCompletionSource`1 retry, DbConnectionOptions userOptions)
   at System.Data.SqlClient.SqlConnection.TryOpenInner(TaskCompletionSource`1 retry)
   at System.Data.SqlClient.SqlConnection.TryOpen(TaskCompletionSource`1 retry)
   at System.Data.SqlClient.SqlConnection.Open()
   at System.Data.Entity.Infrastructure.Interception.InternalDispatcher`1.Dispatch[TTarget,TInterceptionContext](TTarget target, Action`2 operation, TInterceptionContext interceptionContext, Action`3 executing, Action`3 executed)
   at System.Data.Entity.Infrastructure.Interception.DbConnectionDispatcher.Open(DbConnection connection, DbInterceptionContext interceptionContext)
   at System.Data.Entity.SqlServer.DefaultSqlExecutionStrategy.<>c__DisplayClass1.<Execute>b__0()
   at System.Data.Entity.SqlServer.DefaultSqlExecutionStrategy.Execute[TResult](Func`1 operation)
   at System.Data.Entity.Core.EntityClient.EntityConnection.Open()
   --- End of inner exception stack trace ---
   at StatisticalSolutions.DataAccess.DAL.getfutureseminars() in e:\Ola Projects\3rdPartyProjects\StatisticalSolutions\StatisticalSolutions\DataAccess\DAL.cs:line 780
   at StatisticalSolutions.Controllers.WorkshopController.Register() in e:\Ola Projects\3rdPartyProjects\StatisticalSolutions\StatisticalSolutions\Controllers\WorkshopController.cs:line 101
2015-05-21 14:31:13,544 [48] INFO  StatisticalSolutions.Controllers.Base.BaseController - Application URL - /StatisticalSolutions/Workshop/Register 
 2015-05-21 14:31:51,419 [48] ERROR StatisticalSolutions.Controllers.Base.BaseController - Function Register Error  - The underlying provider failed on Open.
 2015-05-21 14:31:51,419 [48] ERROR StatisticalSolutions.Controllers.Base.BaseController - Statistical exception message - The underlying provider failed on Open.
 System.Data.Entity.Core.EntityException: The underlying provider failed on Open. ---> System.Data.SqlClient.SqlException: A network-related or instance-specific error occurred while establishing a connection to SQL Server. The server was not found or was not accessible. Verify that the instance name is correct and that SQL Server is configured to allow remote connections. (provider: TCP Provider, error: 0 - The requested name is valid, but no data of the requested type was found.) ---> System.ComponentModel.Win32Exception: The requested name is valid, but no data of the requested type was found
   --- End of inner exception stack trace ---
   at System.Data.SqlClient.SqlInternalConnection.OnError(SqlException exception, Boolean breakConnection, Action`1 wrapCloseInAction)
   at System.Data.SqlClient.TdsParser.ThrowExceptionAndWarning(TdsParserStateObject stateObj, Boolean callerHasConnectionLock, Boolean asyncClose)
   at System.Data.SqlClient.TdsParser.Connect(ServerInfo serverInfo, SqlInternalConnectionTds connHandler, Boolean ignoreSniOpenTimeout, Int64 timerExpire, Boolean encrypt, Boolean trustServerCert, Boolean integratedSecurity, Boolean withFailover)
   at System.Data.SqlClient.SqlInternalConnectionTds.AttemptOneLogin(ServerInfo serverInfo, String newPassword, SecureString newSecurePassword, Boolean ignoreSniOpenTimeout, TimeoutTimer timeout, Boolean withFailover)
   at System.Data.SqlClient.SqlInternalConnectionTds.LoginNoFailover(ServerInfo serverInfo, String newPassword, SecureString newSecurePassword, Boolean redirectedUserInstance, SqlConnectionString connectionOptions, SqlCredential credential, TimeoutTimer timeout)
   at System.Data.SqlClient.SqlInternalConnectionTds.OpenLoginEnlist(TimeoutTimer timeout, SqlConnectionString connectionOptions, SqlCredential credential, String newPassword, SecureString newSecurePassword, Boolean redirectedUserInstance)
   at System.Data.SqlClient.SqlInternalConnectionTds..ctor(DbConnectionPoolIdentity identity, SqlConnectionString connectionOptions, SqlCredential credential, Object providerInfo, String newPassword, SecureString newSecurePassword, Boolean redirectedUserInstance, SqlConnectionString userConnectionOptions, SessionData reconnectSessionData)
   at System.Data.SqlClient.SqlConnectionFactory.CreateConnection(DbConnectionOptions options, DbConnectionPoolKey poolKey, Object poolGroupProviderInfo, DbConnectionPool pool, DbConnection owningConnection, DbConnectionOptions userOptions)
   at System.Data.ProviderBase.DbConnectionFactory.CreatePooledConnection(DbConnectionPool pool, DbConnection owningObject, DbConnectionOptions options, DbConnectionPoolKey poolKey, DbConnectionOptions userOptions)
   at System.Data.ProviderBase.DbConnectionPool.CreateObject(DbConnection owningObject, DbConnectionOptions userOptions, DbConnectionInternal oldConnection)
   at System.Data.ProviderBase.DbConnectionPool.UserCreateRequest(DbConnection owningObject, DbConnectionOptions userOptions, DbConnectionInternal oldConnection)
   at System.Data.ProviderBase.DbConnectionPool.TryGetConnection(DbConnection owningObject, UInt32 waitForMultipleObjectsTimeout, Boolean allowCreate, Boolean onlyOneCheckConnection, DbConnectionOptions userOptions, DbConnectionInternal& connection)
   at System.Data.ProviderBase.DbConnectionPool.TryGetConnection(DbConnection owningObject, TaskCompletionSource`1 retry, DbConnectionOptions userOptions, DbConnectionInternal& connection)
   at System.Data.ProviderBase.DbConnectionFactory.TryGetConnection(DbConnection owningConnection, TaskCompletionSource`1 retry, DbConnectionOptions userOptions, DbConnectionInternal oldConnection, DbConnectionInternal& connection)
   at System.Data.ProviderBase.DbConnectionInternal.TryOpenConnectionInternal(DbConnection outerConnection, DbConnectionFactory connectionFactory, TaskCompletionSource`1 retry, DbConnectionOptions userOptions)
   at System.Data.SqlClient.SqlConnection.TryOpenInner(TaskCompletionSource`1 retry)
   at System.Data.SqlClient.SqlConnection.TryOpen(TaskCompletionSource`1 retry)
   at System.Data.SqlClient.SqlConnection.Open()
   at System.Data.Entity.Infrastructure.Interception.InternalDispatcher`1.Dispatch[TTarget,TInterceptionContext](TTarget target, Action`2 operation, TInterceptionContext interceptionContext, Action`3 executing, Action`3 executed)
   at System.Data.Entity.Infrastructure.Interception.DbConnectionDispatcher.Open(DbConnection connection, DbInterceptionContext interceptionContext)
   at System.Data.Entity.SqlServer.DefaultSqlExecutionStrategy.<>c__DisplayClass1.<Execute>b__0()
   at System.Data.Entity.SqlServer.DefaultSqlExecutionStrategy.Execute[TResult](Func`1 operation)
   at System.Data.Entity.Core.EntityClient.EntityConnection.Open()
   --- End of inner exception stack trace ---
   at StatisticalSolutions.DataAccess.DAL.getfutureseminars() in e:\Ola Projects\3rdPartyProjects\StatisticalSolutions\StatisticalSolutions\DataAccess\DAL.cs:line 780
   at StatisticalSolutions.Controllers.WorkshopController.Register() in e:\Ola Projects\3rdPartyProjects\StatisticalSolutions\StatisticalSolutions\Controllers\WorkshopController.cs:line 101
2015-05-21 14:31:51,763 [48] INFO  StatisticalSolutions.Controllers.Base.BaseController - Application URL - /StatisticalSolutions/Workshop/Register 
 2015-05-21 14:32:22,439 [48] ERROR StatisticalSolutions.Controllers.Base.BaseController - Function Register Error  - The underlying provider failed on Open.
 2015-05-21 14:32:22,439 [48] ERROR StatisticalSolutions.Controllers.Base.BaseController - Statistical exception message - The underlying provider failed on Open.
 System.Data.Entity.Core.EntityException: The underlying provider failed on Open. ---> System.Data.SqlClient.SqlException: A network-related or instance-specific error occurred while establishing a connection to SQL Server. The server was not found or was not accessible. Verify that the instance name is correct and that SQL Server is configured to allow remote connections. (provider: TCP Provider, error: 0 - The requested name is valid, but no data of the requested type was found.) ---> System.ComponentModel.Win32Exception: The requested name is valid, but no data of the requested type was found
   --- End of inner exception stack trace ---
   at System.Data.SqlClient.SqlInternalConnection.OnError(SqlException exception, Boolean breakConnection, Action`1 wrapCloseInAction)
   at System.Data.SqlClient.TdsParser.ThrowExceptionAndWarning(TdsParserStateObject stateObj, Boolean callerHasConnectionLock, Boolean asyncClose)
   at System.Data.SqlClient.TdsParser.Connect(ServerInfo serverInfo, SqlInternalConnectionTds connHandler, Boolean ignoreSniOpenTimeout, Int64 timerExpire, Boolean encrypt, Boolean trustServerCert, Boolean integratedSecurity, Boolean withFailover)
   at System.Data.SqlClient.SqlInternalConnectionTds.AttemptOneLogin(ServerInfo serverInfo, String newPassword, SecureString newSecurePassword, Boolean ignoreSniOpenTimeout, TimeoutTimer timeout, Boolean withFailover)
   at System.Data.SqlClient.SqlInternalConnectionTds.LoginNoFailover(ServerInfo serverInfo, String newPassword, SecureString newSecurePassword, Boolean redirectedUserInstance, SqlConnectionString connectionOptions, SqlCredential credential, TimeoutTimer timeout)
   at System.Data.SqlClient.SqlInternalConnectionTds.OpenLoginEnlist(TimeoutTimer timeout, SqlConnectionString connectionOptions, SqlCredential credential, String newPassword, SecureString newSecurePassword, Boolean redirectedUserInstance)
   at System.Data.SqlClient.SqlInternalConnectionTds..ctor(DbConnectionPoolIdentity identity, SqlConnectionString connectionOptions, SqlCredential credential, Object providerInfo, String newPassword, SecureString newSecurePassword, Boolean redirectedUserInstance, SqlConnectionString userConnectionOptions, SessionData reconnectSessionData)
   at System.Data.SqlClient.SqlConnectionFactory.CreateConnection(DbConnectionOptions options, DbConnectionPoolKey poolKey, Object poolGroupProviderInfo, DbConnectionPool pool, DbConnection owningConnection, DbConnectionOptions userOptions)
   at System.Data.ProviderBase.DbConnectionFactory.CreatePooledConnection(DbConnectionPool pool, DbConnection owningObject, DbConnectionOptions options, DbConnectionPoolKey poolKey, DbConnectionOptions userOptions)
   at System.Data.ProviderBase.DbConnectionPool.CreateObject(DbConnection owningObject, DbConnectionOptions userOptions, DbConnectionInternal oldConnection)
   at System.Data.ProviderBase.DbConnectionPool.UserCreateRequest(DbConnection owningObject, DbConnectionOptions userOptions, DbConnectionInternal oldConnection)
   at System.Data.ProviderBase.DbConnectionPool.TryGetConnection(DbConnection owningObject, UInt32 waitForMultipleObjectsTimeout, Boolean allowCreate, Boolean onlyOneCheckConnection, DbConnectionOptions userOptions, DbConnectionInternal& connection)
   at System.Data.ProviderBase.DbConnectionPool.TryGetConnection(DbConnection owningObject, TaskCompletionSource`1 retry, DbConnectionOptions userOptions, DbConnectionInternal& connection)
   at System.Data.ProviderBase.DbConnectionFactory.TryGetConnection(DbConnection owningConnection, TaskCompletionSource`1 retry, DbConnectionOptions userOptions, DbConnectionInternal oldConnection, DbConnectionInternal& connection)
   at System.Data.ProviderBase.DbConnectionInternal.TryOpenConnectionInternal(DbConnection outerConnection, DbConnectionFactory connectionFactory, TaskCompletionSource`1 retry, DbConnectionOptions userOptions)
   at System.Data.SqlClient.SqlConnection.TryOpenInner(TaskCompletionSource`1 retry)
   at System.Data.SqlClient.SqlConnection.TryOpen(TaskCompletionSource`1 retry)
   at System.Data.SqlClient.SqlConnection.Open()
   at System.Data.Entity.Infrastructure.Interception.InternalDispatcher`1.Dispatch[TTarget,TInterceptionContext](TTarget target, Action`2 operation, TInterceptionContext interceptionContext, Action`3 executing, Action`3 executed)
   at System.Data.Entity.Infrastructure.Interception.DbConnectionDispatcher.Open(DbConnection connection, DbInterceptionContext interceptionContext)
   at System.Data.Entity.SqlServer.DefaultSqlExecutionStrategy.<>c__DisplayClass1.<Execute>b__0()
   at System.Data.Entity.SqlServer.DefaultSqlExecutionStrategy.Execute[TResult](Func`1 operation)
   at System.Data.Entity.Core.EntityClient.EntityConnection.Open()
   --- End of inner exception stack trace ---
   at StatisticalSolutions.DataAccess.DAL.getfutureseminars() in e:\Ola Projects\3rdPartyProjects\StatisticalSolutions\StatisticalSolutions\DataAccess\DAL.cs:line 780
   at StatisticalSolutions.Controllers.WorkshopController.Register() in e:\Ola Projects\3rdPartyProjects\StatisticalSolutions\StatisticalSolutions\Controllers\WorkshopController.cs:line 101
2015-05-21 14:33:08,835 [22] INFO  StatisticalSolutions.Controllers.Base.BaseController - Application URL - /StatisticalSolutions/ 
 2015-05-21 14:33:13,001 [48] INFO  StatisticalSolutions.Controllers.Base.BaseController - Application URL - /StatisticalSolutions/Workshop/Register 
 2015-05-21 14:33:29,458 [48] ERROR StatisticalSolutions.Controllers.Base.BaseController - Function Register Error  - The underlying provider failed on Open.
 2015-05-21 14:33:29,459 [48] ERROR StatisticalSolutions.Controllers.Base.BaseController - Statistical exception message - The underlying provider failed on Open.
 System.Data.Entity.Core.EntityException: The underlying provider failed on Open. ---> System.Data.SqlClient.SqlException: Connection Timeout Expired.  The timeout period elapsed during the post-login phase.  The connection could have timed out while waiting for server to complete the login process and respond; Or it could have timed out while attempting to create multiple active connections.  The duration spent while attempting to connect to this server was - [Pre-Login] initialization=5712; handshake=8217; [Login] initialization=0; authentication=0; [Post-Login] complete=1027;  ---> System.ComponentModel.Win32Exception: The wait operation timed out
   --- End of inner exception stack trace ---
   at System.Data.SqlClient.SqlInternalConnection.OnError(SqlException exception, Boolean breakConnection, Action`1 wrapCloseInAction)
   at System.Data.SqlClient.TdsParser.ThrowExceptionAndWarning(TdsParserStateObject stateObj, Boolean callerHasConnectionLock, Boolean asyncClose)
   at System.Data.SqlClient.TdsParserStateObject.ReadSniError(TdsParserStateObject stateObj, UInt32 error)
   at System.Data.SqlClient.TdsParserStateObject.ReadSniSyncOverAsync()
   at System.Data.SqlClient.TdsParserStateObject.TryReadNetworkPacket()
   at System.Data.SqlClient.TdsParserStateObject.TryPrepareBuffer()
   at System.Data.SqlClient.TdsParserStateObject.TryReadByte(Byte& value)
   at System.Data.SqlClient.TdsParser.TryRun(RunBehavior runBehavior, SqlCommand cmdHandler, SqlDataReader dataStream, BulkCopySimpleResultSet bulkCopyHandler, TdsParserStateObject stateObj, Boolean& dataReady)
   at System.Data.SqlClient.TdsParser.Run(RunBehavior runBehavior, SqlCommand cmdHandler, SqlDataReader dataStream, BulkCopySimpleResultSet bulkCopyHandler, TdsParserStateObject stateObj)
   at System.Data.SqlClient.SqlInternalConnectionTds.CompleteLogin(Boolean enlistOK)
   at System.Data.SqlClient.SqlInternalConnectionTds.AttemptOneLogin(ServerInfo serverInfo, String newPassword, SecureString newSecurePassword, Boolean ignoreSniOpenTimeout, TimeoutTimer timeout, Boolean withFailover)
   at System.Data.SqlClient.SqlInternalConnectionTds.LoginNoFailover(ServerInfo serverInfo, String newPassword, SecureString newSecurePassword, Boolean redirectedUserInstance, SqlConnectionString connectionOptions, SqlCredential credential, TimeoutTimer timeout)
   at System.Data.SqlClient.SqlInternalConnectionTds.OpenLoginEnlist(TimeoutTimer timeout, SqlConnectionString connectionOptions, SqlCredential credential, String newPassword, SecureString newSecurePassword, Boolean redirectedUserInstance)
   at System.Data.SqlClient.SqlInternalConnectionTds..ctor(DbConnectionPoolIdentity identity, SqlConnectionString connectionOptions, SqlCredential credential, Object providerInfo, String newPassword, SecureString newSecurePassword, Boolean redirectedUserInstance, SqlConnectionString userConnectionOptions, SessionData reconnectSessionData)
   at System.Data.SqlClient.SqlConnectionFactory.CreateConnection(DbConnectionOptions options, DbConnectionPoolKey poolKey, Object poolGroupProviderInfo, DbConnectionPool pool, DbConnection owningConnection, DbConnectionOptions userOptions)
   at System.Data.ProviderBase.DbConnectionFactory.CreatePooledConnection(DbConnectionPool pool, DbConnection owningObject, DbConnectionOptions options, DbConnectionPoolKey poolKey, DbConnectionOptions userOptions)
   at System.Data.ProviderBase.DbConnectionPool.CreateObject(DbConnection owningObject, DbConnectionOptions userOptions, DbConnectionInternal oldConnection)
   at System.Data.ProviderBase.DbConnectionPool.UserCreateRequest(DbConnection owningObject, DbConnectionOptions userOptions, DbConnectionInternal oldConnection)
   at System.Data.ProviderBase.DbConnectionPool.TryGetConnection(DbConnection owningObject, UInt32 waitForMultipleObjectsTimeout, Boolean allowCreate, Boolean onlyOneCheckConnection, DbConnectionOptions userOptions, DbConnectionInternal& connection)
   at System.Data.ProviderBase.DbConnectionPool.TryGetConnection(DbConnection owningObject, TaskCompletionSource`1 retry, DbConnectionOptions userOptions, DbConnectionInternal& connection)
   at System.Data.ProviderBase.DbConnectionFactory.TryGetConnection(DbConnection owningConnection, TaskCompletionSource`1 retry, DbConnectionOptions userOptions, DbConnectionInternal oldConnection, DbConnectionInternal& connection)
   at System.Data.ProviderBase.DbConnectionInternal.TryOpenConnectionInternal(DbConnection outerConnection, DbConnectionFactory connectionFactory, TaskCompletionSource`1 retry, DbConnectionOptions userOptions)
   at System.Data.SqlClient.SqlConnection.TryOpenInner(TaskCompletionSource`1 retry)
   at System.Data.SqlClient.SqlConnection.TryOpen(TaskCompletionSource`1 retry)
   at System.Data.SqlClient.SqlConnection.Open()
   at System.Data.Entity.Infrastructure.Interception.InternalDispatcher`1.Dispatch[TTarget,TInterceptionContext](TTarget target, Action`2 operation, TInterceptionContext interceptionContext, Action`3 executing, Action`3 executed)
   at System.Data.Entity.Infrastructure.Interception.DbConnectionDispatcher.Open(DbConnection connection, DbInterceptionContext interceptionContext)
   at System.Data.Entity.SqlServer.DefaultSqlExecutionStrategy.<>c__DisplayClass1.<Execute>b__0()
   at System.Data.Entity.SqlServer.DefaultSqlExecutionStrategy.Execute[TResult](Func`1 operation)
   at System.Data.Entity.Core.EntityClient.EntityConnection.Open()
   --- End of inner exception stack trace ---
   at StatisticalSolutions.DataAccess.DAL.getfutureseminars() in e:\Ola Projects\3rdPartyProjects\StatisticalSolutions\StatisticalSolutions\DataAccess\DAL.cs:line 780
   at StatisticalSolutions.Controllers.WorkshopController.Register() in e:\Ola Projects\3rdPartyProjects\StatisticalSolutions\StatisticalSolutions\Controllers\WorkshopController.cs:line 101
2015-05-21 14:33:29,731 [18] INFO  StatisticalSolutions.Controllers.Base.BaseController - Application URL - /StatisticalSolutions/Workshop/Register 
 2015-05-21 14:33:30,366 [18] ERROR StatisticalSolutions.Controllers.Base.BaseController - Function Register Error  - The underlying provider failed on Open.
 2015-05-21 14:33:30,367 [18] ERROR StatisticalSolutions.Controllers.Base.BaseController - Statistical exception message - The underlying provider failed on Open.
 System.Data.Entity.Core.EntityException: The underlying provider failed on Open. ---> System.Data.SqlClient.SqlException: Connection Timeout Expired.  The timeout period elapsed during the post-login phase.  The connection could have timed out while waiting for server to complete the login process and respond; Or it could have timed out while attempting to create multiple active connections.  The duration spent while attempting to connect to this server was - [Pre-Login] initialization=5712; handshake=8217; [Login] initialization=0; authentication=0; [Post-Login] complete=1027;  ---> System.ComponentModel.Win32Exception: The wait operation timed out
   --- End of inner exception stack trace ---
   at System.Data.ProviderBase.DbConnectionPool.TryGetConnection(DbConnection owningObject, UInt32 waitForMultipleObjectsTimeout, Boolean allowCreate, Boolean onlyOneCheckConnection, DbConnectionOptions userOptions, DbConnectionInternal& connection)
   at System.Data.ProviderBase.DbConnectionPool.TryGetConnection(DbConnection owningObject, TaskCompletionSource`1 retry, DbConnectionOptions userOptions, DbConnectionInternal& connection)
   at System.Data.ProviderBase.DbConnectionFactory.TryGetConnection(DbConnection owningConnection, TaskCompletionSource`1 retry, DbConnectionOptions userOptions, DbConnectionInternal oldConnection, DbConnectionInternal& connection)
   at System.Data.ProviderBase.DbConnectionInternal.TryOpenConnectionInternal(DbConnection outerConnection, DbConnectionFactory connectionFactory, TaskCompletionSource`1 retry, DbConnectionOptions userOptions)
   at System.Data.SqlClient.SqlConnection.TryOpenInner(TaskCompletionSource`1 retry)
   at System.Data.SqlClient.SqlConnection.TryOpen(TaskCompletionSource`1 retry)
   at System.Data.SqlClient.SqlConnection.Open()
   at System.Data.Entity.Infrastructure.Interception.InternalDispatcher`1.Dispatch[TTarget,TInterceptionContext](TTarget target, Action`2 operation, TInterceptionContext interceptionContext, Action`3 executing, Action`3 executed)
   at System.Data.Entity.Infrastructure.Interception.DbConnectionDispatcher.Open(DbConnection connection, DbInterceptionContext interceptionContext)
   at System.Data.Entity.SqlServer.DefaultSqlExecutionStrategy.<>c__DisplayClass1.<Execute>b__0()
   at System.Data.Entity.SqlServer.DefaultSqlExecutionStrategy.Execute[TResult](Func`1 operation)
   at System.Data.Entity.Core.EntityClient.EntityConnection.Open()
   --- End of inner exception stack trace ---
   at StatisticalSolutions.DataAccess.DAL.getfutureseminars() in e:\Ola Projects\3rdPartyProjects\StatisticalSolutions\StatisticalSolutions\DataAccess\DAL.cs:line 780
   at StatisticalSolutions.Controllers.WorkshopController.Register() in e:\Ola Projects\3rdPartyProjects\StatisticalSolutions\StatisticalSolutions\Controllers\WorkshopController.cs:line 101
2015-05-21 14:33:53,282 [18] INFO  StatisticalSolutions.Controllers.Base.BaseController - Application URL - /StatisticalSolutions/ 
 2015-05-21 14:34:00,343 [47] INFO  StatisticalSolutions.Controllers.Base.BaseController - Application URL - /StatisticalSolutions/Workshop/Register 
 2015-05-21 14:34:51,134 [47] INFO  StatisticalSolutions.Controllers.Base.BaseController - Application URL - /StatisticalSolutions/Admin/AddWorkshop 
 2015-05-21 14:35:31,589 [18] INFO  StatisticalSolutions.Controllers.Base.BaseController - Application URL - /StatisticalSolutions/Admin/AddWorkshop 
 2015-05-21 14:39:29,780 [16] INFO  StatisticalSolutions.Controllers.Base.BaseController - Application URL - /StatisticalSolutions/Admin/AddWorkshop 
 2015-05-21 14:40:20,879 [46] INFO  StatisticalSolutions.Controllers.Base.BaseController - Application URL - /StatisticalSolutions/ 
 2015-05-21 14:40:23,975 [18] INFO  StatisticalSolutions.Controllers.Base.BaseController - Application URL - /StatisticalSolutions/ 
 2015-05-21 14:40:38,885 [46] INFO  StatisticalSolutions.Controllers.Base.BaseController - Application URL - /StatisticalSolutions/Admin/AddWorkshop 
 2015-05-21 14:43:52,372 [35] INFO  StatisticalSolutions.Controllers.Base.BaseController - Application URL - /StatisticalSolutions/Admin/AddWorkshop 
 2015-05-21 14:44:43,752 [39] INFO  StatisticalSolutions.Controllers.Base.BaseController - Application URL - /StatisticalSolutions/Admin/AddWorkshop 
 2015-05-21 14:46:04,581 [20] INFO  StatisticalSolutions.Controllers.Base.BaseController - Application URL - /StatisticalSolutions/Admin/AddWorkshop 
 2015-05-21 14:46:30,775 [25] INFO  StatisticalSolutions.Controllers.Base.BaseController - Application URL - /StatisticalSolutions/Admin/AddWorkshop 
 2015-05-21 14:47:31,144 [56] INFO  StatisticalSolutions.Controllers.Base.BaseController - Application URL - /StatisticalSolutions/Admin/AddWorkshop 
 2015-05-21 14:48:30,131 [25] INFO  StatisticalSolutions.Controllers.Base.BaseController - Application URL - /StatisticalSolutions/Admin/AddWorkshop 
 2015-05-21 14:51:06,998 [22] INFO  StatisticalSolutions.Controllers.Base.BaseController - Application URL - /StatisticalSolutions/Admin/AddWorkshop 
 2015-05-21 14:51:25,346 [42] INFO  StatisticalSolutions.Controllers.Base.BaseController - Application URL - /StatisticalSolutions/Admin/AddWorkshop 
 2015-05-21 14:53:46,488 [42] INFO  StatisticalSolutions.Controllers.Base.BaseController - Application URL - /StatisticalSolutions/Admin/AddWorkshop 
 2015-05-21 14:54:44,247 [50] INFO  StatisticalSolutions.Controllers.Base.BaseController - Application URL - /StatisticalSolutions/Admin/WorkshopList 
 2015-05-21 14:54:54,793 [41] INFO  StatisticalSolutions.Controllers.Base.BaseController - Application URL - /StatisticalSolutions/Admin/EditWorkshop/9 
 2015-05-21 14:55:27,412 [41] ERROR StatisticalSolutions.Controllers.Base.BaseController - Function Seminar Error  - An error occurred while executing the command definition. See the inner exception for details.
 2015-05-21 14:55:27,412 [41] ERROR StatisticalSolutions.Controllers.Base.BaseController - Statistical exception message - An error occurred while executing the command definition. See the inner exception for details.
 System.Data.Entity.Core.EntityCommandExecutionException: An error occurred while executing the command definition. See the inner exception for details. ---> System.Data.SqlClient.SqlException: A transport-level error has occurred when receiving results from the server. (provider: Session Provider, error: 19 - Physical connection is not usable)
   at System.Data.SqlClient.SqlConnection.OnError(SqlException exception, Boolean breakConnection, Action`1 wrapCloseInAction)
   at System.Data.SqlClient.TdsParser.ThrowExceptionAndWarning(TdsParserStateObject stateObj, Boolean callerHasConnectionLock, Boolean asyncClose)
   at System.Data.SqlClient.TdsParserStateObject.ReadSniError(TdsParserStateObject stateObj, UInt32 error)
   at System.Data.SqlClient.TdsParserStateObject.ReadSniSyncOverAsync()
   at System.Data.SqlClient.TdsParserStateObject.TryReadNetworkPacket()
   at System.Data.SqlClient.TdsParserStateObject.TryPrepareBuffer()
   at System.Data.SqlClient.TdsParserStateObject.TryReadByte(Byte& value)
   at System.Data.SqlClient.TdsParser.TryRun(RunBehavior runBehavior, SqlCommand cmdHandler, SqlDataReader dataStream, BulkCopySimpleResultSet bulkCopyHandler, TdsParserStateObject stateObj, Boolean& dataReady)
   at System.Data.SqlClient.SqlDataReader.TryConsumeMetaData()
   at System.Data.SqlClient.SqlDataReader.get_MetaData()
   at System.Data.SqlClient.SqlCommand.FinishExecuteReader(SqlDataReader ds, RunBehavior runBehavior, String resetOptionsString)
   at System.Data.SqlClient.SqlCommand.RunExecuteReaderTds(CommandBehavior cmdBehavior, RunBehavior runBehavior, Boolean returnStream, Boolean async, Int32 timeout, Task& task, Boolean asyncWrite, SqlDataReader ds)
   at System.Data.SqlClient.SqlCommand.RunExecuteReader(CommandBehavior cmdBehavior, RunBehavior runBehavior, Boolean returnStream, String method, TaskCompletionSource`1 completion, Int32 timeout, Task& task, Boolean asyncWrite)
   at System.Data.SqlClient.SqlCommand.RunExecuteReader(CommandBehavior cmdBehavior, RunBehavior runBehavior, Boolean returnStream, String method)
   at System.Data.SqlClient.SqlCommand.ExecuteReader(CommandBehavior behavior, String method)
   at System.Data.SqlClient.SqlCommand.ExecuteDbDataReader(CommandBehavior behavior)
   at System.Data.Entity.Infrastructure.Interception.InternalDispatcher`1.Dispatch[TTarget,TInterceptionContext,TResult](TTarget target, Func`3 operation, TInterceptionContext interceptionContext, Action`3 executing, Action`3 executed)
   at System.Data.Entity.Infrastructure.Interception.DbCommandDispatcher.Reader(DbCommand command, DbCommandInterceptionContext interceptionContext)
   at System.Data.Entity.Core.EntityClient.Internal.EntityCommandDefinition.ExecuteStoreCommands(EntityCommand entityCommand, CommandBehavior behavior)
   --- End of inner exception stack trace ---
   at StatisticalSolutions.DataAccess.DAL.getseminarbyid(Int32 seminar_id) in e:\Ola Projects\3rdPartyProjects\StatisticalSolutions\StatisticalSolutions\DataAccess\DAL.cs:line 808
   at StatisticalSolutions.Controllers.AdminController.EditWorkshop(Int32 id) in e:\Ola Projects\3rdPartyProjects\StatisticalSolutions\StatisticalSolutions\Controllers\AdminController.cs:line 136
2015-05-21 14:55:32,239 [16] INFO  StatisticalSolutions.Controllers.Base.BaseController - Application URL - /StatisticalSolutions/ 
 2015-05-21 14:55:42,055 [39] INFO  StatisticalSolutions.Controllers.Base.BaseController - Application URL - /StatisticalSolutions/ 
 2015-05-21 14:55:46,408 [22] INFO  StatisticalSolutions.Controllers.Base.BaseController - Application URL - /StatisticalSolutions/ 
 2015-05-21 14:57:08,865 [16] INFO  StatisticalSolutions.Controllers.Base.BaseController - Application URL - /StatisticalSolutions/Admin/WorkshopList 
 2015-05-21 14:57:18,178 [26] INFO  StatisticalSolutions.Controllers.Base.BaseController - Application URL - /StatisticalSolutions/Admin/EditWorkshop/9 
 2015-05-21 14:58:21,737 [44] INFO  StatisticalSolutions.Controllers.Base.BaseController - Application URL - /StatisticalSolutions/Admin/EditWorkshop/9 
 2015-05-21 14:58:22,609 [39] INFO  StatisticalSolutions.Controllers.Base.BaseController - Application URL - /StatisticalSolutions/Admin/WorkshopList 
 2015-05-21 14:58:28,476 [39] INFO  StatisticalSolutions.Controllers.Base.BaseController - Application URL - /StatisticalSolutions/Admin/EditWorkshop/9 
 2015-05-21 15:00:20,993 [44] INFO  StatisticalSolutions.Controllers.Base.BaseController - Application URL - /StatisticalSolutions/Admin/AddWorkshop 
 2015-05-21 15:00:37,985 [44] INFO  StatisticalSolutions.Controllers.Base.BaseController - Application URL - /StatisticalSolutions/Admin/EditWorkshop/9 
 2015-05-21 15:04:23,252 [30] INFO  StatisticalSolutions.Controllers.Base.BaseController - Application URL - /StatisticalSolutions/Admin/AddWorkshop 
 2015-05-21 15:04:47,432 [51] INFO  StatisticalSolutions.Controllers.Base.BaseController - Application URL - /StatisticalSolutions/Admin/WorkshopList 
 2015-05-21 15:04:54,333 [52] INFO  StatisticalSolutions.Controllers.Base.BaseController - Application URL - /StatisticalSolutions/Admin/EditWorkshop/9 
 2015-05-21 15:05:59,625 [24] INFO  StatisticalSolutions.Controllers.Base.BaseController - Application URL - /StatisticalSolutions/Admin/EditWorkshop/9 
 2015-05-21 15:06:49,085 [60] INFO  StatisticalSolutions.Controllers.Base.BaseController - Application URL - /StatisticalSolutions/Admin/EditWorkshop/9 
 2015-05-21 15:07:33,324 [62] INFO  StatisticalSolutions.Controllers.Base.BaseController - Application URL - /StatisticalSolutions/Admin/EditWorkshop/9 
 2015-05-21 15:09:38,104 [24] INFO  StatisticalSolutions.Controllers.Base.BaseController - Application URL - /StatisticalSolutions/Admin/EditWorkshop/9 
 2015-05-21 15:10:16,934 [37] INFO  StatisticalSolutions.Controllers.Base.BaseController - Application URL - /StatisticalSolutions/Admin/EditWorkshop/9 
 2015-05-21 15:10:53,805 [30] INFO  StatisticalSolutions.Controllers.Base.BaseController - Application URL - /StatisticalSolutions/Admin/EditWorkshop/9 
 2015-05-21 15:11:21,605 [37] INFO  StatisticalSolutions.Controllers.Base.BaseController - Application URL - /StatisticalSolutions/Admin/EditWorkshop/9 
 2015-05-21 15:17:05,974 [10] INFO  StatisticalSolutions.Controllers.Base.BaseController - Application URL - /StatisticalSolutions/Admin/EditWorkshop/9 
 2015-05-21 15:17:41,948 [10] INFO  StatisticalSolutions.Controllers.Base.BaseController - Application URL - /StatisticalSolutions/Admin/EditWorkshop/9 
 2015-05-21 15:17:53,473 [10] INFO  StatisticalSolutions.Controllers.Base.BaseController - Application URL - /StatisticalSolutions/Admin/EditWorkshop/9 
 2015-05-21 15:18:25,319 [56] INFO  StatisticalSolutions.Controllers.Base.BaseController - Application URL - /StatisticalSolutions/Admin/EditWorkshop/9 
 2015-05-21 15:18:33,213 [32] INFO  StatisticalSolutions.Controllers.Base.BaseController - Application URL - /StatisticalSolutions/Admin/EditWorkshop/9 
 2015-05-21 15:19:03,948 [52] INFO  StatisticalSolutions.Controllers.Base.BaseController - Application URL - /StatisticalSolutions/Admin/EditWorkshop/9 
 2015-05-21 15:20:04,113 [32] INFO  StatisticalSolutions.Controllers.Base.BaseController - Application URL - /StatisticalSolutions/Admin/EditWorkshop/9 
 2015-05-21 15:21:54,844 [22] INFO  StatisticalSolutions.Controllers.Base.BaseController - Application URL - /StatisticalSolutions/Admin/EditWorkshop/9 
 2015-05-21 15:23:04,947 [55] INFO  StatisticalSolutions.Controllers.Base.BaseController - Application URL - /StatisticalSolutions/Admin/EditWorkshop/9 
 2015-05-21 15:23:27,005 [29] INFO  StatisticalSolutions.Controllers.Base.BaseController - Application URL - /StatisticalSolutions/Admin/EditWorkshop/9 
 2015-05-21 15:23:28,351 [22] INFO  StatisticalSolutions.Controllers.Base.BaseController - Application URL - /StatisticalSolutions/Admin/WorkshopList 
 2015-05-21 15:23:29,086 [32] INFO  StatisticalSolutions.Controllers.Base.BaseController - Application URL - /StatisticalSolutions/Admin/EditWorkshop/9 
 2015-05-21 15:23:33,111 [29] INFO  StatisticalSolutions.Controllers.Base.BaseController - Application URL - /StatisticalSolutions/Admin/WorkshopList 
 2015-05-21 15:23:40,109 [55] INFO  StatisticalSolutions.Controllers.Base.BaseController - Application URL - /StatisticalSolutions/Admin/AddWorkshop 
 2015-05-21 15:25:12,984 [32] INFO  StatisticalSolutions.Controllers.Base.BaseController - Application URL - /StatisticalSolutions/Admin/AddWorkshop 
 2015-05-21 15:29:00,220 [43] INFO  StatisticalSolutions.Controllers.Base.BaseController - Application URL - /StatisticalSolutions/Admin/AddWorkshop 
 2015-05-21 15:29:59,225 [49] INFO  StatisticalSolutions.Controllers.Base.BaseController - Application URL - /StatisticalSolutions/Admin/AddWorkshop 
 2015-05-21 15:30:45,873 [49] INFO  StatisticalSolutions.Controllers.Base.BaseController - Application URL - /StatisticalSolutions/Admin/AddWorkshop 
 2015-05-21 15:33:10,347 [33] INFO  StatisticalSolutions.Controllers.Base.BaseController - Application URL - /StatisticalSolutions/Admin/AddWorkshop 
 2015-05-21 15:33:46,910 [9] INFO  StatisticalSolutions.Controllers.Base.BaseController - Application URL - /StatisticalSolutions/Workshop/Register 
 2015-05-21 15:34:10,993 [11] INFO  StatisticalSolutions.Controllers.Base.BaseController - Application URL - /StatisticalSolutions/Admin/AddWorkshop 
 2015-05-21 15:35:21,753 [9] INFO  StatisticalSolutions.Controllers.Base.BaseController - Application URL - /StatisticalSolutions/Admin/AddWorkshop 
 2015-05-21 15:35:54,296 [49] INFO  StatisticalSolutions.Controllers.Base.BaseController - Application URL - /StatisticalSolutions/Admin/AddWorkshop 
 2015-05-21 15:36:05,689 [51] INFO  StatisticalSolutions.Controllers.Base.BaseController - Application URL - /StatisticalSolutions/Admin/AddWorkshop 
 2015-05-21 15:37:05,684 [55] INFO  StatisticalSolutions.Controllers.Base.BaseController - Application URL - /StatisticalSolutions/Admin/AddWorkshop 
 2015-05-21 15:37:23,564 [55] INFO  StatisticalSolutions.Controllers.Base.BaseController - Application URL - /StatisticalSolutions/Admin/AddWorkshop 
 2015-05-21 15:38:26,025 [7] INFO  StatisticalSolutions.Controllers.Base.BaseController - Application URL - /StatisticalSolutions/Admin/AddWorkshop 
 2015-05-21 15:38:30,615 [49] INFO  StatisticalSolutions.Controllers.Base.BaseController - Application URL - /StatisticalSolutions/Admin/AddWorkshop 
 2015-05-21 15:39:01,591 [7] INFO  StatisticalSolutions.Controllers.Base.BaseController - Application URL - /StatisticalSolutions/Admin/AddWorkshop 
 2015-05-21 15:40:07,456 [49] INFO  StatisticalSolutions.Controllers.Base.BaseController - Application URL - /StatisticalSolutions/Admin/AddWorkshop 
 2015-05-21 15:42:41,110 [7] INFO  StatisticalSolutions.Controllers.Base.BaseController - Application URL - /StatisticalSolutions/Admin/AddWorkshop 
 2015-05-21 15:44:02,680 [33] INFO  StatisticalSolutions.Controllers.Base.BaseController - Application URL - /StatisticalSolutions/Admin/AddWorkshop 
 2015-05-21 15:47:31,854 [22] INFO  StatisticalSolutions.Controllers.Base.BaseController - Application URL - /StatisticalSolutions/Admin/AddWorkshop 
 2015-05-21 15:47:51,311 [34] INFO  StatisticalSolutions.Controllers.Base.BaseController - Application URL - /StatisticalSolutions/Admin/AddWorkshop 
 2015-05-21 15:48:35,798 [22] INFO  StatisticalSolutions.Controllers.Base.BaseController - Application URL - /StatisticalSolutions/Admin/AddWorkshop 
 2015-05-21 15:50:19,767 [36] INFO  StatisticalSolutions.Controllers.Base.BaseController - Application URL - /StatisticalSolutions/Admin/AddWorkshop 
 2015-05-21 15:51:03,170 [34] INFO  StatisticalSolutions.Controllers.Base.BaseController - Application URL - /StatisticalSolutions/Admin/AddWorkshop 
 2015-05-21 15:52:00,417 [7] INFO  StatisticalSolutions.Controllers.Base.BaseController - Application URL - /StatisticalSolutions/Admin/AddWorkshop 
 2015-05-21 15:53:12,000 [45] INFO  StatisticalSolutions.Controllers.Base.BaseController - Application URL - /StatisticalSolutions/Admin/AddWorkshop 
 2015-05-21 15:54:09,120 [48] INFO  StatisticalSolutions.Controllers.Base.BaseController - Application URL - /StatisticalSolutions/Admin/AddWorkshop 
 2015-05-21 15:55:03,889 [7] INFO  StatisticalSolutions.Controllers.Base.BaseController - Application URL - /StatisticalSolutions/Admin/AddWorkshop 
 2015-05-21 15:55:45,282 [9] INFO  StatisticalSolutions.Controllers.Base.BaseController - Application URL - /StatisticalSolutions/Admin/AddWorkshop 
 2015-05-21 15:56:22,542 [37] INFO  StatisticalSolutions.Controllers.Base.BaseController - Application URL - /StatisticalSolutions/Admin/AddWorkshop 
 2015-05-21 15:57:05,466 [37] INFO  StatisticalSolutions.Controllers.Base.BaseController - Application URL - /StatisticalSolutions/Admin/AddWorkshop 
 2015-05-21 16:01:52,570 [9] INFO  StatisticalSolutions.Controllers.Base.BaseController - Application URL - /StatisticalSolutions/Admin/AddWorkshop 
 2015-05-21 16:02:06,215 [55] INFO  StatisticalSolutions.Controllers.Base.BaseController - Application URL - /StatisticalSolutions/Admin/AddWorkshop 
 2015-05-21 16:03:01,781 [9] INFO  StatisticalSolutions.Controllers.Base.BaseController - Application URL - /StatisticalSolutions/Admin/AddWorkshop 
 2015-05-21 16:03:17,408 [55] INFO  StatisticalSolutions.Controllers.Base.BaseController - Application URL - /StatisticalSolutions/Admin/AddWorkshop 
 2015-05-21 16:12:23,753 [55] INFO  StatisticalSolutions.Controllers.Base.BaseController - Application URL - /StatisticalSolutions/Admin/AddWorkshop 
 2015-05-21 16:12:31,637 [47] INFO  StatisticalSolutions.Controllers.Base.BaseController - Application URL - /StatisticalSolutions/Admin/AddWorkshop 
 2015-05-21 16:13:30,369 [7] INFO  StatisticalSolutions.Controllers.Base.BaseController - Application URL - /StatisticalSolutions/Admin/AddWorkshop 
 2015-05-21 16:14:08,303 [47] INFO  StatisticalSolutions.Controllers.Base.BaseController - Application URL - /StatisticalSolutions/Admin/AddWorkshop 
 2015-05-21 16:14:49,651 [55] INFO  StatisticalSolutions.Controllers.Base.BaseController - Application URL - /StatisticalSolutions/Admin/WorkshopList 
 2015-05-21 16:15:55,558 [47] INFO  StatisticalSolutions.Controllers.Base.BaseController - Application URL - /StatisticalSolutions/Workshop/WorkShops 
 2015-05-21 16:16:01,430 [11] INFO  StatisticalSolutions.Controllers.Base.BaseController - Application URL - /StatisticalSolutions/Instructor/Consultants 
 2015-05-21 16:17:47,582 [45] INFO  StatisticalSolutions.Controllers.Base.BaseController - Application URL - /StatisticalSolutions/Instructor/Consultants 
 2015-05-21 16:18:08,456 [45] INFO  StatisticalSolutions.Controllers.Base.BaseController - Application URL - /StatisticalSolutions/Instructor/Consultants 
 2015-05-21 16:18:52,529 [47] INFO  StatisticalSolutions.Controllers.Base.BaseController - Application URL - /StatisticalSolutions/Instructor/Consultants 
 2015-05-21 16:19:25,240 [19] INFO  StatisticalSolutions.Controllers.Base.BaseController - Application URL - /StatisticalSolutions/Instructor/Consultants 
 2015-05-21 16:19:57,939 [34] INFO  StatisticalSolutions.Controllers.Base.BaseController - Application URL - /StatisticalSolutions/Instructor/Consultants 
 2015-05-21 16:20:24,902 [45] INFO  StatisticalSolutions.Controllers.Base.BaseController - Application URL - /StatisticalSolutions/Instructor/Consultants 
 2015-05-21 16:21:10,795 [34] INFO  StatisticalSolutions.Controllers.Base.BaseController - Application URL - /StatisticalSolutions/Instructor/Consultants 
 2015-05-21 16:21:59,506 [19] INFO  StatisticalSolutions.Controllers.Base.BaseController - Application URL - /StatisticalSolutions/Instructor/Consultants 
 2015-05-21 16:23:11,753 [49] INFO  StatisticalSolutions.Controllers.Base.BaseController - Application URL - /StatisticalSolutions/Instructor/Consultants 
 2015-05-21 16:23:17,125 [49] INFO  StatisticalSolutions.Controllers.Base.BaseController - Application URL - /StatisticalSolutions/Instructor/Consultants 
 2015-05-21 16:23:28,607 [15] INFO  StatisticalSolutions.Controllers.Base.BaseController - Application URL - /StatisticalSolutions/Workshop/WorkShops 
 2015-05-21 16:24:10,931 [59] INFO  StatisticalSolutions.Controllers.Base.BaseController - Application URL - /StatisticalSolutions/Workshop/WorkShops 
 2015-05-21 16:25:18,394 [34] INFO  StatisticalSolutions.Controllers.Base.BaseController - Application URL - /StatisticalSolutions/Workshop/WorkShops 
 2015-05-21 16:26:03,912 [34] INFO  StatisticalSolutions.Controllers.Base.BaseController - Application URL - /StatisticalSolutions/Workshop/WorkShops 
 2015-05-21 16:26:43,290 [49] INFO  StatisticalSolutions.Controllers.Base.BaseController - Application URL - /StatisticalSolutions/Workshop/WorkShops 
 2015-05-21 16:26:43,608 [34] INFO  StatisticalSolutions.Controllers.Base.BaseController - Application URL - /StatisticalSolutions/Workshop/WorkShops 
 2015-05-21 16:26:43,612 [34] ERROR StatisticalSolutions.Controllers.Base.BaseController - Statistical exception message - An error occurred while executing the command definition. See the inner exception for details.
 2015-05-21 16:26:43,614 [34] ERROR StatisticalSolutions.Controllers.Base.BaseController - Statistical exception stack trace -    at StatisticalSolutions.DataAccess.DAL.getseminarinstructors() in e:\Ola Projects\3rdPartyProjects\StatisticalSolutions\StatisticalSolutions\DataAccess\DAL.cs:line 894
   at StatisticalSolutions.Controllers.WorkshopController.WorkShops() in e:\Ola Projects\3rdPartyProjects\StatisticalSolutions\StatisticalSolutions\Controllers\WorkshopController.cs:line 46
   at lambda_method(Closure , ControllerBase , Object[] )
   at System.Web.Mvc.ReflectedActionDescriptor.Execute(ControllerContext controllerContext, IDictionary`2 parameters)
   at System.Web.Mvc.ControllerActionInvoker.InvokeActionMethod(ControllerContext controllerContext, ActionDescriptor actionDescriptor, IDictionary`2 parameters)
   at System.Web.Mvc.Async.AsyncControllerActionInvoker.<>c__DisplayClass37.<>c__DisplayClass39.<BeginInvokeActionMethodWithFilters>b__33()
   at System.Web.Mvc.Async.AsyncControllerActionInvoker.<>c__DisplayClass4f.<InvokeActionMethodFilterAsynchronously>b__49()
   at System.Web.Mvc.Async.AsyncControllerActionInvoker.<>c__DisplayClass4f.<InvokeActionMethodFilterAsynchronously>b__49()
   at System.Web.Mvc.Async.AsyncControllerActionInvoker.<>c__DisplayClass37.<BeginInvokeActionMethodWithFilters>b__36(IAsyncResult asyncResult)
   at System.Web.Mvc.Async.AsyncControllerActionInvoker.<>c__DisplayClass25.<>c__DisplayClass2a.<BeginInvokeAction>b__20()
   at System.Web.Mvc.Async.AsyncControllerActionInvoker.<>c__DisplayClass25.<BeginInvokeAction>b__22(IAsyncResult asyncResult)
 2015-05-21 16:27:07,402 [49] INFO  StatisticalSolutions.Controllers.Base.BaseController - Application URL - /StatisticalSolutions/Workshop/WorkShops 
 2015-05-21 16:27:07,403 [49] ERROR StatisticalSolutions.Controllers.Base.BaseController - Statistical exception message - The underlying provider failed on Open.
 2015-05-21 16:27:07,404 [49] ERROR StatisticalSolutions.Controllers.Base.BaseController - Statistical exception stack trace -    at StatisticalSolutions.DataAccess.DAL.getfutureseminars() in e:\Ola Projects\3rdPartyProjects\StatisticalSolutions\StatisticalSolutions\DataAccess\DAL.cs:line 780
   at StatisticalSolutions.Controllers.WorkshopController.WorkShops() in e:\Ola Projects\3rdPartyProjects\StatisticalSolutions\StatisticalSolutions\Controllers\WorkshopController.cs:line 44
   at lambda_method(Closure , ControllerBase , Object[] )
   at System.Web.Mvc.ReflectedActionDescriptor.Execute(ControllerContext controllerContext, IDictionary`2 parameters)
   at System.Web.Mvc.ControllerActionInvoker.InvokeActionMethod(ControllerContext controllerContext, ActionDescriptor actionDescriptor, IDictionary`2 parameters)
   at System.Web.Mvc.Async.AsyncControllerActionInvoker.<>c__DisplayClass37.<>c__DisplayClass39.<BeginInvokeActionMethodWithFilters>b__33()
   at System.Web.Mvc.Async.AsyncControllerActionInvoker.<>c__DisplayClass4f.<InvokeActionMethodFilterAsynchronously>b__49()
   at System.Web.Mvc.Async.AsyncControllerActionInvoker.<>c__DisplayClass4f.<InvokeActionMethodFilterAsynchronously>b__49()
   at System.Web.Mvc.Async.AsyncControllerActionInvoker.<>c__DisplayClass37.<BeginInvokeActionMethodWithFilters>b__36(IAsyncResult asyncResult)
   at System.Web.Mvc.Async.AsyncControllerActionInvoker.<>c__DisplayClass25.<>c__DisplayClass2a.<BeginInvokeAction>b__20()
   at System.Web.Mvc.Async.AsyncControllerActionInvoker.<>c__DisplayClass25.<BeginInvokeAction>b__22(IAsyncResult asyncResult)
 2015-05-21 16:27:07,418 [37] INFO  StatisticalSolutions.Controllers.Base.BaseController - Application URL - /StatisticalSolutions/Base/StatisticalError 
 2015-05-21 16:27:07,421 [37] INFO  StatisticalSolutions.Controllers.Base.BaseController - Application URL - /StatisticalSolutions/Base/StatisticalError 
 2015-05-21 16:27:39,245 [37] INFO  StatisticalSolutions.Controllers.Base.BaseController - Application URL - /StatisticalSolutions/Workshop/WorkShops 
 2015-05-21 16:27:55,082 [37] INFO  StatisticalSolutions.Controllers.Base.BaseController - Application URL - /StatisticalSolutions/Workshop/WorkShops 
 2015-05-21 16:29:18,882 [37] INFO  StatisticalSolutions.Controllers.Base.BaseController - Application URL - /StatisticalSolutions/Workshop/WorkShops 
 2015-05-21 16:29:26,460 [37] INFO  StatisticalSolutions.Controllers.Base.BaseController - Application URL - /StatisticalSolutions/Workshop/WorkShops 
 2015-05-21 16:29:53,601 [33] INFO  StatisticalSolutions.Controllers.Base.BaseController - Application URL - /StatisticalSolutions/Workshop/WorkShops 
 2015-05-21 16:30:58,222 [9] INFO  StatisticalSolutions.Controllers.Base.BaseController - Application URL - /StatisticalSolutions/Workshop/WorkShops 
 2015-05-21 16:32:41,322 [56] INFO  StatisticalSolutions.Controllers.Base.BaseController - Application URL - /StatisticalSolutions/Workshop/WorkShops 
 2015-05-21 16:33:36,650 [9] INFO  StatisticalSolutions.Controllers.Base.BaseController - Application URL - /StatisticalSolutions/Workshop/WorkShops 
 2015-05-21 16:34:27,252 [49] INFO  StatisticalSolutions.Controllers.Base.BaseController - Application URL - /StatisticalSolutions/Workshop/WorkShops 
 2015-05-21 16:34:57,825 [49] INFO  StatisticalSolutions.Controllers.Base.BaseController - Application URL - /StatisticalSolutions/Workshop/WorkShops 
 2015-05-21 16:35:54,779 [61] INFO  StatisticalSolutions.Controllers.Base.BaseController - Application URL - /StatisticalSolutions/Workshop/WorkShops 
 2015-05-21 16:36:03,439 [37] INFO  StatisticalSolutions.Controllers.Base.BaseController - Application URL - /StatisticalSolutions/Instructor/Consultants 
 2015-05-21 16:36:53,481 [56] INFO  StatisticalSolutions.Controllers.Base.BaseController - Application URL - /StatisticalSolutions/Instructor/Consultants 
 2015-05-21 16:37:25,219 [49] INFO  StatisticalSolutions.Controllers.Base.BaseController - Application URL - /StatisticalSolutions/Instructor/Consultants 
 2015-05-21 16:38:15,414 [56] INFO  StatisticalSolutions.Controllers.Base.BaseController - Application URL - /StatisticalSolutions/Instructor/Consultants 
 2015-05-21 16:38:28,576 [56] INFO  StatisticalSolutions.Controllers.Base.BaseController - Application URL - /StatisticalSolutions/Instructor/Consultants 
 2015-05-21 16:41:57,538 [56] INFO  StatisticalSolutions.Controllers.Base.BaseController - Application URL - /StatisticalSolutions/Instructor/Consultants 
 2015-05-21 16:42:04,953 [59] INFO  StatisticalSolutions.Controllers.Base.BaseController - Application URL - /StatisticalSolutions/Instructor/Consultants 
 2015-05-21 16:43:07,500 [56] INFO  StatisticalSolutions.Controllers.Base.BaseController - Application URL - /StatisticalSolutions/Instructor/Consultants 
 2015-05-21 16:45:29,608 [55] INFO  StatisticalSolutions.Controllers.Base.BaseController - Application URL - /StatisticalSolutions/Instructor/Consultants 
 2015-05-21 16:46:14,842 [23] INFO  StatisticalSolutions.Controllers.Base.BaseController - Application URL - /StatisticalSolutions/Instructor/Consultants 
 2015-05-21 16:46:18,567 [55] INFO  StatisticalSolutions.Controllers.Base.BaseController - Application URL - /StatisticalSolutions/Instructor/Consultants 
 2015-05-21 16:46:50,609 [11] INFO  StatisticalSolutions.Controllers.Base.BaseController - Application URL - /StatisticalSolutions/Instructor/Consultants 
 2015-05-21 16:48:07,227 [52] INFO  StatisticalSolutions.Controllers.Base.BaseController - Application URL - /StatisticalSolutions/Instructor/Consultants 
 2015-05-21 16:50:06,874 [52] INFO  StatisticalSolutions.Controllers.Base.BaseController - Application URL - /StatisticalSolutions/Instructor/Consultants 
 2015-05-21 16:51:03,675 [52] INFO  StatisticalSolutions.Controllers.Base.BaseController - Application URL - /StatisticalSolutions/Instructor/Consultants 
 2015-05-21 16:51:35,091 [11] INFO  StatisticalSolutions.Controllers.Base.BaseController - Application URL - /StatisticalSolutions/ 
 2015-05-21 16:51:42,525 [47] INFO  StatisticalSolutions.Controllers.Base.BaseController - Application URL - /StatisticalSolutions/Instructor/Consultants 
 2015-05-21 16:53:14,709 [37] INFO  StatisticalSolutions.Controllers.Base.BaseController - Application URL - /StatisticalSolutions/Instructor/Consultants 
 2015-05-21 16:58:54,171 [37] INFO  StatisticalSolutions.Controllers.Base.BaseController - Application URL - /StatisticalSolutions/Instructor/Consultants 
 2015-05-21 17:00:18,644 [47] INFO  StatisticalSolutions.Controllers.Base.BaseController - Application URL - /StatisticalSolutions/Instructor/Consultants 
 2015-05-21 17:01:56,388 [37] INFO  StatisticalSolutions.Controllers.Base.BaseController - Application URL - /StatisticalSolutions/Instructor/Consultants 
 2015-05-21 17:02:15,154 [37] INFO  StatisticalSolutions.Controllers.Base.BaseController - Application URL - /StatisticalSolutions/Instructor/Consultants 
 2015-05-21 17:03:06,236 [7] INFO  StatisticalSolutions.Controllers.Base.BaseController - Application URL - /StatisticalSolutions/Instructor/Consultants 
 2015-05-21 17:03:37,834 [29] INFO  StatisticalSolutions.Controllers.Base.BaseController - Application URL - /StatisticalSolutions/Instructor/Consultants 
 2015-05-21 17:04:02,930 [29] INFO  StatisticalSolutions.Controllers.Base.BaseController - Application URL - /StatisticalSolutions/Instructor/Consultants 
 2015-05-21 17:04:38,856 [47] INFO  StatisticalSolutions.Controllers.Base.BaseController - Application URL - /StatisticalSolutions/Instructor/Consultants 
 2015-05-21 17:04:54,011 [29] INFO  StatisticalSolutions.Controllers.Base.BaseController - Application URL - /StatisticalSolutions/Instructor/Consultants 
 2015-05-21 17:07:54,196 [29] INFO  StatisticalSolutions.Controllers.Base.BaseController - Application URL - /StatisticalSolutions/Instructor/Consultant/1 
 2015-05-21 17:08:01,215 [11] INFO  StatisticalSolutions.Controllers.Base.BaseController - Application URL - /StatisticalSolutions/ 
 2015-05-21 17:08:21,459 [62] INFO  StatisticalSolutions.Controllers.Base.BaseController - Application URL - /StatisticalSolutions/Admin/BulkMails 
 2015-05-21 17:08:36,653 [11] INFO  StatisticalSolutions.Controllers.Base.BaseController - Application URL - /StatisticalSolutions/Admin/BulkMailsFilter 
 2015-05-21 17:08:43,895 [58] INFO  StatisticalSolutions.Controllers.Base.BaseController - Application URL - /StatisticalSolutions/Admin/BulkMailStudents/9 
 2015-05-21 17:15:28,455 [22] INFO  StatisticalSolutions.Controllers.Base.BaseController - Application URL - /StatisticalSolutions/ 
 2015-05-21 17:15:30,816 [36] INFO  StatisticalSolutions.Controllers.Base.BaseController - Application URL - /StatisticalSolutions/Workshop/Register 
 2015-05-21 17:18:02,943 [32] INFO  StatisticalSolutions.Controllers.Base.BaseController - Application URL - /StatisticalSolutions/Workshop/Register 
 2015-05-21 17:18:15,355 [32] INFO  StatisticalSolutions.Controllers.Base.BaseController - Application URL - /StatisticalSolutions/Workshop/Registration/9 
 2015-05-21 17:25:12,072 [22] INFO  StatisticalSolutions.Controllers.Base.BaseController - Application URL - /StatisticalSolutions/Workshop/Registration/9 
 2015-05-21 17:30:59,864 [38] INFO  StatisticalSolutions.Controllers.Base.BaseController - Application URL - /StatisticalSolutions/Workshop/Registration/9 
 2015-05-21 17:32:51,611 [38] INFO  StatisticalSolutions.Controllers.Base.BaseController - Application URL - /StatisticalSolutions/Workshop/Registration/9 
 2015-05-21 17:33:25,926 [30] INFO  StatisticalSolutions.Controllers.Base.BaseController - Application URL - /StatisticalSolutions/Workshop/Registration/9 
 2015-05-21 17:34:39,123 [15] INFO  StatisticalSolutions.Controllers.Base.BaseController - Application URL - /StatisticalSolutions/Workshop/Registration/9 
 2015-05-21 17:35:29,156 [15] INFO  StatisticalSolutions.Controllers.Base.BaseController - Application URL - /StatisticalSolutions/Workshop/Registration/9 
 2015-05-21 17:36:41,796 [38] INFO  StatisticalSolutions.Controllers.Base.BaseController - Application URL - /StatisticalSolutions/Workshop/Registration/9 
 2015-05-21 17:38:14,426 [35] INFO  StatisticalSolutions.Controllers.Base.BaseController - Application URL - /StatisticalSolutions/Workshop/Registration/9 
 2015-05-21 17:38:58,519 [53] INFO  StatisticalSolutions.Controllers.Base.BaseController - Application URL - /StatisticalSolutions/Workshop/Registration/9 
 2015-05-21 17:39:50,889 [53] INFO  StatisticalSolutions.Controllers.Base.BaseController - Application URL - /StatisticalSolutions/Workshop/Registration/9 
 2015-05-21 17:45:19,669 [38] INFO  StatisticalSolutions.Controllers.Base.BaseController - Application URL - /StatisticalSolutions/Workshop/Registration/9 
 2015-05-21 17:52:23,271 [60] INFO  StatisticalSolutions.Controllers.Base.BaseController - Application URL - /StatisticalSolutions/Admin/WorkshopList 
 2015-05-21 18:21:09,726 [8] INFO  StatisticalSolutions.Controllers.Base.BaseController - Application URL - /StatisticalSolutions/ 
 2015-05-21 18:23:00,973 [3] INFO  StatisticalSolutions.Controllers.Base.BaseController - Application URL - /StatisticalSolutions/Admin/WorkshopList 
 2015-05-21 18:23:49,061 [21] INFO  StatisticalSolutions.Controllers.Base.BaseController - Application URL - /StatisticalSolutions/Admin/ConsultantList 
 2015-05-21 18:25:19,646 [3] INFO  StatisticalSolutions.Controllers.Base.BaseController - Application URL - /StatisticalSolutions/Admin/EditConsultant/1 
 2015-05-21 18:26:45,875 [24] INFO  StatisticalSolutions.Controllers.Base.BaseController - Application URL - /StatisticalSolutions/Admin/EditConsultant/1 
 2015-05-21 18:26:46,614 [3] INFO  StatisticalSolutions.Controllers.Base.BaseController - Application URL - /StatisticalSolutions/Admin/ConsultantList 
 2015-05-21 18:27:44,528 [13] INFO  StatisticalSolutions.Controllers.Base.BaseController - Application URL - /StatisticalSolutions/Admin/WorkshopList 
 2015-05-21 18:47:21,867 [40] INFO  StatisticalSolutions.Controllers.Base.BaseController - Application URL - /StatisticalSolutions/ 
 2015-05-21 18:48:10,271 [37] INFO  StatisticalSolutions.Controllers.Base.BaseController - Application URL - /StatisticalSolutions/ 
 2015-05-21 18:49:01,476 [43] INFO  StatisticalSolutions.Controllers.Base.BaseController - Application URL - /StatisticalSolutions/Admin/WorkshopList 
 2015-05-21 18:49:22,293 [43] INFO  StatisticalSolutions.Controllers.Base.BaseController - Application URL - /StatisticalSolutions/Admin/InactiveWorkshops 
 2015-05-21 18:49:23,709 [43] INFO  StatisticalSolutions.Controllers.Base.BaseController - Application URL - /StatisticalSolutions/Admin/InactiveWorkshops 
 2015-05-21 18:49:23,710 [43] ERROR StatisticalSolutions.Controllers.Base.BaseController - Statistical exception message - The view 'InactiveWorkshops' or its master was not found or no view engine supports the searched locations. The following locations were searched:
~/Views/Admin/InactiveWorkshops.aspx
~/Views/Admin/InactiveWorkshops.ascx
~/Views/Shared/InactiveWorkshops.aspx
~/Views/Shared/InactiveWorkshops.ascx
~/Views/Admin/InactiveWorkshops.cshtml
~/Views/Admin/InactiveWorkshops.vbhtml
~/Views/Shared/InactiveWorkshops.cshtml
~/Views/Shared/InactiveWorkshops.vbhtml
 2015-05-21 18:49:23,711 [43] ERROR StatisticalSolutions.Controllers.Base.BaseController - Statistical exception stack trace -    at System.Web.Mvc.ViewResult.FindView(ControllerContext context)
   at System.Web.Mvc.ViewResultBase.ExecuteResult(ControllerContext context)
   at System.Web.Mvc.ControllerActionInvoker.<>c__DisplayClass1a.<InvokeActionResultWithFilters>b__17()
   at System.Web.Mvc.ControllerActionInvoker.InvokeActionResultFilter(IResultFilter filter, ResultExecutingContext preContext, Func`1 continuation)
   at System.Web.Mvc.ControllerActionInvoker.InvokeActionResultFilter(IResultFilter filter, ResultExecutingContext preContext, Func`1 continuation)
   at System.Web.Mvc.ControllerActionInvoker.InvokeActionResultWithFilters(ControllerContext controllerContext, IList`1 filters, ActionResult actionResult)
   at System.Web.Mvc.Async.AsyncControllerActionInvoker.<>c__DisplayClass25.<BeginInvokeAction>b__22(IAsyncResult asyncResult)
 2015-05-21 18:49:23,778 [37] INFO  StatisticalSolutions.Controllers.Base.BaseController - Application URL - /StatisticalSolutions/Base/StatisticalError 
 2015-05-21 18:49:23,780 [37] INFO  StatisticalSolutions.Controllers.Base.BaseController - Application URL - /StatisticalSolutions/Base/StatisticalError 
 2015-05-21 18:50:28,543 [43] INFO  StatisticalSolutions.Controllers.Base.BaseController - Application URL - /StatisticalSolutions/ 
 2015-05-21 18:51:03,815 [19] INFO  StatisticalSolutions.Controllers.Base.BaseController - Application URL - /StatisticalSolutions/Admin/WorkshopList 
 2015-05-21 18:51:30,368 [19] INFO  StatisticalSolutions.Controllers.Base.BaseController - Application URL - /StatisticalSolutions/Admin/InactiveWorkshops 
 2015-05-21 18:51:40,324 [40] INFO  StatisticalSolutions.Controllers.Base.BaseController - Application URL - /StatisticalSolutions/Admin/InactiveWorkshops 
 2015-05-21 18:51:57,666 [8] INFO  StatisticalSolutions.Controllers.Base.BaseController - Application URL - /StatisticalSolutions/Admin/InactiveWorkshops 
 2015-05-21 18:53:00,424 [39] INFO  StatisticalSolutions.Controllers.Base.BaseController - Application URL - /StatisticalSolutions/ 
 2015-05-21 18:54:17,828 [12] INFO  StatisticalSolutions.Controllers.Base.BaseController - Application URL - /StatisticalSolutions/Admin/WorkshopList 
 2015-05-21 18:54:37,535 [12] INFO  StatisticalSolutions.Controllers.Base.BaseController - Application URL - /StatisticalSolutions/Admin/InactiveWorkshops 
 2015-05-21 18:55:17,281 [8] INFO  StatisticalSolutions.Controllers.Base.BaseController - Application URL - /StatisticalSolutions/Admin/EditWorkshop/3 
 2015-05-21 18:58:08,629 [18] INFO  StatisticalSolutions.Controllers.Base.BaseController - Application URL - /StatisticalSolutions/Admin/EditWorkshop/3 
 2015-05-21 18:58:40,865 [40] INFO  StatisticalSolutions.Controllers.Base.BaseController - Application URL - /StatisticalSolutions/Admin/EditWorkshop/3 
 2015-05-21 18:59:50,904 [35] INFO  StatisticalSolutions.Controllers.Base.BaseController - Application URL - /StatisticalSolutions/Admin/EditWorkshop/3 
 2015-05-21 19:00:47,975 [43] INFO  StatisticalSolutions.Controllers.Base.BaseController - Application URL - /StatisticalSolutions/Admin/EditWorkshop/3 
 2015-05-21 19:02:08,518 [45] INFO  StatisticalSolutions.Controllers.Base.BaseController - Application URL - /StatisticalSolutions/Admin/EditWorkshop/3 
 2015-05-21 19:02:52,160 [45] INFO  StatisticalSolutions.Controllers.Base.BaseController - Application URL - /StatisticalSolutions/Admin/EditWorkshop/3 
 2015-05-21 19:02:54,861 [17] INFO  StatisticalSolutions.Controllers.Base.BaseController - Application URL - /StatisticalSolutions/Admin/WorkshopList 
 2015-05-21 19:03:04,201 [21] INFO  StatisticalSolutions.Controllers.Base.BaseController - Application URL - /StatisticalSolutions/Admin/InactiveWorkshops 
 2015-05-21 19:03:11,832 [21] INFO  StatisticalSolutions.Controllers.Base.BaseController - Application URL - /StatisticalSolutions/Admin/EditWorkshop/5 
 2015-05-21 19:03:36,428 [45] INFO  StatisticalSolutions.Controllers.Base.BaseController - Application URL - /StatisticalSolutions/Admin/EditWorkshop/5 
 2015-05-21 19:03:40,753 [45] INFO  StatisticalSolutions.Controllers.Base.BaseController - Application URL - /StatisticalSolutions/Admin/WorkshopList 
 2015-05-21 19:05:14,858 [46] INFO  StatisticalSolutions.Controllers.Base.BaseController - Application URL - /StatisticalSolutions/Admin/WorkshopList 
 2015-05-21 19:06:30,868 [52] INFO  StatisticalSolutions.Controllers.Base.BaseController - Application URL - /StatisticalSolutions/Admin/WorkshopList 
 2015-05-21 19:06:37,260 [6] INFO  StatisticalSolutions.Controllers.Base.BaseController - Application URL - /StatisticalSolutions/Admin/WorkshopList 
 2015-05-21 19:07:12,171 [6] INFO  StatisticalSolutions.Controllers.Base.BaseController - Application URL - /StatisticalSolutions/Admin/InactiveWorkshops 
 2015-05-21 19:08:41,747 [8] INFO  StatisticalSolutions.Controllers.Base.BaseController - Application URL - /StatisticalSolutions/Admin/InactiveWorkshops 
 2015-05-21 19:09:48,315 [10] INFO  StatisticalSolutions.Controllers.Base.BaseController - Application URL - /StatisticalSolutions/Admin/InactiveWorkshops 
 2015-05-21 19:11:17,534 [8] INFO  StatisticalSolutions.Controllers.Base.BaseController - Application URL - /StatisticalSolutions/Admin/WorkshopList 
 2015-05-21 19:11:38,427 [8] INFO  StatisticalSolutions.Controllers.Base.BaseController - Application URL - /StatisticalSolutions/Admin/WorkshopList 
 2015-05-21 19:12:43,476 [19] INFO  StatisticalSolutions.Controllers.Base.BaseController - Application URL - /StatisticalSolutions/Admin/WorkshopList 
 2015-05-21 19:13:12,236 [20] INFO  StatisticalSolutions.Controllers.Base.BaseController - Application URL - /StatisticalSolutions/Admin/InactiveWorkshops 
 2015-05-21 19:14:24,289 [20] INFO  StatisticalSolutions.Controllers.Base.BaseController - Application URL - /StatisticalSolutions/Admin/InactiveWorkshops 
 2015-05-21 19:14:25,702 [20] INFO  StatisticalSolutions.Controllers.Base.BaseController - Application URL - /StatisticalSolutions/Admin/InactiveWorkshops 
 2015-05-21 19:14:25,703 [20] ERROR StatisticalSolutions.Controllers.Base.BaseController - Statistical exception message - Encountered end tag "div" with no matching start tag.  Are your start/end tags properly balanced?

 2015-05-21 19:14:25,704 [20] ERROR StatisticalSolutions.Controllers.Base.BaseController - Statistical exception stack trace -    at System.Web.WebPages.Razor.RazorBuildProvider.EnsureGeneratedCode()
   at System.Web.WebPages.Razor.RazorBuildProvider.get_CodeCompilerType()
   at System.Web.Compilation.BuildProvider.GetCompilerTypeFromBuildProvider(BuildProvider buildProvider)
   at System.Web.Compilation.BuildProvidersCompiler.ProcessBuildProviders()
   at System.Web.Compilation.BuildProvidersCompiler.PerformBuild()
   at System.Web.Compilation.BuildManager.CompileWebFile(VirtualPath virtualPath)
   at System.Web.Compilation.BuildManager.GetVPathBuildResultInternal(VirtualPath virtualPath, Boolean noBuild, Boolean allowCrossApp, Boolean allowBuildInPrecompile, Boolean throwIfNotFound, Boolean ensureIsUpToDate)
   at System.Web.Compilation.BuildManager.GetVPathBuildResultWithNoAssert(HttpContext context, VirtualPath virtualPath, Boolean noBuild, Boolean allowCrossApp, Boolean allowBuildInPrecompile, Boolean throwIfNotFound, Boolean ensureIsUpToDate)
   at System.Web.Compilation.BuildManager.GetObjectFactory(String virtualPath, Boolean throwIfNotFound)
   at System.Web.Mvc.BuildManagerWrapper.System.Web.Mvc.IBuildManager.FileExists(String virtualPath)
   at Microsoft.Web.Mvc.ViewEngineFixWorker`1.FileExists(ControllerContext controllerContext, String virtualPath)
   at System.Web.WebPages.DefaultDisplayMode.GetDisplayInfo(HttpContextBase httpContext, String virtualPath, Func`2 virtualPathExists)
   at System.Linq.Enumerable.WhereSelectListIterator`2.MoveNext()
   at System.Linq.Enumerable.FirstOrDefault[TSource](IEnumerable`1 source, Func`2 predicate)
   at System.Web.WebPages.DisplayModeProvider.GetDisplayInfoForVirtualPath(String virtualPath, HttpContextBase httpContext, Func`2 virtualPathExists, IDisplayMode currentDisplayMode)
   at Microsoft.Web.Mvc.ViewEngineFixWorker`1.GetPathFromGeneralName(ControllerContext controllerContext, List`1 locations, String name, String controllerName, String areaName, String cacheKey, String[]& searchedLocations)
   at Microsoft.Web.Mvc.ViewEngineFixWorker`1.GetPath(ControllerContext controllerContext, String[] locations, String[] areaLocations, String locationsPropertyName, String name, String controllerName, String cacheKeyPrefix, Boolean useCache, String[]& searchedLocations)
   at Microsoft.Web.Mvc.ViewEngineFixWorker`1.FindView(ControllerContext controllerContext, String viewName, String masterName, Boolean useCache)
   at System.Web.Mvc.ViewEngineCollection.<>c__DisplayClassc.<FindView>b__b(IViewEngine e)
   at System.Web.Mvc.ViewEngineCollection.Find(Func`2 lookup, Boolean trackSearchedPaths)
   at System.Web.Mvc.ViewResult.FindView(ControllerContext context)
   at System.Web.Mvc.ViewResultBase.ExecuteResult(ControllerContext context)
   at System.Web.Mvc.ControllerActionInvoker.<>c__DisplayClass1a.<InvokeActionResultWithFilters>b__17()
   at System.Web.Mvc.ControllerActionInvoker.InvokeActionResultFilter(IResultFilter filter, ResultExecutingContext preContext, Func`1 continuation)
   at System.Web.Mvc.ControllerActionInvoker.InvokeActionResultFilter(IResultFilter filter, ResultExecutingContext preContext, Func`1 continuation)
   at System.Web.Mvc.ControllerActionInvoker.InvokeActionResultWithFilters(ControllerContext controllerContext, IList`1 filters, ActionResult actionResult)
   at System.Web.Mvc.Async.AsyncControllerActionInvoker.<>c__DisplayClass25.<BeginInvokeAction>b__22(IAsyncResult asyncResult)
 2015-05-21 19:14:25,832 [19] INFO  StatisticalSolutions.Controllers.Base.BaseController - Application URL - /StatisticalSolutions/Base/StatisticalError 
 2015-05-21 19:14:25,834 [19] INFO  StatisticalSolutions.Controllers.Base.BaseController - Application URL - /StatisticalSolutions/Base/StatisticalError 
 2015-05-21 19:15:00,139 [20] INFO  StatisticalSolutions.Controllers.Base.BaseController - Application URL - /StatisticalSolutions/Admin/InactiveWorkshops 
 2015-05-21 19:15:01,547 [20] INFO  StatisticalSolutions.Controllers.Base.BaseController - Application URL - /StatisticalSolutions/Admin/InactiveWorkshops 
 2015-05-21 19:15:01,547 [20] ERROR StatisticalSolutions.Controllers.Base.BaseController - Statistical exception message - Encountered end tag "div" with no matching start tag.  Are your start/end tags properly balanced?

 2015-05-21 19:15:01,547 [20] ERROR StatisticalSolutions.Controllers.Base.BaseController - Statistical exception stack trace -    at System.Web.WebPages.Razor.RazorBuildProvider.EnsureGeneratedCode()
   at System.Web.WebPages.Razor.RazorBuildProvider.get_CodeCompilerType()
   at System.Web.Compilation.BuildProvider.GetCompilerTypeFromBuildProvider(BuildProvider buildProvider)
   at System.Web.Compilation.BuildProvidersCompiler.ProcessBuildProviders()
   at System.Web.Compilation.BuildProvidersCompiler.PerformBuild()
   at System.Web.Compilation.BuildManager.CompileWebFile(VirtualPath virtualPath)
   at System.Web.Compilation.BuildManager.GetVPathBuildResultInternal(VirtualPath virtualPath, Boolean noBuild, Boolean allowCrossApp, Boolean allowBuildInPrecompile, Boolean throwIfNotFound, Boolean ensureIsUpToDate)
   at System.Web.Compilation.BuildManager.GetVPathBuildResultWithNoAssert(HttpContext context, VirtualPath virtualPath, Boolean noBuild, Boolean allowCrossApp, Boolean allowBuildInPrecompile, Boolean throwIfNotFound, Boolean ensureIsUpToDate)
   at System.Web.Compilation.BuildManager.GetObjectFactory(String virtualPath, Boolean throwIfNotFound)
   at System.Web.Mvc.BuildManagerWrapper.System.Web.Mvc.IBuildManager.FileExists(String virtualPath)
   at Microsoft.Web.Mvc.ViewEngineFixWorker`1.FileExists(ControllerContext controllerContext, String virtualPath)
   at System.Web.WebPages.DefaultDisplayMode.GetDisplayInfo(HttpContextBase httpContext, String virtualPath, Func`2 virtualPathExists)
   at System.Linq.Enumerable.WhereSelectListIterator`2.MoveNext()
   at System.Linq.Enumerable.FirstOrDefault[TSource](IEnumerable`1 source, Func`2 predicate)
   at System.Web.WebPages.DisplayModeProvider.GetDisplayInfoForVirtualPath(String virtualPath, HttpContextBase httpContext, Func`2 virtualPathExists, IDisplayMode currentDisplayMode)
   at Microsoft.Web.Mvc.ViewEngineFixWorker`1.GetPathFromGeneralName(ControllerContext controllerContext, List`1 locations, String name, String controllerName, String areaName, String cacheKey, String[]& searchedLocations)
   at Microsoft.Web.Mvc.ViewEngineFixWorker`1.GetPath(ControllerContext controllerContext, String[] locations, String[] areaLocations, String locationsPropertyName, String name, String controllerName, String cacheKeyPrefix, Boolean useCache, String[]& searchedLocations)
   at Microsoft.Web.Mvc.ViewEngineFixWorker`1.FindView(ControllerContext controllerContext, String viewName, String masterName, Boolean useCache)
   at System.Web.Mvc.ViewEngineCollection.<>c__DisplayClassc.<FindView>b__b(IViewEngine e)
   at System.Web.Mvc.ViewEngineCollection.Find(Func`2 lookup, Boolean trackSearchedPaths)
   at System.Web.Mvc.ViewResult.FindView(ControllerContext context)
   at System.Web.Mvc.ViewResultBase.ExecuteResult(ControllerContext context)
   at System.Web.Mvc.ControllerActionInvoker.<>c__DisplayClass1a.<InvokeActionResultWithFilters>b__17()
   at System.Web.Mvc.ControllerActionInvoker.InvokeActionResultFilter(IResultFilter filter, ResultExecutingContext preContext, Func`1 continuation)
   at System.Web.Mvc.ControllerActionInvoker.InvokeActionResultFilter(IResultFilter filter, ResultExecutingContext preContext, Func`1 continuation)
   at System.Web.Mvc.ControllerActionInvoker.InvokeActionResultWithFilters(ControllerContext controllerContext, IList`1 filters, ActionResult actionResult)
   at System.Web.Mvc.Async.AsyncControllerActionInvoker.<>c__DisplayClass25.<BeginInvokeAction>b__22(IAsyncResult asyncResult)
 2015-05-21 19:15:01,555 [22] INFO  StatisticalSolutions.Controllers.Base.BaseController - Application URL - /StatisticalSolutions/Base/StatisticalError 
 2015-05-21 19:15:01,557 [22] INFO  StatisticalSolutions.Controllers.Base.BaseController - Application URL - /StatisticalSolutions/Base/StatisticalError 
 2015-05-21 19:15:04,080 [24] INFO  StatisticalSolutions.Controllers.Base.BaseController - Application URL - /StatisticalSolutions/ 
 2015-05-21 19:15:07,139 [20] INFO  StatisticalSolutions.Controllers.Base.BaseController - Application URL - /StatisticalSolutions/ 
 2015-05-21 19:15:30,640 [18] INFO  StatisticalSolutions.Controllers.Base.BaseController - Application URL - /StatisticalSolutions/Admin/WorkshopList 
 2015-05-21 19:15:32,237 [18] INFO  StatisticalSolutions.Controllers.Base.BaseController - Application URL - /StatisticalSolutions/Admin/WorkshopList 
 2015-05-21 19:15:32,238 [18] ERROR StatisticalSolutions.Controllers.Base.BaseController - Statistical exception message - Encountered end tag "div" with no matching start tag.  Are your start/end tags properly balanced?

 2015-05-21 19:15:32,238 [18] ERROR StatisticalSolutions.Controllers.Base.BaseController - Statistical exception stack trace -    at System.Web.WebPages.Razor.RazorBuildProvider.EnsureGeneratedCode()
   at System.Web.WebPages.Razor.RazorBuildProvider.get_CodeCompilerType()
   at System.Web.Compilation.BuildProvider.GetCompilerTypeFromBuildProvider(BuildProvider buildProvider)
   at System.Web.Compilation.BuildProvidersCompiler.ProcessBuildProviders()
   at System.Web.Compilation.BuildProvidersCompiler.PerformBuild()
   at System.Web.Compilation.BuildManager.CompileWebFile(VirtualPath virtualPath)
   at System.Web.Compilation.BuildManager.GetVPathBuildResultInternal(VirtualPath virtualPath, Boolean noBuild, Boolean allowCrossApp, Boolean allowBuildInPrecompile, Boolean throwIfNotFound, Boolean ensureIsUpToDate)
   at System.Web.Compilation.BuildManager.GetVPathBuildResultWithNoAssert(HttpContext context, VirtualPath virtualPath, Boolean noBuild, Boolean allowCrossApp, Boolean allowBuildInPrecompile, Boolean throwIfNotFound, Boolean ensureIsUpToDate)
   at System.Web.Compilation.BuildManager.GetObjectFactory(String virtualPath, Boolean throwIfNotFound)
   at System.Web.Mvc.BuildManagerWrapper.System.Web.Mvc.IBuildManager.FileExists(String virtualPath)
   at Microsoft.Web.Mvc.ViewEngineFixWorker`1.FileExists(ControllerContext controllerContext, String virtualPath)
   at System.Web.WebPages.DefaultDisplayMode.GetDisplayInfo(HttpContextBase httpContext, String virtualPath, Func`2 virtualPathExists)
   at System.Linq.Enumerable.WhereSelectListIterator`2.MoveNext()
   at System.Linq.Enumerable.FirstOrDefault[TSource](IEnumerable`1 source, Func`2 predicate)
   at System.Web.WebPages.DisplayModeProvider.GetDisplayInfoForVirtualPath(String virtualPath, HttpContextBase httpContext, Func`2 virtualPathExists, IDisplayMode currentDisplayMode)
   at Microsoft.Web.Mvc.ViewEngineFixWorker`1.GetPathFromGeneralName(ControllerContext controllerContext, List`1 locations, String name, String controllerName, String areaName, String cacheKey, String[]& searchedLocations)
   at Microsoft.Web.Mvc.ViewEngineFixWorker`1.GetPath(ControllerContext controllerContext, String[] locations, String[] areaLocations, String locationsPropertyName, String name, String controllerName, String cacheKeyPrefix, Boolean useCache, String[]& searchedLocations)
   at Microsoft.Web.Mvc.ViewEngineFixWorker`1.FindView(ControllerContext controllerContext, String viewName, String masterName, Boolean useCache)
   at System.Web.Mvc.ViewEngineCollection.<>c__DisplayClassc.<FindView>b__b(IViewEngine e)
   at System.Web.Mvc.ViewEngineCollection.Find(Func`2 lookup, Boolean trackSearchedPaths)
   at System.Web.Mvc.ViewResult.FindView(ControllerContext context)
   at System.Web.Mvc.ViewResultBase.ExecuteResult(ControllerContext context)
   at System.Web.Mvc.ControllerActionInvoker.<>c__DisplayClass1a.<InvokeActionResultWithFilters>b__17()
   at System.Web.Mvc.ControllerActionInvoker.InvokeActionResultFilter(IResultFilter filter, ResultExecutingContext preContext, Func`1 continuation)
   at System.Web.Mvc.ControllerActionInvoker.InvokeActionResultFilter(IResultFilter filter, ResultExecutingContext preContext, Func`1 continuation)
   at System.Web.Mvc.ControllerActionInvoker.InvokeActionResultWithFilters(ControllerContext controllerContext, IList`1 filters, ActionResult actionResult)
   at System.Web.Mvc.Async.AsyncControllerActionInvoker.<>c__DisplayClass25.<BeginInvokeAction>b__22(IAsyncResult asyncResult)
 2015-05-21 19:15:32,242 [22] INFO  StatisticalSolutions.Controllers.Base.BaseController - Application URL - /StatisticalSolutions/Base/StatisticalError 
 2015-05-21 19:15:32,242 [22] INFO  StatisticalSolutions.Controllers.Base.BaseController - Application URL - /StatisticalSolutions/Base/StatisticalError 
 2015-05-21 19:16:19,156 [24] INFO  StatisticalSolutions.Controllers.Base.BaseController - Application URL - /StatisticalSolutions/Admin/WorkshopList 
 2015-05-21 19:17:21,006 [18] INFO  StatisticalSolutions.Controllers.Base.BaseController - Application URL - /StatisticalSolutions/Admin/WorkshopList 
 2015-05-21 19:18:48,974 [24] INFO  StatisticalSolutions.Controllers.Base.BaseController - Application URL - /StatisticalSolutions/Admin/WorkshopList 
 2015-05-21 19:19:09,822 [18] INFO  StatisticalSolutions.Controllers.Base.BaseController - Application URL - /StatisticalSolutions/Admin/WorkshopList 
 2015-05-21 19:20:55,897 [17] INFO  StatisticalSolutions.Controllers.Base.BaseController - Application URL - /StatisticalSolutions/Admin/WorkshopList 
 2015-05-21 19:21:16,343 [21] INFO  StatisticalSolutions.Controllers.Base.BaseController - Application URL - /StatisticalSolutions/Admin/WorkshopList 
 2015-05-21 19:22:04,995 [14] INFO  StatisticalSolutions.Controllers.Base.BaseController - Application URL - /StatisticalSolutions/Admin/WorkshopList 
 2015-05-21 19:23:05,240 [17] INFO  StatisticalSolutions.Controllers.Base.BaseController - Application URL - /StatisticalSolutions/Admin/WorkshopList 
 2015-05-21 19:26:58,550 [27] INFO  StatisticalSolutions.Controllers.Base.BaseController - Application URL - /StatisticalSolutions/Admin/WorkshopList 
 2015-05-21 19:27:41,691 [26] INFO  StatisticalSolutions.Controllers.Base.BaseController - Application URL - /StatisticalSolutions/Admin/WorkshopList 
 2015-05-21 19:28:05,520 [14] INFO  StatisticalSolutions.Controllers.Base.BaseController - Application URL - /StatisticalSolutions/Admin/WorkshopList 
 2015-05-21 19:30:38,435 [17] INFO  StatisticalSolutions.Controllers.Base.BaseController - Application URL - /StatisticalSolutions/Admin/WorkshopList 
 2015-05-21 19:31:17,513 [26] INFO  StatisticalSolutions.Controllers.Base.BaseController - Application URL - /StatisticalSolutions/Admin/WorkshopList 
 2015-05-21 19:33:19,785 [8] INFO  StatisticalSolutions.Controllers.Base.BaseController - Application URL - /StatisticalSolutions/Admin/WorkshopList 
 2015-05-21 19:36:25,716 [22] INFO  StatisticalSolutions.Controllers.Base.BaseController - Application URL - /StatisticalSolutions/Admin/WorkshopList 
 2015-05-21 19:37:41,818 [22] INFO  StatisticalSolutions.Controllers.Base.BaseController - Application URL - /StatisticalSolutions/Admin/WorkshopList 
 2015-05-21 19:37:59,199 [21] INFO  StatisticalSolutions.Controllers.Base.BaseController - Application URL - /StatisticalSolutions/Admin/WorkshopList 
 2015-05-21 19:40:45,597 [9] INFO  StatisticalSolutions.Controllers.Base.BaseController - Application URL - /StatisticalSolutions/Admin/InactiveWorkshops 
 2015-05-21 19:42:00,787 [21] INFO  StatisticalSolutions.Controllers.Base.BaseController - Application URL - /StatisticalSolutions/Admin/WorkshopList 
 2015-05-21 19:43:57,867 [12] INFO  StatisticalSolutions.Controllers.Base.BaseController - Application URL - /StatisticalSolutions/Admin/WorkshopList 
 2015-05-21 19:45:04,954 [7] INFO  StatisticalSolutions.Controllers.Base.BaseController - Application URL - /StatisticalSolutions/Admin/WorkshopList 
 2015-05-21 19:45:30,725 [21] INFO  StatisticalSolutions.Controllers.Base.BaseController - Application URL - /StatisticalSolutions/Admin/WorkshopList 
 2015-05-21 19:50:55,614 [10] INFO  StatisticalSolutions.Controllers.Base.BaseController - Application URL - /StatisticalSolutions/ 
 2015-05-21 19:51:27,455 [10] INFO  StatisticalSolutions.Controllers.Base.BaseController - Application URL - /StatisticalSolutions/Admin/WorkshopList 
 2015-05-21 19:55:31,970 [28] INFO  StatisticalSolutions.Controllers.Base.BaseController - Application URL - /StatisticalSolutions/ 
 2015-05-21 19:56:03,014 [8] INFO  StatisticalSolutions.Controllers.Base.BaseController - Application URL - /StatisticalSolutions/Admin/WorkshopList 
 2015-05-21 19:56:28,381 [28] INFO  StatisticalSolutions.Controllers.Base.BaseController - Application URL - /StatisticalSolutions/Admin/WorkshopList 
 2015-05-21 19:57:18,018 [15] INFO  StatisticalSolutions.Controllers.Base.BaseController - Application URL - /StatisticalSolutions/Admin/WorkshopList 
 2015-05-21 19:57:57,801 [6] INFO  StatisticalSolutions.Controllers.Base.BaseController - Application URL - /StatisticalSolutions/Admin/WorkshopList 
 2015-05-21 19:59:03,736 [8] INFO  StatisticalSolutions.Controllers.Base.BaseController - Application URL - /StatisticalSolutions/ 
 2015-05-21 20:00:24,347 [28] INFO  StatisticalSolutions.Controllers.Base.BaseController - Application URL - /StatisticalSolutions/Admin/WorkshopList 
 2015-05-21 20:01:15,164 [16] INFO  StatisticalSolutions.Controllers.Base.BaseController - Application URL - /StatisticalSolutions/Admin/WorkshopList 
 2015-05-21 20:02:10,157 [15] INFO  StatisticalSolutions.Controllers.Base.BaseController - Application URL - /StatisticalSolutions/Admin/WorkshopList 
 2015-05-21 20:02:48,227 [25] INFO  StatisticalSolutions.Controllers.Base.BaseController - Application URL - /StatisticalSolutions/Admin/WorkshopList 
 2015-05-21 20:03:11,443 [16] INFO  StatisticalSolutions.Controllers.Base.BaseController - Application URL - /StatisticalSolutions/Admin/WorkshopList 
 2015-05-21 20:03:46,534 [25] INFO  StatisticalSolutions.Controllers.Base.BaseController - Application URL - /StatisticalSolutions/Admin/WorkshopList 
 2015-05-21 20:04:50,490 [16] INFO  StatisticalSolutions.Controllers.Base.BaseController - Application URL - /StatisticalSolutions/Admin/WorkshopList 
 2015-05-21 20:04:52,840 [16] INFO  StatisticalSolutions.Controllers.Base.BaseController - Application URL - /StatisticalSolutions/Admin/WorkshopList 
 2015-05-21 20:04:52,842 [16] ERROR StatisticalSolutions.Controllers.Base.BaseController - Statistical exception message - Encountered end tag "div" with no matching start tag.  Are your start/end tags properly balanced?

 2015-05-21 20:04:52,842 [16] ERROR StatisticalSolutions.Controllers.Base.BaseController - Statistical exception stack trace -    at System.Web.WebPages.Razor.RazorBuildProvider.EnsureGeneratedCode()
   at System.Web.WebPages.Razor.RazorBuildProvider.get_CodeCompilerType()
   at System.Web.Compilation.BuildProvider.GetCompilerTypeFromBuildProvider(BuildProvider buildProvider)
   at System.Web.Compilation.BuildProvidersCompiler.ProcessBuildProviders()
   at System.Web.Compilation.BuildProvidersCompiler.PerformBuild()
   at System.Web.Compilation.BuildManager.CompileWebFile(VirtualPath virtualPath)
   at System.Web.Compilation.BuildManager.GetVPathBuildResultInternal(VirtualPath virtualPath, Boolean noBuild, Boolean allowCrossApp, Boolean allowBuildInPrecompile, Boolean throwIfNotFound, Boolean ensureIsUpToDate)
   at System.Web.Compilation.BuildManager.GetVPathBuildResultWithNoAssert(HttpContext context, VirtualPath virtualPath, Boolean noBuild, Boolean allowCrossApp, Boolean allowBuildInPrecompile, Boolean throwIfNotFound, Boolean ensureIsUpToDate)
   at System.Web.Compilation.BuildManager.GetObjectFactory(String virtualPath, Boolean throwIfNotFound)
   at System.Web.Mvc.BuildManagerWrapper.System.Web.Mvc.IBuildManager.FileExists(String virtualPath)
   at Microsoft.Web.Mvc.ViewEngineFixWorker`1.FileExists(ControllerContext controllerContext, String virtualPath)
   at System.Web.WebPages.DefaultDisplayMode.GetDisplayInfo(HttpContextBase httpContext, String virtualPath, Func`2 virtualPathExists)
   at System.Linq.Enumerable.WhereSelectListIterator`2.MoveNext()
   at System.Linq.Enumerable.FirstOrDefault[TSource](IEnumerable`1 source, Func`2 predicate)
   at System.Web.WebPages.DisplayModeProvider.GetDisplayInfoForVirtualPath(String virtualPath, HttpContextBase httpContext, Func`2 virtualPathExists, IDisplayMode currentDisplayMode)
   at Microsoft.Web.Mvc.ViewEngineFixWorker`1.GetPathFromGeneralName(ControllerContext controllerContext, List`1 locations, String name, String controllerName, String areaName, String cacheKey, String[]& searchedLocations)
   at Microsoft.Web.Mvc.ViewEngineFixWorker`1.GetPath(ControllerContext controllerContext, String[] locations, String[] areaLocations, String locationsPropertyName, String name, String controllerName, String cacheKeyPrefix, Boolean useCache, String[]& searchedLocations)
   at Microsoft.Web.Mvc.ViewEngineFixWorker`1.FindView(ControllerContext controllerContext, String viewName, String masterName, Boolean useCache)
   at System.Web.Mvc.ViewEngineCollection.<>c__DisplayClassc.<FindView>b__b(IViewEngine e)
   at System.Web.Mvc.ViewEngineCollection.Find(Func`2 lookup, Boolean trackSearchedPaths)
   at System.Web.Mvc.ViewResult.FindView(ControllerContext context)
   at System.Web.Mvc.ViewResultBase.ExecuteResult(ControllerContext context)
   at System.Web.Mvc.ControllerActionInvoker.<>c__DisplayClass1a.<InvokeActionResultWithFilters>b__17()
   at System.Web.Mvc.ControllerActionInvoker.InvokeActionResultFilter(IResultFilter filter, ResultExecutingContext preContext, Func`1 continuation)
   at System.Web.Mvc.ControllerActionInvoker.InvokeActionResultFilter(IResultFilter filter, ResultExecutingContext preContext, Func`1 continuation)
   at System.Web.Mvc.ControllerActionInvoker.InvokeActionResultWithFilters(ControllerContext controllerContext, IList`1 filters, ActionResult actionResult)
   at System.Web.Mvc.Async.AsyncControllerActionInvoker.<>c__DisplayClass25.<BeginInvokeAction>b__22(IAsyncResult asyncResult)
 2015-05-21 20:04:52,905 [25] INFO  StatisticalSolutions.Controllers.Base.BaseController - Application URL - /StatisticalSolutions/Base/StatisticalError 
 2015-05-21 20:04:52,907 [25] INFO  StatisticalSolutions.Controllers.Base.BaseController - Application URL - /StatisticalSolutions/Base/StatisticalError 
 2015-05-21 20:05:14,799 [25] INFO  StatisticalSolutions.Controllers.Base.BaseController - Application URL - /StatisticalSolutions/Admin/WorkshopList 
 2015-05-21 20:06:22,615 [28] INFO  StatisticalSolutions.Controllers.Base.BaseController - Application URL - /StatisticalSolutions/Admin/WorkshopList 
 2015-05-21 20:06:40,903 [28] INFO  StatisticalSolutions.Controllers.Base.BaseController - Application URL - /StatisticalSolutions/Admin/InactiveWorkshops 
 2015-05-21 20:06:51,816 [28] INFO  StatisticalSolutions.Controllers.Base.BaseController - Application URL - /StatisticalSolutions/Admin/InactiveWorkshops 
 2015-05-21 20:06:51,817 [28] ERROR StatisticalSolutions.Controllers.Base.BaseController - Statistical exception message - Cannot convert null to 'bool' because it is a non-nullable value type
 2015-05-21 20:06:51,817 [28] ERROR StatisticalSolutions.Controllers.Base.BaseController - Statistical exception stack trace -    at CallSite.Target(Closure , CallSite , Object )
   at System.Dynamic.UpdateDelegates.UpdateAndExecute1[T0,TRet](CallSite site, T0 arg0)
   at CallSite.Target(Closure , CallSite , Object )
   at ASP._Page_Views_Admin_WorkshopList_cshtml.Execute() in e:\Ola Projects\3rdPartyProjects\StatisticalSolutions\StatisticalSolutions\Views\Admin\WorkshopList.cshtml:line 14
   at System.Web.WebPages.WebPageBase.ExecutePageHierarchy()
   at System.Web.Mvc.WebViewPage.ExecutePageHierarchy()
   at System.Web.WebPages.StartPage.ExecutePageHierarchy()
   at System.Web.WebPages.WebPageBase.ExecutePageHierarchy(WebPageContext pageContext, TextWriter writer, WebPageRenderingBase startPage)
   at System.Web.Mvc.ViewResultBase.ExecuteResult(ControllerContext context)
   at System.Web.Mvc.ControllerActionInvoker.<>c__DisplayClass1a.<InvokeActionResultWithFilters>b__17()
   at System.Web.Mvc.ControllerActionInvoker.InvokeActionResultFilter(IResultFilter filter, ResultExecutingContext preContext, Func`1 continuation)
   at System.Web.Mvc.ControllerActionInvoker.InvokeActionResultFilter(IResultFilter filter, ResultExecutingContext preContext, Func`1 continuation)
   at System.Web.Mvc.ControllerActionInvoker.InvokeActionResultWithFilters(ControllerContext controllerContext, IList`1 filters, ActionResult actionResult)
   at System.Web.Mvc.Async.AsyncControllerActionInvoker.<>c__DisplayClass25.<BeginInvokeAction>b__22(IAsyncResult asyncResult)
 2015-05-21 20:09:14,626 [21] INFO  StatisticalSolutions.Controllers.Base.BaseController - Application URL - /StatisticalSolutions/ 
 2015-05-21 20:09:56,330 [6] INFO  StatisticalSolutions.Controllers.Base.BaseController - Application URL - /StatisticalSolutions/Admin/WorkshopList 
 2015-05-21 20:10:20,789 [24] INFO  StatisticalSolutions.Controllers.Base.BaseController - Application URL - /StatisticalSolutions/Admin/InactiveWorkshops 
 2015-05-21 20:10:47,903 [24] INFO  StatisticalSolutions.Controllers.Base.BaseController - Application URL - /StatisticalSolutions/Admin/WorkshopList 
 2015-05-21 20:12:16,487 [14] INFO  StatisticalSolutions.Controllers.Base.BaseController - Application URL - /StatisticalSolutions/Admin/WorkshopList 
 2015-05-21 20:13:10,557 [24] INFO  StatisticalSolutions.Controllers.Base.BaseController - Application URL - /StatisticalSolutions/Admin/WorkshopList 
 2015-05-21 20:14:44,179 [7] INFO  StatisticalSolutions.Controllers.Base.BaseController - Application URL - /StatisticalSolutions/Admin/WorkshopList 
 2015-05-21 20:15:04,557 [14] INFO  StatisticalSolutions.Controllers.Base.BaseController - Application URL - /StatisticalSolutions/Admin/WorkshopList 
 2015-05-21 20:16:17,485 [20] INFO  StatisticalSolutions.Controllers.Base.BaseController - Application URL - /StatisticalSolutions/Admin/WorkshopList 
 2015-05-21 20:16:29,480 [20] INFO  StatisticalSolutions.Controllers.Base.BaseController - Application URL - /StatisticalSolutions/Admin/WorkshopList 
 2015-05-21 20:16:40,189 [21] INFO  StatisticalSolutions.Controllers.Base.BaseController - Application URL - /StatisticalSolutions/Admin/WorkshopList 
 2015-05-21 20:17:24,681 [7] INFO  StatisticalSolutions.Controllers.Base.BaseController - Application URL - /StatisticalSolutions/Admin/EditWorkshop/9 
 2015-05-21 20:17:59,696 [20] INFO  StatisticalSolutions.Controllers.Base.BaseController - Application URL - /StatisticalSolutions/Admin/AddWorkshop 
 2015-05-21 20:34:54,832 [37] INFO  StatisticalSolutions.Controllers.Base.BaseController - Application URL - /StatisticalSolutions/ 
 2015-05-21 20:38:11,998 [38] INFO  StatisticalSolutions.Controllers.Base.BaseController - Application URL - /StatisticalSolutions/Admin/ConsultantList 
 2015-05-21 20:38:41,617 [38] INFO  StatisticalSolutions.Controllers.Base.BaseController - Application URL - /StatisticalSolutions/Admin/InactiveConsultants 
 2015-05-21 20:38:56,519 [38] INFO  StatisticalSolutions.Controllers.Base.BaseController - Application URL - /StatisticalSolutions/Admin/ClientsList 
 2015-05-21 20:51:42,212 [24] INFO  StatisticalSolutions.Controllers.Base.BaseController - Application URL - /StatisticalSolutions/Admin/ConsultantList 
 2015-05-21 20:52:44,125 [25] INFO  StatisticalSolutions.Controllers.Base.BaseController - Application URL - /StatisticalSolutions/Admin/InactiveConsultants 
 2015-05-21 20:53:39,668 [13] INFO  StatisticalSolutions.Controllers.Base.BaseController - Application URL - /StatisticalSolutions/Admin/ConsultantList 
 2015-05-21 20:53:44,583 [13] INFO  StatisticalSolutions.Controllers.Base.BaseController - Application URL - /StatisticalSolutions/Admin/InactiveConsultants 
 2015-05-21 21:39:14,729 [7] INFO  StatisticalSolutions.Controllers.Base.BaseController - Application URL - /StatisticalSolutions/ 
 2015-05-21 21:39:53,398 [9] INFO  StatisticalSolutions.Controllers.Base.BaseController - Application URL - /StatisticalSolutions/Admin/WorkshopList 
 2015-05-21 21:40:29,379 [8] INFO  StatisticalSolutions.Controllers.Base.BaseController - Application URL - /StatisticalSolutions/Admin/EditWorkshop/5 
 2015-05-21 21:40:58,252 [11] INFO  StatisticalSolutions.Controllers.Base.BaseController - Application URL - /StatisticalSolutions/Admin/ClientsList 
 2015-05-21 21:43:05,835 [14] INFO  StatisticalSolutions.Controllers.Base.BaseController - Application URL - /StatisticalSolutions/Admin/ClientsList 
 2015-05-21 21:43:30,300 [17] INFO  StatisticalSolutions.Controllers.Base.BaseController - Application URL - /StatisticalSolutions/Admin/InactiveClients 
 2015-05-21 21:43:43,993 [19] INFO  StatisticalSolutions.Controllers.Base.BaseController - Application URL - /StatisticalSolutions/Admin/EditClient/2 
 2015-05-21 21:44:12,933 [17] INFO  StatisticalSolutions.Controllers.Base.BaseController - Application URL - /StatisticalSolutions/Admin/EditClient/2 
 2015-05-21 21:44:39,531 [19] INFO  StatisticalSolutions.Controllers.Base.BaseController - Application URL - /StatisticalSolutions/Admin/ClientsList 
 2015-05-21 21:44:58,678 [21] INFO  StatisticalSolutions.Controllers.Base.BaseController - Application URL - /StatisticalSolutions/Admin/EditClient/4 
 2015-05-21 21:45:35,366 [23] INFO  StatisticalSolutions.Controllers.Base.BaseController - Application URL - /StatisticalSolutions/Admin/InactiveClients 
 2015-05-21 21:46:32,327 [29] INFO  StatisticalSolutions.Controllers.Base.BaseController - Application URL - /StatisticalSolutions/Admin/EditClient/1 
 2015-05-21 21:47:24,028 [27] INFO  StatisticalSolutions.Controllers.Base.BaseController - Application URL - /StatisticalSolutions/Admin/EditClient/1 
 2015-05-21 21:47:36,030 [40] INFO  StatisticalSolutions.Controllers.Base.BaseController - Application URL - /StatisticalSolutions/Admin/ClientsList 
 2015-05-21 21:47:52,357 [34] INFO  StatisticalSolutions.Controllers.Base.BaseController - Application URL - /StatisticalSolutions/Admin/InactiveClients 
 2015-05-21 21:48:07,454 [38] INFO  StatisticalSolutions.Controllers.Base.BaseController - Application URL - /StatisticalSolutions/Admin/EditClient/1 
 2015-05-21 21:48:38,347 [37] INFO  StatisticalSolutions.Controllers.Base.BaseController - Application URL - /StatisticalSolutions/Admin/EditClient/1 
 2015-05-21 21:49:46,569 [37] INFO  StatisticalSolutions.Controllers.Base.BaseController - Application URL - /StatisticalSolutions/Admin/ClientsList 
 2015-05-21 21:50:06,064 [36] INFO  StatisticalSolutions.Controllers.Base.BaseController - Application URL - /StatisticalSolutions/Admin/ClientsList 
 2015-05-21 21:50:29,263 [36] ERROR StatisticalSolutions.Controllers.Base.BaseController - Function ClientsList Error  - An error occurred while executing the command definition. See the inner exception for details.
 2015-05-21 21:50:29,266 [36] ERROR StatisticalSolutions.Controllers.Base.BaseController - Statistical exception message - An error occurred while executing the command definition. See the inner exception for details.
 System.Data.Entity.Core.EntityCommandExecutionException: An error occurred while executing the command definition. See the inner exception for details. ---> System.Data.SqlClient.SqlException: A transport-level error has occurred when receiving results from the server. (provider: Session Provider, error: 19 - Physical connection is not usable)
   at System.Data.SqlClient.SqlConnection.OnError(SqlException exception, Boolean breakConnection, Action`1 wrapCloseInAction)
   at System.Data.SqlClient.TdsParser.ThrowExceptionAndWarning(TdsParserStateObject stateObj, Boolean callerHasConnectionLock, Boolean asyncClose)
   at System.Data.SqlClient.TdsParserStateObject.ReadSniError(TdsParserStateObject stateObj, UInt32 error)
   at System.Data.SqlClient.TdsParserStateObject.ReadSniSyncOverAsync()
   at System.Data.SqlClient.TdsParserStateObject.TryReadNetworkPacket()
   at System.Data.SqlClient.TdsParserStateObject.TryPrepareBuffer()
   at System.Data.SqlClient.TdsParserStateObject.TryReadByte(Byte& value)
   at System.Data.SqlClient.TdsParser.TryRun(RunBehavior runBehavior, SqlCommand cmdHandler, SqlDataReader dataStream, BulkCopySimpleResultSet bulkCopyHandler, TdsParserStateObject stateObj, Boolean& dataReady)
   at System.Data.SqlClient.SqlDataReader.TryConsumeMetaData()
   at System.Data.SqlClient.SqlDataReader.get_MetaData()
   at System.Data.SqlClient.SqlCommand.FinishExecuteReader(SqlDataReader ds, RunBehavior runBehavior, String resetOptionsString)
   at System.Data.SqlClient.SqlCommand.RunExecuteReaderTds(CommandBehavior cmdBehavior, RunBehavior runBehavior, Boolean returnStream, Boolean async, Int32 timeout, Task& task, Boolean asyncWrite, SqlDataReader ds)
   at System.Data.SqlClient.SqlCommand.RunExecuteReader(CommandBehavior cmdBehavior, RunBehavior runBehavior, Boolean returnStream, String method, TaskCompletionSource`1 completion, Int32 timeout, Task& task, Boolean asyncWrite)
   at System.Data.SqlClient.SqlCommand.RunExecuteReader(CommandBehavior cmdBehavior, RunBehavior runBehavior, Boolean returnStream, String method)
   at System.Data.SqlClient.SqlCommand.ExecuteReader(CommandBehavior behavior, String method)
   at System.Data.SqlClient.SqlCommand.ExecuteDbDataReader(CommandBehavior behavior)
   at System.Data.Entity.Infrastructure.Interception.InternalDispatcher`1.Dispatch[TTarget,TInterceptionContext,TResult](TTarget target, Func`3 operation, TInterceptionContext interceptionContext, Action`3 executing, Action`3 executed)
   at System.Data.Entity.Infrastructure.Interception.DbCommandDispatcher.Reader(DbCommand command, DbCommandInterceptionContext interceptionContext)
   at System.Data.Entity.Core.EntityClient.Internal.EntityCommandDefinition.ExecuteStoreCommands(EntityCommand entityCommand, CommandBehavior behavior)
   --- End of inner exception stack trace ---
   at StatisticalSolutions.DataAccess.DAL.getCompanies() in e:\Ola Projects\3rdPartyProjects\StatisticalSolutions\StatisticalSolutions\DataAccess\DAL.cs:line 1188
   at StatisticalSolutions.Controllers.AdminController.ClientsList() in e:\Ola Projects\3rdPartyProjects\StatisticalSolutions\StatisticalSolutions\Controllers\AdminController.cs:line 482
2015-05-21 21:50:46,507 [43] INFO  StatisticalSolutions.Controllers.Base.BaseController - Application URL - /StatisticalSolutions/Admin/ClientsList 
 2015-05-21 21:52:11,828 [46] INFO  StatisticalSolutions.Controllers.Base.BaseController - Application URL - /StatisticalSolutions/Admin/ClientsList 
 2015-05-21 22:05:26,272 [55] INFO  StatisticalSolutions.Controllers.Base.BaseController - Application URL - /StatisticalSolutions/Admin/InactiveClients 
 2015-05-21 22:05:56,996 [55] INFO  StatisticalSolutions.Controllers.Base.BaseController - Application URL - /StatisticalSolutions/Admin/EditClient/2 
 2015-05-21 22:09:02,397 [32] INFO  StatisticalSolutions.Controllers.Base.BaseController - Application URL - /StatisticalSolutions/Admin/EditClient/2 
 2015-05-21 22:09:24,728 [32] INFO  StatisticalSolutions.Controllers.Base.BaseController - Application URL - /StatisticalSolutions/Admin/ClientsList 
 2015-05-21 22:13:43,203 [6] INFO  StatisticalSolutions.Controllers.Base.BaseController - Application URL - /StatisticalSolutions/Admin/ClientsList 
 2015-05-21 23:05:25,630 [9] INFO  StatisticalSolutions.Controllers.Base.BaseController - Application URL - /StatisticalSolutions/ 
 2015-05-21 23:10:43,481 [21] INFO  StatisticalSolutions.Controllers.Base.BaseController - Application URL - /StatisticalSolutions/Admin/ClientsList 
 2015-05-21 23:13:39,030 [27] INFO  StatisticalSolutions.Controllers.Base.BaseController - Application URL - /StatisticalSolutions/Admin/InactiveClients 
 2015-05-21 23:15:21,739 [28] INFO  StatisticalSolutions.Controllers.Base.BaseController - Application URL - /StatisticalSolutions/Admin/EditClient/2 
 2015-05-21 23:16:23,265 [29] INFO  StatisticalSolutions.Controllers.Base.BaseController - Application URL - /StatisticalSolutions/Admin/EditClient/2 
 2015-05-21 23:16:27,352 [27] INFO  StatisticalSolutions.Controllers.Base.BaseController - Application URL - /StatisticalSolutions/Admin/ClientsList 
 2015-05-21 23:18:41,647 [21] INFO  StatisticalSolutions.Controllers.Base.BaseController - Application URL - /StatisticalSolutions/Admin/InactiveClients 
 2015-05-21 23:21:01,180 [21] INFO  StatisticalSolutions.Controllers.Base.BaseController - Application URL - /StatisticalSolutions/Admin/EditClient/1 
 2015-05-21 23:22:11,767 [31] INFO  StatisticalSolutions.Controllers.Base.BaseController - Application URL - /StatisticalSolutions/Admin/EditClient/1 
 2015-05-21 23:35:01,876 [34] INFO  StatisticalSolutions.Controllers.Base.BaseController - Application URL - /StatisticalSolutions/ 
 2015-05-21 23:35:37,562 [36] INFO  StatisticalSolutions.Controllers.Base.BaseController - Application URL - /StatisticalSolutions/Instructor/Consultants 
 2015-05-21 23:38:41,315 [39] INFO  StatisticalSolutions.Controllers.Base.BaseController - Application URL - /StatisticalSolutions/Instructor/Consultants 
 2015-05-21 23:44:36,279 [18] INFO  StatisticalSolutions.Controllers.Base.BaseController - Application URL - /StatisticalSolutions/Instructor/Consultants 
 2015-05-21 23:48:00,728 [23] INFO  StatisticalSolutions.Controllers.Base.BaseController - Application URL - /StatisticalSolutions/Instructor/Consultants 
 2015-05-21 23:48:32,008 [19] INFO  StatisticalSolutions.Controllers.Base.BaseController - Application URL - /StatisticalSolutions/Instructor/Consultants 
 2015-05-21 23:49:21,555 [19] INFO  StatisticalSolutions.Controllers.Base.BaseController - Application URL - /StatisticalSolutions/Instructor/Consultants 
 2015-05-21 23:50:34,832 [19] INFO  StatisticalSolutions.Controllers.Base.BaseController - Application URL - /StatisticalSolutions/Instructor/Consultants 
 2015-05-21 23:51:48,779 [6] INFO  StatisticalSolutions.Controllers.Base.BaseController - Application URL - /StatisticalSolutions/Instructor/Consultants 
 2015-05-21 23:52:14,881 [19] INFO  StatisticalSolutions.Controllers.Base.BaseController - Application URL - /StatisticalSolutions/Instructor/Consultants 
 2015-05-21 23:52:50,786 [19] INFO  StatisticalSolutions.Controllers.Base.BaseController - Application URL - /StatisticalSolutions/Instructor/Consultants 
 2015-05-21 23:53:59,680 [6] INFO  StatisticalSolutions.Controllers.Base.BaseController - Application URL - /StatisticalSolutions/Instructor/Consultants 
 2015-05-21 23:55:26,596 [52] INFO  StatisticalSolutions.Controllers.Base.BaseController - Application URL - /StatisticalSolutions/Instructor/Consultants 
 2015-05-21 23:58:04,043 [34] INFO  StatisticalSolutions.Controllers.Base.BaseController - Application URL - /StatisticalSolutions/Instructor/Consultants 
 2015-05-21 23:58:31,768 [6] INFO  StatisticalSolutions.Controllers.Base.BaseController - Application URL - /StatisticalSolutions/Instructor/Consultants 
 