2015-04-09 12:20:24,106 [7] INFO  StatisticalSolutions.Controllers.Base.BaseController - Application URL - /StatisticalSolutions/ 
 2015-04-09 12:20:43,614 [7] INFO  StatisticalSolutions.Controllers.Base.BaseController - Application URL - /StatisticalSolutions/ 
 2015-04-09 12:20:43,614 [7] ERROR StatisticalSolutions.Controllers.Base.BaseController - Statistical exception message - Exception has been thrown by the target of an invocation.
 2015-04-09 12:20:43,614 [7] ERROR StatisticalSolutions.Controllers.Base.BaseController - Statistical exception stack trace -    at System.RuntimeTypeHandle.CreateInstance(RuntimeType type, Boolean publicOnly, Boolean noCheck, Boolean& canBeCached, RuntimeMethodHandleInternal& ctor, Boolean& bNeedSecurityCheck)
   at System.RuntimeType.CreateInstanceSlow(Boolean publicOnly, Boolean skipCheckThis, Boolean fillCache, StackCrawlMark& stackMark)
   at System.RuntimeType.CreateInstanceDefaultCtor(Boolean publicOnly, Boolean skipCheckThis, Boolean fillCache, StackCrawlMark& stackMark)
   at System.Activator.CreateInstance(Type type, Boolean nonPublic)
   at System.Activator.CreateInstance(Type type)
   at System.Threading.LazyHelpers`1.ActivatorFactorySelector()
   at System.Threading.LazyInitializer.EnsureInitializedCore[T](T& target, Boolean& initialized, Object& syncLock, Func`1 valueFactory)
   at System.Threading.LazyInitializer.EnsureInitialized[T](T& target, Boolean& initialized, Object& syncLock)
   at StatisticalSolutions.Filters.InitializeSimpleMembershipAttribute.OnActionExecuting(ActionExecutingContext filterContext) in c:\temp\3rdPartyProjects\StatisticalSolutions\StatisticalSolutions\Filters\InitializeSimpleMembershipAttribute.cs:line 23
   at System.Web.Mvc.Async.AsyncControllerActionInvoker.InvokeActionMethodFilterAsynchronously(IActionFilter filter, ActionExecutingContext preContext, Func`1 nextInChain)
   at System.Web.Mvc.Async.AsyncControllerActionInvoker.<>c__DisplayClass37.<>c__DisplayClass39.<>c__DisplayClass3b.<BeginInvokeActionMethodWithFilters>b__35()
   at System.Web.Mvc.Async.AsyncControllerActionInvoker.InvokeActionMethodFilterAsynchronously(IActionFilter filter, ActionExecutingContext preContext, Func`1 nextInChain)
   at System.Web.Mvc.Async.AsyncControllerActionInvoker.<>c__DisplayClass37.<>c__DisplayClass39.<>c__DisplayClass3b.<BeginInvokeActionMethodWithFilters>b__35()
   at System.Web.Mvc.Async.AsyncControllerActionInvoker.<>c__DisplayClass37.<BeginInvokeActionMethodWithFilters>b__31(AsyncCallback asyncCallback, Object asyncState)
   at System.Web.Mvc.Async.AsyncResultWrapper.WrappedAsyncResult`1.Begin(AsyncCallback callback, Object state, Int32 timeout)
   at System.Web.Mvc.Async.AsyncControllerActionInvoker.BeginInvokeActionMethodWithFilters(ControllerContext controllerContext, IList`1 filters, ActionDescriptor actionDescriptor, IDictionary`2 parameters, AsyncCallback callback, Object state)
   at System.Web.Mvc.Async.AsyncControllerActionInvoker.<>c__DisplayClass25.<BeginInvokeAction>b__1e(AsyncCallback asyncCallback, Object asyncState)
 2015-04-09 12:20:44,094 [15] INFO  StatisticalSolutions.Controllers.Base.BaseController - Application URL - /StatisticalSolutions/Base/StatisticalError 
 2015-04-09 12:20:44,184 [15] INFO  StatisticalSolutions.Controllers.Base.BaseController - Application URL - /StatisticalSolutions/Base/StatisticalError 
 2015-04-09 12:20:44,184 [15] ERROR StatisticalSolutions.Controllers.Base.BaseController - Statistical exception message - Exception has been thrown by the target of an invocation.
 2015-04-09 12:20:44,184 [15] ERROR StatisticalSolutions.Controllers.Base.BaseController - Statistical exception stack trace -    at System.RuntimeTypeHandle.CreateInstance(RuntimeType type, Boolean publicOnly, Boolean noCheck, Boolean& canBeCached, RuntimeMethodHandleInternal& ctor, Boolean& bNeedSecurityCheck)
   at System.RuntimeType.CreateInstanceSlow(Boolean publicOnly, Boolean skipCheckThis, Boolean fillCache, StackCrawlMark& stackMark)
   at System.RuntimeType.CreateInstanceDefaultCtor(Boolean publicOnly, Boolean skipCheckThis, Boolean fillCache, StackCrawlMark& stackMark)
   at System.Activator.CreateInstance(Type type, Boolean nonPublic)
   at System.Activator.CreateInstance(Type type)
   at System.Threading.LazyHelpers`1.ActivatorFactorySelector()
   at System.Threading.LazyInitializer.EnsureInitializedCore[T](T& target, Boolean& initialized, Object& syncLock, Func`1 valueFactory)
   at System.Threading.LazyInitializer.EnsureInitialized[T](T& target, Boolean& initialized, Object& syncLock)
   at StatisticalSolutions.Filters.InitializeSimpleMembershipAttribute.OnActionExecuting(ActionExecutingContext filterContext) in c:\temp\3rdPartyProjects\StatisticalSolutions\StatisticalSolutions\Filters\InitializeSimpleMembershipAttribute.cs:line 23
   at System.Web.Mvc.Async.AsyncControllerActionInvoker.InvokeActionMethodFilterAsynchronously(IActionFilter filter, ActionExecutingContext preContext, Func`1 nextInChain)
   at System.Web.Mvc.Async.AsyncControllerActionInvoker.<>c__DisplayClass37.<>c__DisplayClass39.<>c__DisplayClass3b.<BeginInvokeActionMethodWithFilters>b__35()
   at System.Web.Mvc.Async.AsyncControllerActionInvoker.InvokeActionMethodFilterAsynchronously(IActionFilter filter, ActionExecutingContext preContext, Func`1 nextInChain)
   at System.Web.Mvc.Async.AsyncControllerActionInvoker.<>c__DisplayClass37.<>c__DisplayClass39.<>c__DisplayClass3b.<BeginInvokeActionMethodWithFilters>b__35()
   at System.Web.Mvc.Async.AsyncControllerActionInvoker.<>c__DisplayClass37.<BeginInvokeActionMethodWithFilters>b__31(AsyncCallback asyncCallback, Object asyncState)
   at System.Web.Mvc.Async.AsyncResultWrapper.WrappedAsyncResult`1.Begin(AsyncCallback callback, Object state, Int32 timeout)
   at System.Web.Mvc.Async.AsyncControllerActionInvoker.BeginInvokeActionMethodWithFilters(ControllerContext controllerContext, IList`1 filters, ActionDescriptor actionDescriptor, IDictionary`2 parameters, AsyncCallback callback, Object state)
   at System.Web.Mvc.Async.AsyncControllerActionInvoker.<>c__DisplayClass25.<BeginInvokeAction>b__1e(AsyncCallback asyncCallback, Object asyncState)
 2015-04-09 12:20:44,184 [11] INFO  StatisticalSolutions.Controllers.Base.BaseController - Application URL - /StatisticalSolutions/Base/StatisticalError 
 2015-04-09 12:20:44,234 [11] INFO  StatisticalSolutions.Controllers.Base.BaseController - Application URL - /StatisticalSolutions/Base/StatisticalError 
 2015-04-09 12:20:44,234 [11] ERROR StatisticalSolutions.Controllers.Base.BaseController - Statistical exception message - Exception has been thrown by the target of an invocation.
 2015-04-09 12:20:44,234 [11] ERROR StatisticalSolutions.Controllers.Base.BaseController - Statistical exception stack trace -    at System.RuntimeTypeHandle.CreateInstance(RuntimeType type, Boolean publicOnly, Boolean noCheck, Boolean& canBeCached, RuntimeMethodHandleInternal& ctor, Boolean& bNeedSecurityCheck)
   at System.RuntimeType.CreateInstanceSlow(Boolean publicOnly, Boolean skipCheckThis, Boolean fillCache, StackCrawlMark& stackMark)
   at System.RuntimeType.CreateInstanceDefaultCtor(Boolean publicOnly, Boolean skipCheckThis, Boolean fillCache, StackCrawlMark& stackMark)
   at System.Activator.CreateInstance(Type type, Boolean nonPublic)
   at System.Activator.CreateInstance(Type type)
   at System.Threading.LazyHelpers`1.ActivatorFactorySelector()
   at System.Threading.LazyInitializer.EnsureInitializedCore[T](T& target, Boolean& initialized, Object& syncLock, Func`1 valueFactory)
   at System.Threading.LazyInitializer.EnsureInitialized[T](T& target, Boolean& initialized, Object& syncLock)
   at StatisticalSolutions.Filters.InitializeSimpleMembershipAttribute.OnActionExecuting(ActionExecutingContext filterContext) in c:\temp\3rdPartyProjects\StatisticalSolutions\StatisticalSolutions\Filters\InitializeSimpleMembershipAttribute.cs:line 23
   at System.Web.Mvc.Async.AsyncControllerActionInvoker.InvokeActionMethodFilterAsynchronously(IActionFilter filter, ActionExecutingContext preContext, Func`1 nextInChain)
   at System.Web.Mvc.Async.AsyncControllerActionInvoker.<>c__DisplayClass37.<>c__DisplayClass39.<>c__DisplayClass3b.<BeginInvokeActionMethodWithFilters>b__35()
   at System.Web.Mvc.Async.AsyncControllerActionInvoker.InvokeActionMethodFilterAsynchronously(IActionFilter filter, ActionExecutingContext preContext, Func`1 nextInChain)
   at System.Web.Mvc.Async.AsyncControllerActionInvoker.<>c__DisplayClass37.<>c__DisplayClass39.<>c__DisplayClass3b.<BeginInvokeActionMethodWithFilters>b__35()
   at System.Web.Mvc.Async.AsyncControllerActionInvoker.<>c__DisplayClass37.<BeginInvokeActionMethodWithFilters>b__31(AsyncCallback asyncCallback, Object asyncState)
   at System.Web.Mvc.Async.AsyncResultWrapper.WrappedAsyncResult`1.Begin(AsyncCallback callback, Object state, Int32 timeout)
   at System.Web.Mvc.Async.AsyncControllerActionInvoker.BeginInvokeActionMethodWithFilters(ControllerContext controllerContext, IList`1 filters, ActionDescriptor actionDescriptor, IDictionary`2 parameters, AsyncCallback callback, Object state)
   at System.Web.Mvc.Async.AsyncControllerActionInvoker.<>c__DisplayClass25.<BeginInvokeAction>b__1e(AsyncCallback asyncCallback, Object asyncState)
 2015-04-09 12:20:44,234 [15] INFO  StatisticalSolutions.Controllers.Base.BaseController - Application URL - /StatisticalSolutions/Base/StatisticalError 
 2015-04-09 12:20:44,284 [15] INFO  StatisticalSolutions.Controllers.Base.BaseController - Application URL - /StatisticalSolutions/Base/StatisticalError 
 2015-04-09 12:20:44,284 [15] ERROR StatisticalSolutions.Controllers.Base.BaseController - Statistical exception message - Exception has been thrown by the target of an invocation.
 2015-04-09 12:20:44,284 [15] ERROR StatisticalSolutions.Controllers.Base.BaseController - Statistical exception stack trace -    at System.RuntimeTypeHandle.CreateInstance(RuntimeType type, Boolean publicOnly, Boolean noCheck, Boolean& canBeCached, RuntimeMethodHandleInternal& ctor, Boolean& bNeedSecurityCheck)
   at System.RuntimeType.CreateInstanceSlow(Boolean publicOnly, Boolean skipCheckThis, Boolean fillCache, StackCrawlMark& stackMark)
   at System.RuntimeType.CreateInstanceDefaultCtor(Boolean publicOnly, Boolean skipCheckThis, Boolean fillCache, StackCrawlMark& stackMark)
   at System.Activator.CreateInstance(Type type, Boolean nonPublic)
   at System.Activator.CreateInstance(Type type)
   at System.Threading.LazyHelpers`1.ActivatorFactorySelector()
   at System.Threading.LazyInitializer.EnsureInitializedCore[T](T& target, Boolean& initialized, Object& syncLock, Func`1 valueFactory)
   at System.Threading.LazyInitializer.EnsureInitialized[T](T& target, Boolean& initialized, Object& syncLock)
   at StatisticalSolutions.Filters.InitializeSimpleMembershipAttribute.OnActionExecuting(ActionExecutingContext filterContext) in c:\temp\3rdPartyProjects\StatisticalSolutions\StatisticalSolutions\Filters\InitializeSimpleMembershipAttribute.cs:line 23
   at System.Web.Mvc.Async.AsyncControllerActionInvoker.InvokeActionMethodFilterAsynchronously(IActionFilter filter, ActionExecutingContext preContext, Func`1 nextInChain)
   at System.Web.Mvc.Async.AsyncControllerActionInvoker.<>c__DisplayClass37.<>c__DisplayClass39.<>c__DisplayClass3b.<BeginInvokeActionMethodWithFilters>b__35()
   at System.Web.Mvc.Async.AsyncControllerActionInvoker.InvokeActionMethodFilterAsynchronously(IActionFilter filter, ActionExecutingContext preContext, Func`1 nextInChain)
   at System.Web.Mvc.Async.AsyncControllerActionInvoker.<>c__DisplayClass37.<>c__DisplayClass39.<>c__DisplayClass3b.<BeginInvokeActionMethodWithFilters>b__35()
   at System.Web.Mvc.Async.AsyncControllerActionInvoker.<>c__DisplayClass37.<BeginInvokeActionMethodWithFilters>b__31(AsyncCallback asyncCallback, Object asyncState)
   at System.Web.Mvc.Async.AsyncResultWrapper.WrappedAsyncResult`1.Begin(AsyncCallback callback, Object state, Int32 timeout)
   at System.Web.Mvc.Async.AsyncControllerActionInvoker.BeginInvokeActionMethodWithFilters(ControllerContext controllerContext, IList`1 filters, ActionDescriptor actionDescriptor, IDictionary`2 parameters, AsyncCallback callback, Object state)
   at System.Web.Mvc.Async.AsyncControllerActionInvoker.<>c__DisplayClass25.<BeginInvokeAction>b__1e(AsyncCallback asyncCallback, Object asyncState)
 2015-04-09 12:20:44,294 [12] INFO  StatisticalSolutions.Controllers.Base.BaseController - Application URL - /StatisticalSolutions/Base/StatisticalError 
 2015-04-09 12:20:44,344 [12] INFO  StatisticalSolutions.Controllers.Base.BaseController - Application URL - /StatisticalSolutions/Base/StatisticalError 
 2015-04-09 12:20:44,344 [12] ERROR StatisticalSolutions.Controllers.Base.BaseController - Statistical exception message - Exception has been thrown by the target of an invocation.
 2015-04-09 12:20:44,344 [12] ERROR StatisticalSolutions.Controllers.Base.BaseController - Statistical exception stack trace -    at System.RuntimeTypeHandle.CreateInstance(RuntimeType type, Boolean publicOnly, Boolean noCheck, Boolean& canBeCached, RuntimeMethodHandleInternal& ctor, Boolean& bNeedSecurityCheck)
   at System.RuntimeType.CreateInstanceSlow(Boolean publicOnly, Boolean skipCheckThis, Boolean fillCache, StackCrawlMark& stackMark)
   at System.RuntimeType.CreateInstanceDefaultCtor(Boolean publicOnly, Boolean skipCheckThis, Boolean fillCache, StackCrawlMark& stackMark)
   at System.Activator.CreateInstance(Type type, Boolean nonPublic)
   at System.Activator.CreateInstance(Type type)
   at System.Threading.LazyHelpers`1.ActivatorFactorySelector()
   at System.Threading.LazyInitializer.EnsureInitializedCore[T](T& target, Boolean& initialized, Object& syncLock, Func`1 valueFactory)
   at System.Threading.LazyInitializer.EnsureInitialized[T](T& target, Boolean& initialized, Object& syncLock)
   at StatisticalSolutions.Filters.InitializeSimpleMembershipAttribute.OnActionExecuting(ActionExecutingContext filterContext) in c:\temp\3rdPartyProjects\StatisticalSolutions\StatisticalSolutions\Filters\InitializeSimpleMembershipAttribute.cs:line 23
   at System.Web.Mvc.Async.AsyncControllerActionInvoker.InvokeActionMethodFilterAsynchronously(IActionFilter filter, ActionExecutingContext preContext, Func`1 nextInChain)
   at System.Web.Mvc.Async.AsyncControllerActionInvoker.<>c__DisplayClass37.<>c__DisplayClass39.<>c__DisplayClass3b.<BeginInvokeActionMethodWithFilters>b__35()
   at System.Web.Mvc.Async.AsyncControllerActionInvoker.InvokeActionMethodFilterAsynchronously(IActionFilter filter, ActionExecutingContext preContext, Func`1 nextInChain)
   at System.Web.Mvc.Async.AsyncControllerActionInvoker.<>c__DisplayClass37.<>c__DisplayClass39.<>c__DisplayClass3b.<BeginInvokeActionMethodWithFilters>b__35()
   at System.Web.Mvc.Async.AsyncControllerActionInvoker.<>c__DisplayClass37.<BeginInvokeActionMethodWithFilters>b__31(AsyncCallback asyncCallback, Object asyncState)
   at System.Web.Mvc.Async.AsyncResultWrapper.WrappedAsyncResult`1.Begin(AsyncCallback callback, Object state, Int32 timeout)
   at System.Web.Mvc.Async.AsyncControllerActionInvoker.BeginInvokeActionMethodWithFilters(ControllerContext controllerContext, IList`1 filters, ActionDescriptor actionDescriptor, IDictionary`2 parameters, AsyncCallback callback, Object state)
   at System.Web.Mvc.Async.AsyncControllerActionInvoker.<>c__DisplayClass25.<BeginInvokeAction>b__1e(AsyncCallback asyncCallback, Object asyncState)
 2015-04-09 12:20:44,344 [15] INFO  StatisticalSolutions.Controllers.Base.BaseController - Application URL - /StatisticalSolutions/Base/StatisticalError 
 2015-04-09 12:20:44,394 [15] INFO  StatisticalSolutions.Controllers.Base.BaseController - Application URL - /StatisticalSolutions/Base/StatisticalError 
 2015-04-09 12:20:44,394 [15] ERROR StatisticalSolutions.Controllers.Base.BaseController - Statistical exception message - Exception has been thrown by the target of an invocation.
 2015-04-09 12:20:44,394 [15] ERROR StatisticalSolutions.Controllers.Base.BaseController - Statistical exception stack trace -    at System.RuntimeTypeHandle.CreateInstance(RuntimeType type, Boolean publicOnly, Boolean noCheck, Boolean& canBeCached, RuntimeMethodHandleInternal& ctor, Boolean& bNeedSecurityCheck)
   at System.RuntimeType.CreateInstanceSlow(Boolean publicOnly, Boolean skipCheckThis, Boolean fillCache, StackCrawlMark& stackMark)
   at System.RuntimeType.CreateInstanceDefaultCtor(Boolean publicOnly, Boolean skipCheckThis, Boolean fillCache, StackCrawlMark& stackMark)
   at System.Activator.CreateInstance(Type type, Boolean nonPublic)
   at System.Activator.CreateInstance(Type type)
   at System.Threading.LazyHelpers`1.ActivatorFactorySelector()
   at System.Threading.LazyInitializer.EnsureInitializedCore[T](T& target, Boolean& initialized, Object& syncLock, Func`1 valueFactory)
   at System.Threading.LazyInitializer.EnsureInitialized[T](T& target, Boolean& initialized, Object& syncLock)
   at StatisticalSolutions.Filters.InitializeSimpleMembershipAttribute.OnActionExecuting(ActionExecutingContext filterContext) in c:\temp\3rdPartyProjects\StatisticalSolutions\StatisticalSolutions\Filters\InitializeSimpleMembershipAttribute.cs:line 23
   at System.Web.Mvc.Async.AsyncControllerActionInvoker.InvokeActionMethodFilterAsynchronously(IActionFilter filter, ActionExecutingContext preContext, Func`1 nextInChain)
   at System.Web.Mvc.Async.AsyncControllerActionInvoker.<>c__DisplayClass37.<>c__DisplayClass39.<>c__DisplayClass3b.<BeginInvokeActionMethodWithFilters>b__35()
   at System.Web.Mvc.Async.AsyncControllerActionInvoker.InvokeActionMethodFilterAsynchronously(IActionFilter filter, ActionExecutingContext preContext, Func`1 nextInChain)
   at System.Web.Mvc.Async.AsyncControllerActionInvoker.<>c__DisplayClass37.<>c__DisplayClass39.<>c__DisplayClass3b.<BeginInvokeActionMethodWithFilters>b__35()
   at System.Web.Mvc.Async.AsyncControllerActionInvoker.<>c__DisplayClass37.<BeginInvokeActionMethodWithFilters>b__31(AsyncCallback asyncCallback, Object asyncState)
   at System.Web.Mvc.Async.AsyncResultWrapper.WrappedAsyncResult`1.Begin(AsyncCallback callback, Object state, Int32 timeout)
   at System.Web.Mvc.Async.AsyncControllerActionInvoker.BeginInvokeActionMethodWithFilters(ControllerContext controllerContext, IList`1 filters, ActionDescriptor actionDescriptor, IDictionary`2 parameters, AsyncCallback callback, Object state)
   at System.Web.Mvc.Async.AsyncControllerActionInvoker.<>c__DisplayClass25.<BeginInvokeAction>b__1e(AsyncCallback asyncCallback, Object asyncState)
 2015-04-09 12:20:44,404 [10] INFO  StatisticalSolutions.Controllers.Base.BaseController - Application URL - /StatisticalSolutions/Base/StatisticalError 
 2015-04-09 12:20:44,444 [10] INFO  StatisticalSolutions.Controllers.Base.BaseController - Application URL - /StatisticalSolutions/Base/StatisticalError 
 2015-04-09 12:20:44,444 [10] ERROR StatisticalSolutions.Controllers.Base.BaseController - Statistical exception message - Exception has been thrown by the target of an invocation.
 2015-04-09 12:20:44,444 [10] ERROR StatisticalSolutions.Controllers.Base.BaseController - Statistical exception stack trace -    at System.RuntimeTypeHandle.CreateInstance(RuntimeType type, Boolean publicOnly, Boolean noCheck, Boolean& canBeCached, RuntimeMethodHandleInternal& ctor, Boolean& bNeedSecurityCheck)
   at System.RuntimeType.CreateInstanceSlow(Boolean publicOnly, Boolean skipCheckThis, Boolean fillCache, StackCrawlMark& stackMark)
   at System.RuntimeType.CreateInstanceDefaultCtor(Boolean publicOnly, Boolean skipCheckThis, Boolean fillCache, StackCrawlMark& stackMark)
   at System.Activator.CreateInstance(Type type, Boolean nonPublic)
   at System.Activator.CreateInstance(Type type)
   at System.Threading.LazyHelpers`1.ActivatorFactorySelector()
   at System.Threading.LazyInitializer.EnsureInitializedCore[T](T& target, Boolean& initialized, Object& syncLock, Func`1 valueFactory)
   at System.Threading.LazyInitializer.EnsureInitialized[T](T& target, Boolean& initialized, Object& syncLock)
   at StatisticalSolutions.Filters.InitializeSimpleMembershipAttribute.OnActionExecuting(ActionExecutingContext filterContext) in c:\temp\3rdPartyProjects\StatisticalSolutions\StatisticalSolutions\Filters\InitializeSimpleMembershipAttribute.cs:line 23
   at System.Web.Mvc.Async.AsyncControllerActionInvoker.InvokeActionMethodFilterAsynchronously(IActionFilter filter, ActionExecutingContext preContext, Func`1 nextInChain)
   at System.Web.Mvc.Async.AsyncControllerActionInvoker.<>c__DisplayClass37.<>c__DisplayClass39.<>c__DisplayClass3b.<BeginInvokeActionMethodWithFilters>b__35()
   at System.Web.Mvc.Async.AsyncControllerActionInvoker.InvokeActionMethodFilterAsynchronously(IActionFilter filter, ActionExecutingContext preContext, Func`1 nextInChain)
   at System.Web.Mvc.Async.AsyncControllerActionInvoker.<>c__DisplayClass37.<>c__DisplayClass39.<>c__DisplayClass3b.<BeginInvokeActionMethodWithFilters>b__35()
   at System.Web.Mvc.Async.AsyncControllerActionInvoker.<>c__DisplayClass37.<BeginInvokeActionMethodWithFilters>b__31(AsyncCallback asyncCallback, Object asyncState)
   at System.Web.Mvc.Async.AsyncResultWrapper.WrappedAsyncResult`1.Begin(AsyncCallback callback, Object state, Int32 timeout)
   at System.Web.Mvc.Async.AsyncControllerActionInvoker.BeginInvokeActionMethodWithFilters(ControllerContext controllerContext, IList`1 filters, ActionDescriptor actionDescriptor, IDictionary`2 parameters, AsyncCallback callback, Object state)
   at System.Web.Mvc.Async.AsyncControllerActionInvoker.<>c__DisplayClass25.<BeginInvokeAction>b__1e(AsyncCallback asyncCallback, Object asyncState)
 2015-04-09 12:20:44,454 [13] INFO  StatisticalSolutions.Controllers.Base.BaseController - Application URL - /StatisticalSolutions/Base/StatisticalError 
 2015-04-09 12:20:44,494 [13] INFO  StatisticalSolutions.Controllers.Base.BaseController - Application URL - /StatisticalSolutions/Base/StatisticalError 
 2015-04-09 12:20:44,494 [13] ERROR StatisticalSolutions.Controllers.Base.BaseController - Statistical exception message - Exception has been thrown by the target of an invocation.
 2015-04-09 12:20:44,504 [13] ERROR StatisticalSolutions.Controllers.Base.BaseController - Statistical exception stack trace -    at System.RuntimeTypeHandle.CreateInstance(RuntimeType type, Boolean publicOnly, Boolean noCheck, Boolean& canBeCached, RuntimeMethodHandleInternal& ctor, Boolean& bNeedSecurityCheck)
   at System.RuntimeType.CreateInstanceSlow(Boolean publicOnly, Boolean skipCheckThis, Boolean fillCache, StackCrawlMark& stackMark)
   at System.RuntimeType.CreateInstanceDefaultCtor(Boolean publicOnly, Boolean skipCheckThis, Boolean fillCache, StackCrawlMark& stackMark)
   at System.Activator.CreateInstance(Type type, Boolean nonPublic)
   at System.Activator.CreateInstance(Type type)
   at System.Threading.LazyHelpers`1.ActivatorFactorySelector()
   at System.Threading.LazyInitializer.EnsureInitializedCore[T](T& target, Boolean& initialized, Object& syncLock, Func`1 valueFactory)
   at System.Threading.LazyInitializer.EnsureInitialized[T](T& target, Boolean& initialized, Object& syncLock)
   at StatisticalSolutions.Filters.InitializeSimpleMembershipAttribute.OnActionExecuting(ActionExecutingContext filterContext) in c:\temp\3rdPartyProjects\StatisticalSolutions\StatisticalSolutions\Filters\InitializeSimpleMembershipAttribute.cs:line 23
   at System.Web.Mvc.Async.AsyncControllerActionInvoker.InvokeActionMethodFilterAsynchronously(IActionFilter filter, ActionExecutingContext preContext, Func`1 nextInChain)
   at System.Web.Mvc.Async.AsyncControllerActionInvoker.<>c__DisplayClass37.<>c__DisplayClass39.<>c__DisplayClass3b.<BeginInvokeActionMethodWithFilters>b__35()
   at System.Web.Mvc.Async.AsyncControllerActionInvoker.InvokeActionMethodFilterAsynchronously(IActionFilter filter, ActionExecutingContext preContext, Func`1 nextInChain)
   at System.Web.Mvc.Async.AsyncControllerActionInvoker.<>c__DisplayClass37.<>c__DisplayClass39.<>c__DisplayClass3b.<BeginInvokeActionMethodWithFilters>b__35()
   at System.Web.Mvc.Async.AsyncControllerActionInvoker.<>c__DisplayClass37.<BeginInvokeActionMethodWithFilters>b__31(AsyncCallback asyncCallback, Object asyncState)
   at System.Web.Mvc.Async.AsyncResultWrapper.WrappedAsyncResult`1.Begin(AsyncCallback callback, Object state, Int32 timeout)
   at System.Web.Mvc.Async.AsyncControllerActionInvoker.BeginInvokeActionMethodWithFilters(ControllerContext controllerContext, IList`1 filters, ActionDescriptor actionDescriptor, IDictionary`2 parameters, AsyncCallback callback, Object state)
   at System.Web.Mvc.Async.AsyncControllerActionInvoker.<>c__DisplayClass25.<BeginInvokeAction>b__1e(AsyncCallback asyncCallback, Object asyncState)
 2015-04-09 12:20:44,504 [9] INFO  StatisticalSolutions.Controllers.Base.BaseController - Application URL - /StatisticalSolutions/Base/StatisticalError 
 2015-04-09 12:20:44,544 [9] INFO  StatisticalSolutions.Controllers.Base.BaseController - Application URL - /StatisticalSolutions/Base/StatisticalError 
 2015-04-09 12:20:44,554 [9] ERROR StatisticalSolutions.Controllers.Base.BaseController - Statistical exception message - Exception has been thrown by the target of an invocation.
 2015-04-09 12:20:44,554 [9] ERROR StatisticalSolutions.Controllers.Base.BaseController - Statistical exception stack trace -    at System.RuntimeTypeHandle.CreateInstance(RuntimeType type, Boolean publicOnly, Boolean noCheck, Boolean& canBeCached, RuntimeMethodHandleInternal& ctor, Boolean& bNeedSecurityCheck)
   at System.RuntimeType.CreateInstanceSlow(Boolean publicOnly, Boolean skipCheckThis, Boolean fillCache, StackCrawlMark& stackMark)
   at System.RuntimeType.CreateInstanceDefaultCtor(Boolean publicOnly, Boolean skipCheckThis, Boolean fillCache, StackCrawlMark& stackMark)
   at System.Activator.CreateInstance(Type type, Boolean nonPublic)
   at System.Activator.CreateInstance(Type type)
   at System.Threading.LazyHelpers`1.ActivatorFactorySelector()
   at System.Threading.LazyInitializer.EnsureInitializedCore[T](T& target, Boolean& initialized, Object& syncLock, Func`1 valueFactory)
   at System.Threading.LazyInitializer.EnsureInitialized[T](T& target, Boolean& initialized, Object& syncLock)
   at StatisticalSolutions.Filters.InitializeSimpleMembershipAttribute.OnActionExecuting(ActionExecutingContext filterContext) in c:\temp\3rdPartyProjects\StatisticalSolutions\StatisticalSolutions\Filters\InitializeSimpleMembershipAttribute.cs:line 23
   at System.Web.Mvc.Async.AsyncControllerActionInvoker.InvokeActionMethodFilterAsynchronously(IActionFilter filter, ActionExecutingContext preContext, Func`1 nextInChain)
   at System.Web.Mvc.Async.AsyncControllerActionInvoker.<>c__DisplayClass37.<>c__DisplayClass39.<>c__DisplayClass3b.<BeginInvokeActionMethodWithFilters>b__35()
   at System.Web.Mvc.Async.AsyncControllerActionInvoker.InvokeActionMethodFilterAsynchronously(IActionFilter filter, ActionExecutingContext preContext, Func`1 nextInChain)
   at System.Web.Mvc.Async.AsyncControllerActionInvoker.<>c__DisplayClass37.<>c__DisplayClass39.<>c__DisplayClass3b.<BeginInvokeActionMethodWithFilters>b__35()
   at System.Web.Mvc.Async.AsyncControllerActionInvoker.<>c__DisplayClass37.<BeginInvokeActionMethodWithFilters>b__31(AsyncCallback asyncCallback, Object asyncState)
   at System.Web.Mvc.Async.AsyncResultWrapper.WrappedAsyncResult`1.Begin(AsyncCallback callback, Object state, Int32 timeout)
   at System.Web.Mvc.Async.AsyncControllerActionInvoker.BeginInvokeActionMethodWithFilters(ControllerContext controllerContext, IList`1 filters, ActionDescriptor actionDescriptor, IDictionary`2 parameters, AsyncCallback callback, Object state)
   at System.Web.Mvc.Async.AsyncControllerActionInvoker.<>c__DisplayClass25.<BeginInvokeAction>b__1e(AsyncCallback asyncCallback, Object asyncState)
 2015-04-09 12:20:44,554 [11] INFO  StatisticalSolutions.Controllers.Base.BaseController - Application URL - /StatisticalSolutions/Base/StatisticalError 
 2015-04-09 12:20:44,604 [11] INFO  StatisticalSolutions.Controllers.Base.BaseController - Application URL - /StatisticalSolutions/Base/StatisticalError 
 2015-04-09 12:20:44,604 [11] ERROR StatisticalSolutions.Controllers.Base.BaseController - Statistical exception message - Exception has been thrown by the target of an invocation.
 2015-04-09 12:20:44,604 [11] ERROR StatisticalSolutions.Controllers.Base.BaseController - Statistical exception stack trace -    at System.RuntimeTypeHandle.CreateInstance(RuntimeType type, Boolean publicOnly, Boolean noCheck, Boolean& canBeCached, RuntimeMethodHandleInternal& ctor, Boolean& bNeedSecurityCheck)
   at System.RuntimeType.CreateInstanceSlow(Boolean publicOnly, Boolean skipCheckThis, Boolean fillCache, StackCrawlMark& stackMark)
   at System.RuntimeType.CreateInstanceDefaultCtor(Boolean publicOnly, Boolean skipCheckThis, Boolean fillCache, StackCrawlMark& stackMark)
   at System.Activator.CreateInstance(Type type, Boolean nonPublic)
   at System.Activator.CreateInstance(Type type)
   at System.Threading.LazyHelpers`1.ActivatorFactorySelector()
   at System.Threading.LazyInitializer.EnsureInitializedCore[T](T& target, Boolean& initialized, Object& syncLock, Func`1 valueFactory)
   at System.Threading.LazyInitializer.EnsureInitialized[T](T& target, Boolean& initialized, Object& syncLock)
   at StatisticalSolutions.Filters.InitializeSimpleMembershipAttribute.OnActionExecuting(ActionExecutingContext filterContext) in c:\temp\3rdPartyProjects\StatisticalSolutions\StatisticalSolutions\Filters\InitializeSimpleMembershipAttribute.cs:line 23
   at System.Web.Mvc.Async.AsyncControllerActionInvoker.InvokeActionMethodFilterAsynchronously(IActionFilter filter, ActionExecutingContext preContext, Func`1 nextInChain)
   at System.Web.Mvc.Async.AsyncControllerActionInvoker.<>c__DisplayClass37.<>c__DisplayClass39.<>c__DisplayClass3b.<BeginInvokeActionMethodWithFilters>b__35()
   at System.Web.Mvc.Async.AsyncControllerActionInvoker.InvokeActionMethodFilterAsynchronously(IActionFilter filter, ActionExecutingContext preContext, Func`1 nextInChain)
   at System.Web.Mvc.Async.AsyncControllerActionInvoker.<>c__DisplayClass37.<>c__DisplayClass39.<>c__DisplayClass3b.<BeginInvokeActionMethodWithFilters>b__35()
   at System.Web.Mvc.Async.AsyncControllerActionInvoker.<>c__DisplayClass37.<BeginInvokeActionMethodWithFilters>b__31(AsyncCallback asyncCallback, Object asyncState)
   at System.Web.Mvc.Async.AsyncResultWrapper.WrappedAsyncResult`1.Begin(AsyncCallback callback, Object state, Int32 timeout)
   at System.Web.Mvc.Async.AsyncControllerActionInvoker.BeginInvokeActionMethodWithFilters(ControllerContext controllerContext, IList`1 filters, ActionDescriptor actionDescriptor, IDictionary`2 parameters, AsyncCallback callback, Object state)
   at System.Web.Mvc.Async.AsyncControllerActionInvoker.<>c__DisplayClass25.<BeginInvokeAction>b__1e(AsyncCallback asyncCallback, Object asyncState)
 2015-04-09 12:20:44,604 [7] INFO  StatisticalSolutions.Controllers.Base.BaseController - Application URL - /StatisticalSolutions/Base/StatisticalError 
 2015-04-09 12:20:44,654 [7] INFO  StatisticalSolutions.Controllers.Base.BaseController - Application URL - /StatisticalSolutions/Base/StatisticalError 
 2015-04-09 12:20:44,654 [7] ERROR StatisticalSolutions.Controllers.Base.BaseController - Statistical exception message - Exception has been thrown by the target of an invocation.
 2015-04-09 12:20:44,654 [7] ERROR StatisticalSolutions.Controllers.Base.BaseController - Statistical exception stack trace -    at System.RuntimeTypeHandle.CreateInstance(RuntimeType type, Boolean publicOnly, Boolean noCheck, Boolean& canBeCached, RuntimeMethodHandleInternal& ctor, Boolean& bNeedSecurityCheck)
   at System.RuntimeType.CreateInstanceSlow(Boolean publicOnly, Boolean skipCheckThis, Boolean fillCache, StackCrawlMark& stackMark)
   at System.RuntimeType.CreateInstanceDefaultCtor(Boolean publicOnly, Boolean skipCheckThis, Boolean fillCache, StackCrawlMark& stackMark)
   at System.Activator.CreateInstance(Type type, Boolean nonPublic)
   at System.Activator.CreateInstance(Type type)
   at System.Threading.LazyHelpers`1.ActivatorFactorySelector()
   at System.Threading.LazyInitializer.EnsureInitializedCore[T](T& target, Boolean& initialized, Object& syncLock, Func`1 valueFactory)
   at System.Threading.LazyInitializer.EnsureInitialized[T](T& target, Boolean& initialized, Object& syncLock)
   at StatisticalSolutions.Filters.InitializeSimpleMembershipAttribute.OnActionExecuting(ActionExecutingContext filterContext) in c:\temp\3rdPartyProjects\StatisticalSolutions\StatisticalSolutions\Filters\InitializeSimpleMembershipAttribute.cs:line 23
   at System.Web.Mvc.Async.AsyncControllerActionInvoker.InvokeActionMethodFilterAsynchronously(IActionFilter filter, ActionExecutingContext preContext, Func`1 nextInChain)
   at System.Web.Mvc.Async.AsyncControllerActionInvoker.<>c__DisplayClass37.<>c__DisplayClass39.<>c__DisplayClass3b.<BeginInvokeActionMethodWithFilters>b__35()
   at System.Web.Mvc.Async.AsyncControllerActionInvoker.InvokeActionMethodFilterAsynchronously(IActionFilter filter, ActionExecutingContext preContext, Func`1 nextInChain)
   at System.Web.Mvc.Async.AsyncControllerActionInvoker.<>c__DisplayClass37.<>c__DisplayClass39.<>c__DisplayClass3b.<BeginInvokeActionMethodWithFilters>b__35()
   at System.Web.Mvc.Async.AsyncControllerActionInvoker.<>c__DisplayClass37.<BeginInvokeActionMethodWithFilters>b__31(AsyncCallback asyncCallback, Object asyncState)
   at System.Web.Mvc.Async.AsyncResultWrapper.WrappedAsyncResult`1.Begin(AsyncCallback callback, Object state, Int32 timeout)
   at System.Web.Mvc.Async.AsyncControllerActionInvoker.BeginInvokeActionMethodWithFilters(ControllerContext controllerContext, IList`1 filters, ActionDescriptor actionDescriptor, IDictionary`2 parameters, AsyncCallback callback, Object state)
   at System.Web.Mvc.Async.AsyncControllerActionInvoker.<>c__DisplayClass25.<BeginInvokeAction>b__1e(AsyncCallback asyncCallback, Object asyncState)
 2015-04-09 12:20:44,704 [13] INFO  StatisticalSolutions.Controllers.Base.BaseController - Application URL - /StatisticalSolutions/Base/StatisticalError 
 2015-04-09 12:20:44,874 [13] INFO  StatisticalSolutions.Controllers.Base.BaseController - Application URL - /StatisticalSolutions/Base/StatisticalError 
 2015-04-09 12:20:44,884 [13] ERROR StatisticalSolutions.Controllers.Base.BaseController - Statistical exception message - Exception has been thrown by the target of an invocation.
 2015-04-09 12:20:44,884 [13] ERROR StatisticalSolutions.Controllers.Base.BaseController - Statistical exception stack trace -    at System.RuntimeTypeHandle.CreateInstance(RuntimeType type, Boolean publicOnly, Boolean noCheck, Boolean& canBeCached, RuntimeMethodHandleInternal& ctor, Boolean& bNeedSecurityCheck)
   at System.RuntimeType.CreateInstanceSlow(Boolean publicOnly, Boolean skipCheckThis, Boolean fillCache, StackCrawlMark& stackMark)
   at System.RuntimeType.CreateInstanceDefaultCtor(Boolean publicOnly, Boolean skipCheckThis, Boolean fillCache, StackCrawlMark& stackMark)
   at System.Activator.CreateInstance(Type type, Boolean nonPublic)
   at System.Activator.CreateInstance(Type type)
   at System.Threading.LazyHelpers`1.ActivatorFactorySelector()
   at System.Threading.LazyInitializer.EnsureInitializedCore[T](T& target, Boolean& initialized, Object& syncLock, Func`1 valueFactory)
   at System.Threading.LazyInitializer.EnsureInitialized[T](T& target, Boolean& initialized, Object& syncLock)
   at StatisticalSolutions.Filters.InitializeSimpleMembershipAttribute.OnActionExecuting(ActionExecutingContext filterContext) in c:\temp\3rdPartyProjects\StatisticalSolutions\StatisticalSolutions\Filters\InitializeSimpleMembershipAttribute.cs:line 23
   at System.Web.Mvc.Async.AsyncControllerActionInvoker.InvokeActionMethodFilterAsynchronously(IActionFilter filter, ActionExecutingContext preContext, Func`1 nextInChain)
   at System.Web.Mvc.Async.AsyncControllerActionInvoker.<>c__DisplayClass37.<>c__DisplayClass39.<>c__DisplayClass3b.<BeginInvokeActionMethodWithFilters>b__35()
   at System.Web.Mvc.Async.AsyncControllerActionInvoker.InvokeActionMethodFilterAsynchronously(IActionFilter filter, ActionExecutingContext preContext, Func`1 nextInChain)
   at System.Web.Mvc.Async.AsyncControllerActionInvoker.<>c__DisplayClass37.<>c__DisplayClass39.<>c__DisplayClass3b.<BeginInvokeActionMethodWithFilters>b__35()
   at System.Web.Mvc.Async.AsyncControllerActionInvoker.<>c__DisplayClass37.<BeginInvokeActionMethodWithFilters>b__31(AsyncCallback asyncCallback, Object asyncState)
   at System.Web.Mvc.Async.AsyncResultWrapper.WrappedAsyncResult`1.Begin(AsyncCallback callback, Object state, Int32 timeout)
   at System.Web.Mvc.Async.AsyncControllerActionInvoker.BeginInvokeActionMethodWithFilters(ControllerContext controllerContext, IList`1 filters, ActionDescriptor actionDescriptor, IDictionary`2 parameters, AsyncCallback callback, Object state)
   at System.Web.Mvc.Async.AsyncControllerActionInvoker.<>c__DisplayClass25.<BeginInvokeAction>b__1e(AsyncCallback asyncCallback, Object asyncState)
 2015-04-09 12:20:44,884 [11] INFO  StatisticalSolutions.Controllers.Base.BaseController - Application URL - /StatisticalSolutions/Base/StatisticalError 
 2015-04-09 12:20:45,004 [11] INFO  StatisticalSolutions.Controllers.Base.BaseController - Application URL - /StatisticalSolutions/Base/StatisticalError 
 2015-04-09 12:20:45,004 [11] ERROR StatisticalSolutions.Controllers.Base.BaseController - Statistical exception message - Exception has been thrown by the target of an invocation.
 2015-04-09 12:20:45,004 [11] ERROR StatisticalSolutions.Controllers.Base.BaseController - Statistical exception stack trace -    at System.RuntimeTypeHandle.CreateInstance(RuntimeType type, Boolean publicOnly, Boolean noCheck, Boolean& canBeCached, RuntimeMethodHandleInternal& ctor, Boolean& bNeedSecurityCheck)
   at System.RuntimeType.CreateInstanceSlow(Boolean publicOnly, Boolean skipCheckThis, Boolean fillCache, StackCrawlMark& stackMark)
   at System.RuntimeType.CreateInstanceDefaultCtor(Boolean publicOnly, Boolean skipCheckThis, Boolean fillCache, StackCrawlMark& stackMark)
   at System.Activator.CreateInstance(Type type, Boolean nonPublic)
   at System.Activator.CreateInstance(Type type)
   at System.Threading.LazyHelpers`1.ActivatorFactorySelector()
   at System.Threading.LazyInitializer.EnsureInitializedCore[T](T& target, Boolean& initialized, Object& syncLock, Func`1 valueFactory)
   at System.Threading.LazyInitializer.EnsureInitialized[T](T& target, Boolean& initialized, Object& syncLock)
   at StatisticalSolutions.Filters.InitializeSimpleMembershipAttribute.OnActionExecuting(ActionExecutingContext filterContext) in c:\temp\3rdPartyProjects\StatisticalSolutions\StatisticalSolutions\Filters\InitializeSimpleMembershipAttribute.cs:line 23
   at System.Web.Mvc.Async.AsyncControllerActionInvoker.InvokeActionMethodFilterAsynchronously(IActionFilter filter, ActionExecutingContext preContext, Func`1 nextInChain)
   at System.Web.Mvc.Async.AsyncControllerActionInvoker.<>c__DisplayClass37.<>c__DisplayClass39.<>c__DisplayClass3b.<BeginInvokeActionMethodWithFilters>b__35()
   at System.Web.Mvc.Async.AsyncControllerActionInvoker.InvokeActionMethodFilterAsynchronously(IActionFilter filter, ActionExecutingContext preContext, Func`1 nextInChain)
   at System.Web.Mvc.Async.AsyncControllerActionInvoker.<>c__DisplayClass37.<>c__DisplayClass39.<>c__DisplayClass3b.<BeginInvokeActionMethodWithFilters>b__35()
   at System.Web.Mvc.Async.AsyncControllerActionInvoker.<>c__DisplayClass37.<BeginInvokeActionMethodWithFilters>b__31(AsyncCallback asyncCallback, Object asyncState)
   at System.Web.Mvc.Async.AsyncResultWrapper.WrappedAsyncResult`1.Begin(AsyncCallback callback, Object state, Int32 timeout)
   at System.Web.Mvc.Async.AsyncControllerActionInvoker.BeginInvokeActionMethodWithFilters(ControllerContext controllerContext, IList`1 filters, ActionDescriptor actionDescriptor, IDictionary`2 parameters, AsyncCallback callback, Object state)
   at System.Web.Mvc.Async.AsyncControllerActionInvoker.<>c__DisplayClass25.<BeginInvokeAction>b__1e(AsyncCallback asyncCallback, Object asyncState)
 2015-04-09 12:20:45,014 [7] INFO  StatisticalSolutions.Controllers.Base.BaseController - Application URL - /StatisticalSolutions/Base/StatisticalError 
 2015-04-09 12:20:45,104 [7] INFO  StatisticalSolutions.Controllers.Base.BaseController - Application URL - /StatisticalSolutions/Base/StatisticalError 
 2015-04-09 12:20:45,104 [7] ERROR StatisticalSolutions.Controllers.Base.BaseController - Statistical exception message - Exception has been thrown by the target of an invocation.
 2015-04-09 12:20:45,104 [7] ERROR StatisticalSolutions.Controllers.Base.BaseController - Statistical exception stack trace -    at System.RuntimeTypeHandle.CreateInstance(RuntimeType type, Boolean publicOnly, Boolean noCheck, Boolean& canBeCached, RuntimeMethodHandleInternal& ctor, Boolean& bNeedSecurityCheck)
   at System.RuntimeType.CreateInstanceSlow(Boolean publicOnly, Boolean skipCheckThis, Boolean fillCache, StackCrawlMark& stackMark)
   at System.RuntimeType.CreateInstanceDefaultCtor(Boolean publicOnly, Boolean skipCheckThis, Boolean fillCache, StackCrawlMark& stackMark)
   at System.Activator.CreateInstance(Type type, Boolean nonPublic)
   at System.Activator.CreateInstance(Type type)
   at System.Threading.LazyHelpers`1.ActivatorFactorySelector()
   at System.Threading.LazyInitializer.EnsureInitializedCore[T](T& target, Boolean& initialized, Object& syncLock, Func`1 valueFactory)
   at System.Threading.LazyInitializer.EnsureInitialized[T](T& target, Boolean& initialized, Object& syncLock)
   at StatisticalSolutions.Filters.InitializeSimpleMembershipAttribute.OnActionExecuting(ActionExecutingContext filterContext) in c:\temp\3rdPartyProjects\StatisticalSolutions\StatisticalSolutions\Filters\InitializeSimpleMembershipAttribute.cs:line 23
   at System.Web.Mvc.Async.AsyncControllerActionInvoker.InvokeActionMethodFilterAsynchronously(IActionFilter filter, ActionExecutingContext preContext, Func`1 nextInChain)
   at System.Web.Mvc.Async.AsyncControllerActionInvoker.<>c__DisplayClass37.<>c__DisplayClass39.<>c__DisplayClass3b.<BeginInvokeActionMethodWithFilters>b__35()
   at System.Web.Mvc.Async.AsyncControllerActionInvoker.InvokeActionMethodFilterAsynchronously(IActionFilter filter, ActionExecutingContext preContext, Func`1 nextInChain)
   at System.Web.Mvc.Async.AsyncControllerActionInvoker.<>c__DisplayClass37.<>c__DisplayClass39.<>c__DisplayClass3b.<BeginInvokeActionMethodWithFilters>b__35()
   at System.Web.Mvc.Async.AsyncControllerActionInvoker.<>c__DisplayClass37.<BeginInvokeActionMethodWithFilters>b__31(AsyncCallback asyncCallback, Object asyncState)
   at System.Web.Mvc.Async.AsyncResultWrapper.WrappedAsyncResult`1.Begin(AsyncCallback callback, Object state, Int32 timeout)
   at System.Web.Mvc.Async.AsyncControllerActionInvoker.BeginInvokeActionMethodWithFilters(ControllerContext controllerContext, IList`1 filters, ActionDescriptor actionDescriptor, IDictionary`2 parameters, AsyncCallback callback, Object state)
   at System.Web.Mvc.Async.AsyncControllerActionInvoker.<>c__DisplayClass25.<BeginInvokeAction>b__1e(AsyncCallback asyncCallback, Object asyncState)
 2015-04-09 12:20:45,104 [9] INFO  StatisticalSolutions.Controllers.Base.BaseController - Application URL - /StatisticalSolutions/Base/StatisticalError 
 2015-04-09 12:20:45,174 [9] INFO  StatisticalSolutions.Controllers.Base.BaseController - Application URL - /StatisticalSolutions/Base/StatisticalError 
 2015-04-09 12:20:45,174 [9] ERROR StatisticalSolutions.Controllers.Base.BaseController - Statistical exception message - Exception has been thrown by the target of an invocation.
 2015-04-09 12:20:45,174 [9] ERROR StatisticalSolutions.Controllers.Base.BaseController - Statistical exception stack trace -    at System.RuntimeTypeHandle.CreateInstance(RuntimeType type, Boolean publicOnly, Boolean noCheck, Boolean& canBeCached, RuntimeMethodHandleInternal& ctor, Boolean& bNeedSecurityCheck)
   at System.RuntimeType.CreateInstanceSlow(Boolean publicOnly, Boolean skipCheckThis, Boolean fillCache, StackCrawlMark& stackMark)
   at System.RuntimeType.CreateInstanceDefaultCtor(Boolean publicOnly, Boolean skipCheckThis, Boolean fillCache, StackCrawlMark& stackMark)
   at System.Activator.CreateInstance(Type type, Boolean nonPublic)
   at System.Activator.CreateInstance(Type type)
   at System.Threading.LazyHelpers`1.ActivatorFactorySelector()
   at System.Threading.LazyInitializer.EnsureInitializedCore[T](T& target, Boolean& initialized, Object& syncLock, Func`1 valueFactory)
   at System.Threading.LazyInitializer.EnsureInitialized[T](T& target, Boolean& initialized, Object& syncLock)
   at StatisticalSolutions.Filters.InitializeSimpleMembershipAttribute.OnActionExecuting(ActionExecutingContext filterContext) in c:\temp\3rdPartyProjects\StatisticalSolutions\StatisticalSolutions\Filters\InitializeSimpleMembershipAttribute.cs:line 23
   at System.Web.Mvc.Async.AsyncControllerActionInvoker.InvokeActionMethodFilterAsynchronously(IActionFilter filter, ActionExecutingContext preContext, Func`1 nextInChain)
   at System.Web.Mvc.Async.AsyncControllerActionInvoker.<>c__DisplayClass37.<>c__DisplayClass39.<>c__DisplayClass3b.<BeginInvokeActionMethodWithFilters>b__35()
   at System.Web.Mvc.Async.AsyncControllerActionInvoker.InvokeActionMethodFilterAsynchronously(IActionFilter filter, ActionExecutingContext preContext, Func`1 nextInChain)
   at System.Web.Mvc.Async.AsyncControllerActionInvoker.<>c__DisplayClass37.<>c__DisplayClass39.<>c__DisplayClass3b.<BeginInvokeActionMethodWithFilters>b__35()
   at System.Web.Mvc.Async.AsyncControllerActionInvoker.<>c__DisplayClass37.<BeginInvokeActionMethodWithFilters>b__31(AsyncCallback asyncCallback, Object asyncState)
   at System.Web.Mvc.Async.AsyncResultWrapper.WrappedAsyncResult`1.Begin(AsyncCallback callback, Object state, Int32 timeout)
   at System.Web.Mvc.Async.AsyncControllerActionInvoker.BeginInvokeActionMethodWithFilters(ControllerContext controllerContext, IList`1 filters, ActionDescriptor actionDescriptor, IDictionary`2 parameters, AsyncCallback callback, Object state)
   at System.Web.Mvc.Async.AsyncControllerActionInvoker.<>c__DisplayClass25.<BeginInvokeAction>b__1e(AsyncCallback asyncCallback, Object asyncState)
 2015-04-09 12:20:45,174 [11] INFO  StatisticalSolutions.Controllers.Base.BaseController - Application URL - /StatisticalSolutions/Base/StatisticalError 
 2015-04-09 12:20:45,244 [11] INFO  StatisticalSolutions.Controllers.Base.BaseController - Application URL - /StatisticalSolutions/Base/StatisticalError 
 2015-04-09 12:20:45,244 [11] ERROR StatisticalSolutions.Controllers.Base.BaseController - Statistical exception message - Exception has been thrown by the target of an invocation.
 2015-04-09 12:20:45,244 [11] ERROR StatisticalSolutions.Controllers.Base.BaseController - Statistical exception stack trace -    at System.RuntimeTypeHandle.CreateInstance(RuntimeType type, Boolean publicOnly, Boolean noCheck, Boolean& canBeCached, RuntimeMethodHandleInternal& ctor, Boolean& bNeedSecurityCheck)
   at System.RuntimeType.CreateInstanceSlow(Boolean publicOnly, Boolean skipCheckThis, Boolean fillCache, StackCrawlMark& stackMark)
   at System.RuntimeType.CreateInstanceDefaultCtor(Boolean publicOnly, Boolean skipCheckThis, Boolean fillCache, StackCrawlMark& stackMark)
   at System.Activator.CreateInstance(Type type, Boolean nonPublic)
   at System.Activator.CreateInstance(Type type)
   at System.Threading.LazyHelpers`1.ActivatorFactorySelector()
   at System.Threading.LazyInitializer.EnsureInitializedCore[T](T& target, Boolean& initialized, Object& syncLock, Func`1 valueFactory)
   at System.Threading.LazyInitializer.EnsureInitialized[T](T& target, Boolean& initialized, Object& syncLock)
   at StatisticalSolutions.Filters.InitializeSimpleMembershipAttribute.OnActionExecuting(ActionExecutingContext filterContext) in c:\temp\3rdPartyProjects\StatisticalSolutions\StatisticalSolutions\Filters\InitializeSimpleMembershipAttribute.cs:line 23
   at System.Web.Mvc.Async.AsyncControllerActionInvoker.InvokeActionMethodFilterAsynchronously(IActionFilter filter, ActionExecutingContext preContext, Func`1 nextInChain)
   at System.Web.Mvc.Async.AsyncControllerActionInvoker.<>c__DisplayClass37.<>c__DisplayClass39.<>c__DisplayClass3b.<BeginInvokeActionMethodWithFilters>b__35()
   at System.Web.Mvc.Async.AsyncControllerActionInvoker.InvokeActionMethodFilterAsynchronously(IActionFilter filter, ActionExecutingContext preContext, Func`1 nextInChain)
   at System.Web.Mvc.Async.AsyncControllerActionInvoker.<>c__DisplayClass37.<>c__DisplayClass39.<>c__DisplayClass3b.<BeginInvokeActionMethodWithFilters>b__35()
   at System.Web.Mvc.Async.AsyncControllerActionInvoker.<>c__DisplayClass37.<BeginInvokeActionMethodWithFilters>b__31(AsyncCallback asyncCallback, Object asyncState)
   at System.Web.Mvc.Async.AsyncResultWrapper.WrappedAsyncResult`1.Begin(AsyncCallback callback, Object state, Int32 timeout)
   at System.Web.Mvc.Async.AsyncControllerActionInvoker.BeginInvokeActionMethodWithFilters(ControllerContext controllerContext, IList`1 filters, ActionDescriptor actionDescriptor, IDictionary`2 parameters, AsyncCallback callback, Object state)
   at System.Web.Mvc.Async.AsyncControllerActionInvoker.<>c__DisplayClass25.<BeginInvokeAction>b__1e(AsyncCallback asyncCallback, Object asyncState)
 2015-04-09 12:20:45,244 [7] INFO  StatisticalSolutions.Controllers.Base.BaseController - Application URL - /StatisticalSolutions/Base/StatisticalError 
 2015-04-09 12:20:45,314 [7] INFO  StatisticalSolutions.Controllers.Base.BaseController - Application URL - /StatisticalSolutions/Base/StatisticalError 
 2015-04-09 12:20:45,314 [7] ERROR StatisticalSolutions.Controllers.Base.BaseController - Statistical exception message - Exception has been thrown by the target of an invocation.
 2015-04-09 12:20:45,314 [7] ERROR StatisticalSolutions.Controllers.Base.BaseController - Statistical exception stack trace -    at System.RuntimeTypeHandle.CreateInstance(RuntimeType type, Boolean publicOnly, Boolean noCheck, Boolean& canBeCached, RuntimeMethodHandleInternal& ctor, Boolean& bNeedSecurityCheck)
   at System.RuntimeType.CreateInstanceSlow(Boolean publicOnly, Boolean skipCheckThis, Boolean fillCache, StackCrawlMark& stackMark)
   at System.RuntimeType.CreateInstanceDefaultCtor(Boolean publicOnly, Boolean skipCheckThis, Boolean fillCache, StackCrawlMark& stackMark)
   at System.Activator.CreateInstance(Type type, Boolean nonPublic)
   at System.Activator.CreateInstance(Type type)
   at System.Threading.LazyHelpers`1.ActivatorFactorySelector()
   at System.Threading.LazyInitializer.EnsureInitializedCore[T](T& target, Boolean& initialized, Object& syncLock, Func`1 valueFactory)
   at System.Threading.LazyInitializer.EnsureInitialized[T](T& target, Boolean& initialized, Object& syncLock)
   at StatisticalSolutions.Filters.InitializeSimpleMembershipAttribute.OnActionExecuting(ActionExecutingContext filterContext) in c:\temp\3rdPartyProjects\StatisticalSolutions\StatisticalSolutions\Filters\InitializeSimpleMembershipAttribute.cs:line 23
   at System.Web.Mvc.Async.AsyncControllerActionInvoker.InvokeActionMethodFilterAsynchronously(IActionFilter filter, ActionExecutingContext preContext, Func`1 nextInChain)
   at System.Web.Mvc.Async.AsyncControllerActionInvoker.<>c__DisplayClass37.<>c__DisplayClass39.<>c__DisplayClass3b.<BeginInvokeActionMethodWithFilters>b__35()
   at System.Web.Mvc.Async.AsyncControllerActionInvoker.InvokeActionMethodFilterAsynchronously(IActionFilter filter, ActionExecutingContext preContext, Func`1 nextInChain)
   at System.Web.Mvc.Async.AsyncControllerActionInvoker.<>c__DisplayClass37.<>c__DisplayClass39.<>c__DisplayClass3b.<BeginInvokeActionMethodWithFilters>b__35()
   at System.Web.Mvc.Async.AsyncControllerActionInvoker.<>c__DisplayClass37.<BeginInvokeActionMethodWithFilters>b__31(AsyncCallback asyncCallback, Object asyncState)
   at System.Web.Mvc.Async.AsyncResultWrapper.WrappedAsyncResult`1.Begin(AsyncCallback callback, Object state, Int32 timeout)
   at System.Web.Mvc.Async.AsyncControllerActionInvoker.BeginInvokeActionMethodWithFilters(ControllerContext controllerContext, IList`1 filters, ActionDescriptor actionDescriptor, IDictionary`2 parameters, AsyncCallback callback, Object state)
   at System.Web.Mvc.Async.AsyncControllerActionInvoker.<>c__DisplayClass25.<BeginInvokeAction>b__1e(AsyncCallback asyncCallback, Object asyncState)
 2015-04-09 12:20:45,314 [11] INFO  StatisticalSolutions.Controllers.Base.BaseController - Application URL - /StatisticalSolutions/Base/StatisticalError 
 2015-04-09 12:20:45,384 [11] INFO  StatisticalSolutions.Controllers.Base.BaseController - Application URL - /StatisticalSolutions/Base/StatisticalError 
 2015-04-09 12:20:45,384 [11] ERROR StatisticalSolutions.Controllers.Base.BaseController - Statistical exception message - Exception has been thrown by the target of an invocation.
 2015-04-09 12:20:45,384 [11] ERROR StatisticalSolutions.Controllers.Base.BaseController - Statistical exception stack trace -    at System.RuntimeTypeHandle.CreateInstance(RuntimeType type, Boolean publicOnly, Boolean noCheck, Boolean& canBeCached, RuntimeMethodHandleInternal& ctor, Boolean& bNeedSecurityCheck)
   at System.RuntimeType.CreateInstanceSlow(Boolean publicOnly, Boolean skipCheckThis, Boolean fillCache, StackCrawlMark& stackMark)
   at System.RuntimeType.CreateInstanceDefaultCtor(Boolean publicOnly, Boolean skipCheckThis, Boolean fillCache, StackCrawlMark& stackMark)
   at System.Activator.CreateInstance(Type type, Boolean nonPublic)
   at System.Activator.CreateInstance(Type type)
   at System.Threading.LazyHelpers`1.ActivatorFactorySelector()
   at System.Threading.LazyInitializer.EnsureInitializedCore[T](T& target, Boolean& initialized, Object& syncLock, Func`1 valueFactory)
   at System.Threading.LazyInitializer.EnsureInitialized[T](T& target, Boolean& initialized, Object& syncLock)
   at StatisticalSolutions.Filters.InitializeSimpleMembershipAttribute.OnActionExecuting(ActionExecutingContext filterContext) in c:\temp\3rdPartyProjects\StatisticalSolutions\StatisticalSolutions\Filters\InitializeSimpleMembershipAttribute.cs:line 23
   at System.Web.Mvc.Async.AsyncControllerActionInvoker.InvokeActionMethodFilterAsynchronously(IActionFilter filter, ActionExecutingContext preContext, Func`1 nextInChain)
   at System.Web.Mvc.Async.AsyncControllerActionInvoker.<>c__DisplayClass37.<>c__DisplayClass39.<>c__DisplayClass3b.<BeginInvokeActionMethodWithFilters>b__35()
   at System.Web.Mvc.Async.AsyncControllerActionInvoker.InvokeActionMethodFilterAsynchronously(IActionFilter filter, ActionExecutingContext preContext, Func`1 nextInChain)
   at System.Web.Mvc.Async.AsyncControllerActionInvoker.<>c__DisplayClass37.<>c__DisplayClass39.<>c__DisplayClass3b.<BeginInvokeActionMethodWithFilters>b__35()
   at System.Web.Mvc.Async.AsyncControllerActionInvoker.<>c__DisplayClass37.<BeginInvokeActionMethodWithFilters>b__31(AsyncCallback asyncCallback, Object asyncState)
   at System.Web.Mvc.Async.AsyncResultWrapper.WrappedAsyncResult`1.Begin(AsyncCallback callback, Object state, Int32 timeout)
   at System.Web.Mvc.Async.AsyncControllerActionInvoker.BeginInvokeActionMethodWithFilters(ControllerContext controllerContext, IList`1 filters, ActionDescriptor actionDescriptor, IDictionary`2 parameters, AsyncCallback callback, Object state)
   at System.Web.Mvc.Async.AsyncControllerActionInvoker.<>c__DisplayClass25.<BeginInvokeAction>b__1e(AsyncCallback asyncCallback, Object asyncState)
 2015-04-09 12:20:45,424 [15] INFO  StatisticalSolutions.Controllers.Base.BaseController - Application URL - /StatisticalSolutions/Base/StatisticalError 
 2015-04-09 12:20:45,554 [15] INFO  StatisticalSolutions.Controllers.Base.BaseController - Application URL - /StatisticalSolutions/Base/StatisticalError 
 2015-04-09 12:20:45,554 [15] ERROR StatisticalSolutions.Controllers.Base.BaseController - Statistical exception message - Exception has been thrown by the target of an invocation.
 2015-04-09 12:20:45,554 [15] ERROR StatisticalSolutions.Controllers.Base.BaseController - Statistical exception stack trace -    at System.RuntimeTypeHandle.CreateInstance(RuntimeType type, Boolean publicOnly, Boolean noCheck, Boolean& canBeCached, RuntimeMethodHandleInternal& ctor, Boolean& bNeedSecurityCheck)
   at System.RuntimeType.CreateInstanceSlow(Boolean publicOnly, Boolean skipCheckThis, Boolean fillCache, StackCrawlMark& stackMark)
   at System.RuntimeType.CreateInstanceDefaultCtor(Boolean publicOnly, Boolean skipCheckThis, Boolean fillCache, StackCrawlMark& stackMark)
   at System.Activator.CreateInstance(Type type, Boolean nonPublic)
   at System.Activator.CreateInstance(Type type)
   at System.Threading.LazyHelpers`1.ActivatorFactorySelector()
   at System.Threading.LazyInitializer.EnsureInitializedCore[T](T& target, Boolean& initialized, Object& syncLock, Func`1 valueFactory)
   at System.Threading.LazyInitializer.EnsureInitialized[T](T& target, Boolean& initialized, Object& syncLock)
   at StatisticalSolutions.Filters.InitializeSimpleMembershipAttribute.OnActionExecuting(ActionExecutingContext filterContext) in c:\temp\3rdPartyProjects\StatisticalSolutions\StatisticalSolutions\Filters\InitializeSimpleMembershipAttribute.cs:line 23
   at System.Web.Mvc.Async.AsyncControllerActionInvoker.InvokeActionMethodFilterAsynchronously(IActionFilter filter, ActionExecutingContext preContext, Func`1 nextInChain)
   at System.Web.Mvc.Async.AsyncControllerActionInvoker.<>c__DisplayClass37.<>c__DisplayClass39.<>c__DisplayClass3b.<BeginInvokeActionMethodWithFilters>b__35()
   at System.Web.Mvc.Async.AsyncControllerActionInvoker.InvokeActionMethodFilterAsynchronously(IActionFilter filter, ActionExecutingContext preContext, Func`1 nextInChain)
   at System.Web.Mvc.Async.AsyncControllerActionInvoker.<>c__DisplayClass37.<>c__DisplayClass39.<>c__DisplayClass3b.<BeginInvokeActionMethodWithFilters>b__35()
   at System.Web.Mvc.Async.AsyncControllerActionInvoker.<>c__DisplayClass37.<BeginInvokeActionMethodWithFilters>b__31(AsyncCallback asyncCallback, Object asyncState)
   at System.Web.Mvc.Async.AsyncResultWrapper.WrappedAsyncResult`1.Begin(AsyncCallback callback, Object state, Int32 timeout)
   at System.Web.Mvc.Async.AsyncControllerActionInvoker.BeginInvokeActionMethodWithFilters(ControllerContext controllerContext, IList`1 filters, ActionDescriptor actionDescriptor, IDictionary`2 parameters, AsyncCallback callback, Object state)
   at System.Web.Mvc.Async.AsyncControllerActionInvoker.<>c__DisplayClass25.<BeginInvokeAction>b__1e(AsyncCallback asyncCallback, Object asyncState)
 2015-04-09 12:20:45,554 [11] INFO  StatisticalSolutions.Controllers.Base.BaseController - Application URL - /StatisticalSolutions/Base/StatisticalError 
 2015-04-09 12:20:45,634 [11] INFO  StatisticalSolutions.Controllers.Base.BaseController - Application URL - /StatisticalSolutions/Base/StatisticalError 
 2015-04-09 12:20:45,634 [11] ERROR StatisticalSolutions.Controllers.Base.BaseController - Statistical exception message - Exception has been thrown by the target of an invocation.
 2015-04-09 12:20:45,634 [11] ERROR StatisticalSolutions.Controllers.Base.BaseController - Statistical exception stack trace -    at System.RuntimeTypeHandle.CreateInstance(RuntimeType type, Boolean publicOnly, Boolean noCheck, Boolean& canBeCached, RuntimeMethodHandleInternal& ctor, Boolean& bNeedSecurityCheck)
   at System.RuntimeType.CreateInstanceSlow(Boolean publicOnly, Boolean skipCheckThis, Boolean fillCache, StackCrawlMark& stackMark)
   at System.RuntimeType.CreateInstanceDefaultCtor(Boolean publicOnly, Boolean skipCheckThis, Boolean fillCache, StackCrawlMark& stackMark)
   at System.Activator.CreateInstance(Type type, Boolean nonPublic)
   at System.Activator.CreateInstance(Type type)
   at System.Threading.LazyHelpers`1.ActivatorFactorySelector()
   at System.Threading.LazyInitializer.EnsureInitializedCore[T](T& target, Boolean& initialized, Object& syncLock, Func`1 valueFactory)
   at System.Threading.LazyInitializer.EnsureInitialized[T](T& target, Boolean& initialized, Object& syncLock)
   at StatisticalSolutions.Filters.InitializeSimpleMembershipAttribute.OnActionExecuting(ActionExecutingContext filterContext) in c:\temp\3rdPartyProjects\StatisticalSolutions\StatisticalSolutions\Filters\InitializeSimpleMembershipAttribute.cs:line 23
   at System.Web.Mvc.Async.AsyncControllerActionInvoker.InvokeActionMethodFilterAsynchronously(IActionFilter filter, ActionExecutingContext preContext, Func`1 nextInChain)
   at System.Web.Mvc.Async.AsyncControllerActionInvoker.<>c__DisplayClass37.<>c__DisplayClass39.<>c__DisplayClass3b.<BeginInvokeActionMethodWithFilters>b__35()
   at System.Web.Mvc.Async.AsyncControllerActionInvoker.InvokeActionMethodFilterAsynchronously(IActionFilter filter, ActionExecutingContext preContext, Func`1 nextInChain)
   at System.Web.Mvc.Async.AsyncControllerActionInvoker.<>c__DisplayClass37.<>c__DisplayClass39.<>c__DisplayClass3b.<BeginInvokeActionMethodWithFilters>b__35()
   at System.Web.Mvc.Async.AsyncControllerActionInvoker.<>c__DisplayClass37.<BeginInvokeActionMethodWithFilters>b__31(AsyncCallback asyncCallback, Object asyncState)
   at System.Web.Mvc.Async.AsyncResultWrapper.WrappedAsyncResult`1.Begin(AsyncCallback callback, Object state, Int32 timeout)
   at System.Web.Mvc.Async.AsyncControllerActionInvoker.BeginInvokeActionMethodWithFilters(ControllerContext controllerContext, IList`1 filters, ActionDescriptor actionDescriptor, IDictionary`2 parameters, AsyncCallback callback, Object state)
   at System.Web.Mvc.Async.AsyncControllerActionInvoker.<>c__DisplayClass25.<BeginInvokeAction>b__1e(AsyncCallback asyncCallback, Object asyncState)
 2015-04-09 12:20:45,644 [12] INFO  StatisticalSolutions.Controllers.Base.BaseController - Application URL - /StatisticalSolutions/Base/StatisticalError 
 2015-04-09 12:20:45,694 [12] INFO  StatisticalSolutions.Controllers.Base.BaseController - Application URL - /StatisticalSolutions/Base/StatisticalError 
 2015-04-09 12:20:45,694 [12] ERROR StatisticalSolutions.Controllers.Base.BaseController - Statistical exception message - Exception has been thrown by the target of an invocation.
 2015-04-09 12:20:45,694 [12] ERROR StatisticalSolutions.Controllers.Base.BaseController - Statistical exception stack trace -    at System.RuntimeTypeHandle.CreateInstance(RuntimeType type, Boolean publicOnly, Boolean noCheck, Boolean& canBeCached, RuntimeMethodHandleInternal& ctor, Boolean& bNeedSecurityCheck)
   at System.RuntimeType.CreateInstanceSlow(Boolean publicOnly, Boolean skipCheckThis, Boolean fillCache, StackCrawlMark& stackMark)
   at System.RuntimeType.CreateInstanceDefaultCtor(Boolean publicOnly, Boolean skipCheckThis, Boolean fillCache, StackCrawlMark& stackMark)
   at System.Activator.CreateInstance(Type type, Boolean nonPublic)
   at System.Activator.CreateInstance(Type type)
   at System.Threading.LazyHelpers`1.ActivatorFactorySelector()
   at System.Threading.LazyInitializer.EnsureInitializedCore[T](T& target, Boolean& initialized, Object& syncLock, Func`1 valueFactory)
   at System.Threading.LazyInitializer.EnsureInitialized[T](T& target, Boolean& initialized, Object& syncLock)
   at StatisticalSolutions.Filters.InitializeSimpleMembershipAttribute.OnActionExecuting(ActionExecutingContext filterContext) in c:\temp\3rdPartyProjects\StatisticalSolutions\StatisticalSolutions\Filters\InitializeSimpleMembershipAttribute.cs:line 23
   at System.Web.Mvc.Async.AsyncControllerActionInvoker.InvokeActionMethodFilterAsynchronously(IActionFilter filter, ActionExecutingContext preContext, Func`1 nextInChain)
   at System.Web.Mvc.Async.AsyncControllerActionInvoker.<>c__DisplayClass37.<>c__DisplayClass39.<>c__DisplayClass3b.<BeginInvokeActionMethodWithFilters>b__35()
   at System.Web.Mvc.Async.AsyncControllerActionInvoker.InvokeActionMethodFilterAsynchronously(IActionFilter filter, ActionExecutingContext preContext, Func`1 nextInChain)
   at System.Web.Mvc.Async.AsyncControllerActionInvoker.<>c__DisplayClass37.<>c__DisplayClass39.<>c__DisplayClass3b.<BeginInvokeActionMethodWithFilters>b__35()
   at System.Web.Mvc.Async.AsyncControllerActionInvoker.<>c__DisplayClass37.<BeginInvokeActionMethodWithFilters>b__31(AsyncCallback asyncCallback, Object asyncState)
   at System.Web.Mvc.Async.AsyncResultWrapper.WrappedAsyncResult`1.Begin(AsyncCallback callback, Object state, Int32 timeout)
   at System.Web.Mvc.Async.AsyncControllerActionInvoker.BeginInvokeActionMethodWithFilters(ControllerContext controllerContext, IList`1 filters, ActionDescriptor actionDescriptor, IDictionary`2 parameters, AsyncCallback callback, Object state)
   at System.Web.Mvc.Async.AsyncControllerActionInvoker.<>c__DisplayClass25.<BeginInvokeAction>b__1e(AsyncCallback asyncCallback, Object asyncState)
 2015-04-09 12:20:45,704 [10] INFO  StatisticalSolutions.Controllers.Base.BaseController - Application URL - /StatisticalSolutions/Base/StatisticalError 
 2015-04-09 12:20:45,744 [10] INFO  StatisticalSolutions.Controllers.Base.BaseController - Application URL - /StatisticalSolutions/Base/StatisticalError 
 2015-04-09 12:20:45,754 [10] ERROR StatisticalSolutions.Controllers.Base.BaseController - Statistical exception message - Exception has been thrown by the target of an invocation.
 2015-04-09 12:20:45,754 [10] ERROR StatisticalSolutions.Controllers.Base.BaseController - Statistical exception stack trace -    at System.RuntimeTypeHandle.CreateInstance(RuntimeType type, Boolean publicOnly, Boolean noCheck, Boolean& canBeCached, RuntimeMethodHandleInternal& ctor, Boolean& bNeedSecurityCheck)
   at System.RuntimeType.CreateInstanceSlow(Boolean publicOnly, Boolean skipCheckThis, Boolean fillCache, StackCrawlMark& stackMark)
   at System.RuntimeType.CreateInstanceDefaultCtor(Boolean publicOnly, Boolean skipCheckThis, Boolean fillCache, StackCrawlMark& stackMark)
   at System.Activator.CreateInstance(Type type, Boolean nonPublic)
   at System.Activator.CreateInstance(Type type)
   at System.Threading.LazyHelpers`1.ActivatorFactorySelector()
   at System.Threading.LazyInitializer.EnsureInitializedCore[T](T& target, Boolean& initialized, Object& syncLock, Func`1 valueFactory)
   at System.Threading.LazyInitializer.EnsureInitialized[T](T& target, Boolean& initialized, Object& syncLock)
   at StatisticalSolutions.Filters.InitializeSimpleMembershipAttribute.OnActionExecuting(ActionExecutingContext filterContext) in c:\temp\3rdPartyProjects\StatisticalSolutions\StatisticalSolutions\Filters\InitializeSimpleMembershipAttribute.cs:line 23
   at System.Web.Mvc.Async.AsyncControllerActionInvoker.InvokeActionMethodFilterAsynchronously(IActionFilter filter, ActionExecutingContext preContext, Func`1 nextInChain)
   at System.Web.Mvc.Async.AsyncControllerActionInvoker.<>c__DisplayClass37.<>c__DisplayClass39.<>c__DisplayClass3b.<BeginInvokeActionMethodWithFilters>b__35()
   at System.Web.Mvc.Async.AsyncControllerActionInvoker.InvokeActionMethodFilterAsynchronously(IActionFilter filter, ActionExecutingContext preContext, Func`1 nextInChain)
   at System.Web.Mvc.Async.AsyncControllerActionInvoker.<>c__DisplayClass37.<>c__DisplayClass39.<>c__DisplayClass3b.<BeginInvokeActionMethodWithFilters>b__35()
   at System.Web.Mvc.Async.AsyncControllerActionInvoker.<>c__DisplayClass37.<BeginInvokeActionMethodWithFilters>b__31(AsyncCallback asyncCallback, Object asyncState)
   at System.Web.Mvc.Async.AsyncResultWrapper.WrappedAsyncResult`1.Begin(AsyncCallback callback, Object state, Int32 timeout)
   at System.Web.Mvc.Async.AsyncControllerActionInvoker.BeginInvokeActionMethodWithFilters(ControllerContext controllerContext, IList`1 filters, ActionDescriptor actionDescriptor, IDictionary`2 parameters, AsyncCallback callback, Object state)
   at System.Web.Mvc.Async.AsyncControllerActionInvoker.<>c__DisplayClass25.<BeginInvokeAction>b__1e(AsyncCallback asyncCallback, Object asyncState)
 2015-04-09 12:20:45,784 [12] INFO  StatisticalSolutions.Controllers.Base.BaseController - Application URL - /StatisticalSolutions/Base/StatisticalError 
 2015-04-09 12:20:45,864 [12] INFO  StatisticalSolutions.Controllers.Base.BaseController - Application URL - /StatisticalSolutions/Base/StatisticalError 
 2015-04-09 12:20:45,874 [12] ERROR StatisticalSolutions.Controllers.Base.BaseController - Statistical exception message - Exception has been thrown by the target of an invocation.
 2015-04-09 12:20:45,874 [12] ERROR StatisticalSolutions.Controllers.Base.BaseController - Statistical exception stack trace -    at System.RuntimeTypeHandle.CreateInstance(RuntimeType type, Boolean publicOnly, Boolean noCheck, Boolean& canBeCached, RuntimeMethodHandleInternal& ctor, Boolean& bNeedSecurityCheck)
   at System.RuntimeType.CreateInstanceSlow(Boolean publicOnly, Boolean skipCheckThis, Boolean fillCache, StackCrawlMark& stackMark)
   at System.RuntimeType.CreateInstanceDefaultCtor(Boolean publicOnly, Boolean skipCheckThis, Boolean fillCache, StackCrawlMark& stackMark)
   at System.Activator.CreateInstance(Type type, Boolean nonPublic)
   at System.Activator.CreateInstance(Type type)
   at System.Threading.LazyHelpers`1.ActivatorFactorySelector()
   at System.Threading.LazyInitializer.EnsureInitializedCore[T](T& target, Boolean& initialized, Object& syncLock, Func`1 valueFactory)
   at System.Threading.LazyInitializer.EnsureInitialized[T](T& target, Boolean& initialized, Object& syncLock)
   at StatisticalSolutions.Filters.InitializeSimpleMembershipAttribute.OnActionExecuting(ActionExecutingContext filterContext) in c:\temp\3rdPartyProjects\StatisticalSolutions\StatisticalSolutions\Filters\InitializeSimpleMembershipAttribute.cs:line 23
   at System.Web.Mvc.Async.AsyncControllerActionInvoker.InvokeActionMethodFilterAsynchronously(IActionFilter filter, ActionExecutingContext preContext, Func`1 nextInChain)
   at System.Web.Mvc.Async.AsyncControllerActionInvoker.<>c__DisplayClass37.<>c__DisplayClass39.<>c__DisplayClass3b.<BeginInvokeActionMethodWithFilters>b__35()
   at System.Web.Mvc.Async.AsyncControllerActionInvoker.InvokeActionMethodFilterAsynchronously(IActionFilter filter, ActionExecutingContext preContext, Func`1 nextInChain)
   at System.Web.Mvc.Async.AsyncControllerActionInvoker.<>c__DisplayClass37.<>c__DisplayClass39.<>c__DisplayClass3b.<BeginInvokeActionMethodWithFilters>b__35()
   at System.Web.Mvc.Async.AsyncControllerActionInvoker.<>c__DisplayClass37.<BeginInvokeActionMethodWithFilters>b__31(AsyncCallback asyncCallback, Object asyncState)
   at System.Web.Mvc.Async.AsyncResultWrapper.WrappedAsyncResult`1.Begin(AsyncCallback callback, Object state, Int32 timeout)
   at System.Web.Mvc.Async.AsyncControllerActionInvoker.BeginInvokeActionMethodWithFilters(ControllerContext controllerContext, IList`1 filters, ActionDescriptor actionDescriptor, IDictionary`2 parameters, AsyncCallback callback, Object state)
   at System.Web.Mvc.Async.AsyncControllerActionInvoker.<>c__DisplayClass25.<BeginInvokeAction>b__1e(AsyncCallback asyncCallback, Object asyncState)
 2015-04-09 12:20:45,874 [10] INFO  StatisticalSolutions.Controllers.Base.BaseController - Application URL - /StatisticalSolutions/Base/StatisticalError 
 2015-04-09 12:20:45,954 [10] INFO  StatisticalSolutions.Controllers.Base.BaseController - Application URL - /StatisticalSolutions/Base/StatisticalError 
 2015-04-09 12:20:45,954 [10] ERROR StatisticalSolutions.Controllers.Base.BaseController - Statistical exception message - Exception has been thrown by the target of an invocation.
 2015-04-09 12:20:45,954 [10] ERROR StatisticalSolutions.Controllers.Base.BaseController - Statistical exception stack trace -    at System.RuntimeTypeHandle.CreateInstance(RuntimeType type, Boolean publicOnly, Boolean noCheck, Boolean& canBeCached, RuntimeMethodHandleInternal& ctor, Boolean& bNeedSecurityCheck)
   at System.RuntimeType.CreateInstanceSlow(Boolean publicOnly, Boolean skipCheckThis, Boolean fillCache, StackCrawlMark& stackMark)
   at System.RuntimeType.CreateInstanceDefaultCtor(Boolean publicOnly, Boolean skipCheckThis, Boolean fillCache, StackCrawlMark& stackMark)
   at System.Activator.CreateInstance(Type type, Boolean nonPublic)
   at System.Activator.CreateInstance(Type type)
   at System.Threading.LazyHelpers`1.ActivatorFactorySelector()
   at System.Threading.LazyInitializer.EnsureInitializedCore[T](T& target, Boolean& initialized, Object& syncLock, Func`1 valueFactory)
   at System.Threading.LazyInitializer.EnsureInitialized[T](T& target, Boolean& initialized, Object& syncLock)
   at StatisticalSolutions.Filters.InitializeSimpleMembershipAttribute.OnActionExecuting(ActionExecutingContext filterContext) in c:\temp\3rdPartyProjects\StatisticalSolutions\StatisticalSolutions\Filters\InitializeSimpleMembershipAttribute.cs:line 23
   at System.Web.Mvc.Async.AsyncControllerActionInvoker.InvokeActionMethodFilterAsynchronously(IActionFilter filter, ActionExecutingContext preContext, Func`1 nextInChain)
   at System.Web.Mvc.Async.AsyncControllerActionInvoker.<>c__DisplayClass37.<>c__DisplayClass39.<>c__DisplayClass3b.<BeginInvokeActionMethodWithFilters>b__35()
   at System.Web.Mvc.Async.AsyncControllerActionInvoker.InvokeActionMethodFilterAsynchronously(IActionFilter filter, ActionExecutingContext preContext, Func`1 nextInChain)
   at System.Web.Mvc.Async.AsyncControllerActionInvoker.<>c__DisplayClass37.<>c__DisplayClass39.<>c__DisplayClass3b.<BeginInvokeActionMethodWithFilters>b__35()
   at System.Web.Mvc.Async.AsyncControllerActionInvoker.<>c__DisplayClass37.<BeginInvokeActionMethodWithFilters>b__31(AsyncCallback asyncCallback, Object asyncState)
   at System.Web.Mvc.Async.AsyncResultWrapper.WrappedAsyncResult`1.Begin(AsyncCallback callback, Object state, Int32 timeout)
   at System.Web.Mvc.Async.AsyncControllerActionInvoker.BeginInvokeActionMethodWithFilters(ControllerContext controllerContext, IList`1 filters, ActionDescriptor actionDescriptor, IDictionary`2 parameters, AsyncCallback callback, Object state)
   at System.Web.Mvc.Async.AsyncControllerActionInvoker.<>c__DisplayClass25.<BeginInvokeAction>b__1e(AsyncCallback asyncCallback, Object asyncState)
 2015-04-09 12:20:45,954 [15] INFO  StatisticalSolutions.Controllers.Base.BaseController - Application URL - /StatisticalSolutions/Base/StatisticalError 
 2015-04-09 12:20:46,044 [15] INFO  StatisticalSolutions.Controllers.Base.BaseController - Application URL - /StatisticalSolutions/Base/StatisticalError 
 2015-04-09 12:20:46,044 [15] ERROR StatisticalSolutions.Controllers.Base.BaseController - Statistical exception message - Exception has been thrown by the target of an invocation.
 2015-04-09 12:20:46,044 [15] ERROR StatisticalSolutions.Controllers.Base.BaseController - Statistical exception stack trace -    at System.RuntimeTypeHandle.CreateInstance(RuntimeType type, Boolean publicOnly, Boolean noCheck, Boolean& canBeCached, RuntimeMethodHandleInternal& ctor, Boolean& bNeedSecurityCheck)
   at System.RuntimeType.CreateInstanceSlow(Boolean publicOnly, Boolean skipCheckThis, Boolean fillCache, StackCrawlMark& stackMark)
   at System.RuntimeType.CreateInstanceDefaultCtor(Boolean publicOnly, Boolean skipCheckThis, Boolean fillCache, StackCrawlMark& stackMark)
   at System.Activator.CreateInstance(Type type, Boolean nonPublic)
   at System.Activator.CreateInstance(Type type)
   at System.Threading.LazyHelpers`1.ActivatorFactorySelector()
   at System.Threading.LazyInitializer.EnsureInitializedCore[T](T& target, Boolean& initialized, Object& syncLock, Func`1 valueFactory)
   at System.Threading.LazyInitializer.EnsureInitialized[T](T& target, Boolean& initialized, Object& syncLock)
   at StatisticalSolutions.Filters.InitializeSimpleMembershipAttribute.OnActionExecuting(ActionExecutingContext filterContext) in c:\temp\3rdPartyProjects\StatisticalSolutions\StatisticalSolutions\Filters\InitializeSimpleMembershipAttribute.cs:line 23
   at System.Web.Mvc.Async.AsyncControllerActionInvoker.InvokeActionMethodFilterAsynchronously(IActionFilter filter, ActionExecutingContext preContext, Func`1 nextInChain)
   at System.Web.Mvc.Async.AsyncControllerActionInvoker.<>c__DisplayClass37.<>c__DisplayClass39.<>c__DisplayClass3b.<BeginInvokeActionMethodWithFilters>b__35()
   at System.Web.Mvc.Async.AsyncControllerActionInvoker.InvokeActionMethodFilterAsynchronously(IActionFilter filter, ActionExecutingContext preContext, Func`1 nextInChain)
   at System.Web.Mvc.Async.AsyncControllerActionInvoker.<>c__DisplayClass37.<>c__DisplayClass39.<>c__DisplayClass3b.<BeginInvokeActionMethodWithFilters>b__35()
   at System.Web.Mvc.Async.AsyncControllerActionInvoker.<>c__DisplayClass37.<BeginInvokeActionMethodWithFilters>b__31(AsyncCallback asyncCallback, Object asyncState)
   at System.Web.Mvc.Async.AsyncResultWrapper.WrappedAsyncResult`1.Begin(AsyncCallback callback, Object state, Int32 timeout)
   at System.Web.Mvc.Async.AsyncControllerActionInvoker.BeginInvokeActionMethodWithFilters(ControllerContext controllerContext, IList`1 filters, ActionDescriptor actionDescriptor, IDictionary`2 parameters, AsyncCallback callback, Object state)
   at System.Web.Mvc.Async.AsyncControllerActionInvoker.<>c__DisplayClass25.<BeginInvokeAction>b__1e(AsyncCallback asyncCallback, Object asyncState)
 2015-04-09 12:20:46,044 [10] INFO  StatisticalSolutions.Controllers.Base.BaseController - Application URL - /StatisticalSolutions/Base/StatisticalError 
 2015-04-09 12:20:46,124 [10] INFO  StatisticalSolutions.Controllers.Base.BaseController - Application URL - /StatisticalSolutions/Base/StatisticalError 
 2015-04-09 12:20:46,124 [10] ERROR StatisticalSolutions.Controllers.Base.BaseController - Statistical exception message - Exception has been thrown by the target of an invocation.
 2015-04-09 12:20:46,124 [10] ERROR StatisticalSolutions.Controllers.Base.BaseController - Statistical exception stack trace -    at System.RuntimeTypeHandle.CreateInstance(RuntimeType type, Boolean publicOnly, Boolean noCheck, Boolean& canBeCached, RuntimeMethodHandleInternal& ctor, Boolean& bNeedSecurityCheck)
   at System.RuntimeType.CreateInstanceSlow(Boolean publicOnly, Boolean skipCheckThis, Boolean fillCache, StackCrawlMark& stackMark)
   at System.RuntimeType.CreateInstanceDefaultCtor(Boolean publicOnly, Boolean skipCheckThis, Boolean fillCache, StackCrawlMark& stackMark)
   at System.Activator.CreateInstance(Type type, Boolean nonPublic)
   at System.Activator.CreateInstance(Type type)
   at System.Threading.LazyHelpers`1.ActivatorFactorySelector()
   at System.Threading.LazyInitializer.EnsureInitializedCore[T](T& target, Boolean& initialized, Object& syncLock, Func`1 valueFactory)
   at System.Threading.LazyInitializer.EnsureInitialized[T](T& target, Boolean& initialized, Object& syncLock)
   at StatisticalSolutions.Filters.InitializeSimpleMembershipAttribute.OnActionExecuting(ActionExecutingContext filterContext) in c:\temp\3rdPartyProjects\StatisticalSolutions\StatisticalSolutions\Filters\InitializeSimpleMembershipAttribute.cs:line 23
   at System.Web.Mvc.Async.AsyncControllerActionInvoker.InvokeActionMethodFilterAsynchronously(IActionFilter filter, ActionExecutingContext preContext, Func`1 nextInChain)
   at System.Web.Mvc.Async.AsyncControllerActionInvoker.<>c__DisplayClass37.<>c__DisplayClass39.<>c__DisplayClass3b.<BeginInvokeActionMethodWithFilters>b__35()
   at System.Web.Mvc.Async.AsyncControllerActionInvoker.InvokeActionMethodFilterAsynchronously(IActionFilter filter, ActionExecutingContext preContext, Func`1 nextInChain)
   at System.Web.Mvc.Async.AsyncControllerActionInvoker.<>c__DisplayClass37.<>c__DisplayClass39.<>c__DisplayClass3b.<BeginInvokeActionMethodWithFilters>b__35()
   at System.Web.Mvc.Async.AsyncControllerActionInvoker.<>c__DisplayClass37.<BeginInvokeActionMethodWithFilters>b__31(AsyncCallback asyncCallback, Object asyncState)
   at System.Web.Mvc.Async.AsyncResultWrapper.WrappedAsyncResult`1.Begin(AsyncCallback callback, Object state, Int32 timeout)
   at System.Web.Mvc.Async.AsyncControllerActionInvoker.BeginInvokeActionMethodWithFilters(ControllerContext controllerContext, IList`1 filters, ActionDescriptor actionDescriptor, IDictionary`2 parameters, AsyncCallback callback, Object state)
   at System.Web.Mvc.Async.AsyncControllerActionInvoker.<>c__DisplayClass25.<BeginInvokeAction>b__1e(AsyncCallback asyncCallback, Object asyncState)
 2015-04-09 12:20:46,134 [8] INFO  StatisticalSolutions.Controllers.Base.BaseController - Application URL - /StatisticalSolutions/Base/StatisticalError 
 2015-04-09 12:20:46,184 [8] INFO  StatisticalSolutions.Controllers.Base.BaseController - Application URL - /StatisticalSolutions/Base/StatisticalError 
 2015-04-09 12:20:46,184 [8] ERROR StatisticalSolutions.Controllers.Base.BaseController - Statistical exception message - Exception has been thrown by the target of an invocation.
 2015-04-09 12:20:46,184 [8] ERROR StatisticalSolutions.Controllers.Base.BaseController - Statistical exception stack trace -    at System.RuntimeTypeHandle.CreateInstance(RuntimeType type, Boolean publicOnly, Boolean noCheck, Boolean& canBeCached, RuntimeMethodHandleInternal& ctor, Boolean& bNeedSecurityCheck)
   at System.RuntimeType.CreateInstanceSlow(Boolean publicOnly, Boolean skipCheckThis, Boolean fillCache, StackCrawlMark& stackMark)
   at System.RuntimeType.CreateInstanceDefaultCtor(Boolean publicOnly, Boolean skipCheckThis, Boolean fillCache, StackCrawlMark& stackMark)
   at System.Activator.CreateInstance(Type type, Boolean nonPublic)
   at System.Activator.CreateInstance(Type type)
   at System.Threading.LazyHelpers`1.ActivatorFactorySelector()
   at System.Threading.LazyInitializer.EnsureInitializedCore[T](T& target, Boolean& initialized, Object& syncLock, Func`1 valueFactory)
   at System.Threading.LazyInitializer.EnsureInitialized[T](T& target, Boolean& initialized, Object& syncLock)
   at StatisticalSolutions.Filters.InitializeSimpleMembershipAttribute.OnActionExecuting(ActionExecutingContext filterContext) in c:\temp\3rdPartyProjects\StatisticalSolutions\StatisticalSolutions\Filters\InitializeSimpleMembershipAttribute.cs:line 23
   at System.Web.Mvc.Async.AsyncControllerActionInvoker.InvokeActionMethodFilterAsynchronously(IActionFilter filter, ActionExecutingContext preContext, Func`1 nextInChain)
   at System.Web.Mvc.Async.AsyncControllerActionInvoker.<>c__DisplayClass37.<>c__DisplayClass39.<>c__DisplayClass3b.<BeginInvokeActionMethodWithFilters>b__35()
   at System.Web.Mvc.Async.AsyncControllerActionInvoker.InvokeActionMethodFilterAsynchronously(IActionFilter filter, ActionExecutingContext preContext, Func`1 nextInChain)
   at System.Web.Mvc.Async.AsyncControllerActionInvoker.<>c__DisplayClass37.<>c__DisplayClass39.<>c__DisplayClass3b.<BeginInvokeActionMethodWithFilters>b__35()
   at System.Web.Mvc.Async.AsyncControllerActionInvoker.<>c__DisplayClass37.<BeginInvokeActionMethodWithFilters>b__31(AsyncCallback asyncCallback, Object asyncState)
   at System.Web.Mvc.Async.AsyncResultWrapper.WrappedAsyncResult`1.Begin(AsyncCallback callback, Object state, Int32 timeout)
   at System.Web.Mvc.Async.AsyncControllerActionInvoker.BeginInvokeActionMethodWithFilters(ControllerContext controllerContext, IList`1 filters, ActionDescriptor actionDescriptor, IDictionary`2 parameters, AsyncCallback callback, Object state)
   at System.Web.Mvc.Async.AsyncControllerActionInvoker.<>c__DisplayClass25.<BeginInvokeAction>b__1e(AsyncCallback asyncCallback, Object asyncState)
 2015-04-09 12:20:46,184 [10] INFO  StatisticalSolutions.Controllers.Base.BaseController - Application URL - /StatisticalSolutions/Base/StatisticalError 
 2015-04-09 12:20:46,224 [10] INFO  StatisticalSolutions.Controllers.Base.BaseController - Application URL - /StatisticalSolutions/Base/StatisticalError 
 2015-04-09 12:20:46,234 [10] ERROR StatisticalSolutions.Controllers.Base.BaseController - Statistical exception message - Exception has been thrown by the target of an invocation.
 2015-04-09 12:20:46,234 [10] ERROR StatisticalSolutions.Controllers.Base.BaseController - Statistical exception stack trace -    at System.RuntimeTypeHandle.CreateInstance(RuntimeType type, Boolean publicOnly, Boolean noCheck, Boolean& canBeCached, RuntimeMethodHandleInternal& ctor, Boolean& bNeedSecurityCheck)
   at System.RuntimeType.CreateInstanceSlow(Boolean publicOnly, Boolean skipCheckThis, Boolean fillCache, StackCrawlMark& stackMark)
   at System.RuntimeType.CreateInstanceDefaultCtor(Boolean publicOnly, Boolean skipCheckThis, Boolean fillCache, StackCrawlMark& stackMark)
   at System.Activator.CreateInstance(Type type, Boolean nonPublic)
   at System.Activator.CreateInstance(Type type)
   at System.Threading.LazyHelpers`1.ActivatorFactorySelector()
   at System.Threading.LazyInitializer.EnsureInitializedCore[T](T& target, Boolean& initialized, Object& syncLock, Func`1 valueFactory)
   at System.Threading.LazyInitializer.EnsureInitialized[T](T& target, Boolean& initialized, Object& syncLock)
   at StatisticalSolutions.Filters.InitializeSimpleMembershipAttribute.OnActionExecuting(ActionExecutingContext filterContext) in c:\temp\3rdPartyProjects\StatisticalSolutions\StatisticalSolutions\Filters\InitializeSimpleMembershipAttribute.cs:line 23
   at System.Web.Mvc.Async.AsyncControllerActionInvoker.InvokeActionMethodFilterAsynchronously(IActionFilter filter, ActionExecutingContext preContext, Func`1 nextInChain)
   at System.Web.Mvc.Async.AsyncControllerActionInvoker.<>c__DisplayClass37.<>c__DisplayClass39.<>c__DisplayClass3b.<BeginInvokeActionMethodWithFilters>b__35()
   at System.Web.Mvc.Async.AsyncControllerActionInvoker.InvokeActionMethodFilterAsynchronously(IActionFilter filter, ActionExecutingContext preContext, Func`1 nextInChain)
   at System.Web.Mvc.Async.AsyncControllerActionInvoker.<>c__DisplayClass37.<>c__DisplayClass39.<>c__DisplayClass3b.<BeginInvokeActionMethodWithFilters>b__35()
   at System.Web.Mvc.Async.AsyncControllerActionInvoker.<>c__DisplayClass37.<BeginInvokeActionMethodWithFilters>b__31(AsyncCallback asyncCallback, Object asyncState)
   at System.Web.Mvc.Async.AsyncResultWrapper.WrappedAsyncResult`1.Begin(AsyncCallback callback, Object state, Int32 timeout)
   at System.Web.Mvc.Async.AsyncControllerActionInvoker.BeginInvokeActionMethodWithFilters(ControllerContext controllerContext, IList`1 filters, ActionDescriptor actionDescriptor, IDictionary`2 parameters, AsyncCallback callback, Object state)
   at System.Web.Mvc.Async.AsyncControllerActionInvoker.<>c__DisplayClass25.<BeginInvokeAction>b__1e(AsyncCallback asyncCallback, Object asyncState)
 2015-04-09 12:20:46,234 [12] INFO  StatisticalSolutions.Controllers.Base.BaseController - Application URL - /StatisticalSolutions/Base/StatisticalError 
 2015-04-09 12:20:46,274 [12] INFO  StatisticalSolutions.Controllers.Base.BaseController - Application URL - /StatisticalSolutions/Base/StatisticalError 
 2015-04-09 12:20:46,274 [12] ERROR StatisticalSolutions.Controllers.Base.BaseController - Statistical exception message - Exception has been thrown by the target of an invocation.
 2015-04-09 12:20:46,274 [12] ERROR StatisticalSolutions.Controllers.Base.BaseController - Statistical exception stack trace -    at System.RuntimeTypeHandle.CreateInstance(RuntimeType type, Boolean publicOnly, Boolean noCheck, Boolean& canBeCached, RuntimeMethodHandleInternal& ctor, Boolean& bNeedSecurityCheck)
   at System.RuntimeType.CreateInstanceSlow(Boolean publicOnly, Boolean skipCheckThis, Boolean fillCache, StackCrawlMark& stackMark)
   at System.RuntimeType.CreateInstanceDefaultCtor(Boolean publicOnly, Boolean skipCheckThis, Boolean fillCache, StackCrawlMark& stackMark)
   at System.Activator.CreateInstance(Type type, Boolean nonPublic)
   at System.Activator.CreateInstance(Type type)
   at System.Threading.LazyHelpers`1.ActivatorFactorySelector()
   at System.Threading.LazyInitializer.EnsureInitializedCore[T](T& target, Boolean& initialized, Object& syncLock, Func`1 valueFactory)
   at System.Threading.LazyInitializer.EnsureInitialized[T](T& target, Boolean& initialized, Object& syncLock)
   at StatisticalSolutions.Filters.InitializeSimpleMembershipAttribute.OnActionExecuting(ActionExecutingContext filterContext) in c:\temp\3rdPartyProjects\StatisticalSolutions\StatisticalSolutions\Filters\InitializeSimpleMembershipAttribute.cs:line 23
   at System.Web.Mvc.Async.AsyncControllerActionInvoker.InvokeActionMethodFilterAsynchronously(IActionFilter filter, ActionExecutingContext preContext, Func`1 nextInChain)
   at System.Web.Mvc.Async.AsyncControllerActionInvoker.<>c__DisplayClass37.<>c__DisplayClass39.<>c__DisplayClass3b.<BeginInvokeActionMethodWithFilters>b__35()
   at System.Web.Mvc.Async.AsyncControllerActionInvoker.InvokeActionMethodFilterAsynchronously(IActionFilter filter, ActionExecutingContext preContext, Func`1 nextInChain)
   at System.Web.Mvc.Async.AsyncControllerActionInvoker.<>c__DisplayClass37.<>c__DisplayClass39.<>c__DisplayClass3b.<BeginInvokeActionMethodWithFilters>b__35()
   at System.Web.Mvc.Async.AsyncControllerActionInvoker.<>c__DisplayClass37.<BeginInvokeActionMethodWithFilters>b__31(AsyncCallback asyncCallback, Object asyncState)
   at System.Web.Mvc.Async.AsyncResultWrapper.WrappedAsyncResult`1.Begin(AsyncCallback callback, Object state, Int32 timeout)
   at System.Web.Mvc.Async.AsyncControllerActionInvoker.BeginInvokeActionMethodWithFilters(ControllerContext controllerContext, IList`1 filters, ActionDescriptor actionDescriptor, IDictionary`2 parameters, AsyncCallback callback, Object state)
   at System.Web.Mvc.Async.AsyncControllerActionInvoker.<>c__DisplayClass25.<BeginInvokeAction>b__1e(AsyncCallback asyncCallback, Object asyncState)
 2015-04-09 12:20:46,284 [9] INFO  StatisticalSolutions.Controllers.Base.BaseController - Application URL - /StatisticalSolutions/Base/StatisticalError 
 2015-04-09 12:20:46,324 [9] INFO  StatisticalSolutions.Controllers.Base.BaseController - Application URL - /StatisticalSolutions/Base/StatisticalError 
 2015-04-09 12:20:46,324 [9] ERROR StatisticalSolutions.Controllers.Base.BaseController - Statistical exception message - Exception has been thrown by the target of an invocation.
 2015-04-09 12:20:46,324 [9] ERROR StatisticalSolutions.Controllers.Base.BaseController - Statistical exception stack trace -    at System.RuntimeTypeHandle.CreateInstance(RuntimeType type, Boolean publicOnly, Boolean noCheck, Boolean& canBeCached, RuntimeMethodHandleInternal& ctor, Boolean& bNeedSecurityCheck)
   at System.RuntimeType.CreateInstanceSlow(Boolean publicOnly, Boolean skipCheckThis, Boolean fillCache, StackCrawlMark& stackMark)
   at System.RuntimeType.CreateInstanceDefaultCtor(Boolean publicOnly, Boolean skipCheckThis, Boolean fillCache, StackCrawlMark& stackMark)
   at System.Activator.CreateInstance(Type type, Boolean nonPublic)
   at System.Activator.CreateInstance(Type type)
   at System.Threading.LazyHelpers`1.ActivatorFactorySelector()
   at System.Threading.LazyInitializer.EnsureInitializedCore[T](T& target, Boolean& initialized, Object& syncLock, Func`1 valueFactory)
   at System.Threading.LazyInitializer.EnsureInitialized[T](T& target, Boolean& initialized, Object& syncLock)
   at StatisticalSolutions.Filters.InitializeSimpleMembershipAttribute.OnActionExecuting(ActionExecutingContext filterContext) in c:\temp\3rdPartyProjects\StatisticalSolutions\StatisticalSolutions\Filters\InitializeSimpleMembershipAttribute.cs:line 23
   at System.Web.Mvc.Async.AsyncControllerActionInvoker.InvokeActionMethodFilterAsynchronously(IActionFilter filter, ActionExecutingContext preContext, Func`1 nextInChain)
   at System.Web.Mvc.Async.AsyncControllerActionInvoker.<>c__DisplayClass37.<>c__DisplayClass39.<>c__DisplayClass3b.<BeginInvokeActionMethodWithFilters>b__35()
   at System.Web.Mvc.Async.AsyncControllerActionInvoker.InvokeActionMethodFilterAsynchronously(IActionFilter filter, ActionExecutingContext preContext, Func`1 nextInChain)
   at System.Web.Mvc.Async.AsyncControllerActionInvoker.<>c__DisplayClass37.<>c__DisplayClass39.<>c__DisplayClass3b.<BeginInvokeActionMethodWithFilters>b__35()
   at System.Web.Mvc.Async.AsyncControllerActionInvoker.<>c__DisplayClass37.<BeginInvokeActionMethodWithFilters>b__31(AsyncCallback asyncCallback, Object asyncState)
   at System.Web.Mvc.Async.AsyncResultWrapper.WrappedAsyncResult`1.Begin(AsyncCallback callback, Object state, Int32 timeout)
   at System.Web.Mvc.Async.AsyncControllerActionInvoker.BeginInvokeActionMethodWithFilters(ControllerContext controllerContext, IList`1 filters, ActionDescriptor actionDescriptor, IDictionary`2 parameters, AsyncCallback callback, Object state)
   at System.Web.Mvc.Async.AsyncControllerActionInvoker.<>c__DisplayClass25.<BeginInvokeAction>b__1e(AsyncCallback asyncCallback, Object asyncState)
 2015-04-09 12:20:46,334 [10] INFO  StatisticalSolutions.Controllers.Base.BaseController - Application URL - /StatisticalSolutions/Base/StatisticalError 
 2015-04-09 12:20:46,374 [10] INFO  StatisticalSolutions.Controllers.Base.BaseController - Application URL - /StatisticalSolutions/Base/StatisticalError 
 2015-04-09 12:20:46,374 [10] ERROR StatisticalSolutions.Controllers.Base.BaseController - Statistical exception message - Exception has been thrown by the target of an invocation.
 2015-04-09 12:20:46,374 [10] ERROR StatisticalSolutions.Controllers.Base.BaseController - Statistical exception stack trace -    at System.RuntimeTypeHandle.CreateInstance(RuntimeType type, Boolean publicOnly, Boolean noCheck, Boolean& canBeCached, RuntimeMethodHandleInternal& ctor, Boolean& bNeedSecurityCheck)
   at System.RuntimeType.CreateInstanceSlow(Boolean publicOnly, Boolean skipCheckThis, Boolean fillCache, StackCrawlMark& stackMark)
   at System.RuntimeType.CreateInstanceDefaultCtor(Boolean publicOnly, Boolean skipCheckThis, Boolean fillCache, StackCrawlMark& stackMark)
   at System.Activator.CreateInstance(Type type, Boolean nonPublic)
   at System.Activator.CreateInstance(Type type)
   at System.Threading.LazyHelpers`1.ActivatorFactorySelector()
   at System.Threading.LazyInitializer.EnsureInitializedCore[T](T& target, Boolean& initialized, Object& syncLock, Func`1 valueFactory)
   at System.Threading.LazyInitializer.EnsureInitialized[T](T& target, Boolean& initialized, Object& syncLock)
   at StatisticalSolutions.Filters.InitializeSimpleMembershipAttribute.OnActionExecuting(ActionExecutingContext filterContext) in c:\temp\3rdPartyProjects\StatisticalSolutions\StatisticalSolutions\Filters\InitializeSimpleMembershipAttribute.cs:line 23
   at System.Web.Mvc.Async.AsyncControllerActionInvoker.InvokeActionMethodFilterAsynchronously(IActionFilter filter, ActionExecutingContext preContext, Func`1 nextInChain)
   at System.Web.Mvc.Async.AsyncControllerActionInvoker.<>c__DisplayClass37.<>c__DisplayClass39.<>c__DisplayClass3b.<BeginInvokeActionMethodWithFilters>b__35()
   at System.Web.Mvc.Async.AsyncControllerActionInvoker.InvokeActionMethodFilterAsynchronously(IActionFilter filter, ActionExecutingContext preContext, Func`1 nextInChain)
   at System.Web.Mvc.Async.AsyncControllerActionInvoker.<>c__DisplayClass37.<>c__DisplayClass39.<>c__DisplayClass3b.<BeginInvokeActionMethodWithFilters>b__35()
   at System.Web.Mvc.Async.AsyncControllerActionInvoker.<>c__DisplayClass37.<BeginInvokeActionMethodWithFilters>b__31(AsyncCallback asyncCallback, Object asyncState)
   at System.Web.Mvc.Async.AsyncResultWrapper.WrappedAsyncResult`1.Begin(AsyncCallback callback, Object state, Int32 timeout)
   at System.Web.Mvc.Async.AsyncControllerActionInvoker.BeginInvokeActionMethodWithFilters(ControllerContext controllerContext, IList`1 filters, ActionDescriptor actionDescriptor, IDictionary`2 parameters, AsyncCallback callback, Object state)
   at System.Web.Mvc.Async.AsyncControllerActionInvoker.<>c__DisplayClass25.<BeginInvokeAction>b__1e(AsyncCallback asyncCallback, Object asyncState)
 2015-04-09 12:20:46,384 [8] INFO  StatisticalSolutions.Controllers.Base.BaseController - Application URL - /StatisticalSolutions/Base/StatisticalError 
 2015-04-09 12:20:46,424 [8] INFO  StatisticalSolutions.Controllers.Base.BaseController - Application URL - /StatisticalSolutions/Base/StatisticalError 
 2015-04-09 12:20:46,434 [8] ERROR StatisticalSolutions.Controllers.Base.BaseController - Statistical exception message - Exception has been thrown by the target of an invocation.
 2015-04-09 12:20:46,434 [8] ERROR StatisticalSolutions.Controllers.Base.BaseController - Statistical exception stack trace -    at System.RuntimeTypeHandle.CreateInstance(RuntimeType type, Boolean publicOnly, Boolean noCheck, Boolean& canBeCached, RuntimeMethodHandleInternal& ctor, Boolean& bNeedSecurityCheck)
   at System.RuntimeType.CreateInstanceSlow(Boolean publicOnly, Boolean skipCheckThis, Boolean fillCache, StackCrawlMark& stackMark)
   at System.RuntimeType.CreateInstanceDefaultCtor(Boolean publicOnly, Boolean skipCheckThis, Boolean fillCache, StackCrawlMark& stackMark)
   at System.Activator.CreateInstance(Type type, Boolean nonPublic)
   at System.Activator.CreateInstance(Type type)
   at System.Threading.LazyHelpers`1.ActivatorFactorySelector()
   at System.Threading.LazyInitializer.EnsureInitializedCore[T](T& target, Boolean& initialized, Object& syncLock, Func`1 valueFactory)
   at System.Threading.LazyInitializer.EnsureInitialized[T](T& target, Boolean& initialized, Object& syncLock)
   at StatisticalSolutions.Filters.InitializeSimpleMembershipAttribute.OnActionExecuting(ActionExecutingContext filterContext) in c:\temp\3rdPartyProjects\StatisticalSolutions\StatisticalSolutions\Filters\InitializeSimpleMembershipAttribute.cs:line 23
   at System.Web.Mvc.Async.AsyncControllerActionInvoker.InvokeActionMethodFilterAsynchronously(IActionFilter filter, ActionExecutingContext preContext, Func`1 nextInChain)
   at System.Web.Mvc.Async.AsyncControllerActionInvoker.<>c__DisplayClass37.<>c__DisplayClass39.<>c__DisplayClass3b.<BeginInvokeActionMethodWithFilters>b__35()
   at System.Web.Mvc.Async.AsyncControllerActionInvoker.InvokeActionMethodFilterAsynchronously(IActionFilter filter, ActionExecutingContext preContext, Func`1 nextInChain)
   at System.Web.Mvc.Async.AsyncControllerActionInvoker.<>c__DisplayClass37.<>c__DisplayClass39.<>c__DisplayClass3b.<BeginInvokeActionMethodWithFilters>b__35()
   at System.Web.Mvc.Async.AsyncControllerActionInvoker.<>c__DisplayClass37.<BeginInvokeActionMethodWithFilters>b__31(AsyncCallback asyncCallback, Object asyncState)
   at System.Web.Mvc.Async.AsyncResultWrapper.WrappedAsyncResult`1.Begin(AsyncCallback callback, Object state, Int32 timeout)
   at System.Web.Mvc.Async.AsyncControllerActionInvoker.BeginInvokeActionMethodWithFilters(ControllerContext controllerContext, IList`1 filters, ActionDescriptor actionDescriptor, IDictionary`2 parameters, AsyncCallback callback, Object state)
   at System.Web.Mvc.Async.AsyncControllerActionInvoker.<>c__DisplayClass25.<BeginInvokeAction>b__1e(AsyncCallback asyncCallback, Object asyncState)
 2015-04-09 12:20:46,434 [7] INFO  StatisticalSolutions.Controllers.Base.BaseController - Application URL - /StatisticalSolutions/Base/StatisticalError 
 2015-04-09 12:20:46,484 [7] INFO  StatisticalSolutions.Controllers.Base.BaseController - Application URL - /StatisticalSolutions/Base/StatisticalError 
 2015-04-09 12:20:46,484 [7] ERROR StatisticalSolutions.Controllers.Base.BaseController - Statistical exception message - Exception has been thrown by the target of an invocation.
 2015-04-09 12:20:46,484 [7] ERROR StatisticalSolutions.Controllers.Base.BaseController - Statistical exception stack trace -    at System.RuntimeTypeHandle.CreateInstance(RuntimeType type, Boolean publicOnly, Boolean noCheck, Boolean& canBeCached, RuntimeMethodHandleInternal& ctor, Boolean& bNeedSecurityCheck)
   at System.RuntimeType.CreateInstanceSlow(Boolean publicOnly, Boolean skipCheckThis, Boolean fillCache, StackCrawlMark& stackMark)
   at System.RuntimeType.CreateInstanceDefaultCtor(Boolean publicOnly, Boolean skipCheckThis, Boolean fillCache, StackCrawlMark& stackMark)
   at System.Activator.CreateInstance(Type type, Boolean nonPublic)
   at System.Activator.CreateInstance(Type type)
   at System.Threading.LazyHelpers`1.ActivatorFactorySelector()
   at System.Threading.LazyInitializer.EnsureInitializedCore[T](T& target, Boolean& initialized, Object& syncLock, Func`1 valueFactory)
   at System.Threading.LazyInitializer.EnsureInitialized[T](T& target, Boolean& initialized, Object& syncLock)
   at StatisticalSolutions.Filters.InitializeSimpleMembershipAttribute.OnActionExecuting(ActionExecutingContext filterContext) in c:\temp\3rdPartyProjects\StatisticalSolutions\StatisticalSolutions\Filters\InitializeSimpleMembershipAttribute.cs:line 23
   at System.Web.Mvc.Async.AsyncControllerActionInvoker.InvokeActionMethodFilterAsynchronously(IActionFilter filter, ActionExecutingContext preContext, Func`1 nextInChain)
   at System.Web.Mvc.Async.AsyncControllerActionInvoker.<>c__DisplayClass37.<>c__DisplayClass39.<>c__DisplayClass3b.<BeginInvokeActionMethodWithFilters>b__35()
   at System.Web.Mvc.Async.AsyncControllerActionInvoker.InvokeActionMethodFilterAsynchronously(IActionFilter filter, ActionExecutingContext preContext, Func`1 nextInChain)
   at System.Web.Mvc.Async.AsyncControllerActionInvoker.<>c__DisplayClass37.<>c__DisplayClass39.<>c__DisplayClass3b.<BeginInvokeActionMethodWithFilters>b__35()
   at System.Web.Mvc.Async.AsyncControllerActionInvoker.<>c__DisplayClass37.<BeginInvokeActionMethodWithFilters>b__31(AsyncCallback asyncCallback, Object asyncState)
   at System.Web.Mvc.Async.AsyncResultWrapper.WrappedAsyncResult`1.Begin(AsyncCallback callback, Object state, Int32 timeout)
   at System.Web.Mvc.Async.AsyncControllerActionInvoker.BeginInvokeActionMethodWithFilters(ControllerContext controllerContext, IList`1 filters, ActionDescriptor actionDescriptor, IDictionary`2 parameters, AsyncCallback callback, Object state)
   at System.Web.Mvc.Async.AsyncControllerActionInvoker.<>c__DisplayClass25.<BeginInvokeAction>b__1e(AsyncCallback asyncCallback, Object asyncState)
 2015-04-09 12:20:46,484 [12] INFO  StatisticalSolutions.Controllers.Base.BaseController - Application URL - /StatisticalSolutions/Base/StatisticalError 
 2015-04-09 12:20:46,534 [12] INFO  StatisticalSolutions.Controllers.Base.BaseController - Application URL - /StatisticalSolutions/Base/StatisticalError 
 2015-04-09 12:20:46,534 [12] ERROR StatisticalSolutions.Controllers.Base.BaseController - Statistical exception message - Exception has been thrown by the target of an invocation.
 2015-04-09 12:20:46,534 [12] ERROR StatisticalSolutions.Controllers.Base.BaseController - Statistical exception stack trace -    at System.RuntimeTypeHandle.CreateInstance(RuntimeType type, Boolean publicOnly, Boolean noCheck, Boolean& canBeCached, RuntimeMethodHandleInternal& ctor, Boolean& bNeedSecurityCheck)
   at System.RuntimeType.CreateInstanceSlow(Boolean publicOnly, Boolean skipCheckThis, Boolean fillCache, StackCrawlMark& stackMark)
   at System.RuntimeType.CreateInstanceDefaultCtor(Boolean publicOnly, Boolean skipCheckThis, Boolean fillCache, StackCrawlMark& stackMark)
   at System.Activator.CreateInstance(Type type, Boolean nonPublic)
   at System.Activator.CreateInstance(Type type)
   at System.Threading.LazyHelpers`1.ActivatorFactorySelector()
   at System.Threading.LazyInitializer.EnsureInitializedCore[T](T& target, Boolean& initialized, Object& syncLock, Func`1 valueFactory)
   at System.Threading.LazyInitializer.EnsureInitialized[T](T& target, Boolean& initialized, Object& syncLock)
   at StatisticalSolutions.Filters.InitializeSimpleMembershipAttribute.OnActionExecuting(ActionExecutingContext filterContext) in c:\temp\3rdPartyProjects\StatisticalSolutions\StatisticalSolutions\Filters\InitializeSimpleMembershipAttribute.cs:line 23
   at System.Web.Mvc.Async.AsyncControllerActionInvoker.InvokeActionMethodFilterAsynchronously(IActionFilter filter, ActionExecutingContext preContext, Func`1 nextInChain)
   at System.Web.Mvc.Async.AsyncControllerActionInvoker.<>c__DisplayClass37.<>c__DisplayClass39.<>c__DisplayClass3b.<BeginInvokeActionMethodWithFilters>b__35()
   at System.Web.Mvc.Async.AsyncControllerActionInvoker.InvokeActionMethodFilterAsynchronously(IActionFilter filter, ActionExecutingContext preContext, Func`1 nextInChain)
   at System.Web.Mvc.Async.AsyncControllerActionInvoker.<>c__DisplayClass37.<>c__DisplayClass39.<>c__DisplayClass3b.<BeginInvokeActionMethodWithFilters>b__35()
   at System.Web.Mvc.Async.AsyncControllerActionInvoker.<>c__DisplayClass37.<BeginInvokeActionMethodWithFilters>b__31(AsyncCallback asyncCallback, Object asyncState)
   at System.Web.Mvc.Async.AsyncResultWrapper.WrappedAsyncResult`1.Begin(AsyncCallback callback, Object state, Int32 timeout)
   at System.Web.Mvc.Async.AsyncControllerActionInvoker.BeginInvokeActionMethodWithFilters(ControllerContext controllerContext, IList`1 filters, ActionDescriptor actionDescriptor, IDictionary`2 parameters, AsyncCallback callback, Object state)
   at System.Web.Mvc.Async.AsyncControllerActionInvoker.<>c__DisplayClass25.<BeginInvokeAction>b__1e(AsyncCallback asyncCallback, Object asyncState)
 2015-04-09 12:20:46,544 [9] INFO  StatisticalSolutions.Controllers.Base.BaseController - Application URL - /StatisticalSolutions/Base/StatisticalError 
 2015-04-09 12:20:46,584 [9] INFO  StatisticalSolutions.Controllers.Base.BaseController - Application URL - /StatisticalSolutions/Base/StatisticalError 
 2015-04-09 12:20:46,594 [9] ERROR StatisticalSolutions.Controllers.Base.BaseController - Statistical exception message - Exception has been thrown by the target of an invocation.
 2015-04-09 12:20:46,594 [9] ERROR StatisticalSolutions.Controllers.Base.BaseController - Statistical exception stack trace -    at System.RuntimeTypeHandle.CreateInstance(RuntimeType type, Boolean publicOnly, Boolean noCheck, Boolean& canBeCached, RuntimeMethodHandleInternal& ctor, Boolean& bNeedSecurityCheck)
   at System.RuntimeType.CreateInstanceSlow(Boolean publicOnly, Boolean skipCheckThis, Boolean fillCache, StackCrawlMark& stackMark)
   at System.RuntimeType.CreateInstanceDefaultCtor(Boolean publicOnly, Boolean skipCheckThis, Boolean fillCache, StackCrawlMark& stackMark)
   at System.Activator.CreateInstance(Type type, Boolean nonPublic)
   at System.Activator.CreateInstance(Type type)
   at System.Threading.LazyHelpers`1.ActivatorFactorySelector()
   at System.Threading.LazyInitializer.EnsureInitializedCore[T](T& target, Boolean& initialized, Object& syncLock, Func`1 valueFactory)
   at System.Threading.LazyInitializer.EnsureInitialized[T](T& target, Boolean& initialized, Object& syncLock)
   at StatisticalSolutions.Filters.InitializeSimpleMembershipAttribute.OnActionExecuting(ActionExecutingContext filterContext) in c:\temp\3rdPartyProjects\StatisticalSolutions\StatisticalSolutions\Filters\InitializeSimpleMembershipAttribute.cs:line 23
   at System.Web.Mvc.Async.AsyncControllerActionInvoker.InvokeActionMethodFilterAsynchronously(IActionFilter filter, ActionExecutingContext preContext, Func`1 nextInChain)
   at System.Web.Mvc.Async.AsyncControllerActionInvoker.<>c__DisplayClass37.<>c__DisplayClass39.<>c__DisplayClass3b.<BeginInvokeActionMethodWithFilters>b__35()
   at System.Web.Mvc.Async.AsyncControllerActionInvoker.InvokeActionMethodFilterAsynchronously(IActionFilter filter, ActionExecutingContext preContext, Func`1 nextInChain)
   at System.Web.Mvc.Async.AsyncControllerActionInvoker.<>c__DisplayClass37.<>c__DisplayClass39.<>c__DisplayClass3b.<BeginInvokeActionMethodWithFilters>b__35()
   at System.Web.Mvc.Async.AsyncControllerActionInvoker.<>c__DisplayClass37.<BeginInvokeActionMethodWithFilters>b__31(AsyncCallback asyncCallback, Object asyncState)
   at System.Web.Mvc.Async.AsyncResultWrapper.WrappedAsyncResult`1.Begin(AsyncCallback callback, Object state, Int32 timeout)
   at System.Web.Mvc.Async.AsyncControllerActionInvoker.BeginInvokeActionMethodWithFilters(ControllerContext controllerContext, IList`1 filters, ActionDescriptor actionDescriptor, IDictionary`2 parameters, AsyncCallback callback, Object state)
   at System.Web.Mvc.Async.AsyncControllerActionInvoker.<>c__DisplayClass25.<BeginInvokeAction>b__1e(AsyncCallback asyncCallback, Object asyncState)
 2015-04-09 12:20:46,594 [5] INFO  StatisticalSolutions.Controllers.Base.BaseController - Application URL - /StatisticalSolutions/Base/StatisticalError 
 2015-04-09 12:20:46,644 [5] INFO  StatisticalSolutions.Controllers.Base.BaseController - Application URL - /StatisticalSolutions/Base/StatisticalError 
 2015-04-09 12:20:46,644 [5] ERROR StatisticalSolutions.Controllers.Base.BaseController - Statistical exception message - Exception has been thrown by the target of an invocation.
 2015-04-09 12:20:46,644 [5] ERROR StatisticalSolutions.Controllers.Base.BaseController - Statistical exception stack trace -    at System.RuntimeTypeHandle.CreateInstance(RuntimeType type, Boolean publicOnly, Boolean noCheck, Boolean& canBeCached, RuntimeMethodHandleInternal& ctor, Boolean& bNeedSecurityCheck)
   at System.RuntimeType.CreateInstanceSlow(Boolean publicOnly, Boolean skipCheckThis, Boolean fillCache, StackCrawlMark& stackMark)
   at System.RuntimeType.CreateInstanceDefaultCtor(Boolean publicOnly, Boolean skipCheckThis, Boolean fillCache, StackCrawlMark& stackMark)
   at System.Activator.CreateInstance(Type type, Boolean nonPublic)
   at System.Activator.CreateInstance(Type type)
   at System.Threading.LazyHelpers`1.ActivatorFactorySelector()
   at System.Threading.LazyInitializer.EnsureInitializedCore[T](T& target, Boolean& initialized, Object& syncLock, Func`1 valueFactory)
   at System.Threading.LazyInitializer.EnsureInitialized[T](T& target, Boolean& initialized, Object& syncLock)
   at StatisticalSolutions.Filters.InitializeSimpleMembershipAttribute.OnActionExecuting(ActionExecutingContext filterContext) in c:\temp\3rdPartyProjects\StatisticalSolutions\StatisticalSolutions\Filters\InitializeSimpleMembershipAttribute.cs:line 23
   at System.Web.Mvc.Async.AsyncControllerActionInvoker.InvokeActionMethodFilterAsynchronously(IActionFilter filter, ActionExecutingContext preContext, Func`1 nextInChain)
   at System.Web.Mvc.Async.AsyncControllerActionInvoker.<>c__DisplayClass37.<>c__DisplayClass39.<>c__DisplayClass3b.<BeginInvokeActionMethodWithFilters>b__35()
   at System.Web.Mvc.Async.AsyncControllerActionInvoker.InvokeActionMethodFilterAsynchronously(IActionFilter filter, ActionExecutingContext preContext, Func`1 nextInChain)
   at System.Web.Mvc.Async.AsyncControllerActionInvoker.<>c__DisplayClass37.<>c__DisplayClass39.<>c__DisplayClass3b.<BeginInvokeActionMethodWithFilters>b__35()
   at System.Web.Mvc.Async.AsyncControllerActionInvoker.<>c__DisplayClass37.<BeginInvokeActionMethodWithFilters>b__31(AsyncCallback asyncCallback, Object asyncState)
   at System.Web.Mvc.Async.AsyncResultWrapper.WrappedAsyncResult`1.Begin(AsyncCallback callback, Object state, Int32 timeout)
   at System.Web.Mvc.Async.AsyncControllerActionInvoker.BeginInvokeActionMethodWithFilters(ControllerContext controllerContext, IList`1 filters, ActionDescriptor actionDescriptor, IDictionary`2 parameters, AsyncCallback callback, Object state)
   at System.Web.Mvc.Async.AsyncControllerActionInvoker.<>c__DisplayClass25.<BeginInvokeAction>b__1e(AsyncCallback asyncCallback, Object asyncState)
 2015-04-09 12:20:46,644 [9] INFO  StatisticalSolutions.Controllers.Base.BaseController - Application URL - /StatisticalSolutions/Base/StatisticalError 
 2015-04-09 12:20:46,694 [9] INFO  StatisticalSolutions.Controllers.Base.BaseController - Application URL - /StatisticalSolutions/Base/StatisticalError 
 2015-04-09 12:20:46,694 [9] ERROR StatisticalSolutions.Controllers.Base.BaseController - Statistical exception message - Exception has been thrown by the target of an invocation.
 2015-04-09 12:20:46,694 [9] ERROR StatisticalSolutions.Controllers.Base.BaseController - Statistical exception stack trace -    at System.RuntimeTypeHandle.CreateInstance(RuntimeType type, Boolean publicOnly, Boolean noCheck, Boolean& canBeCached, RuntimeMethodHandleInternal& ctor, Boolean& bNeedSecurityCheck)
   at System.RuntimeType.CreateInstanceSlow(Boolean publicOnly, Boolean skipCheckThis, Boolean fillCache, StackCrawlMark& stackMark)
   at System.RuntimeType.CreateInstanceDefaultCtor(Boolean publicOnly, Boolean skipCheckThis, Boolean fillCache, StackCrawlMark& stackMark)
   at System.Activator.CreateInstance(Type type, Boolean nonPublic)
   at System.Activator.CreateInstance(Type type)
   at System.Threading.LazyHelpers`1.ActivatorFactorySelector()
   at System.Threading.LazyInitializer.EnsureInitializedCore[T](T& target, Boolean& initialized, Object& syncLock, Func`1 valueFactory)
   at System.Threading.LazyInitializer.EnsureInitialized[T](T& target, Boolean& initialized, Object& syncLock)
   at StatisticalSolutions.Filters.InitializeSimpleMembershipAttribute.OnActionExecuting(ActionExecutingContext filterContext) in c:\temp\3rdPartyProjects\StatisticalSolutions\StatisticalSolutions\Filters\InitializeSimpleMembershipAttribute.cs:line 23
   at System.Web.Mvc.Async.AsyncControllerActionInvoker.InvokeActionMethodFilterAsynchronously(IActionFilter filter, ActionExecutingContext preContext, Func`1 nextInChain)
   at System.Web.Mvc.Async.AsyncControllerActionInvoker.<>c__DisplayClass37.<>c__DisplayClass39.<>c__DisplayClass3b.<BeginInvokeActionMethodWithFilters>b__35()
   at System.Web.Mvc.Async.AsyncControllerActionInvoker.InvokeActionMethodFilterAsynchronously(IActionFilter filter, ActionExecutingContext preContext, Func`1 nextInChain)
   at System.Web.Mvc.Async.AsyncControllerActionInvoker.<>c__DisplayClass37.<>c__DisplayClass39.<>c__DisplayClass3b.<BeginInvokeActionMethodWithFilters>b__35()
   at System.Web.Mvc.Async.AsyncControllerActionInvoker.<>c__DisplayClass37.<BeginInvokeActionMethodWithFilters>b__31(AsyncCallback asyncCallback, Object asyncState)
   at System.Web.Mvc.Async.AsyncResultWrapper.WrappedAsyncResult`1.Begin(AsyncCallback callback, Object state, Int32 timeout)
   at System.Web.Mvc.Async.AsyncControllerActionInvoker.BeginInvokeActionMethodWithFilters(ControllerContext controllerContext, IList`1 filters, ActionDescriptor actionDescriptor, IDictionary`2 parameters, AsyncCallback callback, Object state)
   at System.Web.Mvc.Async.AsyncControllerActionInvoker.<>c__DisplayClass25.<BeginInvokeAction>b__1e(AsyncCallback asyncCallback, Object asyncState)
 2015-04-09 12:20:46,694 [5] INFO  StatisticalSolutions.Controllers.Base.BaseController - Application URL - /StatisticalSolutions/Base/StatisticalError 
 2015-04-09 12:20:46,744 [5] INFO  StatisticalSolutions.Controllers.Base.BaseController - Application URL - /StatisticalSolutions/Base/StatisticalError 
 2015-04-09 12:20:46,744 [5] ERROR StatisticalSolutions.Controllers.Base.BaseController - Statistical exception message - Exception has been thrown by the target of an invocation.
 2015-04-09 12:20:46,744 [5] ERROR StatisticalSolutions.Controllers.Base.BaseController - Statistical exception stack trace -    at System.RuntimeTypeHandle.CreateInstance(RuntimeType type, Boolean publicOnly, Boolean noCheck, Boolean& canBeCached, RuntimeMethodHandleInternal& ctor, Boolean& bNeedSecurityCheck)
   at System.RuntimeType.CreateInstanceSlow(Boolean publicOnly, Boolean skipCheckThis, Boolean fillCache, StackCrawlMark& stackMark)
   at System.RuntimeType.CreateInstanceDefaultCtor(Boolean publicOnly, Boolean skipCheckThis, Boolean fillCache, StackCrawlMark& stackMark)
   at System.Activator.CreateInstance(Type type, Boolean nonPublic)
   at System.Activator.CreateInstance(Type type)
   at System.Threading.LazyHelpers`1.ActivatorFactorySelector()
   at System.Threading.LazyInitializer.EnsureInitializedCore[T](T& target, Boolean& initialized, Object& syncLock, Func`1 valueFactory)
   at System.Threading.LazyInitializer.EnsureInitialized[T](T& target, Boolean& initialized, Object& syncLock)
   at StatisticalSolutions.Filters.InitializeSimpleMembershipAttribute.OnActionExecuting(ActionExecutingContext filterContext) in c:\temp\3rdPartyProjects\StatisticalSolutions\StatisticalSolutions\Filters\InitializeSimpleMembershipAttribute.cs:line 23
   at System.Web.Mvc.Async.AsyncControllerActionInvoker.InvokeActionMethodFilterAsynchronously(IActionFilter filter, ActionExecutingContext preContext, Func`1 nextInChain)
   at System.Web.Mvc.Async.AsyncControllerActionInvoker.<>c__DisplayClass37.<>c__DisplayClass39.<>c__DisplayClass3b.<BeginInvokeActionMethodWithFilters>b__35()
   at System.Web.Mvc.Async.AsyncControllerActionInvoker.InvokeActionMethodFilterAsynchronously(IActionFilter filter, ActionExecutingContext preContext, Func`1 nextInChain)
   at System.Web.Mvc.Async.AsyncControllerActionInvoker.<>c__DisplayClass37.<>c__DisplayClass39.<>c__DisplayClass3b.<BeginInvokeActionMethodWithFilters>b__35()
   at System.Web.Mvc.Async.AsyncControllerActionInvoker.<>c__DisplayClass37.<BeginInvokeActionMethodWithFilters>b__31(AsyncCallback asyncCallback, Object asyncState)
   at System.Web.Mvc.Async.AsyncResultWrapper.WrappedAsyncResult`1.Begin(AsyncCallback callback, Object state, Int32 timeout)
   at System.Web.Mvc.Async.AsyncControllerActionInvoker.BeginInvokeActionMethodWithFilters(ControllerContext controllerContext, IList`1 filters, ActionDescriptor actionDescriptor, IDictionary`2 parameters, AsyncCallback callback, Object state)
   at System.Web.Mvc.Async.AsyncControllerActionInvoker.<>c__DisplayClass25.<BeginInvokeAction>b__1e(AsyncCallback asyncCallback, Object asyncState)
 2015-04-09 12:20:46,744 [13] INFO  StatisticalSolutions.Controllers.Base.BaseController - Application URL - /StatisticalSolutions/Base/StatisticalError 
 2015-04-09 12:20:46,794 [13] INFO  StatisticalSolutions.Controllers.Base.BaseController - Application URL - /StatisticalSolutions/Base/StatisticalError 
 2015-04-09 12:20:46,794 [13] ERROR StatisticalSolutions.Controllers.Base.BaseController - Statistical exception message - Exception has been thrown by the target of an invocation.
 2015-04-09 12:20:46,794 [13] ERROR StatisticalSolutions.Controllers.Base.BaseController - Statistical exception stack trace -    at System.RuntimeTypeHandle.CreateInstance(RuntimeType type, Boolean publicOnly, Boolean noCheck, Boolean& canBeCached, RuntimeMethodHandleInternal& ctor, Boolean& bNeedSecurityCheck)
   at System.RuntimeType.CreateInstanceSlow(Boolean publicOnly, Boolean skipCheckThis, Boolean fillCache, StackCrawlMark& stackMark)
   at System.RuntimeType.CreateInstanceDefaultCtor(Boolean publicOnly, Boolean skipCheckThis, Boolean fillCache, StackCrawlMark& stackMark)
   at System.Activator.CreateInstance(Type type, Boolean nonPublic)
   at System.Activator.CreateInstance(Type type)
   at System.Threading.LazyHelpers`1.ActivatorFactorySelector()
   at System.Threading.LazyInitializer.EnsureInitializedCore[T](T& target, Boolean& initialized, Object& syncLock, Func`1 valueFactory)
   at System.Threading.LazyInitializer.EnsureInitialized[T](T& target, Boolean& initialized, Object& syncLock)
   at StatisticalSolutions.Filters.InitializeSimpleMembershipAttribute.OnActionExecuting(ActionExecutingContext filterContext) in c:\temp\3rdPartyProjects\StatisticalSolutions\StatisticalSolutions\Filters\InitializeSimpleMembershipAttribute.cs:line 23
   at System.Web.Mvc.Async.AsyncControllerActionInvoker.InvokeActionMethodFilterAsynchronously(IActionFilter filter, ActionExecutingContext preContext, Func`1 nextInChain)
   at System.Web.Mvc.Async.AsyncControllerActionInvoker.<>c__DisplayClass37.<>c__DisplayClass39.<>c__DisplayClass3b.<BeginInvokeActionMethodWithFilters>b__35()
   at System.Web.Mvc.Async.AsyncControllerActionInvoker.InvokeActionMethodFilterAsynchronously(IActionFilter filter, ActionExecutingContext preContext, Func`1 nextInChain)
   at System.Web.Mvc.Async.AsyncControllerActionInvoker.<>c__DisplayClass37.<>c__DisplayClass39.<>c__DisplayClass3b.<BeginInvokeActionMethodWithFilters>b__35()
   at System.Web.Mvc.Async.AsyncControllerActionInvoker.<>c__DisplayClass37.<BeginInvokeActionMethodWithFilters>b__31(AsyncCallback asyncCallback, Object asyncState)
   at System.Web.Mvc.Async.AsyncResultWrapper.WrappedAsyncResult`1.Begin(AsyncCallback callback, Object state, Int32 timeout)
   at System.Web.Mvc.Async.AsyncControllerActionInvoker.BeginInvokeActionMethodWithFilters(ControllerContext controllerContext, IList`1 filters, ActionDescriptor actionDescriptor, IDictionary`2 parameters, AsyncCallback callback, Object state)
   at System.Web.Mvc.Async.AsyncControllerActionInvoker.<>c__DisplayClass25.<BeginInvokeAction>b__1e(AsyncCallback asyncCallback, Object asyncState)
 2015-04-09 12:20:46,804 [8] INFO  StatisticalSolutions.Controllers.Base.BaseController - Application URL - /StatisticalSolutions/Base/StatisticalError 
 2015-04-09 12:20:46,844 [8] INFO  StatisticalSolutions.Controllers.Base.BaseController - Application URL - /StatisticalSolutions/Base/StatisticalError 
 2015-04-09 12:20:46,844 [8] ERROR StatisticalSolutions.Controllers.Base.BaseController - Statistical exception message - Exception has been thrown by the target of an invocation.
 2015-04-09 12:20:46,844 [8] ERROR StatisticalSolutions.Controllers.Base.BaseController - Statistical exception stack trace -    at System.RuntimeTypeHandle.CreateInstance(RuntimeType type, Boolean publicOnly, Boolean noCheck, Boolean& canBeCached, RuntimeMethodHandleInternal& ctor, Boolean& bNeedSecurityCheck)
   at System.RuntimeType.CreateInstanceSlow(Boolean publicOnly, Boolean skipCheckThis, Boolean fillCache, StackCrawlMark& stackMark)
   at System.RuntimeType.CreateInstanceDefaultCtor(Boolean publicOnly, Boolean skipCheckThis, Boolean fillCache, StackCrawlMark& stackMark)
   at System.Activator.CreateInstance(Type type, Boolean nonPublic)
   at System.Activator.CreateInstance(Type type)
   at System.Threading.LazyHelpers`1.ActivatorFactorySelector()
   at System.Threading.LazyInitializer.EnsureInitializedCore[T](T& target, Boolean& initialized, Object& syncLock, Func`1 valueFactory)
   at System.Threading.LazyInitializer.EnsureInitialized[T](T& target, Boolean& initialized, Object& syncLock)
   at StatisticalSolutions.Filters.InitializeSimpleMembershipAttribute.OnActionExecuting(ActionExecutingContext filterContext) in c:\temp\3rdPartyProjects\StatisticalSolutions\StatisticalSolutions\Filters\InitializeSimpleMembershipAttribute.cs:line 23
   at System.Web.Mvc.Async.AsyncControllerActionInvoker.InvokeActionMethodFilterAsynchronously(IActionFilter filter, ActionExecutingContext preContext, Func`1 nextInChain)
   at System.Web.Mvc.Async.AsyncControllerActionInvoker.<>c__DisplayClass37.<>c__DisplayClass39.<>c__DisplayClass3b.<BeginInvokeActionMethodWithFilters>b__35()
   at System.Web.Mvc.Async.AsyncControllerActionInvoker.InvokeActionMethodFilterAsynchronously(IActionFilter filter, ActionExecutingContext preContext, Func`1 nextInChain)
   at System.Web.Mvc.Async.AsyncControllerActionInvoker.<>c__DisplayClass37.<>c__DisplayClass39.<>c__DisplayClass3b.<BeginInvokeActionMethodWithFilters>b__35()
   at System.Web.Mvc.Async.AsyncControllerActionInvoker.<>c__DisplayClass37.<BeginInvokeActionMethodWithFilters>b__31(AsyncCallback asyncCallback, Object asyncState)
   at System.Web.Mvc.Async.AsyncResultWrapper.WrappedAsyncResult`1.Begin(AsyncCallback callback, Object state, Int32 timeout)
   at System.Web.Mvc.Async.AsyncControllerActionInvoker.BeginInvokeActionMethodWithFilters(ControllerContext controllerContext, IList`1 filters, ActionDescriptor actionDescriptor, IDictionary`2 parameters, AsyncCallback callback, Object state)
   at System.Web.Mvc.Async.AsyncControllerActionInvoker.<>c__DisplayClass25.<BeginInvokeAction>b__1e(AsyncCallback asyncCallback, Object asyncState)
 2015-04-09 12:20:46,854 [9] INFO  StatisticalSolutions.Controllers.Base.BaseController - Application URL - /StatisticalSolutions/Base/StatisticalError 
 2015-04-09 12:20:46,904 [9] INFO  StatisticalSolutions.Controllers.Base.BaseController - Application URL - /StatisticalSolutions/Base/StatisticalError 
 2015-04-09 12:20:46,904 [9] ERROR StatisticalSolutions.Controllers.Base.BaseController - Statistical exception message - Exception has been thrown by the target of an invocation.
 2015-04-09 12:20:46,904 [9] ERROR StatisticalSolutions.Controllers.Base.BaseController - Statistical exception stack trace -    at System.RuntimeTypeHandle.CreateInstance(RuntimeType type, Boolean publicOnly, Boolean noCheck, Boolean& canBeCached, RuntimeMethodHandleInternal& ctor, Boolean& bNeedSecurityCheck)
   at System.RuntimeType.CreateInstanceSlow(Boolean publicOnly, Boolean skipCheckThis, Boolean fillCache, StackCrawlMark& stackMark)
   at System.RuntimeType.CreateInstanceDefaultCtor(Boolean publicOnly, Boolean skipCheckThis, Boolean fillCache, StackCrawlMark& stackMark)
   at System.Activator.CreateInstance(Type type, Boolean nonPublic)
   at System.Activator.CreateInstance(Type type)
   at System.Threading.LazyHelpers`1.ActivatorFactorySelector()
   at System.Threading.LazyInitializer.EnsureInitializedCore[T](T& target, Boolean& initialized, Object& syncLock, Func`1 valueFactory)
   at System.Threading.LazyInitializer.EnsureInitialized[T](T& target, Boolean& initialized, Object& syncLock)
   at StatisticalSolutions.Filters.InitializeSimpleMembershipAttribute.OnActionExecuting(ActionExecutingContext filterContext) in c:\temp\3rdPartyProjects\StatisticalSolutions\StatisticalSolutions\Filters\InitializeSimpleMembershipAttribute.cs:line 23
   at System.Web.Mvc.Async.AsyncControllerActionInvoker.InvokeActionMethodFilterAsynchronously(IActionFilter filter, ActionExecutingContext preContext, Func`1 nextInChain)
   at System.Web.Mvc.Async.AsyncControllerActionInvoker.<>c__DisplayClass37.<>c__DisplayClass39.<>c__DisplayClass3b.<BeginInvokeActionMethodWithFilters>b__35()
   at System.Web.Mvc.Async.AsyncControllerActionInvoker.InvokeActionMethodFilterAsynchronously(IActionFilter filter, ActionExecutingContext preContext, Func`1 nextInChain)
   at System.Web.Mvc.Async.AsyncControllerActionInvoker.<>c__DisplayClass37.<>c__DisplayClass39.<>c__DisplayClass3b.<BeginInvokeActionMethodWithFilters>b__35()
   at System.Web.Mvc.Async.AsyncControllerActionInvoker.<>c__DisplayClass37.<BeginInvokeActionMethodWithFilters>b__31(AsyncCallback asyncCallback, Object asyncState)
   at System.Web.Mvc.Async.AsyncResultWrapper.WrappedAsyncResult`1.Begin(AsyncCallback callback, Object state, Int32 timeout)
   at System.Web.Mvc.Async.AsyncControllerActionInvoker.BeginInvokeActionMethodWithFilters(ControllerContext controllerContext, IList`1 filters, ActionDescriptor actionDescriptor, IDictionary`2 parameters, AsyncCallback callback, Object state)
   at System.Web.Mvc.Async.AsyncControllerActionInvoker.<>c__DisplayClass25.<BeginInvokeAction>b__1e(AsyncCallback asyncCallback, Object asyncState)
 2015-04-09 12:20:46,904 [10] INFO  StatisticalSolutions.Controllers.Base.BaseController - Application URL - /StatisticalSolutions/Base/StatisticalError 
 2015-04-09 12:20:46,954 [10] INFO  StatisticalSolutions.Controllers.Base.BaseController - Application URL - /StatisticalSolutions/Base/StatisticalError 
 2015-04-09 12:20:46,954 [10] ERROR StatisticalSolutions.Controllers.Base.BaseController - Statistical exception message - Exception has been thrown by the target of an invocation.
 2015-04-09 12:20:46,954 [10] ERROR StatisticalSolutions.Controllers.Base.BaseController - Statistical exception stack trace -    at System.RuntimeTypeHandle.CreateInstance(RuntimeType type, Boolean publicOnly, Boolean noCheck, Boolean& canBeCached, RuntimeMethodHandleInternal& ctor, Boolean& bNeedSecurityCheck)
   at System.RuntimeType.CreateInstanceSlow(Boolean publicOnly, Boolean skipCheckThis, Boolean fillCache, StackCrawlMark& stackMark)
   at System.RuntimeType.CreateInstanceDefaultCtor(Boolean publicOnly, Boolean skipCheckThis, Boolean fillCache, StackCrawlMark& stackMark)
   at System.Activator.CreateInstance(Type type, Boolean nonPublic)
   at System.Activator.CreateInstance(Type type)
   at System.Threading.LazyHelpers`1.ActivatorFactorySelector()
   at System.Threading.LazyInitializer.EnsureInitializedCore[T](T& target, Boolean& initialized, Object& syncLock, Func`1 valueFactory)
   at System.Threading.LazyInitializer.EnsureInitialized[T](T& target, Boolean& initialized, Object& syncLock)
   at StatisticalSolutions.Filters.InitializeSimpleMembershipAttribute.OnActionExecuting(ActionExecutingContext filterContext) in c:\temp\3rdPartyProjects\StatisticalSolutions\StatisticalSolutions\Filters\InitializeSimpleMembershipAttribute.cs:line 23
   at System.Web.Mvc.Async.AsyncControllerActionInvoker.InvokeActionMethodFilterAsynchronously(IActionFilter filter, ActionExecutingContext preContext, Func`1 nextInChain)
   at System.Web.Mvc.Async.AsyncControllerActionInvoker.<>c__DisplayClass37.<>c__DisplayClass39.<>c__DisplayClass3b.<BeginInvokeActionMethodWithFilters>b__35()
   at System.Web.Mvc.Async.AsyncControllerActionInvoker.InvokeActionMethodFilterAsynchronously(IActionFilter filter, ActionExecutingContext preContext, Func`1 nextInChain)
   at System.Web.Mvc.Async.AsyncControllerActionInvoker.<>c__DisplayClass37.<>c__DisplayClass39.<>c__DisplayClass3b.<BeginInvokeActionMethodWithFilters>b__35()
   at System.Web.Mvc.Async.AsyncControllerActionInvoker.<>c__DisplayClass37.<BeginInvokeActionMethodWithFilters>b__31(AsyncCallback asyncCallback, Object asyncState)
   at System.Web.Mvc.Async.AsyncResultWrapper.WrappedAsyncResult`1.Begin(AsyncCallback callback, Object state, Int32 timeout)
   at System.Web.Mvc.Async.AsyncControllerActionInvoker.BeginInvokeActionMethodWithFilters(ControllerContext controllerContext, IList`1 filters, ActionDescriptor actionDescriptor, IDictionary`2 parameters, AsyncCallback callback, Object state)
   at System.Web.Mvc.Async.AsyncControllerActionInvoker.<>c__DisplayClass25.<BeginInvokeAction>b__1e(AsyncCallback asyncCallback, Object asyncState)
 2015-04-09 12:20:46,954 [7] INFO  StatisticalSolutions.Controllers.Base.BaseController - Application URL - /StatisticalSolutions/Base/StatisticalError 
 2015-04-09 12:20:47,004 [7] INFO  StatisticalSolutions.Controllers.Base.BaseController - Application URL - /StatisticalSolutions/Base/StatisticalError 
 2015-04-09 12:20:47,004 [7] ERROR StatisticalSolutions.Controllers.Base.BaseController - Statistical exception message - Exception has been thrown by the target of an invocation.
 2015-04-09 12:20:47,004 [7] ERROR StatisticalSolutions.Controllers.Base.BaseController - Statistical exception stack trace -    at System.RuntimeTypeHandle.CreateInstance(RuntimeType type, Boolean publicOnly, Boolean noCheck, Boolean& canBeCached, RuntimeMethodHandleInternal& ctor, Boolean& bNeedSecurityCheck)
   at System.RuntimeType.CreateInstanceSlow(Boolean publicOnly, Boolean skipCheckThis, Boolean fillCache, StackCrawlMark& stackMark)
   at System.RuntimeType.CreateInstanceDefaultCtor(Boolean publicOnly, Boolean skipCheckThis, Boolean fillCache, StackCrawlMark& stackMark)
   at System.Activator.CreateInstance(Type type, Boolean nonPublic)
   at System.Activator.CreateInstance(Type type)
   at System.Threading.LazyHelpers`1.ActivatorFactorySelector()
   at System.Threading.LazyInitializer.EnsureInitializedCore[T](T& target, Boolean& initialized, Object& syncLock, Func`1 valueFactory)
   at System.Threading.LazyInitializer.EnsureInitialized[T](T& target, Boolean& initialized, Object& syncLock)
   at StatisticalSolutions.Filters.InitializeSimpleMembershipAttribute.OnActionExecuting(ActionExecutingContext filterContext) in c:\temp\3rdPartyProjects\StatisticalSolutions\StatisticalSolutions\Filters\InitializeSimpleMembershipAttribute.cs:line 23
   at System.Web.Mvc.Async.AsyncControllerActionInvoker.InvokeActionMethodFilterAsynchronously(IActionFilter filter, ActionExecutingContext preContext, Func`1 nextInChain)
   at System.Web.Mvc.Async.AsyncControllerActionInvoker.<>c__DisplayClass37.<>c__DisplayClass39.<>c__DisplayClass3b.<BeginInvokeActionMethodWithFilters>b__35()
   at System.Web.Mvc.Async.AsyncControllerActionInvoker.InvokeActionMethodFilterAsynchronously(IActionFilter filter, ActionExecutingContext preContext, Func`1 nextInChain)
   at System.Web.Mvc.Async.AsyncControllerActionInvoker.<>c__DisplayClass37.<>c__DisplayClass39.<>c__DisplayClass3b.<BeginInvokeActionMethodWithFilters>b__35()
   at System.Web.Mvc.Async.AsyncControllerActionInvoker.<>c__DisplayClass37.<BeginInvokeActionMethodWithFilters>b__31(AsyncCallback asyncCallback, Object asyncState)
   at System.Web.Mvc.Async.AsyncResultWrapper.WrappedAsyncResult`1.Begin(AsyncCallback callback, Object state, Int32 timeout)
   at System.Web.Mvc.Async.AsyncControllerActionInvoker.BeginInvokeActionMethodWithFilters(ControllerContext controllerContext, IList`1 filters, ActionDescriptor actionDescriptor, IDictionary`2 parameters, AsyncCallback callback, Object state)
   at System.Web.Mvc.Async.AsyncControllerActionInvoker.<>c__DisplayClass25.<BeginInvokeAction>b__1e(AsyncCallback asyncCallback, Object asyncState)
 2015-04-09 12:20:47,004 [15] INFO  StatisticalSolutions.Controllers.Base.BaseController - Application URL - /StatisticalSolutions/Base/StatisticalError 
 2015-04-09 12:20:47,054 [15] INFO  StatisticalSolutions.Controllers.Base.BaseController - Application URL - /StatisticalSolutions/Base/StatisticalError 
 2015-04-09 12:20:47,054 [15] ERROR StatisticalSolutions.Controllers.Base.BaseController - Statistical exception message - Exception has been thrown by the target of an invocation.
 2015-04-09 12:20:47,054 [15] ERROR StatisticalSolutions.Controllers.Base.BaseController - Statistical exception stack trace -    at System.RuntimeTypeHandle.CreateInstance(RuntimeType type, Boolean publicOnly, Boolean noCheck, Boolean& canBeCached, RuntimeMethodHandleInternal& ctor, Boolean& bNeedSecurityCheck)
   at System.RuntimeType.CreateInstanceSlow(Boolean publicOnly, Boolean skipCheckThis, Boolean fillCache, StackCrawlMark& stackMark)
   at System.RuntimeType.CreateInstanceDefaultCtor(Boolean publicOnly, Boolean skipCheckThis, Boolean fillCache, StackCrawlMark& stackMark)
   at System.Activator.CreateInstance(Type type, Boolean nonPublic)
   at System.Activator.CreateInstance(Type type)
   at System.Threading.LazyHelpers`1.ActivatorFactorySelector()
   at System.Threading.LazyInitializer.EnsureInitializedCore[T](T& target, Boolean& initialized, Object& syncLock, Func`1 valueFactory)
   at System.Threading.LazyInitializer.EnsureInitialized[T](T& target, Boolean& initialized, Object& syncLock)
   at StatisticalSolutions.Filters.InitializeSimpleMembershipAttribute.OnActionExecuting(ActionExecutingContext filterContext) in c:\temp\3rdPartyProjects\StatisticalSolutions\StatisticalSolutions\Filters\InitializeSimpleMembershipAttribute.cs:line 23
   at System.Web.Mvc.Async.AsyncControllerActionInvoker.InvokeActionMethodFilterAsynchronously(IActionFilter filter, ActionExecutingContext preContext, Func`1 nextInChain)
   at System.Web.Mvc.Async.AsyncControllerActionInvoker.<>c__DisplayClass37.<>c__DisplayClass39.<>c__DisplayClass3b.<BeginInvokeActionMethodWithFilters>b__35()
   at System.Web.Mvc.Async.AsyncControllerActionInvoker.InvokeActionMethodFilterAsynchronously(IActionFilter filter, ActionExecutingContext preContext, Func`1 nextInChain)
   at System.Web.Mvc.Async.AsyncControllerActionInvoker.<>c__DisplayClass37.<>c__DisplayClass39.<>c__DisplayClass3b.<BeginInvokeActionMethodWithFilters>b__35()
   at System.Web.Mvc.Async.AsyncControllerActionInvoker.<>c__DisplayClass37.<BeginInvokeActionMethodWithFilters>b__31(AsyncCallback asyncCallback, Object asyncState)
   at System.Web.Mvc.Async.AsyncResultWrapper.WrappedAsyncResult`1.Begin(AsyncCallback callback, Object state, Int32 timeout)
   at System.Web.Mvc.Async.AsyncControllerActionInvoker.BeginInvokeActionMethodWithFilters(ControllerContext controllerContext, IList`1 filters, ActionDescriptor actionDescriptor, IDictionary`2 parameters, AsyncCallback callback, Object state)
   at System.Web.Mvc.Async.AsyncControllerActionInvoker.<>c__DisplayClass25.<BeginInvokeAction>b__1e(AsyncCallback asyncCallback, Object asyncState)
 2015-04-09 12:20:47,064 [12] INFO  StatisticalSolutions.Controllers.Base.BaseController - Application URL - /StatisticalSolutions/Base/StatisticalError 
 2015-04-09 12:20:47,114 [12] INFO  StatisticalSolutions.Controllers.Base.BaseController - Application URL - /StatisticalSolutions/Base/StatisticalError 
 2015-04-09 12:20:47,114 [12] ERROR StatisticalSolutions.Controllers.Base.BaseController - Statistical exception message - Exception has been thrown by the target of an invocation.
 2015-04-09 12:20:47,114 [12] ERROR StatisticalSolutions.Controllers.Base.BaseController - Statistical exception stack trace -    at System.RuntimeTypeHandle.CreateInstance(RuntimeType type, Boolean publicOnly, Boolean noCheck, Boolean& canBeCached, RuntimeMethodHandleInternal& ctor, Boolean& bNeedSecurityCheck)
   at System.RuntimeType.CreateInstanceSlow(Boolean publicOnly, Boolean skipCheckThis, Boolean fillCache, StackCrawlMark& stackMark)
   at System.RuntimeType.CreateInstanceDefaultCtor(Boolean publicOnly, Boolean skipCheckThis, Boolean fillCache, StackCrawlMark& stackMark)
   at System.Activator.CreateInstance(Type type, Boolean nonPublic)
   at System.Activator.CreateInstance(Type type)
   at System.Threading.LazyHelpers`1.ActivatorFactorySelector()
   at System.Threading.LazyInitializer.EnsureInitializedCore[T](T& target, Boolean& initialized, Object& syncLock, Func`1 valueFactory)
   at System.Threading.LazyInitializer.EnsureInitialized[T](T& target, Boolean& initialized, Object& syncLock)
   at StatisticalSolutions.Filters.InitializeSimpleMembershipAttribute.OnActionExecuting(ActionExecutingContext filterContext) in c:\temp\3rdPartyProjects\StatisticalSolutions\StatisticalSolutions\Filters\InitializeSimpleMembershipAttribute.cs:line 23
   at System.Web.Mvc.Async.AsyncControllerActionInvoker.InvokeActionMethodFilterAsynchronously(IActionFilter filter, ActionExecutingContext preContext, Func`1 nextInChain)
   at System.Web.Mvc.Async.AsyncControllerActionInvoker.<>c__DisplayClass37.<>c__DisplayClass39.<>c__DisplayClass3b.<BeginInvokeActionMethodWithFilters>b__35()
   at System.Web.Mvc.Async.AsyncControllerActionInvoker.InvokeActionMethodFilterAsynchronously(IActionFilter filter, ActionExecutingContext preContext, Func`1 nextInChain)
   at System.Web.Mvc.Async.AsyncControllerActionInvoker.<>c__DisplayClass37.<>c__DisplayClass39.<>c__DisplayClass3b.<BeginInvokeActionMethodWithFilters>b__35()
   at System.Web.Mvc.Async.AsyncControllerActionInvoker.<>c__DisplayClass37.<BeginInvokeActionMethodWithFilters>b__31(AsyncCallback asyncCallback, Object asyncState)
   at System.Web.Mvc.Async.AsyncResultWrapper.WrappedAsyncResult`1.Begin(AsyncCallback callback, Object state, Int32 timeout)
   at System.Web.Mvc.Async.AsyncControllerActionInvoker.BeginInvokeActionMethodWithFilters(ControllerContext controllerContext, IList`1 filters, ActionDescriptor actionDescriptor, IDictionary`2 parameters, AsyncCallback callback, Object state)
   at System.Web.Mvc.Async.AsyncControllerActionInvoker.<>c__DisplayClass25.<BeginInvokeAction>b__1e(AsyncCallback asyncCallback, Object asyncState)
 2015-04-09 12:20:47,134 [7] INFO  StatisticalSolutions.Controllers.Base.BaseController - Application URL - /StatisticalSolutions/Base/StatisticalError 
 2015-04-09 12:20:47,184 [7] INFO  StatisticalSolutions.Controllers.Base.BaseController - Application URL - /StatisticalSolutions/Base/StatisticalError 
 2015-04-09 12:20:47,184 [7] ERROR StatisticalSolutions.Controllers.Base.BaseController - Statistical exception message - Exception has been thrown by the target of an invocation.
 2015-04-09 12:20:47,184 [7] ERROR StatisticalSolutions.Controllers.Base.BaseController - Statistical exception stack trace -    at System.RuntimeTypeHandle.CreateInstance(RuntimeType type, Boolean publicOnly, Boolean noCheck, Boolean& canBeCached, RuntimeMethodHandleInternal& ctor, Boolean& bNeedSecurityCheck)
   at System.RuntimeType.CreateInstanceSlow(Boolean publicOnly, Boolean skipCheckThis, Boolean fillCache, StackCrawlMark& stackMark)
   at System.RuntimeType.CreateInstanceDefaultCtor(Boolean publicOnly, Boolean skipCheckThis, Boolean fillCache, StackCrawlMark& stackMark)
   at System.Activator.CreateInstance(Type type, Boolean nonPublic)
   at System.Activator.CreateInstance(Type type)
   at System.Threading.LazyHelpers`1.ActivatorFactorySelector()
   at System.Threading.LazyInitializer.EnsureInitializedCore[T](T& target, Boolean& initialized, Object& syncLock, Func`1 valueFactory)
   at System.Threading.LazyInitializer.EnsureInitialized[T](T& target, Boolean& initialized, Object& syncLock)
   at StatisticalSolutions.Filters.InitializeSimpleMembershipAttribute.OnActionExecuting(ActionExecutingContext filterContext) in c:\temp\3rdPartyProjects\StatisticalSolutions\StatisticalSolutions\Filters\InitializeSimpleMembershipAttribute.cs:line 23
   at System.Web.Mvc.Async.AsyncControllerActionInvoker.InvokeActionMethodFilterAsynchronously(IActionFilter filter, ActionExecutingContext preContext, Func`1 nextInChain)
   at System.Web.Mvc.Async.AsyncControllerActionInvoker.<>c__DisplayClass37.<>c__DisplayClass39.<>c__DisplayClass3b.<BeginInvokeActionMethodWithFilters>b__35()
   at System.Web.Mvc.Async.AsyncControllerActionInvoker.InvokeActionMethodFilterAsynchronously(IActionFilter filter, ActionExecutingContext preContext, Func`1 nextInChain)
   at System.Web.Mvc.Async.AsyncControllerActionInvoker.<>c__DisplayClass37.<>c__DisplayClass39.<>c__DisplayClass3b.<BeginInvokeActionMethodWithFilters>b__35()
   at System.Web.Mvc.Async.AsyncControllerActionInvoker.<>c__DisplayClass37.<BeginInvokeActionMethodWithFilters>b__31(AsyncCallback asyncCallback, Object asyncState)
   at System.Web.Mvc.Async.AsyncResultWrapper.WrappedAsyncResult`1.Begin(AsyncCallback callback, Object state, Int32 timeout)
   at System.Web.Mvc.Async.AsyncControllerActionInvoker.BeginInvokeActionMethodWithFilters(ControllerContext controllerContext, IList`1 filters, ActionDescriptor actionDescriptor, IDictionary`2 parameters, AsyncCallback callback, Object state)
   at System.Web.Mvc.Async.AsyncControllerActionInvoker.<>c__DisplayClass25.<BeginInvokeAction>b__1e(AsyncCallback asyncCallback, Object asyncState)
 2015-04-09 12:20:47,184 [11] INFO  StatisticalSolutions.Controllers.Base.BaseController - Application URL - /StatisticalSolutions/Base/StatisticalError 
 2015-04-09 12:20:47,234 [11] INFO  StatisticalSolutions.Controllers.Base.BaseController - Application URL - /StatisticalSolutions/Base/StatisticalError 
 2015-04-09 12:20:47,244 [11] ERROR StatisticalSolutions.Controllers.Base.BaseController - Statistical exception message - Exception has been thrown by the target of an invocation.
 2015-04-09 12:20:47,244 [11] ERROR StatisticalSolutions.Controllers.Base.BaseController - Statistical exception stack trace -    at System.RuntimeTypeHandle.CreateInstance(RuntimeType type, Boolean publicOnly, Boolean noCheck, Boolean& canBeCached, RuntimeMethodHandleInternal& ctor, Boolean& bNeedSecurityCheck)
   at System.RuntimeType.CreateInstanceSlow(Boolean publicOnly, Boolean skipCheckThis, Boolean fillCache, StackCrawlMark& stackMark)
   at System.RuntimeType.CreateInstanceDefaultCtor(Boolean publicOnly, Boolean skipCheckThis, Boolean fillCache, StackCrawlMark& stackMark)
   at System.Activator.CreateInstance(Type type, Boolean nonPublic)
   at System.Activator.CreateInstance(Type type)
   at System.Threading.LazyHelpers`1.ActivatorFactorySelector()
   at System.Threading.LazyInitializer.EnsureInitializedCore[T](T& target, Boolean& initialized, Object& syncLock, Func`1 valueFactory)
   at System.Threading.LazyInitializer.EnsureInitialized[T](T& target, Boolean& initialized, Object& syncLock)
   at StatisticalSolutions.Filters.InitializeSimpleMembershipAttribute.OnActionExecuting(ActionExecutingContext filterContext) in c:\temp\3rdPartyProjects\StatisticalSolutions\StatisticalSolutions\Filters\InitializeSimpleMembershipAttribute.cs:line 23
   at System.Web.Mvc.Async.AsyncControllerActionInvoker.InvokeActionMethodFilterAsynchronously(IActionFilter filter, ActionExecutingContext preContext, Func`1 nextInChain)
   at System.Web.Mvc.Async.AsyncControllerActionInvoker.<>c__DisplayClass37.<>c__DisplayClass39.<>c__DisplayClass3b.<BeginInvokeActionMethodWithFilters>b__35()
   at System.Web.Mvc.Async.AsyncControllerActionInvoker.InvokeActionMethodFilterAsynchronously(IActionFilter filter, ActionExecutingContext preContext, Func`1 nextInChain)
   at System.Web.Mvc.Async.AsyncControllerActionInvoker.<>c__DisplayClass37.<>c__DisplayClass39.<>c__DisplayClass3b.<BeginInvokeActionMethodWithFilters>b__35()
   at System.Web.Mvc.Async.AsyncControllerActionInvoker.<>c__DisplayClass37.<BeginInvokeActionMethodWithFilters>b__31(AsyncCallback asyncCallback, Object asyncState)
   at System.Web.Mvc.Async.AsyncResultWrapper.WrappedAsyncResult`1.Begin(AsyncCallback callback, Object state, Int32 timeout)
   at System.Web.Mvc.Async.AsyncControllerActionInvoker.BeginInvokeActionMethodWithFilters(ControllerContext controllerContext, IList`1 filters, ActionDescriptor actionDescriptor, IDictionary`2 parameters, AsyncCallback callback, Object state)
   at System.Web.Mvc.Async.AsyncControllerActionInvoker.<>c__DisplayClass25.<BeginInvokeAction>b__1e(AsyncCallback asyncCallback, Object asyncState)
 2015-04-09 12:20:47,254 [10] INFO  StatisticalSolutions.Controllers.Base.BaseController - Application URL - /StatisticalSolutions/Base/StatisticalError 
 2015-04-09 12:20:47,354 [10] INFO  StatisticalSolutions.Controllers.Base.BaseController - Application URL - /StatisticalSolutions/Base/StatisticalError 
 2015-04-09 12:20:47,354 [10] ERROR StatisticalSolutions.Controllers.Base.BaseController - Statistical exception message - Exception has been thrown by the target of an invocation.
 2015-04-09 12:20:47,354 [10] ERROR StatisticalSolutions.Controllers.Base.BaseController - Statistical exception stack trace -    at System.RuntimeTypeHandle.CreateInstance(RuntimeType type, Boolean publicOnly, Boolean noCheck, Boolean& canBeCached, RuntimeMethodHandleInternal& ctor, Boolean& bNeedSecurityCheck)
   at System.RuntimeType.CreateInstanceSlow(Boolean publicOnly, Boolean skipCheckThis, Boolean fillCache, StackCrawlMark& stackMark)
   at System.RuntimeType.CreateInstanceDefaultCtor(Boolean publicOnly, Boolean skipCheckThis, Boolean fillCache, StackCrawlMark& stackMark)
   at System.Activator.CreateInstance(Type type, Boolean nonPublic)
   at System.Activator.CreateInstance(Type type)
   at System.Threading.LazyHelpers`1.ActivatorFactorySelector()
   at System.Threading.LazyInitializer.EnsureInitializedCore[T](T& target, Boolean& initialized, Object& syncLock, Func`1 valueFactory)
   at System.Threading.LazyInitializer.EnsureInitialized[T](T& target, Boolean& initialized, Object& syncLock)
   at StatisticalSolutions.Filters.InitializeSimpleMembershipAttribute.OnActionExecuting(ActionExecutingContext filterContext) in c:\temp\3rdPartyProjects\StatisticalSolutions\StatisticalSolutions\Filters\InitializeSimpleMembershipAttribute.cs:line 23
   at System.Web.Mvc.Async.AsyncControllerActionInvoker.InvokeActionMethodFilterAsynchronously(IActionFilter filter, ActionExecutingContext preContext, Func`1 nextInChain)
   at System.Web.Mvc.Async.AsyncControllerActionInvoker.<>c__DisplayClass37.<>c__DisplayClass39.<>c__DisplayClass3b.<BeginInvokeActionMethodWithFilters>b__35()
   at System.Web.Mvc.Async.AsyncControllerActionInvoker.InvokeActionMethodFilterAsynchronously(IActionFilter filter, ActionExecutingContext preContext, Func`1 nextInChain)
   at System.Web.Mvc.Async.AsyncControllerActionInvoker.<>c__DisplayClass37.<>c__DisplayClass39.<>c__DisplayClass3b.<BeginInvokeActionMethodWithFilters>b__35()
   at System.Web.Mvc.Async.AsyncControllerActionInvoker.<>c__DisplayClass37.<BeginInvokeActionMethodWithFilters>b__31(AsyncCallback asyncCallback, Object asyncState)
   at System.Web.Mvc.Async.AsyncResultWrapper.WrappedAsyncResult`1.Begin(AsyncCallback callback, Object state, Int32 timeout)
   at System.Web.Mvc.Async.AsyncControllerActionInvoker.BeginInvokeActionMethodWithFilters(ControllerContext controllerContext, IList`1 filters, ActionDescriptor actionDescriptor, IDictionary`2 parameters, AsyncCallback callback, Object state)
   at System.Web.Mvc.Async.AsyncControllerActionInvoker.<>c__DisplayClass25.<BeginInvokeAction>b__1e(AsyncCallback asyncCallback, Object asyncState)
 2015-04-09 12:20:47,364 [8] INFO  StatisticalSolutions.Controllers.Base.BaseController - Application URL - /StatisticalSolutions/Base/StatisticalError 
 2015-04-09 12:20:47,424 [8] INFO  StatisticalSolutions.Controllers.Base.BaseController - Application URL - /StatisticalSolutions/Base/StatisticalError 
 2015-04-09 12:20:47,424 [8] ERROR StatisticalSolutions.Controllers.Base.BaseController - Statistical exception message - Exception has been thrown by the target of an invocation.
 2015-04-09 12:20:47,424 [8] ERROR StatisticalSolutions.Controllers.Base.BaseController - Statistical exception stack trace -    at System.RuntimeTypeHandle.CreateInstance(RuntimeType type, Boolean publicOnly, Boolean noCheck, Boolean& canBeCached, RuntimeMethodHandleInternal& ctor, Boolean& bNeedSecurityCheck)
   at System.RuntimeType.CreateInstanceSlow(Boolean publicOnly, Boolean skipCheckThis, Boolean fillCache, StackCrawlMark& stackMark)
   at System.RuntimeType.CreateInstanceDefaultCtor(Boolean publicOnly, Boolean skipCheckThis, Boolean fillCache, StackCrawlMark& stackMark)
   at System.Activator.CreateInstance(Type type, Boolean nonPublic)
   at System.Activator.CreateInstance(Type type)
   at System.Threading.LazyHelpers`1.ActivatorFactorySelector()
   at System.Threading.LazyInitializer.EnsureInitializedCore[T](T& target, Boolean& initialized, Object& syncLock, Func`1 valueFactory)
   at System.Threading.LazyInitializer.EnsureInitialized[T](T& target, Boolean& initialized, Object& syncLock)
   at StatisticalSolutions.Filters.InitializeSimpleMembershipAttribute.OnActionExecuting(ActionExecutingContext filterContext) in c:\temp\3rdPartyProjects\StatisticalSolutions\StatisticalSolutions\Filters\InitializeSimpleMembershipAttribute.cs:line 23
   at System.Web.Mvc.Async.AsyncControllerActionInvoker.InvokeActionMethodFilterAsynchronously(IActionFilter filter, ActionExecutingContext preContext, Func`1 nextInChain)
   at System.Web.Mvc.Async.AsyncControllerActionInvoker.<>c__DisplayClass37.<>c__DisplayClass39.<>c__DisplayClass3b.<BeginInvokeActionMethodWithFilters>b__35()
   at System.Web.Mvc.Async.AsyncControllerActionInvoker.InvokeActionMethodFilterAsynchronously(IActionFilter filter, ActionExecutingContext preContext, Func`1 nextInChain)
   at System.Web.Mvc.Async.AsyncControllerActionInvoker.<>c__DisplayClass37.<>c__DisplayClass39.<>c__DisplayClass3b.<BeginInvokeActionMethodWithFilters>b__35()
   at System.Web.Mvc.Async.AsyncControllerActionInvoker.<>c__DisplayClass37.<BeginInvokeActionMethodWithFilters>b__31(AsyncCallback asyncCallback, Object asyncState)
   at System.Web.Mvc.Async.AsyncResultWrapper.WrappedAsyncResult`1.Begin(AsyncCallback callback, Object state, Int32 timeout)
   at System.Web.Mvc.Async.AsyncControllerActionInvoker.BeginInvokeActionMethodWithFilters(ControllerContext controllerContext, IList`1 filters, ActionDescriptor actionDescriptor, IDictionary`2 parameters, AsyncCallback callback, Object state)
   at System.Web.Mvc.Async.AsyncControllerActionInvoker.<>c__DisplayClass25.<BeginInvokeAction>b__1e(AsyncCallback asyncCallback, Object asyncState)
 2015-04-09 12:20:47,424 [15] INFO  StatisticalSolutions.Controllers.Base.BaseController - Application URL - /StatisticalSolutions/Base/StatisticalError 
 2015-04-09 12:20:47,494 [15] INFO  StatisticalSolutions.Controllers.Base.BaseController - Application URL - /StatisticalSolutions/Base/StatisticalError 
 2015-04-09 12:20:47,494 [15] ERROR StatisticalSolutions.Controllers.Base.BaseController - Statistical exception message - Exception has been thrown by the target of an invocation.
 2015-04-09 12:20:47,494 [15] ERROR StatisticalSolutions.Controllers.Base.BaseController - Statistical exception stack trace -    at System.RuntimeTypeHandle.CreateInstance(RuntimeType type, Boolean publicOnly, Boolean noCheck, Boolean& canBeCached, RuntimeMethodHandleInternal& ctor, Boolean& bNeedSecurityCheck)
   at System.RuntimeType.CreateInstanceSlow(Boolean publicOnly, Boolean skipCheckThis, Boolean fillCache, StackCrawlMark& stackMark)
   at System.RuntimeType.CreateInstanceDefaultCtor(Boolean publicOnly, Boolean skipCheckThis, Boolean fillCache, StackCrawlMark& stackMark)
   at System.Activator.CreateInstance(Type type, Boolean nonPublic)
   at System.Activator.CreateInstance(Type type)
   at System.Threading.LazyHelpers`1.ActivatorFactorySelector()
   at System.Threading.LazyInitializer.EnsureInitializedCore[T](T& target, Boolean& initialized, Object& syncLock, Func`1 valueFactory)
   at System.Threading.LazyInitializer.EnsureInitialized[T](T& target, Boolean& initialized, Object& syncLock)
   at StatisticalSolutions.Filters.InitializeSimpleMembershipAttribute.OnActionExecuting(ActionExecutingContext filterContext) in c:\temp\3rdPartyProjects\StatisticalSolutions\StatisticalSolutions\Filters\InitializeSimpleMembershipAttribute.cs:line 23
   at System.Web.Mvc.Async.AsyncControllerActionInvoker.InvokeActionMethodFilterAsynchronously(IActionFilter filter, ActionExecutingContext preContext, Func`1 nextInChain)
   at System.Web.Mvc.Async.AsyncControllerActionInvoker.<>c__DisplayClass37.<>c__DisplayClass39.<>c__DisplayClass3b.<BeginInvokeActionMethodWithFilters>b__35()
   at System.Web.Mvc.Async.AsyncControllerActionInvoker.InvokeActionMethodFilterAsynchronously(IActionFilter filter, ActionExecutingContext preContext, Func`1 nextInChain)
   at System.Web.Mvc.Async.AsyncControllerActionInvoker.<>c__DisplayClass37.<>c__DisplayClass39.<>c__DisplayClass3b.<BeginInvokeActionMethodWithFilters>b__35()
   at System.Web.Mvc.Async.AsyncControllerActionInvoker.<>c__DisplayClass37.<BeginInvokeActionMethodWithFilters>b__31(AsyncCallback asyncCallback, Object asyncState)
   at System.Web.Mvc.Async.AsyncResultWrapper.WrappedAsyncResult`1.Begin(AsyncCallback callback, Object state, Int32 timeout)
   at System.Web.Mvc.Async.AsyncControllerActionInvoker.BeginInvokeActionMethodWithFilters(ControllerContext controllerContext, IList`1 filters, ActionDescriptor actionDescriptor, IDictionary`2 parameters, AsyncCallback callback, Object state)
   at System.Web.Mvc.Async.AsyncControllerActionInvoker.<>c__DisplayClass25.<BeginInvokeAction>b__1e(AsyncCallback asyncCallback, Object asyncState)
 2015-04-09 12:20:47,504 [11] INFO  StatisticalSolutions.Controllers.Base.BaseController - Application URL - /StatisticalSolutions/Base/StatisticalError 
 2015-04-09 12:20:47,564 [11] INFO  StatisticalSolutions.Controllers.Base.BaseController - Application URL - /StatisticalSolutions/Base/StatisticalError 
 2015-04-09 12:20:47,564 [11] ERROR StatisticalSolutions.Controllers.Base.BaseController - Statistical exception message - Exception has been thrown by the target of an invocation.
 2015-04-09 12:20:47,564 [11] ERROR StatisticalSolutions.Controllers.Base.BaseController - Statistical exception stack trace -    at System.RuntimeTypeHandle.CreateInstance(RuntimeType type, Boolean publicOnly, Boolean noCheck, Boolean& canBeCached, RuntimeMethodHandleInternal& ctor, Boolean& bNeedSecurityCheck)
   at System.RuntimeType.CreateInstanceSlow(Boolean publicOnly, Boolean skipCheckThis, Boolean fillCache, StackCrawlMark& stackMark)
   at System.RuntimeType.CreateInstanceDefaultCtor(Boolean publicOnly, Boolean skipCheckThis, Boolean fillCache, StackCrawlMark& stackMark)
   at System.Activator.CreateInstance(Type type, Boolean nonPublic)
   at System.Activator.CreateInstance(Type type)
   at System.Threading.LazyHelpers`1.ActivatorFactorySelector()
   at System.Threading.LazyInitializer.EnsureInitializedCore[T](T& target, Boolean& initialized, Object& syncLock, Func`1 valueFactory)
   at System.Threading.LazyInitializer.EnsureInitialized[T](T& target, Boolean& initialized, Object& syncLock)
   at StatisticalSolutions.Filters.InitializeSimpleMembershipAttribute.OnActionExecuting(ActionExecutingContext filterContext) in c:\temp\3rdPartyProjects\StatisticalSolutions\StatisticalSolutions\Filters\InitializeSimpleMembershipAttribute.cs:line 23
   at System.Web.Mvc.Async.AsyncControllerActionInvoker.InvokeActionMethodFilterAsynchronously(IActionFilter filter, ActionExecutingContext preContext, Func`1 nextInChain)
   at System.Web.Mvc.Async.AsyncControllerActionInvoker.<>c__DisplayClass37.<>c__DisplayClass39.<>c__DisplayClass3b.<BeginInvokeActionMethodWithFilters>b__35()
   at System.Web.Mvc.Async.AsyncControllerActionInvoker.InvokeActionMethodFilterAsynchronously(IActionFilter filter, ActionExecutingContext preContext, Func`1 nextInChain)
   at System.Web.Mvc.Async.AsyncControllerActionInvoker.<>c__DisplayClass37.<>c__DisplayClass39.<>c__DisplayClass3b.<BeginInvokeActionMethodWithFilters>b__35()
   at System.Web.Mvc.Async.AsyncControllerActionInvoker.<>c__DisplayClass37.<BeginInvokeActionMethodWithFilters>b__31(AsyncCallback asyncCallback, Object asyncState)
   at System.Web.Mvc.Async.AsyncResultWrapper.WrappedAsyncResult`1.Begin(AsyncCallback callback, Object state, Int32 timeout)
   at System.Web.Mvc.Async.AsyncControllerActionInvoker.BeginInvokeActionMethodWithFilters(ControllerContext controllerContext, IList`1 filters, ActionDescriptor actionDescriptor, IDictionary`2 parameters, AsyncCallback callback, Object state)
   at System.Web.Mvc.Async.AsyncControllerActionInvoker.<>c__DisplayClass25.<BeginInvokeAction>b__1e(AsyncCallback asyncCallback, Object asyncState)
 2015-04-09 12:20:47,574 [5] INFO  StatisticalSolutions.Controllers.Base.BaseController - Application URL - /StatisticalSolutions/Base/StatisticalError 
 2015-04-09 12:20:47,634 [5] INFO  StatisticalSolutions.Controllers.Base.BaseController - Application URL - /StatisticalSolutions/Base/StatisticalError 
 2015-04-09 12:20:47,644 [5] ERROR StatisticalSolutions.Controllers.Base.BaseController - Statistical exception message - Exception has been thrown by the target of an invocation.
 2015-04-09 12:20:47,644 [5] ERROR StatisticalSolutions.Controllers.Base.BaseController - Statistical exception stack trace -    at System.RuntimeTypeHandle.CreateInstance(RuntimeType type, Boolean publicOnly, Boolean noCheck, Boolean& canBeCached, RuntimeMethodHandleInternal& ctor, Boolean& bNeedSecurityCheck)
   at System.RuntimeType.CreateInstanceSlow(Boolean publicOnly, Boolean skipCheckThis, Boolean fillCache, StackCrawlMark& stackMark)
   at System.RuntimeType.CreateInstanceDefaultCtor(Boolean publicOnly, Boolean skipCheckThis, Boolean fillCache, StackCrawlMark& stackMark)
   at System.Activator.CreateInstance(Type type, Boolean nonPublic)
   at System.Activator.CreateInstance(Type type)
   at System.Threading.LazyHelpers`1.ActivatorFactorySelector()
   at System.Threading.LazyInitializer.EnsureInitializedCore[T](T& target, Boolean& initialized, Object& syncLock, Func`1 valueFactory)
   at System.Threading.LazyInitializer.EnsureInitialized[T](T& target, Boolean& initialized, Object& syncLock)
   at StatisticalSolutions.Filters.InitializeSimpleMembershipAttribute.OnActionExecuting(ActionExecutingContext filterContext) in c:\temp\3rdPartyProjects\StatisticalSolutions\StatisticalSolutions\Filters\InitializeSimpleMembershipAttribute.cs:line 23
   at System.Web.Mvc.Async.AsyncControllerActionInvoker.InvokeActionMethodFilterAsynchronously(IActionFilter filter, ActionExecutingContext preContext, Func`1 nextInChain)
   at System.Web.Mvc.Async.AsyncControllerActionInvoker.<>c__DisplayClass37.<>c__DisplayClass39.<>c__DisplayClass3b.<BeginInvokeActionMethodWithFilters>b__35()
   at System.Web.Mvc.Async.AsyncControllerActionInvoker.InvokeActionMethodFilterAsynchronously(IActionFilter filter, ActionExecutingContext preContext, Func`1 nextInChain)
   at System.Web.Mvc.Async.AsyncControllerActionInvoker.<>c__DisplayClass37.<>c__DisplayClass39.<>c__DisplayClass3b.<BeginInvokeActionMethodWithFilters>b__35()
   at System.Web.Mvc.Async.AsyncControllerActionInvoker.<>c__DisplayClass37.<BeginInvokeActionMethodWithFilters>b__31(AsyncCallback asyncCallback, Object asyncState)
   at System.Web.Mvc.Async.AsyncResultWrapper.WrappedAsyncResult`1.Begin(AsyncCallback callback, Object state, Int32 timeout)
   at System.Web.Mvc.Async.AsyncControllerActionInvoker.BeginInvokeActionMethodWithFilters(ControllerContext controllerContext, IList`1 filters, ActionDescriptor actionDescriptor, IDictionary`2 parameters, AsyncCallback callback, Object state)
   at System.Web.Mvc.Async.AsyncControllerActionInvoker.<>c__DisplayClass25.<BeginInvokeAction>b__1e(AsyncCallback asyncCallback, Object asyncState)
 2015-04-09 12:20:47,644 [7] INFO  StatisticalSolutions.Controllers.Base.BaseController - Application URL - /StatisticalSolutions/Base/StatisticalError 
 2015-04-09 12:20:47,704 [7] INFO  StatisticalSolutions.Controllers.Base.BaseController - Application URL - /StatisticalSolutions/Base/StatisticalError 
 2015-04-09 12:20:47,714 [7] ERROR StatisticalSolutions.Controllers.Base.BaseController - Statistical exception message - Exception has been thrown by the target of an invocation.
 2015-04-09 12:20:47,714 [7] ERROR StatisticalSolutions.Controllers.Base.BaseController - Statistical exception stack trace -    at System.RuntimeTypeHandle.CreateInstance(RuntimeType type, Boolean publicOnly, Boolean noCheck, Boolean& canBeCached, RuntimeMethodHandleInternal& ctor, Boolean& bNeedSecurityCheck)
   at System.RuntimeType.CreateInstanceSlow(Boolean publicOnly, Boolean skipCheckThis, Boolean fillCache, StackCrawlMark& stackMark)
   at System.RuntimeType.CreateInstanceDefaultCtor(Boolean publicOnly, Boolean skipCheckThis, Boolean fillCache, StackCrawlMark& stackMark)
   at System.Activator.CreateInstance(Type type, Boolean nonPublic)
   at System.Activator.CreateInstance(Type type)
   at System.Threading.LazyHelpers`1.ActivatorFactorySelector()
   at System.Threading.LazyInitializer.EnsureInitializedCore[T](T& target, Boolean& initialized, Object& syncLock, Func`1 valueFactory)
   at System.Threading.LazyInitializer.EnsureInitialized[T](T& target, Boolean& initialized, Object& syncLock)
   at StatisticalSolutions.Filters.InitializeSimpleMembershipAttribute.OnActionExecuting(ActionExecutingContext filterContext) in c:\temp\3rdPartyProjects\StatisticalSolutions\StatisticalSolutions\Filters\InitializeSimpleMembershipAttribute.cs:line 23
   at System.Web.Mvc.Async.AsyncControllerActionInvoker.InvokeActionMethodFilterAsynchronously(IActionFilter filter, ActionExecutingContext preContext, Func`1 nextInChain)
   at System.Web.Mvc.Async.AsyncControllerActionInvoker.<>c__DisplayClass37.<>c__DisplayClass39.<>c__DisplayClass3b.<BeginInvokeActionMethodWithFilters>b__35()
   at System.Web.Mvc.Async.AsyncControllerActionInvoker.InvokeActionMethodFilterAsynchronously(IActionFilter filter, ActionExecutingContext preContext, Func`1 nextInChain)
   at System.Web.Mvc.Async.AsyncControllerActionInvoker.<>c__DisplayClass37.<>c__DisplayClass39.<>c__DisplayClass3b.<BeginInvokeActionMethodWithFilters>b__35()
   at System.Web.Mvc.Async.AsyncControllerActionInvoker.<>c__DisplayClass37.<BeginInvokeActionMethodWithFilters>b__31(AsyncCallback asyncCallback, Object asyncState)
   at System.Web.Mvc.Async.AsyncResultWrapper.WrappedAsyncResult`1.Begin(AsyncCallback callback, Object state, Int32 timeout)
   at System.Web.Mvc.Async.AsyncControllerActionInvoker.BeginInvokeActionMethodWithFilters(ControllerContext controllerContext, IList`1 filters, ActionDescriptor actionDescriptor, IDictionary`2 parameters, AsyncCallback callback, Object state)
   at System.Web.Mvc.Async.AsyncControllerActionInvoker.<>c__DisplayClass25.<BeginInvokeAction>b__1e(AsyncCallback asyncCallback, Object asyncState)
 2015-04-09 12:20:47,714 [8] INFO  StatisticalSolutions.Controllers.Base.BaseController - Application URL - /StatisticalSolutions/Base/StatisticalError 
 2015-04-09 12:20:47,774 [8] INFO  StatisticalSolutions.Controllers.Base.BaseController - Application URL - /StatisticalSolutions/Base/StatisticalError 
 2015-04-09 12:20:47,774 [8] ERROR StatisticalSolutions.Controllers.Base.BaseController - Statistical exception message - Exception has been thrown by the target of an invocation.
 2015-04-09 12:20:47,774 [8] ERROR StatisticalSolutions.Controllers.Base.BaseController - Statistical exception stack trace -    at System.RuntimeTypeHandle.CreateInstance(RuntimeType type, Boolean publicOnly, Boolean noCheck, Boolean& canBeCached, RuntimeMethodHandleInternal& ctor, Boolean& bNeedSecurityCheck)
   at System.RuntimeType.CreateInstanceSlow(Boolean publicOnly, Boolean skipCheckThis, Boolean fillCache, StackCrawlMark& stackMark)
   at System.RuntimeType.CreateInstanceDefaultCtor(Boolean publicOnly, Boolean skipCheckThis, Boolean fillCache, StackCrawlMark& stackMark)
   at System.Activator.CreateInstance(Type type, Boolean nonPublic)
   at System.Activator.CreateInstance(Type type)
   at System.Threading.LazyHelpers`1.ActivatorFactorySelector()
   at System.Threading.LazyInitializer.EnsureInitializedCore[T](T& target, Boolean& initialized, Object& syncLock, Func`1 valueFactory)
   at System.Threading.LazyInitializer.EnsureInitialized[T](T& target, Boolean& initialized, Object& syncLock)
   at StatisticalSolutions.Filters.InitializeSimpleMembershipAttribute.OnActionExecuting(ActionExecutingContext filterContext) in c:\temp\3rdPartyProjects\StatisticalSolutions\StatisticalSolutions\Filters\InitializeSimpleMembershipAttribute.cs:line 23
   at System.Web.Mvc.Async.AsyncControllerActionInvoker.InvokeActionMethodFilterAsynchronously(IActionFilter filter, ActionExecutingContext preContext, Func`1 nextInChain)
   at System.Web.Mvc.Async.AsyncControllerActionInvoker.<>c__DisplayClass37.<>c__DisplayClass39.<>c__DisplayClass3b.<BeginInvokeActionMethodWithFilters>b__35()
   at System.Web.Mvc.Async.AsyncControllerActionInvoker.InvokeActionMethodFilterAsynchronously(IActionFilter filter, ActionExecutingContext preContext, Func`1 nextInChain)
   at System.Web.Mvc.Async.AsyncControllerActionInvoker.<>c__DisplayClass37.<>c__DisplayClass39.<>c__DisplayClass3b.<BeginInvokeActionMethodWithFilters>b__35()
   at System.Web.Mvc.Async.AsyncControllerActionInvoker.<>c__DisplayClass37.<BeginInvokeActionMethodWithFilters>b__31(AsyncCallback asyncCallback, Object asyncState)
   at System.Web.Mvc.Async.AsyncResultWrapper.WrappedAsyncResult`1.Begin(AsyncCallback callback, Object state, Int32 timeout)
   at System.Web.Mvc.Async.AsyncControllerActionInvoker.BeginInvokeActionMethodWithFilters(ControllerContext controllerContext, IList`1 filters, ActionDescriptor actionDescriptor, IDictionary`2 parameters, AsyncCallback callback, Object state)
   at System.Web.Mvc.Async.AsyncControllerActionInvoker.<>c__DisplayClass25.<BeginInvokeAction>b__1e(AsyncCallback asyncCallback, Object asyncState)
 2015-04-09 12:20:47,784 [10] INFO  StatisticalSolutions.Controllers.Base.BaseController - Application URL - /StatisticalSolutions/Base/StatisticalError 
 2015-04-09 12:20:47,844 [10] INFO  StatisticalSolutions.Controllers.Base.BaseController - Application URL - /StatisticalSolutions/Base/StatisticalError 
 2015-04-09 12:20:47,844 [10] ERROR StatisticalSolutions.Controllers.Base.BaseController - Statistical exception message - Exception has been thrown by the target of an invocation.
 2015-04-09 12:20:47,844 [10] ERROR StatisticalSolutions.Controllers.Base.BaseController - Statistical exception stack trace -    at System.RuntimeTypeHandle.CreateInstance(RuntimeType type, Boolean publicOnly, Boolean noCheck, Boolean& canBeCached, RuntimeMethodHandleInternal& ctor, Boolean& bNeedSecurityCheck)
   at System.RuntimeType.CreateInstanceSlow(Boolean publicOnly, Boolean skipCheckThis, Boolean fillCache, StackCrawlMark& stackMark)
   at System.RuntimeType.CreateInstanceDefaultCtor(Boolean publicOnly, Boolean skipCheckThis, Boolean fillCache, StackCrawlMark& stackMark)
   at System.Activator.CreateInstance(Type type, Boolean nonPublic)
   at System.Activator.CreateInstance(Type type)
   at System.Threading.LazyHelpers`1.ActivatorFactorySelector()
   at System.Threading.LazyInitializer.EnsureInitializedCore[T](T& target, Boolean& initialized, Object& syncLock, Func`1 valueFactory)
   at System.Threading.LazyInitializer.EnsureInitialized[T](T& target, Boolean& initialized, Object& syncLock)
   at StatisticalSolutions.Filters.InitializeSimpleMembershipAttribute.OnActionExecuting(ActionExecutingContext filterContext) in c:\temp\3rdPartyProjects\StatisticalSolutions\StatisticalSolutions\Filters\InitializeSimpleMembershipAttribute.cs:line 23
   at System.Web.Mvc.Async.AsyncControllerActionInvoker.InvokeActionMethodFilterAsynchronously(IActionFilter filter, ActionExecutingContext preContext, Func`1 nextInChain)
   at System.Web.Mvc.Async.AsyncControllerActionInvoker.<>c__DisplayClass37.<>c__DisplayClass39.<>c__DisplayClass3b.<BeginInvokeActionMethodWithFilters>b__35()
   at System.Web.Mvc.Async.AsyncControllerActionInvoker.InvokeActionMethodFilterAsynchronously(IActionFilter filter, ActionExecutingContext preContext, Func`1 nextInChain)
   at System.Web.Mvc.Async.AsyncControllerActionInvoker.<>c__DisplayClass37.<>c__DisplayClass39.<>c__DisplayClass3b.<BeginInvokeActionMethodWithFilters>b__35()
   at System.Web.Mvc.Async.AsyncControllerActionInvoker.<>c__DisplayClass37.<BeginInvokeActionMethodWithFilters>b__31(AsyncCallback asyncCallback, Object asyncState)
   at System.Web.Mvc.Async.AsyncResultWrapper.WrappedAsyncResult`1.Begin(AsyncCallback callback, Object state, Int32 timeout)
   at System.Web.Mvc.Async.AsyncControllerActionInvoker.BeginInvokeActionMethodWithFilters(ControllerContext controllerContext, IList`1 filters, ActionDescriptor actionDescriptor, IDictionary`2 parameters, AsyncCallback callback, Object state)
   at System.Web.Mvc.Async.AsyncControllerActionInvoker.<>c__DisplayClass25.<BeginInvokeAction>b__1e(AsyncCallback asyncCallback, Object asyncState)
 2015-04-09 12:20:47,844 [7] INFO  StatisticalSolutions.Controllers.Base.BaseController - Application URL - /StatisticalSolutions/Base/StatisticalError 
 2015-04-09 12:20:47,894 [7] INFO  StatisticalSolutions.Controllers.Base.BaseController - Application URL - /StatisticalSolutions/Base/StatisticalError 
 2015-04-09 12:20:47,894 [7] ERROR StatisticalSolutions.Controllers.Base.BaseController - Statistical exception message - Exception has been thrown by the target of an invocation.
 2015-04-09 12:20:47,904 [7] ERROR StatisticalSolutions.Controllers.Base.BaseController - Statistical exception stack trace -    at System.RuntimeTypeHandle.CreateInstance(RuntimeType type, Boolean publicOnly, Boolean noCheck, Boolean& canBeCached, RuntimeMethodHandleInternal& ctor, Boolean& bNeedSecurityCheck)
   at System.RuntimeType.CreateInstanceSlow(Boolean publicOnly, Boolean skipCheckThis, Boolean fillCache, StackCrawlMark& stackMark)
   at System.RuntimeType.CreateInstanceDefaultCtor(Boolean publicOnly, Boolean skipCheckThis, Boolean fillCache, StackCrawlMark& stackMark)
   at System.Activator.CreateInstance(Type type, Boolean nonPublic)
   at System.Activator.CreateInstance(Type type)
   at System.Threading.LazyHelpers`1.ActivatorFactorySelector()
   at System.Threading.LazyInitializer.EnsureInitializedCore[T](T& target, Boolean& initialized, Object& syncLock, Func`1 valueFactory)
   at System.Threading.LazyInitializer.EnsureInitialized[T](T& target, Boolean& initialized, Object& syncLock)
   at StatisticalSolutions.Filters.InitializeSimpleMembershipAttribute.OnActionExecuting(ActionExecutingContext filterContext) in c:\temp\3rdPartyProjects\StatisticalSolutions\StatisticalSolutions\Filters\InitializeSimpleMembershipAttribute.cs:line 23
   at System.Web.Mvc.Async.AsyncControllerActionInvoker.InvokeActionMethodFilterAsynchronously(IActionFilter filter, ActionExecutingContext preContext, Func`1 nextInChain)
   at System.Web.Mvc.Async.AsyncControllerActionInvoker.<>c__DisplayClass37.<>c__DisplayClass39.<>c__DisplayClass3b.<BeginInvokeActionMethodWithFilters>b__35()
   at System.Web.Mvc.Async.AsyncControllerActionInvoker.InvokeActionMethodFilterAsynchronously(IActionFilter filter, ActionExecutingContext preContext, Func`1 nextInChain)
   at System.Web.Mvc.Async.AsyncControllerActionInvoker.<>c__DisplayClass37.<>c__DisplayClass39.<>c__DisplayClass3b.<BeginInvokeActionMethodWithFilters>b__35()
   at System.Web.Mvc.Async.AsyncControllerActionInvoker.<>c__DisplayClass37.<BeginInvokeActionMethodWithFilters>b__31(AsyncCallback asyncCallback, Object asyncState)
   at System.Web.Mvc.Async.AsyncResultWrapper.WrappedAsyncResult`1.Begin(AsyncCallback callback, Object state, Int32 timeout)
   at System.Web.Mvc.Async.AsyncControllerActionInvoker.BeginInvokeActionMethodWithFilters(ControllerContext controllerContext, IList`1 filters, ActionDescriptor actionDescriptor, IDictionary`2 parameters, AsyncCallback callback, Object state)
   at System.Web.Mvc.Async.AsyncControllerActionInvoker.<>c__DisplayClass25.<BeginInvokeAction>b__1e(AsyncCallback asyncCallback, Object asyncState)
 2015-04-09 12:20:47,904 [10] INFO  StatisticalSolutions.Controllers.Base.BaseController - Application URL - /StatisticalSolutions/Base/StatisticalError 
 2015-04-09 12:20:47,954 [10] INFO  StatisticalSolutions.Controllers.Base.BaseController - Application URL - /StatisticalSolutions/Base/StatisticalError 
 2015-04-09 12:20:47,954 [10] ERROR StatisticalSolutions.Controllers.Base.BaseController - Statistical exception message - Exception has been thrown by the target of an invocation.
 2015-04-09 12:20:47,954 [10] ERROR StatisticalSolutions.Controllers.Base.BaseController - Statistical exception stack trace -    at System.RuntimeTypeHandle.CreateInstance(RuntimeType type, Boolean publicOnly, Boolean noCheck, Boolean& canBeCached, RuntimeMethodHandleInternal& ctor, Boolean& bNeedSecurityCheck)
   at System.RuntimeType.CreateInstanceSlow(Boolean publicOnly, Boolean skipCheckThis, Boolean fillCache, StackCrawlMark& stackMark)
   at System.RuntimeType.CreateInstanceDefaultCtor(Boolean publicOnly, Boolean skipCheckThis, Boolean fillCache, StackCrawlMark& stackMark)
   at System.Activator.CreateInstance(Type type, Boolean nonPublic)
   at System.Activator.CreateInstance(Type type)
   at System.Threading.LazyHelpers`1.ActivatorFactorySelector()
   at System.Threading.LazyInitializer.EnsureInitializedCore[T](T& target, Boolean& initialized, Object& syncLock, Func`1 valueFactory)
   at System.Threading.LazyInitializer.EnsureInitialized[T](T& target, Boolean& initialized, Object& syncLock)
   at StatisticalSolutions.Filters.InitializeSimpleMembershipAttribute.OnActionExecuting(ActionExecutingContext filterContext) in c:\temp\3rdPartyProjects\StatisticalSolutions\StatisticalSolutions\Filters\InitializeSimpleMembershipAttribute.cs:line 23
   at System.Web.Mvc.Async.AsyncControllerActionInvoker.InvokeActionMethodFilterAsynchronously(IActionFilter filter, ActionExecutingContext preContext, Func`1 nextInChain)
   at System.Web.Mvc.Async.AsyncControllerActionInvoker.<>c__DisplayClass37.<>c__DisplayClass39.<>c__DisplayClass3b.<BeginInvokeActionMethodWithFilters>b__35()
   at System.Web.Mvc.Async.AsyncControllerActionInvoker.InvokeActionMethodFilterAsynchronously(IActionFilter filter, ActionExecutingContext preContext, Func`1 nextInChain)
   at System.Web.Mvc.Async.AsyncControllerActionInvoker.<>c__DisplayClass37.<>c__DisplayClass39.<>c__DisplayClass3b.<BeginInvokeActionMethodWithFilters>b__35()
   at System.Web.Mvc.Async.AsyncControllerActionInvoker.<>c__DisplayClass37.<BeginInvokeActionMethodWithFilters>b__31(AsyncCallback asyncCallback, Object asyncState)
   at System.Web.Mvc.Async.AsyncResultWrapper.WrappedAsyncResult`1.Begin(AsyncCallback callback, Object state, Int32 timeout)
   at System.Web.Mvc.Async.AsyncControllerActionInvoker.BeginInvokeActionMethodWithFilters(ControllerContext controllerContext, IList`1 filters, ActionDescriptor actionDescriptor, IDictionary`2 parameters, AsyncCallback callback, Object state)
   at System.Web.Mvc.Async.AsyncControllerActionInvoker.<>c__DisplayClass25.<BeginInvokeAction>b__1e(AsyncCallback asyncCallback, Object asyncState)
 2015-04-09 12:20:47,954 [8] INFO  StatisticalSolutions.Controllers.Base.BaseController - Application URL - /StatisticalSolutions/Base/StatisticalError 
 2015-04-09 12:20:48,004 [8] INFO  StatisticalSolutions.Controllers.Base.BaseController - Application URL - /StatisticalSolutions/Base/StatisticalError 
 2015-04-09 12:20:48,004 [8] ERROR StatisticalSolutions.Controllers.Base.BaseController - Statistical exception message - Exception has been thrown by the target of an invocation.
 2015-04-09 12:20:48,004 [8] ERROR StatisticalSolutions.Controllers.Base.BaseController - Statistical exception stack trace -    at System.RuntimeTypeHandle.CreateInstance(RuntimeType type, Boolean publicOnly, Boolean noCheck, Boolean& canBeCached, RuntimeMethodHandleInternal& ctor, Boolean& bNeedSecurityCheck)
   at System.RuntimeType.CreateInstanceSlow(Boolean publicOnly, Boolean skipCheckThis, Boolean fillCache, StackCrawlMark& stackMark)
   at System.RuntimeType.CreateInstanceDefaultCtor(Boolean publicOnly, Boolean skipCheckThis, Boolean fillCache, StackCrawlMark& stackMark)
   at System.Activator.CreateInstance(Type type, Boolean nonPublic)
   at System.Activator.CreateInstance(Type type)
   at System.Threading.LazyHelpers`1.ActivatorFactorySelector()
   at System.Threading.LazyInitializer.EnsureInitializedCore[T](T& target, Boolean& initialized, Object& syncLock, Func`1 valueFactory)
   at System.Threading.LazyInitializer.EnsureInitialized[T](T& target, Boolean& initialized, Object& syncLock)
   at StatisticalSolutions.Filters.InitializeSimpleMembershipAttribute.OnActionExecuting(ActionExecutingContext filterContext) in c:\temp\3rdPartyProjects\StatisticalSolutions\StatisticalSolutions\Filters\InitializeSimpleMembershipAttribute.cs:line 23
   at System.Web.Mvc.Async.AsyncControllerActionInvoker.InvokeActionMethodFilterAsynchronously(IActionFilter filter, ActionExecutingContext preContext, Func`1 nextInChain)
   at System.Web.Mvc.Async.AsyncControllerActionInvoker.<>c__DisplayClass37.<>c__DisplayClass39.<>c__DisplayClass3b.<BeginInvokeActionMethodWithFilters>b__35()
   at System.Web.Mvc.Async.AsyncControllerActionInvoker.InvokeActionMethodFilterAsynchronously(IActionFilter filter, ActionExecutingContext preContext, Func`1 nextInChain)
   at System.Web.Mvc.Async.AsyncControllerActionInvoker.<>c__DisplayClass37.<>c__DisplayClass39.<>c__DisplayClass3b.<BeginInvokeActionMethodWithFilters>b__35()
   at System.Web.Mvc.Async.AsyncControllerActionInvoker.<>c__DisplayClass37.<BeginInvokeActionMethodWithFilters>b__31(AsyncCallback asyncCallback, Object asyncState)
   at System.Web.Mvc.Async.AsyncResultWrapper.WrappedAsyncResult`1.Begin(AsyncCallback callback, Object state, Int32 timeout)
   at System.Web.Mvc.Async.AsyncControllerActionInvoker.BeginInvokeActionMethodWithFilters(ControllerContext controllerContext, IList`1 filters, ActionDescriptor actionDescriptor, IDictionary`2 parameters, AsyncCallback callback, Object state)
   at System.Web.Mvc.Async.AsyncControllerActionInvoker.<>c__DisplayClass25.<BeginInvokeAction>b__1e(AsyncCallback asyncCallback, Object asyncState)
 2015-04-09 12:20:48,004 [15] INFO  StatisticalSolutions.Controllers.Base.BaseController - Application URL - /StatisticalSolutions/Base/StatisticalError 
 2015-04-09 12:20:48,054 [15] INFO  StatisticalSolutions.Controllers.Base.BaseController - Application URL - /StatisticalSolutions/Base/StatisticalError 
 2015-04-09 12:20:48,054 [15] ERROR StatisticalSolutions.Controllers.Base.BaseController - Statistical exception message - Exception has been thrown by the target of an invocation.
 2015-04-09 12:20:48,054 [15] ERROR StatisticalSolutions.Controllers.Base.BaseController - Statistical exception stack trace -    at System.RuntimeTypeHandle.CreateInstance(RuntimeType type, Boolean publicOnly, Boolean noCheck, Boolean& canBeCached, RuntimeMethodHandleInternal& ctor, Boolean& bNeedSecurityCheck)
   at System.RuntimeType.CreateInstanceSlow(Boolean publicOnly, Boolean skipCheckThis, Boolean fillCache, StackCrawlMark& stackMark)
   at System.RuntimeType.CreateInstanceDefaultCtor(Boolean publicOnly, Boolean skipCheckThis, Boolean fillCache, StackCrawlMark& stackMark)
   at System.Activator.CreateInstance(Type type, Boolean nonPublic)
   at System.Activator.CreateInstance(Type type)
   at System.Threading.LazyHelpers`1.ActivatorFactorySelector()
   at System.Threading.LazyInitializer.EnsureInitializedCore[T](T& target, Boolean& initialized, Object& syncLock, Func`1 valueFactory)
   at System.Threading.LazyInitializer.EnsureInitialized[T](T& target, Boolean& initialized, Object& syncLock)
   at StatisticalSolutions.Filters.InitializeSimpleMembershipAttribute.OnActionExecuting(ActionExecutingContext filterContext) in c:\temp\3rdPartyProjects\StatisticalSolutions\StatisticalSolutions\Filters\InitializeSimpleMembershipAttribute.cs:line 23
   at System.Web.Mvc.Async.AsyncControllerActionInvoker.InvokeActionMethodFilterAsynchronously(IActionFilter filter, ActionExecutingContext preContext, Func`1 nextInChain)
   at System.Web.Mvc.Async.AsyncControllerActionInvoker.<>c__DisplayClass37.<>c__DisplayClass39.<>c__DisplayClass3b.<BeginInvokeActionMethodWithFilters>b__35()
   at System.Web.Mvc.Async.AsyncControllerActionInvoker.InvokeActionMethodFilterAsynchronously(IActionFilter filter, ActionExecutingContext preContext, Func`1 nextInChain)
   at System.Web.Mvc.Async.AsyncControllerActionInvoker.<>c__DisplayClass37.<>c__DisplayClass39.<>c__DisplayClass3b.<BeginInvokeActionMethodWithFilters>b__35()
   at System.Web.Mvc.Async.AsyncControllerActionInvoker.<>c__DisplayClass37.<BeginInvokeActionMethodWithFilters>b__31(AsyncCallback asyncCallback, Object asyncState)
   at System.Web.Mvc.Async.AsyncResultWrapper.WrappedAsyncResult`1.Begin(AsyncCallback callback, Object state, Int32 timeout)
   at System.Web.Mvc.Async.AsyncControllerActionInvoker.BeginInvokeActionMethodWithFilters(ControllerContext controllerContext, IList`1 filters, ActionDescriptor actionDescriptor, IDictionary`2 parameters, AsyncCallback callback, Object state)
   at System.Web.Mvc.Async.AsyncControllerActionInvoker.<>c__DisplayClass25.<BeginInvokeAction>b__1e(AsyncCallback asyncCallback, Object asyncState)
 2015-04-09 12:20:48,064 [5] INFO  StatisticalSolutions.Controllers.Base.BaseController - Application URL - /StatisticalSolutions/Base/StatisticalError 
 2015-04-09 12:20:48,114 [5] INFO  StatisticalSolutions.Controllers.Base.BaseController - Application URL - /StatisticalSolutions/Base/StatisticalError 
 2015-04-09 12:20:48,114 [5] ERROR StatisticalSolutions.Controllers.Base.BaseController - Statistical exception message - Exception has been thrown by the target of an invocation.
 2015-04-09 12:20:48,114 [5] ERROR StatisticalSolutions.Controllers.Base.BaseController - Statistical exception stack trace -    at System.RuntimeTypeHandle.CreateInstance(RuntimeType type, Boolean publicOnly, Boolean noCheck, Boolean& canBeCached, RuntimeMethodHandleInternal& ctor, Boolean& bNeedSecurityCheck)
   at System.RuntimeType.CreateInstanceSlow(Boolean publicOnly, Boolean skipCheckThis, Boolean fillCache, StackCrawlMark& stackMark)
   at System.RuntimeType.CreateInstanceDefaultCtor(Boolean publicOnly, Boolean skipCheckThis, Boolean fillCache, StackCrawlMark& stackMark)
   at System.Activator.CreateInstance(Type type, Boolean nonPublic)
   at System.Activator.CreateInstance(Type type)
   at System.Threading.LazyHelpers`1.ActivatorFactorySelector()
   at System.Threading.LazyInitializer.EnsureInitializedCore[T](T& target, Boolean& initialized, Object& syncLock, Func`1 valueFactory)
   at System.Threading.LazyInitializer.EnsureInitialized[T](T& target, Boolean& initialized, Object& syncLock)
   at StatisticalSolutions.Filters.InitializeSimpleMembershipAttribute.OnActionExecuting(ActionExecutingContext filterContext) in c:\temp\3rdPartyProjects\StatisticalSolutions\StatisticalSolutions\Filters\InitializeSimpleMembershipAttribute.cs:line 23
   at System.Web.Mvc.Async.AsyncControllerActionInvoker.InvokeActionMethodFilterAsynchronously(IActionFilter filter, ActionExecutingContext preContext, Func`1 nextInChain)
   at System.Web.Mvc.Async.AsyncControllerActionInvoker.<>c__DisplayClass37.<>c__DisplayClass39.<>c__DisplayClass3b.<BeginInvokeActionMethodWithFilters>b__35()
   at System.Web.Mvc.Async.AsyncControllerActionInvoker.InvokeActionMethodFilterAsynchronously(IActionFilter filter, ActionExecutingContext preContext, Func`1 nextInChain)
   at System.Web.Mvc.Async.AsyncControllerActionInvoker.<>c__DisplayClass37.<>c__DisplayClass39.<>c__DisplayClass3b.<BeginInvokeActionMethodWithFilters>b__35()
   at System.Web.Mvc.Async.AsyncControllerActionInvoker.<>c__DisplayClass37.<BeginInvokeActionMethodWithFilters>b__31(AsyncCallback asyncCallback, Object asyncState)
   at System.Web.Mvc.Async.AsyncResultWrapper.WrappedAsyncResult`1.Begin(AsyncCallback callback, Object state, Int32 timeout)
   at System.Web.Mvc.Async.AsyncControllerActionInvoker.BeginInvokeActionMethodWithFilters(ControllerContext controllerContext, IList`1 filters, ActionDescriptor actionDescriptor, IDictionary`2 parameters, AsyncCallback callback, Object state)
   at System.Web.Mvc.Async.AsyncControllerActionInvoker.<>c__DisplayClass25.<BeginInvokeAction>b__1e(AsyncCallback asyncCallback, Object asyncState)
 2015-04-09 12:20:48,114 [8] INFO  StatisticalSolutions.Controllers.Base.BaseController - Application URL - /StatisticalSolutions/Base/StatisticalError 
 2015-04-09 12:20:48,164 [8] INFO  StatisticalSolutions.Controllers.Base.BaseController - Application URL - /StatisticalSolutions/Base/StatisticalError 
 2015-04-09 12:20:48,164 [8] ERROR StatisticalSolutions.Controllers.Base.BaseController - Statistical exception message - Exception has been thrown by the target of an invocation.
 2015-04-09 12:20:48,164 [8] ERROR StatisticalSolutions.Controllers.Base.BaseController - Statistical exception stack trace -    at System.RuntimeTypeHandle.CreateInstance(RuntimeType type, Boolean publicOnly, Boolean noCheck, Boolean& canBeCached, RuntimeMethodHandleInternal& ctor, Boolean& bNeedSecurityCheck)
   at System.RuntimeType.CreateInstanceSlow(Boolean publicOnly, Boolean skipCheckThis, Boolean fillCache, StackCrawlMark& stackMark)
   at System.RuntimeType.CreateInstanceDefaultCtor(Boolean publicOnly, Boolean skipCheckThis, Boolean fillCache, StackCrawlMark& stackMark)
   at System.Activator.CreateInstance(Type type, Boolean nonPublic)
   at System.Activator.CreateInstance(Type type)
   at System.Threading.LazyHelpers`1.ActivatorFactorySelector()
   at System.Threading.LazyInitializer.EnsureInitializedCore[T](T& target, Boolean& initialized, Object& syncLock, Func`1 valueFactory)
   at System.Threading.LazyInitializer.EnsureInitialized[T](T& target, Boolean& initialized, Object& syncLock)
   at StatisticalSolutions.Filters.InitializeSimpleMembershipAttribute.OnActionExecuting(ActionExecutingContext filterContext) in c:\temp\3rdPartyProjects\StatisticalSolutions\StatisticalSolutions\Filters\InitializeSimpleMembershipAttribute.cs:line 23
   at System.Web.Mvc.Async.AsyncControllerActionInvoker.InvokeActionMethodFilterAsynchronously(IActionFilter filter, ActionExecutingContext preContext, Func`1 nextInChain)
   at System.Web.Mvc.Async.AsyncControllerActionInvoker.<>c__DisplayClass37.<>c__DisplayClass39.<>c__DisplayClass3b.<BeginInvokeActionMethodWithFilters>b__35()
   at System.Web.Mvc.Async.AsyncControllerActionInvoker.InvokeActionMethodFilterAsynchronously(IActionFilter filter, ActionExecutingContext preContext, Func`1 nextInChain)
   at System.Web.Mvc.Async.AsyncControllerActionInvoker.<>c__DisplayClass37.<>c__DisplayClass39.<>c__DisplayClass3b.<BeginInvokeActionMethodWithFilters>b__35()
   at System.Web.Mvc.Async.AsyncControllerActionInvoker.<>c__DisplayClass37.<BeginInvokeActionMethodWithFilters>b__31(AsyncCallback asyncCallback, Object asyncState)
   at System.Web.Mvc.Async.AsyncResultWrapper.WrappedAsyncResult`1.Begin(AsyncCallback callback, Object state, Int32 timeout)
   at System.Web.Mvc.Async.AsyncControllerActionInvoker.BeginInvokeActionMethodWithFilters(ControllerContext controllerContext, IList`1 filters, ActionDescriptor actionDescriptor, IDictionary`2 parameters, AsyncCallback callback, Object state)
   at System.Web.Mvc.Async.AsyncControllerActionInvoker.<>c__DisplayClass25.<BeginInvokeAction>b__1e(AsyncCallback asyncCallback, Object asyncState)
 2015-04-09 12:20:48,164 [15] INFO  StatisticalSolutions.Controllers.Base.BaseController - Application URL - /StatisticalSolutions/Base/StatisticalError 
 2015-04-09 12:20:48,214 [15] INFO  StatisticalSolutions.Controllers.Base.BaseController - Application URL - /StatisticalSolutions/Base/StatisticalError 
 2015-04-09 12:20:48,214 [15] ERROR StatisticalSolutions.Controllers.Base.BaseController - Statistical exception message - Exception has been thrown by the target of an invocation.
 2015-04-09 12:20:48,214 [15] ERROR StatisticalSolutions.Controllers.Base.BaseController - Statistical exception stack trace -    at System.RuntimeTypeHandle.CreateInstance(RuntimeType type, Boolean publicOnly, Boolean noCheck, Boolean& canBeCached, RuntimeMethodHandleInternal& ctor, Boolean& bNeedSecurityCheck)
   at System.RuntimeType.CreateInstanceSlow(Boolean publicOnly, Boolean skipCheckThis, Boolean fillCache, StackCrawlMark& stackMark)
   at System.RuntimeType.CreateInstanceDefaultCtor(Boolean publicOnly, Boolean skipCheckThis, Boolean fillCache, StackCrawlMark& stackMark)
   at System.Activator.CreateInstance(Type type, Boolean nonPublic)
   at System.Activator.CreateInstance(Type type)
   at System.Threading.LazyHelpers`1.ActivatorFactorySelector()
   at System.Threading.LazyInitializer.EnsureInitializedCore[T](T& target, Boolean& initialized, Object& syncLock, Func`1 valueFactory)
   at System.Threading.LazyInitializer.EnsureInitialized[T](T& target, Boolean& initialized, Object& syncLock)
   at StatisticalSolutions.Filters.InitializeSimpleMembershipAttribute.OnActionExecuting(ActionExecutingContext filterContext) in c:\temp\3rdPartyProjects\StatisticalSolutions\StatisticalSolutions\Filters\InitializeSimpleMembershipAttribute.cs:line 23
   at System.Web.Mvc.Async.AsyncControllerActionInvoker.InvokeActionMethodFilterAsynchronously(IActionFilter filter, ActionExecutingContext preContext, Func`1 nextInChain)
   at System.Web.Mvc.Async.AsyncControllerActionInvoker.<>c__DisplayClass37.<>c__DisplayClass39.<>c__DisplayClass3b.<BeginInvokeActionMethodWithFilters>b__35()
   at System.Web.Mvc.Async.AsyncControllerActionInvoker.InvokeActionMethodFilterAsynchronously(IActionFilter filter, ActionExecutingContext preContext, Func`1 nextInChain)
   at System.Web.Mvc.Async.AsyncControllerActionInvoker.<>c__DisplayClass37.<>c__DisplayClass39.<>c__DisplayClass3b.<BeginInvokeActionMethodWithFilters>b__35()
   at System.Web.Mvc.Async.AsyncControllerActionInvoker.<>c__DisplayClass37.<BeginInvokeActionMethodWithFilters>b__31(AsyncCallback asyncCallback, Object asyncState)
   at System.Web.Mvc.Async.AsyncResultWrapper.WrappedAsyncResult`1.Begin(AsyncCallback callback, Object state, Int32 timeout)
   at System.Web.Mvc.Async.AsyncControllerActionInvoker.BeginInvokeActionMethodWithFilters(ControllerContext controllerContext, IList`1 filters, ActionDescriptor actionDescriptor, IDictionary`2 parameters, AsyncCallback callback, Object state)
   at System.Web.Mvc.Async.AsyncControllerActionInvoker.<>c__DisplayClass25.<BeginInvokeAction>b__1e(AsyncCallback asyncCallback, Object asyncState)
 2015-04-09 12:20:48,224 [5] INFO  StatisticalSolutions.Controllers.Base.BaseController - Application URL - /StatisticalSolutions/Base/StatisticalError 
 2015-04-09 12:20:48,274 [5] INFO  StatisticalSolutions.Controllers.Base.BaseController - Application URL - /StatisticalSolutions/Base/StatisticalError 
 2015-04-09 12:20:48,274 [5] ERROR StatisticalSolutions.Controllers.Base.BaseController - Statistical exception message - Exception has been thrown by the target of an invocation.
 2015-04-09 12:20:48,274 [5] ERROR StatisticalSolutions.Controllers.Base.BaseController - Statistical exception stack trace -    at System.RuntimeTypeHandle.CreateInstance(RuntimeType type, Boolean publicOnly, Boolean noCheck, Boolean& canBeCached, RuntimeMethodHandleInternal& ctor, Boolean& bNeedSecurityCheck)
   at System.RuntimeType.CreateInstanceSlow(Boolean publicOnly, Boolean skipCheckThis, Boolean fillCache, StackCrawlMark& stackMark)
   at System.RuntimeType.CreateInstanceDefaultCtor(Boolean publicOnly, Boolean skipCheckThis, Boolean fillCache, StackCrawlMark& stackMark)
   at System.Activator.CreateInstance(Type type, Boolean nonPublic)
   at System.Activator.CreateInstance(Type type)
   at System.Threading.LazyHelpers`1.ActivatorFactorySelector()
   at System.Threading.LazyInitializer.EnsureInitializedCore[T](T& target, Boolean& initialized, Object& syncLock, Func`1 valueFactory)
   at System.Threading.LazyInitializer.EnsureInitialized[T](T& target, Boolean& initialized, Object& syncLock)
   at StatisticalSolutions.Filters.InitializeSimpleMembershipAttribute.OnActionExecuting(ActionExecutingContext filterContext) in c:\temp\3rdPartyProjects\StatisticalSolutions\StatisticalSolutions\Filters\InitializeSimpleMembershipAttribute.cs:line 23
   at System.Web.Mvc.Async.AsyncControllerActionInvoker.InvokeActionMethodFilterAsynchronously(IActionFilter filter, ActionExecutingContext preContext, Func`1 nextInChain)
   at System.Web.Mvc.Async.AsyncControllerActionInvoker.<>c__DisplayClass37.<>c__DisplayClass39.<>c__DisplayClass3b.<BeginInvokeActionMethodWithFilters>b__35()
   at System.Web.Mvc.Async.AsyncControllerActionInvoker.InvokeActionMethodFilterAsynchronously(IActionFilter filter, ActionExecutingContext preContext, Func`1 nextInChain)
   at System.Web.Mvc.Async.AsyncControllerActionInvoker.<>c__DisplayClass37.<>c__DisplayClass39.<>c__DisplayClass3b.<BeginInvokeActionMethodWithFilters>b__35()
   at System.Web.Mvc.Async.AsyncControllerActionInvoker.<>c__DisplayClass37.<BeginInvokeActionMethodWithFilters>b__31(AsyncCallback asyncCallback, Object asyncState)
   at System.Web.Mvc.Async.AsyncResultWrapper.WrappedAsyncResult`1.Begin(AsyncCallback callback, Object state, Int32 timeout)
   at System.Web.Mvc.Async.AsyncControllerActionInvoker.BeginInvokeActionMethodWithFilters(ControllerContext controllerContext, IList`1 filters, ActionDescriptor actionDescriptor, IDictionary`2 parameters, AsyncCallback callback, Object state)
   at System.Web.Mvc.Async.AsyncControllerActionInvoker.<>c__DisplayClass25.<BeginInvokeAction>b__1e(AsyncCallback asyncCallback, Object asyncState)
 2015-04-09 12:20:48,274 [10] INFO  StatisticalSolutions.Controllers.Base.BaseController - Application URL - /StatisticalSolutions/Base/StatisticalError 
 2015-04-09 12:20:48,324 [10] INFO  StatisticalSolutions.Controllers.Base.BaseController - Application URL - /StatisticalSolutions/Base/StatisticalError 
 2015-04-09 12:20:48,324 [10] ERROR StatisticalSolutions.Controllers.Base.BaseController - Statistical exception message - Exception has been thrown by the target of an invocation.
 2015-04-09 12:20:48,324 [10] ERROR StatisticalSolutions.Controllers.Base.BaseController - Statistical exception stack trace -    at System.RuntimeTypeHandle.CreateInstance(RuntimeType type, Boolean publicOnly, Boolean noCheck, Boolean& canBeCached, RuntimeMethodHandleInternal& ctor, Boolean& bNeedSecurityCheck)
   at System.RuntimeType.CreateInstanceSlow(Boolean publicOnly, Boolean skipCheckThis, Boolean fillCache, StackCrawlMark& stackMark)
   at System.RuntimeType.CreateInstanceDefaultCtor(Boolean publicOnly, Boolean skipCheckThis, Boolean fillCache, StackCrawlMark& stackMark)
   at System.Activator.CreateInstance(Type type, Boolean nonPublic)
   at System.Activator.CreateInstance(Type type)
   at System.Threading.LazyHelpers`1.ActivatorFactorySelector()
   at System.Threading.LazyInitializer.EnsureInitializedCore[T](T& target, Boolean& initialized, Object& syncLock, Func`1 valueFactory)
   at System.Threading.LazyInitializer.EnsureInitialized[T](T& target, Boolean& initialized, Object& syncLock)
   at StatisticalSolutions.Filters.InitializeSimpleMembershipAttribute.OnActionExecuting(ActionExecutingContext filterContext) in c:\temp\3rdPartyProjects\StatisticalSolutions\StatisticalSolutions\Filters\InitializeSimpleMembershipAttribute.cs:line 23
   at System.Web.Mvc.Async.AsyncControllerActionInvoker.InvokeActionMethodFilterAsynchronously(IActionFilter filter, ActionExecutingContext preContext, Func`1 nextInChain)
   at System.Web.Mvc.Async.AsyncControllerActionInvoker.<>c__DisplayClass37.<>c__DisplayClass39.<>c__DisplayClass3b.<BeginInvokeActionMethodWithFilters>b__35()
   at System.Web.Mvc.Async.AsyncControllerActionInvoker.InvokeActionMethodFilterAsynchronously(IActionFilter filter, ActionExecutingContext preContext, Func`1 nextInChain)
   at System.Web.Mvc.Async.AsyncControllerActionInvoker.<>c__DisplayClass37.<>c__DisplayClass39.<>c__DisplayClass3b.<BeginInvokeActionMethodWithFilters>b__35()
   at System.Web.Mvc.Async.AsyncControllerActionInvoker.<>c__DisplayClass37.<BeginInvokeActionMethodWithFilters>b__31(AsyncCallback asyncCallback, Object asyncState)
   at System.Web.Mvc.Async.AsyncResultWrapper.WrappedAsyncResult`1.Begin(AsyncCallback callback, Object state, Int32 timeout)
   at System.Web.Mvc.Async.AsyncControllerActionInvoker.BeginInvokeActionMethodWithFilters(ControllerContext controllerContext, IList`1 filters, ActionDescriptor actionDescriptor, IDictionary`2 parameters, AsyncCallback callback, Object state)
   at System.Web.Mvc.Async.AsyncControllerActionInvoker.<>c__DisplayClass25.<BeginInvokeAction>b__1e(AsyncCallback asyncCallback, Object asyncState)
 2015-04-09 12:20:48,324 [15] INFO  StatisticalSolutions.Controllers.Base.BaseController - Application URL - /StatisticalSolutions/Base/StatisticalError 
 2015-04-09 12:20:48,374 [15] INFO  StatisticalSolutions.Controllers.Base.BaseController - Application URL - /StatisticalSolutions/Base/StatisticalError 
 2015-04-09 12:20:48,374 [15] ERROR StatisticalSolutions.Controllers.Base.BaseController - Statistical exception message - Exception has been thrown by the target of an invocation.
 2015-04-09 12:20:48,374 [15] ERROR StatisticalSolutions.Controllers.Base.BaseController - Statistical exception stack trace -    at System.RuntimeTypeHandle.CreateInstance(RuntimeType type, Boolean publicOnly, Boolean noCheck, Boolean& canBeCached, RuntimeMethodHandleInternal& ctor, Boolean& bNeedSecurityCheck)
   at System.RuntimeType.CreateInstanceSlow(Boolean publicOnly, Boolean skipCheckThis, Boolean fillCache, StackCrawlMark& stackMark)
   at System.RuntimeType.CreateInstanceDefaultCtor(Boolean publicOnly, Boolean skipCheckThis, Boolean fillCache, StackCrawlMark& stackMark)
   at System.Activator.CreateInstance(Type type, Boolean nonPublic)
   at System.Activator.CreateInstance(Type type)
   at System.Threading.LazyHelpers`1.ActivatorFactorySelector()
   at System.Threading.LazyInitializer.EnsureInitializedCore[T](T& target, Boolean& initialized, Object& syncLock, Func`1 valueFactory)
   at System.Threading.LazyInitializer.EnsureInitialized[T](T& target, Boolean& initialized, Object& syncLock)
   at StatisticalSolutions.Filters.InitializeSimpleMembershipAttribute.OnActionExecuting(ActionExecutingContext filterContext) in c:\temp\3rdPartyProjects\StatisticalSolutions\StatisticalSolutions\Filters\InitializeSimpleMembershipAttribute.cs:line 23
   at System.Web.Mvc.Async.AsyncControllerActionInvoker.InvokeActionMethodFilterAsynchronously(IActionFilter filter, ActionExecutingContext preContext, Func`1 nextInChain)
   at System.Web.Mvc.Async.AsyncControllerActionInvoker.<>c__DisplayClass37.<>c__DisplayClass39.<>c__DisplayClass3b.<BeginInvokeActionMethodWithFilters>b__35()
   at System.Web.Mvc.Async.AsyncControllerActionInvoker.InvokeActionMethodFilterAsynchronously(IActionFilter filter, ActionExecutingContext preContext, Func`1 nextInChain)
   at System.Web.Mvc.Async.AsyncControllerActionInvoker.<>c__DisplayClass37.<>c__DisplayClass39.<>c__DisplayClass3b.<BeginInvokeActionMethodWithFilters>b__35()
   at System.Web.Mvc.Async.AsyncControllerActionInvoker.<>c__DisplayClass37.<BeginInvokeActionMethodWithFilters>b__31(AsyncCallback asyncCallback, Object asyncState)
   at System.Web.Mvc.Async.AsyncResultWrapper.WrappedAsyncResult`1.Begin(AsyncCallback callback, Object state, Int32 timeout)
   at System.Web.Mvc.Async.AsyncControllerActionInvoker.BeginInvokeActionMethodWithFilters(ControllerContext controllerContext, IList`1 filters, ActionDescriptor actionDescriptor, IDictionary`2 parameters, AsyncCallback callback, Object state)
   at System.Web.Mvc.Async.AsyncControllerActionInvoker.<>c__DisplayClass25.<BeginInvokeAction>b__1e(AsyncCallback asyncCallback, Object asyncState)
 2015-04-09 12:20:48,384 [10] INFO  StatisticalSolutions.Controllers.Base.BaseController - Application URL - /StatisticalSolutions/Base/StatisticalError 
 2015-04-09 12:20:48,434 [10] INFO  StatisticalSolutions.Controllers.Base.BaseController - Application URL - /StatisticalSolutions/Base/StatisticalError 
 2015-04-09 12:20:48,434 [10] ERROR StatisticalSolutions.Controllers.Base.BaseController - Statistical exception message - Exception has been thrown by the target of an invocation.
 2015-04-09 12:20:48,434 [10] ERROR StatisticalSolutions.Controllers.Base.BaseController - Statistical exception stack trace -    at System.RuntimeTypeHandle.CreateInstance(RuntimeType type, Boolean publicOnly, Boolean noCheck, Boolean& canBeCached, RuntimeMethodHandleInternal& ctor, Boolean& bNeedSecurityCheck)
   at System.RuntimeType.CreateInstanceSlow(Boolean publicOnly, Boolean skipCheckThis, Boolean fillCache, StackCrawlMark& stackMark)
   at System.RuntimeType.CreateInstanceDefaultCtor(Boolean publicOnly, Boolean skipCheckThis, Boolean fillCache, StackCrawlMark& stackMark)
   at System.Activator.CreateInstance(Type type, Boolean nonPublic)
   at System.Activator.CreateInstance(Type type)
   at System.Threading.LazyHelpers`1.ActivatorFactorySelector()
   at System.Threading.LazyInitializer.EnsureInitializedCore[T](T& target, Boolean& initialized, Object& syncLock, Func`1 valueFactory)
   at System.Threading.LazyInitializer.EnsureInitialized[T](T& target, Boolean& initialized, Object& syncLock)
   at StatisticalSolutions.Filters.InitializeSimpleMembershipAttribute.OnActionExecuting(ActionExecutingContext filterContext) in c:\temp\3rdPartyProjects\StatisticalSolutions\StatisticalSolutions\Filters\InitializeSimpleMembershipAttribute.cs:line 23
   at System.Web.Mvc.Async.AsyncControllerActionInvoker.InvokeActionMethodFilterAsynchronously(IActionFilter filter, ActionExecutingContext preContext, Func`1 nextInChain)
   at System.Web.Mvc.Async.AsyncControllerActionInvoker.<>c__DisplayClass37.<>c__DisplayClass39.<>c__DisplayClass3b.<BeginInvokeActionMethodWithFilters>b__35()
   at System.Web.Mvc.Async.AsyncControllerActionInvoker.InvokeActionMethodFilterAsynchronously(IActionFilter filter, ActionExecutingContext preContext, Func`1 nextInChain)
   at System.Web.Mvc.Async.AsyncControllerActionInvoker.<>c__DisplayClass37.<>c__DisplayClass39.<>c__DisplayClass3b.<BeginInvokeActionMethodWithFilters>b__35()
   at System.Web.Mvc.Async.AsyncControllerActionInvoker.<>c__DisplayClass37.<BeginInvokeActionMethodWithFilters>b__31(AsyncCallback asyncCallback, Object asyncState)
   at System.Web.Mvc.Async.AsyncResultWrapper.WrappedAsyncResult`1.Begin(AsyncCallback callback, Object state, Int32 timeout)
   at System.Web.Mvc.Async.AsyncControllerActionInvoker.BeginInvokeActionMethodWithFilters(ControllerContext controllerContext, IList`1 filters, ActionDescriptor actionDescriptor, IDictionary`2 parameters, AsyncCallback callback, Object state)
   at System.Web.Mvc.Async.AsyncControllerActionInvoker.<>c__DisplayClass25.<BeginInvokeAction>b__1e(AsyncCallback asyncCallback, Object asyncState)
 2015-04-09 12:20:48,434 [15] INFO  StatisticalSolutions.Controllers.Base.BaseController - Application URL - /StatisticalSolutions/Base/StatisticalError 
 2015-04-09 12:20:48,484 [15] INFO  StatisticalSolutions.Controllers.Base.BaseController - Application URL - /StatisticalSolutions/Base/StatisticalError 
 2015-04-09 12:20:48,484 [15] ERROR StatisticalSolutions.Controllers.Base.BaseController - Statistical exception message - Exception has been thrown by the target of an invocation.
 2015-04-09 12:20:48,484 [15] ERROR StatisticalSolutions.Controllers.Base.BaseController - Statistical exception stack trace -    at System.RuntimeTypeHandle.CreateInstance(RuntimeType type, Boolean publicOnly, Boolean noCheck, Boolean& canBeCached, RuntimeMethodHandleInternal& ctor, Boolean& bNeedSecurityCheck)
   at System.RuntimeType.CreateInstanceSlow(Boolean publicOnly, Boolean skipCheckThis, Boolean fillCache, StackCrawlMark& stackMark)
   at System.RuntimeType.CreateInstanceDefaultCtor(Boolean publicOnly, Boolean skipCheckThis, Boolean fillCache, StackCrawlMark& stackMark)
   at System.Activator.CreateInstance(Type type, Boolean nonPublic)
   at System.Activator.CreateInstance(Type type)
   at System.Threading.LazyHelpers`1.ActivatorFactorySelector()
   at System.Threading.LazyInitializer.EnsureInitializedCore[T](T& target, Boolean& initialized, Object& syncLock, Func`1 valueFactory)
   at System.Threading.LazyInitializer.EnsureInitialized[T](T& target, Boolean& initialized, Object& syncLock)
   at StatisticalSolutions.Filters.InitializeSimpleMembershipAttribute.OnActionExecuting(ActionExecutingContext filterContext) in c:\temp\3rdPartyProjects\StatisticalSolutions\StatisticalSolutions\Filters\InitializeSimpleMembershipAttribute.cs:line 23
   at System.Web.Mvc.Async.AsyncControllerActionInvoker.InvokeActionMethodFilterAsynchronously(IActionFilter filter, ActionExecutingContext preContext, Func`1 nextInChain)
   at System.Web.Mvc.Async.AsyncControllerActionInvoker.<>c__DisplayClass37.<>c__DisplayClass39.<>c__DisplayClass3b.<BeginInvokeActionMethodWithFilters>b__35()
   at System.Web.Mvc.Async.AsyncControllerActionInvoker.InvokeActionMethodFilterAsynchronously(IActionFilter filter, ActionExecutingContext preContext, Func`1 nextInChain)
   at System.Web.Mvc.Async.AsyncControllerActionInvoker.<>c__DisplayClass37.<>c__DisplayClass39.<>c__DisplayClass3b.<BeginInvokeActionMethodWithFilters>b__35()
   at System.Web.Mvc.Async.AsyncControllerActionInvoker.<>c__DisplayClass37.<BeginInvokeActionMethodWithFilters>b__31(AsyncCallback asyncCallback, Object asyncState)
   at System.Web.Mvc.Async.AsyncResultWrapper.WrappedAsyncResult`1.Begin(AsyncCallback callback, Object state, Int32 timeout)
   at System.Web.Mvc.Async.AsyncControllerActionInvoker.BeginInvokeActionMethodWithFilters(ControllerContext controllerContext, IList`1 filters, ActionDescriptor actionDescriptor, IDictionary`2 parameters, AsyncCallback callback, Object state)
   at System.Web.Mvc.Async.AsyncControllerActionInvoker.<>c__DisplayClass25.<BeginInvokeAction>b__1e(AsyncCallback asyncCallback, Object asyncState)
 2015-04-09 12:20:48,494 [7] INFO  StatisticalSolutions.Controllers.Base.BaseController - Application URL - /StatisticalSolutions/Base/StatisticalError 
 2015-04-09 12:20:48,544 [7] INFO  StatisticalSolutions.Controllers.Base.BaseController - Application URL - /StatisticalSolutions/Base/StatisticalError 
 2015-04-09 12:20:48,544 [7] ERROR StatisticalSolutions.Controllers.Base.BaseController - Statistical exception message - Exception has been thrown by the target of an invocation.
 2015-04-09 12:20:48,544 [7] ERROR StatisticalSolutions.Controllers.Base.BaseController - Statistical exception stack trace -    at System.RuntimeTypeHandle.CreateInstance(RuntimeType type, Boolean publicOnly, Boolean noCheck, Boolean& canBeCached, RuntimeMethodHandleInternal& ctor, Boolean& bNeedSecurityCheck)
   at System.RuntimeType.CreateInstanceSlow(Boolean publicOnly, Boolean skipCheckThis, Boolean fillCache, StackCrawlMark& stackMark)
   at System.RuntimeType.CreateInstanceDefaultCtor(Boolean publicOnly, Boolean skipCheckThis, Boolean fillCache, StackCrawlMark& stackMark)
   at System.Activator.CreateInstance(Type type, Boolean nonPublic)
   at System.Activator.CreateInstance(Type type)
   at System.Threading.LazyHelpers`1.ActivatorFactorySelector()
   at System.Threading.LazyInitializer.EnsureInitializedCore[T](T& target, Boolean& initialized, Object& syncLock, Func`1 valueFactory)
   at System.Threading.LazyInitializer.EnsureInitialized[T](T& target, Boolean& initialized, Object& syncLock)
   at StatisticalSolutions.Filters.InitializeSimpleMembershipAttribute.OnActionExecuting(ActionExecutingContext filterContext) in c:\temp\3rdPartyProjects\StatisticalSolutions\StatisticalSolutions\Filters\InitializeSimpleMembershipAttribute.cs:line 23
   at System.Web.Mvc.Async.AsyncControllerActionInvoker.InvokeActionMethodFilterAsynchronously(IActionFilter filter, ActionExecutingContext preContext, Func`1 nextInChain)
   at System.Web.Mvc.Async.AsyncControllerActionInvoker.<>c__DisplayClass37.<>c__DisplayClass39.<>c__DisplayClass3b.<BeginInvokeActionMethodWithFilters>b__35()
   at System.Web.Mvc.Async.AsyncControllerActionInvoker.InvokeActionMethodFilterAsynchronously(IActionFilter filter, ActionExecutingContext preContext, Func`1 nextInChain)
   at System.Web.Mvc.Async.AsyncControllerActionInvoker.<>c__DisplayClass37.<>c__DisplayClass39.<>c__DisplayClass3b.<BeginInvokeActionMethodWithFilters>b__35()
   at System.Web.Mvc.Async.AsyncControllerActionInvoker.<>c__DisplayClass37.<BeginInvokeActionMethodWithFilters>b__31(AsyncCallback asyncCallback, Object asyncState)
   at System.Web.Mvc.Async.AsyncResultWrapper.WrappedAsyncResult`1.Begin(AsyncCallback callback, Object state, Int32 timeout)
   at System.Web.Mvc.Async.AsyncControllerActionInvoker.BeginInvokeActionMethodWithFilters(ControllerContext controllerContext, IList`1 filters, ActionDescriptor actionDescriptor, IDictionary`2 parameters, AsyncCallback callback, Object state)
   at System.Web.Mvc.Async.AsyncControllerActionInvoker.<>c__DisplayClass25.<BeginInvokeAction>b__1e(AsyncCallback asyncCallback, Object asyncState)
 2015-04-09 12:20:48,544 [5] INFO  StatisticalSolutions.Controllers.Base.BaseController - Application URL - /StatisticalSolutions/Base/StatisticalError 
 2015-04-09 12:21:02,634 [5] INFO  StatisticalSolutions.Controllers.Base.BaseController - Application URL - /StatisticalSolutions/Base/StatisticalError 
 2015-04-09 12:21:02,634 [5] ERROR StatisticalSolutions.Controllers.Base.BaseController - Statistical exception message - Exception has been thrown by the target of an invocation.
 2015-04-09 12:21:02,634 [5] ERROR StatisticalSolutions.Controllers.Base.BaseController - Statistical exception stack trace -    at System.RuntimeTypeHandle.CreateInstance(RuntimeType type, Boolean publicOnly, Boolean noCheck, Boolean& canBeCached, RuntimeMethodHandleInternal& ctor, Boolean& bNeedSecurityCheck)
   at System.RuntimeType.CreateInstanceSlow(Boolean publicOnly, Boolean skipCheckThis, Boolean fillCache, StackCrawlMark& stackMark)
   at System.RuntimeType.CreateInstanceDefaultCtor(Boolean publicOnly, Boolean skipCheckThis, Boolean fillCache, StackCrawlMark& stackMark)
   at System.Activator.CreateInstance(Type type, Boolean nonPublic)
   at System.Activator.CreateInstance(Type type)
   at System.Threading.LazyHelpers`1.ActivatorFactorySelector()
   at System.Threading.LazyInitializer.EnsureInitializedCore[T](T& target, Boolean& initialized, Object& syncLock, Func`1 valueFactory)
   at System.Threading.LazyInitializer.EnsureInitialized[T](T& target, Boolean& initialized, Object& syncLock)
   at StatisticalSolutions.Filters.InitializeSimpleMembershipAttribute.OnActionExecuting(ActionExecutingContext filterContext) in c:\temp\3rdPartyProjects\StatisticalSolutions\StatisticalSolutions\Filters\InitializeSimpleMembershipAttribute.cs:line 23
   at System.Web.Mvc.Async.AsyncControllerActionInvoker.InvokeActionMethodFilterAsynchronously(IActionFilter filter, ActionExecutingContext preContext, Func`1 nextInChain)
   at System.Web.Mvc.Async.AsyncControllerActionInvoker.<>c__DisplayClass37.<>c__DisplayClass39.<>c__DisplayClass3b.<BeginInvokeActionMethodWithFilters>b__35()
   at System.Web.Mvc.Async.AsyncControllerActionInvoker.InvokeActionMethodFilterAsynchronously(IActionFilter filter, ActionExecutingContext preContext, Func`1 nextInChain)
   at System.Web.Mvc.Async.AsyncControllerActionInvoker.<>c__DisplayClass37.<>c__DisplayClass39.<>c__DisplayClass3b.<BeginInvokeActionMethodWithFilters>b__35()
   at System.Web.Mvc.Async.AsyncControllerActionInvoker.<>c__DisplayClass37.<BeginInvokeActionMethodWithFilters>b__31(AsyncCallback asyncCallback, Object asyncState)
   at System.Web.Mvc.Async.AsyncResultWrapper.WrappedAsyncResult`1.Begin(AsyncCallback callback, Object state, Int32 timeout)
   at System.Web.Mvc.Async.AsyncControllerActionInvoker.BeginInvokeActionMethodWithFilters(ControllerContext controllerContext, IList`1 filters, ActionDescriptor actionDescriptor, IDictionary`2 parameters, AsyncCallback callback, Object state)
   at System.Web.Mvc.Async.AsyncControllerActionInvoker.<>c__DisplayClass25.<BeginInvokeAction>b__1e(AsyncCallback asyncCallback, Object asyncState)
 2015-04-09 12:21:02,634 [11] INFO  StatisticalSolutions.Controllers.Base.BaseController - Application URL - /StatisticalSolutions/Base/StatisticalError 
 2015-04-09 12:21:02,677 [11] INFO  StatisticalSolutions.Controllers.Base.BaseController - Application URL - /StatisticalSolutions/Base/StatisticalError 
 2015-04-09 12:21:02,677 [11] ERROR StatisticalSolutions.Controllers.Base.BaseController - Statistical exception message - Exception has been thrown by the target of an invocation.
 2015-04-09 12:21:02,677 [11] ERROR StatisticalSolutions.Controllers.Base.BaseController - Statistical exception stack trace -    at System.RuntimeTypeHandle.CreateInstance(RuntimeType type, Boolean publicOnly, Boolean noCheck, Boolean& canBeCached, RuntimeMethodHandleInternal& ctor, Boolean& bNeedSecurityCheck)
   at System.RuntimeType.CreateInstanceSlow(Boolean publicOnly, Boolean skipCheckThis, Boolean fillCache, StackCrawlMark& stackMark)
   at System.RuntimeType.CreateInstanceDefaultCtor(Boolean publicOnly, Boolean skipCheckThis, Boolean fillCache, StackCrawlMark& stackMark)
   at System.Activator.CreateInstance(Type type, Boolean nonPublic)
   at System.Activator.CreateInstance(Type type)
   at System.Threading.LazyHelpers`1.ActivatorFactorySelector()
   at System.Threading.LazyInitializer.EnsureInitializedCore[T](T& target, Boolean& initialized, Object& syncLock, Func`1 valueFactory)
   at System.Threading.LazyInitializer.EnsureInitialized[T](T& target, Boolean& initialized, Object& syncLock)
   at StatisticalSolutions.Filters.InitializeSimpleMembershipAttribute.OnActionExecuting(ActionExecutingContext filterContext) in c:\temp\3rdPartyProjects\StatisticalSolutions\StatisticalSolutions\Filters\InitializeSimpleMembershipAttribute.cs:line 23
   at System.Web.Mvc.Async.AsyncControllerActionInvoker.InvokeActionMethodFilterAsynchronously(IActionFilter filter, ActionExecutingContext preContext, Func`1 nextInChain)
   at System.Web.Mvc.Async.AsyncControllerActionInvoker.<>c__DisplayClass37.<>c__DisplayClass39.<>c__DisplayClass3b.<BeginInvokeActionMethodWithFilters>b__35()
   at System.Web.Mvc.Async.AsyncControllerActionInvoker.InvokeActionMethodFilterAsynchronously(IActionFilter filter, ActionExecutingContext preContext, Func`1 nextInChain)
   at System.Web.Mvc.Async.AsyncControllerActionInvoker.<>c__DisplayClass37.<>c__DisplayClass39.<>c__DisplayClass3b.<BeginInvokeActionMethodWithFilters>b__35()
   at System.Web.Mvc.Async.AsyncControllerActionInvoker.<>c__DisplayClass37.<BeginInvokeActionMethodWithFilters>b__31(AsyncCallback asyncCallback, Object asyncState)
   at System.Web.Mvc.Async.AsyncResultWrapper.WrappedAsyncResult`1.Begin(AsyncCallback callback, Object state, Int32 timeout)
   at System.Web.Mvc.Async.AsyncControllerActionInvoker.BeginInvokeActionMethodWithFilters(ControllerContext controllerContext, IList`1 filters, ActionDescriptor actionDescriptor, IDictionary`2 parameters, AsyncCallback callback, Object state)
   at System.Web.Mvc.Async.AsyncControllerActionInvoker.<>c__DisplayClass25.<BeginInvokeAction>b__1e(AsyncCallback asyncCallback, Object asyncState)
 2015-04-09 12:21:02,687 [9] INFO  StatisticalSolutions.Controllers.Base.BaseController - Application URL - /StatisticalSolutions/Base/StatisticalError 
 2015-04-09 12:21:02,727 [9] INFO  StatisticalSolutions.Controllers.Base.BaseController - Application URL - /StatisticalSolutions/Base/StatisticalError 
 2015-04-09 12:21:02,727 [9] ERROR StatisticalSolutions.Controllers.Base.BaseController - Statistical exception message - Exception has been thrown by the target of an invocation.
 2015-04-09 12:21:02,727 [9] ERROR StatisticalSolutions.Controllers.Base.BaseController - Statistical exception stack trace -    at System.RuntimeTypeHandle.CreateInstance(RuntimeType type, Boolean publicOnly, Boolean noCheck, Boolean& canBeCached, RuntimeMethodHandleInternal& ctor, Boolean& bNeedSecurityCheck)
   at System.RuntimeType.CreateInstanceSlow(Boolean publicOnly, Boolean skipCheckThis, Boolean fillCache, StackCrawlMark& stackMark)
   at System.RuntimeType.CreateInstanceDefaultCtor(Boolean publicOnly, Boolean skipCheckThis, Boolean fillCache, StackCrawlMark& stackMark)
   at System.Activator.CreateInstance(Type type, Boolean nonPublic)
   at System.Activator.CreateInstance(Type type)
   at System.Threading.LazyHelpers`1.ActivatorFactorySelector()
   at System.Threading.LazyInitializer.EnsureInitializedCore[T](T& target, Boolean& initialized, Object& syncLock, Func`1 valueFactory)
   at System.Threading.LazyInitializer.EnsureInitialized[T](T& target, Boolean& initialized, Object& syncLock)
   at StatisticalSolutions.Filters.InitializeSimpleMembershipAttribute.OnActionExecuting(ActionExecutingContext filterContext) in c:\temp\3rdPartyProjects\StatisticalSolutions\StatisticalSolutions\Filters\InitializeSimpleMembershipAttribute.cs:line 23
   at System.Web.Mvc.Async.AsyncControllerActionInvoker.InvokeActionMethodFilterAsynchronously(IActionFilter filter, ActionExecutingContext preContext, Func`1 nextInChain)
   at System.Web.Mvc.Async.AsyncControllerActionInvoker.<>c__DisplayClass37.<>c__DisplayClass39.<>c__DisplayClass3b.<BeginInvokeActionMethodWithFilters>b__35()
   at System.Web.Mvc.Async.AsyncControllerActionInvoker.InvokeActionMethodFilterAsynchronously(IActionFilter filter, ActionExecutingContext preContext, Func`1 nextInChain)
   at System.Web.Mvc.Async.AsyncControllerActionInvoker.<>c__DisplayClass37.<>c__DisplayClass39.<>c__DisplayClass3b.<BeginInvokeActionMethodWithFilters>b__35()
   at System.Web.Mvc.Async.AsyncControllerActionInvoker.<>c__DisplayClass37.<BeginInvokeActionMethodWithFilters>b__31(AsyncCallback asyncCallback, Object asyncState)
   at System.Web.Mvc.Async.AsyncResultWrapper.WrappedAsyncResult`1.Begin(AsyncCallback callback, Object state, Int32 timeout)
   at System.Web.Mvc.Async.AsyncControllerActionInvoker.BeginInvokeActionMethodWithFilters(ControllerContext controllerContext, IList`1 filters, ActionDescriptor actionDescriptor, IDictionary`2 parameters, AsyncCallback callback, Object state)
   at System.Web.Mvc.Async.AsyncControllerActionInvoker.<>c__DisplayClass25.<BeginInvokeAction>b__1e(AsyncCallback asyncCallback, Object asyncState)
 2015-04-09 12:21:02,737 [5] INFO  StatisticalSolutions.Controllers.Base.BaseController - Application URL - /StatisticalSolutions/Base/StatisticalError 
 2015-04-09 12:21:02,779 [5] INFO  StatisticalSolutions.Controllers.Base.BaseController - Application URL - /StatisticalSolutions/Base/StatisticalError 
 2015-04-09 12:21:02,779 [5] ERROR StatisticalSolutions.Controllers.Base.BaseController - Statistical exception message - Exception has been thrown by the target of an invocation.
 2015-04-09 12:21:02,779 [5] ERROR StatisticalSolutions.Controllers.Base.BaseController - Statistical exception stack trace -    at System.RuntimeTypeHandle.CreateInstance(RuntimeType type, Boolean publicOnly, Boolean noCheck, Boolean& canBeCached, RuntimeMethodHandleInternal& ctor, Boolean& bNeedSecurityCheck)
   at System.RuntimeType.CreateInstanceSlow(Boolean publicOnly, Boolean skipCheckThis, Boolean fillCache, StackCrawlMark& stackMark)
   at System.RuntimeType.CreateInstanceDefaultCtor(Boolean publicOnly, Boolean skipCheckThis, Boolean fillCache, StackCrawlMark& stackMark)
   at System.Activator.CreateInstance(Type type, Boolean nonPublic)
   at System.Activator.CreateInstance(Type type)
   at System.Threading.LazyHelpers`1.ActivatorFactorySelector()
   at System.Threading.LazyInitializer.EnsureInitializedCore[T](T& target, Boolean& initialized, Object& syncLock, Func`1 valueFactory)
   at System.Threading.LazyInitializer.EnsureInitialized[T](T& target, Boolean& initialized, Object& syncLock)
   at StatisticalSolutions.Filters.InitializeSimpleMembershipAttribute.OnActionExecuting(ActionExecutingContext filterContext) in c:\temp\3rdPartyProjects\StatisticalSolutions\StatisticalSolutions\Filters\InitializeSimpleMembershipAttribute.cs:line 23
   at System.Web.Mvc.Async.AsyncControllerActionInvoker.InvokeActionMethodFilterAsynchronously(IActionFilter filter, ActionExecutingContext preContext, Func`1 nextInChain)
   at System.Web.Mvc.Async.AsyncControllerActionInvoker.<>c__DisplayClass37.<>c__DisplayClass39.<>c__DisplayClass3b.<BeginInvokeActionMethodWithFilters>b__35()
   at System.Web.Mvc.Async.AsyncControllerActionInvoker.InvokeActionMethodFilterAsynchronously(IActionFilter filter, ActionExecutingContext preContext, Func`1 nextInChain)
   at System.Web.Mvc.Async.AsyncControllerActionInvoker.<>c__DisplayClass37.<>c__DisplayClass39.<>c__DisplayClass3b.<BeginInvokeActionMethodWithFilters>b__35()
   at System.Web.Mvc.Async.AsyncControllerActionInvoker.<>c__DisplayClass37.<BeginInvokeActionMethodWithFilters>b__31(AsyncCallback asyncCallback, Object asyncState)
   at System.Web.Mvc.Async.AsyncResultWrapper.WrappedAsyncResult`1.Begin(AsyncCallback callback, Object state, Int32 timeout)
   at System.Web.Mvc.Async.AsyncControllerActionInvoker.BeginInvokeActionMethodWithFilters(ControllerContext controllerContext, IList`1 filters, ActionDescriptor actionDescriptor, IDictionary`2 parameters, AsyncCallback callback, Object state)
   at System.Web.Mvc.Async.AsyncControllerActionInvoker.<>c__DisplayClass25.<BeginInvokeAction>b__1e(AsyncCallback asyncCallback, Object asyncState)
 2015-04-09 12:21:02,789 [9] INFO  StatisticalSolutions.Controllers.Base.BaseController - Application URL - /StatisticalSolutions/Base/StatisticalError 
 2015-04-09 12:21:02,829 [9] INFO  StatisticalSolutions.Controllers.Base.BaseController - Application URL - /StatisticalSolutions/Base/StatisticalError 
 2015-04-09 12:21:02,829 [9] ERROR StatisticalSolutions.Controllers.Base.BaseController - Statistical exception message - Exception has been thrown by the target of an invocation.
 2015-04-09 12:21:02,829 [9] ERROR StatisticalSolutions.Controllers.Base.BaseController - Statistical exception stack trace -    at System.RuntimeTypeHandle.CreateInstance(RuntimeType type, Boolean publicOnly, Boolean noCheck, Boolean& canBeCached, RuntimeMethodHandleInternal& ctor, Boolean& bNeedSecurityCheck)
   at System.RuntimeType.CreateInstanceSlow(Boolean publicOnly, Boolean skipCheckThis, Boolean fillCache, StackCrawlMark& stackMark)
   at System.RuntimeType.CreateInstanceDefaultCtor(Boolean publicOnly, Boolean skipCheckThis, Boolean fillCache, StackCrawlMark& stackMark)
   at System.Activator.CreateInstance(Type type, Boolean nonPublic)
   at System.Activator.CreateInstance(Type type)
   at System.Threading.LazyHelpers`1.ActivatorFactorySelector()
   at System.Threading.LazyInitializer.EnsureInitializedCore[T](T& target, Boolean& initialized, Object& syncLock, Func`1 valueFactory)
   at System.Threading.LazyInitializer.EnsureInitialized[T](T& target, Boolean& initialized, Object& syncLock)
   at StatisticalSolutions.Filters.InitializeSimpleMembershipAttribute.OnActionExecuting(ActionExecutingContext filterContext) in c:\temp\3rdPartyProjects\StatisticalSolutions\StatisticalSolutions\Filters\InitializeSimpleMembershipAttribute.cs:line 23
   at System.Web.Mvc.Async.AsyncControllerActionInvoker.InvokeActionMethodFilterAsynchronously(IActionFilter filter, ActionExecutingContext preContext, Func`1 nextInChain)
   at System.Web.Mvc.Async.AsyncControllerActionInvoker.<>c__DisplayClass37.<>c__DisplayClass39.<>c__DisplayClass3b.<BeginInvokeActionMethodWithFilters>b__35()
   at System.Web.Mvc.Async.AsyncControllerActionInvoker.InvokeActionMethodFilterAsynchronously(IActionFilter filter, ActionExecutingContext preContext, Func`1 nextInChain)
   at System.Web.Mvc.Async.AsyncControllerActionInvoker.<>c__DisplayClass37.<>c__DisplayClass39.<>c__DisplayClass3b.<BeginInvokeActionMethodWithFilters>b__35()
   at System.Web.Mvc.Async.AsyncControllerActionInvoker.<>c__DisplayClass37.<BeginInvokeActionMethodWithFilters>b__31(AsyncCallback asyncCallback, Object asyncState)
   at System.Web.Mvc.Async.AsyncResultWrapper.WrappedAsyncResult`1.Begin(AsyncCallback callback, Object state, Int32 timeout)
   at System.Web.Mvc.Async.AsyncControllerActionInvoker.BeginInvokeActionMethodWithFilters(ControllerContext controllerContext, IList`1 filters, ActionDescriptor actionDescriptor, IDictionary`2 parameters, AsyncCallback callback, Object state)
   at System.Web.Mvc.Async.AsyncControllerActionInvoker.<>c__DisplayClass25.<BeginInvokeAction>b__1e(AsyncCallback asyncCallback, Object asyncState)
 2015-04-09 12:21:02,842 [13] INFO  StatisticalSolutions.Controllers.Base.BaseController - Application URL - /StatisticalSolutions/Base/StatisticalError 
 2015-04-09 12:21:02,902 [13] INFO  StatisticalSolutions.Controllers.Base.BaseController - Application URL - /StatisticalSolutions/Base/StatisticalError 
 2015-04-09 12:21:02,902 [13] ERROR StatisticalSolutions.Controllers.Base.BaseController - Statistical exception message - Exception has been thrown by the target of an invocation.
 2015-04-09 12:21:02,902 [13] ERROR StatisticalSolutions.Controllers.Base.BaseController - Statistical exception stack trace -    at System.RuntimeTypeHandle.CreateInstance(RuntimeType type, Boolean publicOnly, Boolean noCheck, Boolean& canBeCached, RuntimeMethodHandleInternal& ctor, Boolean& bNeedSecurityCheck)
   at System.RuntimeType.CreateInstanceSlow(Boolean publicOnly, Boolean skipCheckThis, Boolean fillCache, StackCrawlMark& stackMark)
   at System.RuntimeType.CreateInstanceDefaultCtor(Boolean publicOnly, Boolean skipCheckThis, Boolean fillCache, StackCrawlMark& stackMark)
   at System.Activator.CreateInstance(Type type, Boolean nonPublic)
   at System.Activator.CreateInstance(Type type)
   at System.Threading.LazyHelpers`1.ActivatorFactorySelector()
   at System.Threading.LazyInitializer.EnsureInitializedCore[T](T& target, Boolean& initialized, Object& syncLock, Func`1 valueFactory)
   at System.Threading.LazyInitializer.EnsureInitialized[T](T& target, Boolean& initialized, Object& syncLock)
   at StatisticalSolutions.Filters.InitializeSimpleMembershipAttribute.OnActionExecuting(ActionExecutingContext filterContext) in c:\temp\3rdPartyProjects\StatisticalSolutions\StatisticalSolutions\Filters\InitializeSimpleMembershipAttribute.cs:line 23
   at System.Web.Mvc.Async.AsyncControllerActionInvoker.InvokeActionMethodFilterAsynchronously(IActionFilter filter, ActionExecutingContext preContext, Func`1 nextInChain)
   at System.Web.Mvc.Async.AsyncControllerActionInvoker.<>c__DisplayClass37.<>c__DisplayClass39.<>c__DisplayClass3b.<BeginInvokeActionMethodWithFilters>b__35()
   at System.Web.Mvc.Async.AsyncControllerActionInvoker.InvokeActionMethodFilterAsynchronously(IActionFilter filter, ActionExecutingContext preContext, Func`1 nextInChain)
   at System.Web.Mvc.Async.AsyncControllerActionInvoker.<>c__DisplayClass37.<>c__DisplayClass39.<>c__DisplayClass3b.<BeginInvokeActionMethodWithFilters>b__35()
   at System.Web.Mvc.Async.AsyncControllerActionInvoker.<>c__DisplayClass37.<BeginInvokeActionMethodWithFilters>b__31(AsyncCallback asyncCallback, Object asyncState)
   at System.Web.Mvc.Async.AsyncResultWrapper.WrappedAsyncResult`1.Begin(AsyncCallback callback, Object state, Int32 timeout)
   at System.Web.Mvc.Async.AsyncControllerActionInvoker.BeginInvokeActionMethodWithFilters(ControllerContext controllerContext, IList`1 filters, ActionDescriptor actionDescriptor, IDictionary`2 parameters, AsyncCallback callback, Object state)
   at System.Web.Mvc.Async.AsyncControllerActionInvoker.<>c__DisplayClass25.<BeginInvokeAction>b__1e(AsyncCallback asyncCallback, Object asyncState)
 2015-04-09 12:21:02,902 [8] INFO  StatisticalSolutions.Controllers.Base.BaseController - Application URL - /StatisticalSolutions/Base/StatisticalError 
 2015-04-09 12:21:02,944 [8] INFO  StatisticalSolutions.Controllers.Base.BaseController - Application URL - /StatisticalSolutions/Base/StatisticalError 
 2015-04-09 12:21:02,954 [8] ERROR StatisticalSolutions.Controllers.Base.BaseController - Statistical exception message - Exception has been thrown by the target of an invocation.
 2015-04-09 12:21:02,954 [8] ERROR StatisticalSolutions.Controllers.Base.BaseController - Statistical exception stack trace -    at System.RuntimeTypeHandle.CreateInstance(RuntimeType type, Boolean publicOnly, Boolean noCheck, Boolean& canBeCached, RuntimeMethodHandleInternal& ctor, Boolean& bNeedSecurityCheck)
   at System.RuntimeType.CreateInstanceSlow(Boolean publicOnly, Boolean skipCheckThis, Boolean fillCache, StackCrawlMark& stackMark)
   at System.RuntimeType.CreateInstanceDefaultCtor(Boolean publicOnly, Boolean skipCheckThis, Boolean fillCache, StackCrawlMark& stackMark)
   at System.Activator.CreateInstance(Type type, Boolean nonPublic)
   at System.Activator.CreateInstance(Type type)
   at System.Threading.LazyHelpers`1.ActivatorFactorySelector()
   at System.Threading.LazyInitializer.EnsureInitializedCore[T](T& target, Boolean& initialized, Object& syncLock, Func`1 valueFactory)
   at System.Threading.LazyInitializer.EnsureInitialized[T](T& target, Boolean& initialized, Object& syncLock)
   at StatisticalSolutions.Filters.InitializeSimpleMembershipAttribute.OnActionExecuting(ActionExecutingContext filterContext) in c:\temp\3rdPartyProjects\StatisticalSolutions\StatisticalSolutions\Filters\InitializeSimpleMembershipAttribute.cs:line 23
   at System.Web.Mvc.Async.AsyncControllerActionInvoker.InvokeActionMethodFilterAsynchronously(IActionFilter filter, ActionExecutingContext preContext, Func`1 nextInChain)
   at System.Web.Mvc.Async.AsyncControllerActionInvoker.<>c__DisplayClass37.<>c__DisplayClass39.<>c__DisplayClass3b.<BeginInvokeActionMethodWithFilters>b__35()
   at System.Web.Mvc.Async.AsyncControllerActionInvoker.InvokeActionMethodFilterAsynchronously(IActionFilter filter, ActionExecutingContext preContext, Func`1 nextInChain)
   at System.Web.Mvc.Async.AsyncControllerActionInvoker.<>c__DisplayClass37.<>c__DisplayClass39.<>c__DisplayClass3b.<BeginInvokeActionMethodWithFilters>b__35()
   at System.Web.Mvc.Async.AsyncControllerActionInvoker.<>c__DisplayClass37.<BeginInvokeActionMethodWithFilters>b__31(AsyncCallback asyncCallback, Object asyncState)
   at System.Web.Mvc.Async.AsyncResultWrapper.WrappedAsyncResult`1.Begin(AsyncCallback callback, Object state, Int32 timeout)
   at System.Web.Mvc.Async.AsyncControllerActionInvoker.BeginInvokeActionMethodWithFilters(ControllerContext controllerContext, IList`1 filters, ActionDescriptor actionDescriptor, IDictionary`2 parameters, AsyncCallback callback, Object state)
   at System.Web.Mvc.Async.AsyncControllerActionInvoker.<>c__DisplayClass25.<BeginInvokeAction>b__1e(AsyncCallback asyncCallback, Object asyncState)
 2015-04-09 12:21:02,954 [13] INFO  StatisticalSolutions.Controllers.Base.BaseController - Application URL - /StatisticalSolutions/Base/StatisticalError 
 2015-04-09 12:21:03,004 [13] INFO  StatisticalSolutions.Controllers.Base.BaseController - Application URL - /StatisticalSolutions/Base/StatisticalError 
 2015-04-09 12:21:03,004 [13] ERROR StatisticalSolutions.Controllers.Base.BaseController - Statistical exception message - Exception has been thrown by the target of an invocation.
 2015-04-09 12:21:03,004 [13] ERROR StatisticalSolutions.Controllers.Base.BaseController - Statistical exception stack trace -    at System.RuntimeTypeHandle.CreateInstance(RuntimeType type, Boolean publicOnly, Boolean noCheck, Boolean& canBeCached, RuntimeMethodHandleInternal& ctor, Boolean& bNeedSecurityCheck)
   at System.RuntimeType.CreateInstanceSlow(Boolean publicOnly, Boolean skipCheckThis, Boolean fillCache, StackCrawlMark& stackMark)
   at System.RuntimeType.CreateInstanceDefaultCtor(Boolean publicOnly, Boolean skipCheckThis, Boolean fillCache, StackCrawlMark& stackMark)
   at System.Activator.CreateInstance(Type type, Boolean nonPublic)
   at System.Activator.CreateInstance(Type type)
   at System.Threading.LazyHelpers`1.ActivatorFactorySelector()
   at System.Threading.LazyInitializer.EnsureInitializedCore[T](T& target, Boolean& initialized, Object& syncLock, Func`1 valueFactory)
   at System.Threading.LazyInitializer.EnsureInitialized[T](T& target, Boolean& initialized, Object& syncLock)
   at StatisticalSolutions.Filters.InitializeSimpleMembershipAttribute.OnActionExecuting(ActionExecutingContext filterContext) in c:\temp\3rdPartyProjects\StatisticalSolutions\StatisticalSolutions\Filters\InitializeSimpleMembershipAttribute.cs:line 23
   at System.Web.Mvc.Async.AsyncControllerActionInvoker.InvokeActionMethodFilterAsynchronously(IActionFilter filter, ActionExecutingContext preContext, Func`1 nextInChain)
   at System.Web.Mvc.Async.AsyncControllerActionInvoker.<>c__DisplayClass37.<>c__DisplayClass39.<>c__DisplayClass3b.<BeginInvokeActionMethodWithFilters>b__35()
   at System.Web.Mvc.Async.AsyncControllerActionInvoker.InvokeActionMethodFilterAsynchronously(IActionFilter filter, ActionExecutingContext preContext, Func`1 nextInChain)
   at System.Web.Mvc.Async.AsyncControllerActionInvoker.<>c__DisplayClass37.<>c__DisplayClass39.<>c__DisplayClass3b.<BeginInvokeActionMethodWithFilters>b__35()
   at System.Web.Mvc.Async.AsyncControllerActionInvoker.<>c__DisplayClass37.<BeginInvokeActionMethodWithFilters>b__31(AsyncCallback asyncCallback, Object asyncState)
   at System.Web.Mvc.Async.AsyncResultWrapper.WrappedAsyncResult`1.Begin(AsyncCallback callback, Object state, Int32 timeout)
   at System.Web.Mvc.Async.AsyncControllerActionInvoker.BeginInvokeActionMethodWithFilters(ControllerContext controllerContext, IList`1 filters, ActionDescriptor actionDescriptor, IDictionary`2 parameters, AsyncCallback callback, Object state)
   at System.Web.Mvc.Async.AsyncControllerActionInvoker.<>c__DisplayClass25.<BeginInvokeAction>b__1e(AsyncCallback asyncCallback, Object asyncState)
 2015-04-09 12:21:03,014 [8] INFO  StatisticalSolutions.Controllers.Base.BaseController - Application URL - /StatisticalSolutions/Base/StatisticalError 
 2015-04-09 12:21:03,057 [8] INFO  StatisticalSolutions.Controllers.Base.BaseController - Application URL - /StatisticalSolutions/Base/StatisticalError 
 2015-04-09 12:21:03,057 [8] ERROR StatisticalSolutions.Controllers.Base.BaseController - Statistical exception message - Exception has been thrown by the target of an invocation.
 2015-04-09 12:21:03,057 [8] ERROR StatisticalSolutions.Controllers.Base.BaseController - Statistical exception stack trace -    at System.RuntimeTypeHandle.CreateInstance(RuntimeType type, Boolean publicOnly, Boolean noCheck, Boolean& canBeCached, RuntimeMethodHandleInternal& ctor, Boolean& bNeedSecurityCheck)
   at System.RuntimeType.CreateInstanceSlow(Boolean publicOnly, Boolean skipCheckThis, Boolean fillCache, StackCrawlMark& stackMark)
   at System.RuntimeType.CreateInstanceDefaultCtor(Boolean publicOnly, Boolean skipCheckThis, Boolean fillCache, StackCrawlMark& stackMark)
   at System.Activator.CreateInstance(Type type, Boolean nonPublic)
   at System.Activator.CreateInstance(Type type)
   at System.Threading.LazyHelpers`1.ActivatorFactorySelector()
   at System.Threading.LazyInitializer.EnsureInitializedCore[T](T& target, Boolean& initialized, Object& syncLock, Func`1 valueFactory)
   at System.Threading.LazyInitializer.EnsureInitialized[T](T& target, Boolean& initialized, Object& syncLock)
   at StatisticalSolutions.Filters.InitializeSimpleMembershipAttribute.OnActionExecuting(ActionExecutingContext filterContext) in c:\temp\3rdPartyProjects\StatisticalSolutions\StatisticalSolutions\Filters\InitializeSimpleMembershipAttribute.cs:line 23
   at System.Web.Mvc.Async.AsyncControllerActionInvoker.InvokeActionMethodFilterAsynchronously(IActionFilter filter, ActionExecutingContext preContext, Func`1 nextInChain)
   at System.Web.Mvc.Async.AsyncControllerActionInvoker.<>c__DisplayClass37.<>c__DisplayClass39.<>c__DisplayClass3b.<BeginInvokeActionMethodWithFilters>b__35()
   at System.Web.Mvc.Async.AsyncControllerActionInvoker.InvokeActionMethodFilterAsynchronously(IActionFilter filter, ActionExecutingContext preContext, Func`1 nextInChain)
   at System.Web.Mvc.Async.AsyncControllerActionInvoker.<>c__DisplayClass37.<>c__DisplayClass39.<>c__DisplayClass3b.<BeginInvokeActionMethodWithFilters>b__35()
   at System.Web.Mvc.Async.AsyncControllerActionInvoker.<>c__DisplayClass37.<BeginInvokeActionMethodWithFilters>b__31(AsyncCallback asyncCallback, Object asyncState)
   at System.Web.Mvc.Async.AsyncResultWrapper.WrappedAsyncResult`1.Begin(AsyncCallback callback, Object state, Int32 timeout)
   at System.Web.Mvc.Async.AsyncControllerActionInvoker.BeginInvokeActionMethodWithFilters(ControllerContext controllerContext, IList`1 filters, ActionDescriptor actionDescriptor, IDictionary`2 parameters, AsyncCallback callback, Object state)
   at System.Web.Mvc.Async.AsyncControllerActionInvoker.<>c__DisplayClass25.<BeginInvokeAction>b__1e(AsyncCallback asyncCallback, Object asyncState)
 2015-04-09 12:21:03,067 [7] INFO  StatisticalSolutions.Controllers.Base.BaseController - Application URL - /StatisticalSolutions/Base/StatisticalError 
 2015-04-09 12:21:03,117 [7] INFO  StatisticalSolutions.Controllers.Base.BaseController - Application URL - /StatisticalSolutions/Base/StatisticalError 
 2015-04-09 12:21:03,117 [7] ERROR StatisticalSolutions.Controllers.Base.BaseController - Statistical exception message - Exception has been thrown by the target of an invocation.
 2015-04-09 12:21:03,117 [7] ERROR StatisticalSolutions.Controllers.Base.BaseController - Statistical exception stack trace -    at System.RuntimeTypeHandle.CreateInstance(RuntimeType type, Boolean publicOnly, Boolean noCheck, Boolean& canBeCached, RuntimeMethodHandleInternal& ctor, Boolean& bNeedSecurityCheck)
   at System.RuntimeType.CreateInstanceSlow(Boolean publicOnly, Boolean skipCheckThis, Boolean fillCache, StackCrawlMark& stackMark)
   at System.RuntimeType.CreateInstanceDefaultCtor(Boolean publicOnly, Boolean skipCheckThis, Boolean fillCache, StackCrawlMark& stackMark)
   at System.Activator.CreateInstance(Type type, Boolean nonPublic)
   at System.Activator.CreateInstance(Type type)
   at System.Threading.LazyHelpers`1.ActivatorFactorySelector()
   at System.Threading.LazyInitializer.EnsureInitializedCore[T](T& target, Boolean& initialized, Object& syncLock, Func`1 valueFactory)
   at System.Threading.LazyInitializer.EnsureInitialized[T](T& target, Boolean& initialized, Object& syncLock)
   at StatisticalSolutions.Filters.InitializeSimpleMembershipAttribute.OnActionExecuting(ActionExecutingContext filterContext) in c:\temp\3rdPartyProjects\StatisticalSolutions\StatisticalSolutions\Filters\InitializeSimpleMembershipAttribute.cs:line 23
   at System.Web.Mvc.Async.AsyncControllerActionInvoker.InvokeActionMethodFilterAsynchronously(IActionFilter filter, ActionExecutingContext preContext, Func`1 nextInChain)
   at System.Web.Mvc.Async.AsyncControllerActionInvoker.<>c__DisplayClass37.<>c__DisplayClass39.<>c__DisplayClass3b.<BeginInvokeActionMethodWithFilters>b__35()
   at System.Web.Mvc.Async.AsyncControllerActionInvoker.InvokeActionMethodFilterAsynchronously(IActionFilter filter, ActionExecutingContext preContext, Func`1 nextInChain)
   at System.Web.Mvc.Async.AsyncControllerActionInvoker.<>c__DisplayClass37.<>c__DisplayClass39.<>c__DisplayClass3b.<BeginInvokeActionMethodWithFilters>b__35()
   at System.Web.Mvc.Async.AsyncControllerActionInvoker.<>c__DisplayClass37.<BeginInvokeActionMethodWithFilters>b__31(AsyncCallback asyncCallback, Object asyncState)
   at System.Web.Mvc.Async.AsyncResultWrapper.WrappedAsyncResult`1.Begin(AsyncCallback callback, Object state, Int32 timeout)
   at System.Web.Mvc.Async.AsyncControllerActionInvoker.BeginInvokeActionMethodWithFilters(ControllerContext controllerContext, IList`1 filters, ActionDescriptor actionDescriptor, IDictionary`2 parameters, AsyncCallback callback, Object state)
   at System.Web.Mvc.Async.AsyncControllerActionInvoker.<>c__DisplayClass25.<BeginInvokeAction>b__1e(AsyncCallback asyncCallback, Object asyncState)
 2015-04-09 12:21:03,117 [11] INFO  StatisticalSolutions.Controllers.Base.BaseController - Application URL - /StatisticalSolutions/Base/StatisticalError 
 2015-04-09 12:21:03,167 [11] INFO  StatisticalSolutions.Controllers.Base.BaseController - Application URL - /StatisticalSolutions/Base/StatisticalError 
 2015-04-09 12:21:03,167 [11] ERROR StatisticalSolutions.Controllers.Base.BaseController - Statistical exception message - Exception has been thrown by the target of an invocation.
 2015-04-09 12:21:03,167 [11] ERROR StatisticalSolutions.Controllers.Base.BaseController - Statistical exception stack trace -    at System.RuntimeTypeHandle.CreateInstance(RuntimeType type, Boolean publicOnly, Boolean noCheck, Boolean& canBeCached, RuntimeMethodHandleInternal& ctor, Boolean& bNeedSecurityCheck)
   at System.RuntimeType.CreateInstanceSlow(Boolean publicOnly, Boolean skipCheckThis, Boolean fillCache, StackCrawlMark& stackMark)
   at System.RuntimeType.CreateInstanceDefaultCtor(Boolean publicOnly, Boolean skipCheckThis, Boolean fillCache, StackCrawlMark& stackMark)
   at System.Activator.CreateInstance(Type type, Boolean nonPublic)
   at System.Activator.CreateInstance(Type type)
   at System.Threading.LazyHelpers`1.ActivatorFactorySelector()
   at System.Threading.LazyInitializer.EnsureInitializedCore[T](T& target, Boolean& initialized, Object& syncLock, Func`1 valueFactory)
   at System.Threading.LazyInitializer.EnsureInitialized[T](T& target, Boolean& initialized, Object& syncLock)
   at StatisticalSolutions.Filters.InitializeSimpleMembershipAttribute.OnActionExecuting(ActionExecutingContext filterContext) in c:\temp\3rdPartyProjects\StatisticalSolutions\StatisticalSolutions\Filters\InitializeSimpleMembershipAttribute.cs:line 23
   at System.Web.Mvc.Async.AsyncControllerActionInvoker.InvokeActionMethodFilterAsynchronously(IActionFilter filter, ActionExecutingContext preContext, Func`1 nextInChain)
   at System.Web.Mvc.Async.AsyncControllerActionInvoker.<>c__DisplayClass37.<>c__DisplayClass39.<>c__DisplayClass3b.<BeginInvokeActionMethodWithFilters>b__35()
   at System.Web.Mvc.Async.AsyncControllerActionInvoker.InvokeActionMethodFilterAsynchronously(IActionFilter filter, ActionExecutingContext preContext, Func`1 nextInChain)
   at System.Web.Mvc.Async.AsyncControllerActionInvoker.<>c__DisplayClass37.<>c__DisplayClass39.<>c__DisplayClass3b.<BeginInvokeActionMethodWithFilters>b__35()
   at System.Web.Mvc.Async.AsyncControllerActionInvoker.<>c__DisplayClass37.<BeginInvokeActionMethodWithFilters>b__31(AsyncCallback asyncCallback, Object asyncState)
   at System.Web.Mvc.Async.AsyncResultWrapper.WrappedAsyncResult`1.Begin(AsyncCallback callback, Object state, Int32 timeout)
   at System.Web.Mvc.Async.AsyncControllerActionInvoker.BeginInvokeActionMethodWithFilters(ControllerContext controllerContext, IList`1 filters, ActionDescriptor actionDescriptor, IDictionary`2 parameters, AsyncCallback callback, Object state)
   at System.Web.Mvc.Async.AsyncControllerActionInvoker.<>c__DisplayClass25.<BeginInvokeAction>b__1e(AsyncCallback asyncCallback, Object asyncState)
 2015-04-09 12:21:03,177 [15] INFO  StatisticalSolutions.Controllers.Base.BaseController - Application URL - /StatisticalSolutions/Base/StatisticalError 
 2015-04-09 12:21:03,227 [15] INFO  StatisticalSolutions.Controllers.Base.BaseController - Application URL - /StatisticalSolutions/Base/StatisticalError 
 2015-04-09 12:21:03,227 [15] ERROR StatisticalSolutions.Controllers.Base.BaseController - Statistical exception message - Exception has been thrown by the target of an invocation.
 2015-04-09 12:21:03,227 [15] ERROR StatisticalSolutions.Controllers.Base.BaseController - Statistical exception stack trace -    at System.RuntimeTypeHandle.CreateInstance(RuntimeType type, Boolean publicOnly, Boolean noCheck, Boolean& canBeCached, RuntimeMethodHandleInternal& ctor, Boolean& bNeedSecurityCheck)
   at System.RuntimeType.CreateInstanceSlow(Boolean publicOnly, Boolean skipCheckThis, Boolean fillCache, StackCrawlMark& stackMark)
   at System.RuntimeType.CreateInstanceDefaultCtor(Boolean publicOnly, Boolean skipCheckThis, Boolean fillCache, StackCrawlMark& stackMark)
   at System.Activator.CreateInstance(Type type, Boolean nonPublic)
   at System.Activator.CreateInstance(Type type)
   at System.Threading.LazyHelpers`1.ActivatorFactorySelector()
   at System.Threading.LazyInitializer.EnsureInitializedCore[T](T& target, Boolean& initialized, Object& syncLock, Func`1 valueFactory)
   at System.Threading.LazyInitializer.EnsureInitialized[T](T& target, Boolean& initialized, Object& syncLock)
   at StatisticalSolutions.Filters.InitializeSimpleMembershipAttribute.OnActionExecuting(ActionExecutingContext filterContext) in c:\temp\3rdPartyProjects\StatisticalSolutions\StatisticalSolutions\Filters\InitializeSimpleMembershipAttribute.cs:line 23
   at System.Web.Mvc.Async.AsyncControllerActionInvoker.InvokeActionMethodFilterAsynchronously(IActionFilter filter, ActionExecutingContext preContext, Func`1 nextInChain)
   at System.Web.Mvc.Async.AsyncControllerActionInvoker.<>c__DisplayClass37.<>c__DisplayClass39.<>c__DisplayClass3b.<BeginInvokeActionMethodWithFilters>b__35()
   at System.Web.Mvc.Async.AsyncControllerActionInvoker.InvokeActionMethodFilterAsynchronously(IActionFilter filter, ActionExecutingContext preContext, Func`1 nextInChain)
   at System.Web.Mvc.Async.AsyncControllerActionInvoker.<>c__DisplayClass37.<>c__DisplayClass39.<>c__DisplayClass3b.<BeginInvokeActionMethodWithFilters>b__35()
   at System.Web.Mvc.Async.AsyncControllerActionInvoker.<>c__DisplayClass37.<BeginInvokeActionMethodWithFilters>b__31(AsyncCallback asyncCallback, Object asyncState)
   at System.Web.Mvc.Async.AsyncResultWrapper.WrappedAsyncResult`1.Begin(AsyncCallback callback, Object state, Int32 timeout)
   at System.Web.Mvc.Async.AsyncControllerActionInvoker.BeginInvokeActionMethodWithFilters(ControllerContext controllerContext, IList`1 filters, ActionDescriptor actionDescriptor, IDictionary`2 parameters, AsyncCallback callback, Object state)
   at System.Web.Mvc.Async.AsyncControllerActionInvoker.<>c__DisplayClass25.<BeginInvokeAction>b__1e(AsyncCallback asyncCallback, Object asyncState)
 2015-04-09 12:21:03,227 [9] INFO  StatisticalSolutions.Controllers.Base.BaseController - Application URL - /StatisticalSolutions/Base/StatisticalError 
 2015-04-09 12:21:03,279 [9] INFO  StatisticalSolutions.Controllers.Base.BaseController - Application URL - /StatisticalSolutions/Base/StatisticalError 
 2015-04-09 12:21:03,279 [9] ERROR StatisticalSolutions.Controllers.Base.BaseController - Statistical exception message - Exception has been thrown by the target of an invocation.
 2015-04-09 12:21:03,279 [9] ERROR StatisticalSolutions.Controllers.Base.BaseController - Statistical exception stack trace -    at System.RuntimeTypeHandle.CreateInstance(RuntimeType type, Boolean publicOnly, Boolean noCheck, Boolean& canBeCached, RuntimeMethodHandleInternal& ctor, Boolean& bNeedSecurityCheck)
   at System.RuntimeType.CreateInstanceSlow(Boolean publicOnly, Boolean skipCheckThis, Boolean fillCache, StackCrawlMark& stackMark)
   at System.RuntimeType.CreateInstanceDefaultCtor(Boolean publicOnly, Boolean skipCheckThis, Boolean fillCache, StackCrawlMark& stackMark)
   at System.Activator.CreateInstance(Type type, Boolean nonPublic)
   at System.Activator.CreateInstance(Type type)
   at System.Threading.LazyHelpers`1.ActivatorFactorySelector()
   at System.Threading.LazyInitializer.EnsureInitializedCore[T](T& target, Boolean& initialized, Object& syncLock, Func`1 valueFactory)
   at System.Threading.LazyInitializer.EnsureInitialized[T](T& target, Boolean& initialized, Object& syncLock)
   at StatisticalSolutions.Filters.InitializeSimpleMembershipAttribute.OnActionExecuting(ActionExecutingContext filterContext) in c:\temp\3rdPartyProjects\StatisticalSolutions\StatisticalSolutions\Filters\InitializeSimpleMembershipAttribute.cs:line 23
   at System.Web.Mvc.Async.AsyncControllerActionInvoker.InvokeActionMethodFilterAsynchronously(IActionFilter filter, ActionExecutingContext preContext, Func`1 nextInChain)
   at System.Web.Mvc.Async.AsyncControllerActionInvoker.<>c__DisplayClass37.<>c__DisplayClass39.<>c__DisplayClass3b.<BeginInvokeActionMethodWithFilters>b__35()
   at System.Web.Mvc.Async.AsyncControllerActionInvoker.InvokeActionMethodFilterAsynchronously(IActionFilter filter, ActionExecutingContext preContext, Func`1 nextInChain)
   at System.Web.Mvc.Async.AsyncControllerActionInvoker.<>c__DisplayClass37.<>c__DisplayClass39.<>c__DisplayClass3b.<BeginInvokeActionMethodWithFilters>b__35()
   at System.Web.Mvc.Async.AsyncControllerActionInvoker.<>c__DisplayClass37.<BeginInvokeActionMethodWithFilters>b__31(AsyncCallback asyncCallback, Object asyncState)
   at System.Web.Mvc.Async.AsyncResultWrapper.WrappedAsyncResult`1.Begin(AsyncCallback callback, Object state, Int32 timeout)
   at System.Web.Mvc.Async.AsyncControllerActionInvoker.BeginInvokeActionMethodWithFilters(ControllerContext controllerContext, IList`1 filters, ActionDescriptor actionDescriptor, IDictionary`2 parameters, AsyncCallback callback, Object state)
   at System.Web.Mvc.Async.AsyncControllerActionInvoker.<>c__DisplayClass25.<BeginInvokeAction>b__1e(AsyncCallback asyncCallback, Object asyncState)
 2015-04-09 12:21:03,279 [5] INFO  StatisticalSolutions.Controllers.Base.BaseController - Application URL - /StatisticalSolutions/Base/StatisticalError 
 2015-04-09 12:21:03,329 [5] INFO  StatisticalSolutions.Controllers.Base.BaseController - Application URL - /StatisticalSolutions/Base/StatisticalError 
 2015-04-09 12:21:03,329 [5] ERROR StatisticalSolutions.Controllers.Base.BaseController - Statistical exception message - Exception has been thrown by the target of an invocation.
 2015-04-09 12:21:03,329 [5] ERROR StatisticalSolutions.Controllers.Base.BaseController - Statistical exception stack trace -    at System.RuntimeTypeHandle.CreateInstance(RuntimeType type, Boolean publicOnly, Boolean noCheck, Boolean& canBeCached, RuntimeMethodHandleInternal& ctor, Boolean& bNeedSecurityCheck)
   at System.RuntimeType.CreateInstanceSlow(Boolean publicOnly, Boolean skipCheckThis, Boolean fillCache, StackCrawlMark& stackMark)
   at System.RuntimeType.CreateInstanceDefaultCtor(Boolean publicOnly, Boolean skipCheckThis, Boolean fillCache, StackCrawlMark& stackMark)
   at System.Activator.CreateInstance(Type type, Boolean nonPublic)
   at System.Activator.CreateInstance(Type type)
   at System.Threading.LazyHelpers`1.ActivatorFactorySelector()
   at System.Threading.LazyInitializer.EnsureInitializedCore[T](T& target, Boolean& initialized, Object& syncLock, Func`1 valueFactory)
   at System.Threading.LazyInitializer.EnsureInitialized[T](T& target, Boolean& initialized, Object& syncLock)
   at StatisticalSolutions.Filters.InitializeSimpleMembershipAttribute.OnActionExecuting(ActionExecutingContext filterContext) in c:\temp\3rdPartyProjects\StatisticalSolutions\StatisticalSolutions\Filters\InitializeSimpleMembershipAttribute.cs:line 23
   at System.Web.Mvc.Async.AsyncControllerActionInvoker.InvokeActionMethodFilterAsynchronously(IActionFilter filter, ActionExecutingContext preContext, Func`1 nextInChain)
   at System.Web.Mvc.Async.AsyncControllerActionInvoker.<>c__DisplayClass37.<>c__DisplayClass39.<>c__DisplayClass3b.<BeginInvokeActionMethodWithFilters>b__35()
   at System.Web.Mvc.Async.AsyncControllerActionInvoker.InvokeActionMethodFilterAsynchronously(IActionFilter filter, ActionExecutingContext preContext, Func`1 nextInChain)
   at System.Web.Mvc.Async.AsyncControllerActionInvoker.<>c__DisplayClass37.<>c__DisplayClass39.<>c__DisplayClass3b.<BeginInvokeActionMethodWithFilters>b__35()
   at System.Web.Mvc.Async.AsyncControllerActionInvoker.<>c__DisplayClass37.<BeginInvokeActionMethodWithFilters>b__31(AsyncCallback asyncCallback, Object asyncState)
   at System.Web.Mvc.Async.AsyncResultWrapper.WrappedAsyncResult`1.Begin(AsyncCallback callback, Object state, Int32 timeout)
   at System.Web.Mvc.Async.AsyncControllerActionInvoker.BeginInvokeActionMethodWithFilters(ControllerContext controllerContext, IList`1 filters, ActionDescriptor actionDescriptor, IDictionary`2 parameters, AsyncCallback callback, Object state)
   at System.Web.Mvc.Async.AsyncControllerActionInvoker.<>c__DisplayClass25.<BeginInvokeAction>b__1e(AsyncCallback asyncCallback, Object asyncState)
 2015-04-09 12:21:03,339 [11] INFO  StatisticalSolutions.Controllers.Base.BaseController - Application URL - /StatisticalSolutions/Base/StatisticalError 
 2015-04-09 12:21:03,384 [11] INFO  StatisticalSolutions.Controllers.Base.BaseController - Application URL - /StatisticalSolutions/Base/StatisticalError 
 2015-04-09 12:21:03,384 [11] ERROR StatisticalSolutions.Controllers.Base.BaseController - Statistical exception message - Exception has been thrown by the target of an invocation.
 2015-04-09 12:21:03,384 [11] ERROR StatisticalSolutions.Controllers.Base.BaseController - Statistical exception stack trace -    at System.RuntimeTypeHandle.CreateInstance(RuntimeType type, Boolean publicOnly, Boolean noCheck, Boolean& canBeCached, RuntimeMethodHandleInternal& ctor, Boolean& bNeedSecurityCheck)
   at System.RuntimeType.CreateInstanceSlow(Boolean publicOnly, Boolean skipCheckThis, Boolean fillCache, StackCrawlMark& stackMark)
   at System.RuntimeType.CreateInstanceDefaultCtor(Boolean publicOnly, Boolean skipCheckThis, Boolean fillCache, StackCrawlMark& stackMark)
   at System.Activator.CreateInstance(Type type, Boolean nonPublic)
   at System.Activator.CreateInstance(Type type)
   at System.Threading.LazyHelpers`1.ActivatorFactorySelector()
   at System.Threading.LazyInitializer.EnsureInitializedCore[T](T& target, Boolean& initialized, Object& syncLock, Func`1 valueFactory)
   at System.Threading.LazyInitializer.EnsureInitialized[T](T& target, Boolean& initialized, Object& syncLock)
   at StatisticalSolutions.Filters.InitializeSimpleMembershipAttribute.OnActionExecuting(ActionExecutingContext filterContext) in c:\temp\3rdPartyProjects\StatisticalSolutions\StatisticalSolutions\Filters\InitializeSimpleMembershipAttribute.cs:line 23
   at System.Web.Mvc.Async.AsyncControllerActionInvoker.InvokeActionMethodFilterAsynchronously(IActionFilter filter, ActionExecutingContext preContext, Func`1 nextInChain)
   at System.Web.Mvc.Async.AsyncControllerActionInvoker.<>c__DisplayClass37.<>c__DisplayClass39.<>c__DisplayClass3b.<BeginInvokeActionMethodWithFilters>b__35()
   at System.Web.Mvc.Async.AsyncControllerActionInvoker.InvokeActionMethodFilterAsynchronously(IActionFilter filter, ActionExecutingContext preContext, Func`1 nextInChain)
   at System.Web.Mvc.Async.AsyncControllerActionInvoker.<>c__DisplayClass37.<>c__DisplayClass39.<>c__DisplayClass3b.<BeginInvokeActionMethodWithFilters>b__35()
   at System.Web.Mvc.Async.AsyncControllerActionInvoker.<>c__DisplayClass37.<BeginInvokeActionMethodWithFilters>b__31(AsyncCallback asyncCallback, Object asyncState)
   at System.Web.Mvc.Async.AsyncResultWrapper.WrappedAsyncResult`1.Begin(AsyncCallback callback, Object state, Int32 timeout)
   at System.Web.Mvc.Async.AsyncControllerActionInvoker.BeginInvokeActionMethodWithFilters(ControllerContext controllerContext, IList`1 filters, ActionDescriptor actionDescriptor, IDictionary`2 parameters, AsyncCallback callback, Object state)
   at System.Web.Mvc.Async.AsyncControllerActionInvoker.<>c__DisplayClass25.<BeginInvokeAction>b__1e(AsyncCallback asyncCallback, Object asyncState)
 2015-04-09 12:21:03,384 [9] INFO  StatisticalSolutions.Controllers.Base.BaseController - Application URL - /StatisticalSolutions/Base/StatisticalError 
 2015-04-09 12:21:03,434 [9] INFO  StatisticalSolutions.Controllers.Base.BaseController - Application URL - /StatisticalSolutions/Base/StatisticalError 
 2015-04-09 12:21:03,434 [9] ERROR StatisticalSolutions.Controllers.Base.BaseController - Statistical exception message - Exception has been thrown by the target of an invocation.
 2015-04-09 12:21:03,434 [9] ERROR StatisticalSolutions.Controllers.Base.BaseController - Statistical exception stack trace -    at System.RuntimeTypeHandle.CreateInstance(RuntimeType type, Boolean publicOnly, Boolean noCheck, Boolean& canBeCached, RuntimeMethodHandleInternal& ctor, Boolean& bNeedSecurityCheck)
   at System.RuntimeType.CreateInstanceSlow(Boolean publicOnly, Boolean skipCheckThis, Boolean fillCache, StackCrawlMark& stackMark)
   at System.RuntimeType.CreateInstanceDefaultCtor(Boolean publicOnly, Boolean skipCheckThis, Boolean fillCache, StackCrawlMark& stackMark)
   at System.Activator.CreateInstance(Type type, Boolean nonPublic)
   at System.Activator.CreateInstance(Type type)
   at System.Threading.LazyHelpers`1.ActivatorFactorySelector()
   at System.Threading.LazyInitializer.EnsureInitializedCore[T](T& target, Boolean& initialized, Object& syncLock, Func`1 valueFactory)
   at System.Threading.LazyInitializer.EnsureInitialized[T](T& target, Boolean& initialized, Object& syncLock)
   at StatisticalSolutions.Filters.InitializeSimpleMembershipAttribute.OnActionExecuting(ActionExecutingContext filterContext) in c:\temp\3rdPartyProjects\StatisticalSolutions\StatisticalSolutions\Filters\InitializeSimpleMembershipAttribute.cs:line 23
   at System.Web.Mvc.Async.AsyncControllerActionInvoker.InvokeActionMethodFilterAsynchronously(IActionFilter filter, ActionExecutingContext preContext, Func`1 nextInChain)
   at System.Web.Mvc.Async.AsyncControllerActionInvoker.<>c__DisplayClass37.<>c__DisplayClass39.<>c__DisplayClass3b.<BeginInvokeActionMethodWithFilters>b__35()
   at System.Web.Mvc.Async.AsyncControllerActionInvoker.InvokeActionMethodFilterAsynchronously(IActionFilter filter, ActionExecutingContext preContext, Func`1 nextInChain)
   at System.Web.Mvc.Async.AsyncControllerActionInvoker.<>c__DisplayClass37.<>c__DisplayClass39.<>c__DisplayClass3b.<BeginInvokeActionMethodWithFilters>b__35()
   at System.Web.Mvc.Async.AsyncControllerActionInvoker.<>c__DisplayClass37.<BeginInvokeActionMethodWithFilters>b__31(AsyncCallback asyncCallback, Object asyncState)
   at System.Web.Mvc.Async.AsyncResultWrapper.WrappedAsyncResult`1.Begin(AsyncCallback callback, Object state, Int32 timeout)
   at System.Web.Mvc.Async.AsyncControllerActionInvoker.BeginInvokeActionMethodWithFilters(ControllerContext controllerContext, IList`1 filters, ActionDescriptor actionDescriptor, IDictionary`2 parameters, AsyncCallback callback, Object state)
   at System.Web.Mvc.Async.AsyncControllerActionInvoker.<>c__DisplayClass25.<BeginInvokeAction>b__1e(AsyncCallback asyncCallback, Object asyncState)
 2015-04-09 12:21:03,444 [10] INFO  StatisticalSolutions.Controllers.Base.BaseController - Application URL - /StatisticalSolutions/Base/StatisticalError 
 2015-04-09 12:21:03,489 [10] INFO  StatisticalSolutions.Controllers.Base.BaseController - Application URL - /StatisticalSolutions/Base/StatisticalError 
 2015-04-09 12:21:03,489 [10] ERROR StatisticalSolutions.Controllers.Base.BaseController - Statistical exception message - Exception has been thrown by the target of an invocation.
 2015-04-09 12:21:03,489 [10] ERROR StatisticalSolutions.Controllers.Base.BaseController - Statistical exception stack trace -    at System.RuntimeTypeHandle.CreateInstance(RuntimeType type, Boolean publicOnly, Boolean noCheck, Boolean& canBeCached, RuntimeMethodHandleInternal& ctor, Boolean& bNeedSecurityCheck)
   at System.RuntimeType.CreateInstanceSlow(Boolean publicOnly, Boolean skipCheckThis, Boolean fillCache, StackCrawlMark& stackMark)
   at System.RuntimeType.CreateInstanceDefaultCtor(Boolean publicOnly, Boolean skipCheckThis, Boolean fillCache, StackCrawlMark& stackMark)
   at System.Activator.CreateInstance(Type type, Boolean nonPublic)
   at System.Activator.CreateInstance(Type type)
   at System.Threading.LazyHelpers`1.ActivatorFactorySelector()
   at System.Threading.LazyInitializer.EnsureInitializedCore[T](T& target, Boolean& initialized, Object& syncLock, Func`1 valueFactory)
   at System.Threading.LazyInitializer.EnsureInitialized[T](T& target, Boolean& initialized, Object& syncLock)
   at StatisticalSolutions.Filters.InitializeSimpleMembershipAttribute.OnActionExecuting(ActionExecutingContext filterContext) in c:\temp\3rdPartyProjects\StatisticalSolutions\StatisticalSolutions\Filters\InitializeSimpleMembershipAttribute.cs:line 23
   at System.Web.Mvc.Async.AsyncControllerActionInvoker.InvokeActionMethodFilterAsynchronously(IActionFilter filter, ActionExecutingContext preContext, Func`1 nextInChain)
   at System.Web.Mvc.Async.AsyncControllerActionInvoker.<>c__DisplayClass37.<>c__DisplayClass39.<>c__DisplayClass3b.<BeginInvokeActionMethodWithFilters>b__35()
   at System.Web.Mvc.Async.AsyncControllerActionInvoker.InvokeActionMethodFilterAsynchronously(IActionFilter filter, ActionExecutingContext preContext, Func`1 nextInChain)
   at System.Web.Mvc.Async.AsyncControllerActionInvoker.<>c__DisplayClass37.<>c__DisplayClass39.<>c__DisplayClass3b.<BeginInvokeActionMethodWithFilters>b__35()
   at System.Web.Mvc.Async.AsyncControllerActionInvoker.<>c__DisplayClass37.<BeginInvokeActionMethodWithFilters>b__31(AsyncCallback asyncCallback, Object asyncState)
   at System.Web.Mvc.Async.AsyncResultWrapper.WrappedAsyncResult`1.Begin(AsyncCallback callback, Object state, Int32 timeout)
   at System.Web.Mvc.Async.AsyncControllerActionInvoker.BeginInvokeActionMethodWithFilters(ControllerContext controllerContext, IList`1 filters, ActionDescriptor actionDescriptor, IDictionary`2 parameters, AsyncCallback callback, Object state)
   at System.Web.Mvc.Async.AsyncControllerActionInvoker.<>c__DisplayClass25.<BeginInvokeAction>b__1e(AsyncCallback asyncCallback, Object asyncState)
 2015-04-09 12:21:03,489 [15] INFO  StatisticalSolutions.Controllers.Base.BaseController - Application URL - /StatisticalSolutions/Base/StatisticalError 
 2015-04-09 12:21:03,539 [15] INFO  StatisticalSolutions.Controllers.Base.BaseController - Application URL - /StatisticalSolutions/Base/StatisticalError 
 2015-04-09 12:21:03,539 [15] ERROR StatisticalSolutions.Controllers.Base.BaseController - Statistical exception message - Exception has been thrown by the target of an invocation.
 2015-04-09 12:21:03,539 [15] ERROR StatisticalSolutions.Controllers.Base.BaseController - Statistical exception stack trace -    at System.RuntimeTypeHandle.CreateInstance(RuntimeType type, Boolean publicOnly, Boolean noCheck, Boolean& canBeCached, RuntimeMethodHandleInternal& ctor, Boolean& bNeedSecurityCheck)
   at System.RuntimeType.CreateInstanceSlow(Boolean publicOnly, Boolean skipCheckThis, Boolean fillCache, StackCrawlMark& stackMark)
   at System.RuntimeType.CreateInstanceDefaultCtor(Boolean publicOnly, Boolean skipCheckThis, Boolean fillCache, StackCrawlMark& stackMark)
   at System.Activator.CreateInstance(Type type, Boolean nonPublic)
   at System.Activator.CreateInstance(Type type)
   at System.Threading.LazyHelpers`1.ActivatorFactorySelector()
   at System.Threading.LazyInitializer.EnsureInitializedCore[T](T& target, Boolean& initialized, Object& syncLock, Func`1 valueFactory)
   at System.Threading.LazyInitializer.EnsureInitialized[T](T& target, Boolean& initialized, Object& syncLock)
   at StatisticalSolutions.Filters.InitializeSimpleMembershipAttribute.OnActionExecuting(ActionExecutingContext filterContext) in c:\temp\3rdPartyProjects\StatisticalSolutions\StatisticalSolutions\Filters\InitializeSimpleMembershipAttribute.cs:line 23
   at System.Web.Mvc.Async.AsyncControllerActionInvoker.InvokeActionMethodFilterAsynchronously(IActionFilter filter, ActionExecutingContext preContext, Func`1 nextInChain)
   at System.Web.Mvc.Async.AsyncControllerActionInvoker.<>c__DisplayClass37.<>c__DisplayClass39.<>c__DisplayClass3b.<BeginInvokeActionMethodWithFilters>b__35()
   at System.Web.Mvc.Async.AsyncControllerActionInvoker.InvokeActionMethodFilterAsynchronously(IActionFilter filter, ActionExecutingContext preContext, Func`1 nextInChain)
   at System.Web.Mvc.Async.AsyncControllerActionInvoker.<>c__DisplayClass37.<>c__DisplayClass39.<>c__DisplayClass3b.<BeginInvokeActionMethodWithFilters>b__35()
   at System.Web.Mvc.Async.AsyncControllerActionInvoker.<>c__DisplayClass37.<BeginInvokeActionMethodWithFilters>b__31(AsyncCallback asyncCallback, Object asyncState)
   at System.Web.Mvc.Async.AsyncResultWrapper.WrappedAsyncResult`1.Begin(AsyncCallback callback, Object state, Int32 timeout)
   at System.Web.Mvc.Async.AsyncControllerActionInvoker.BeginInvokeActionMethodWithFilters(ControllerContext controllerContext, IList`1 filters, ActionDescriptor actionDescriptor, IDictionary`2 parameters, AsyncCallback callback, Object state)
   at System.Web.Mvc.Async.AsyncControllerActionInvoker.<>c__DisplayClass25.<BeginInvokeAction>b__1e(AsyncCallback asyncCallback, Object asyncState)
 2015-04-09 12:21:03,539 [5] INFO  StatisticalSolutions.Controllers.Base.BaseController - Application URL - /StatisticalSolutions/Base/StatisticalError 
 2015-04-09 12:21:03,594 [5] INFO  StatisticalSolutions.Controllers.Base.BaseController - Application URL - /StatisticalSolutions/Base/StatisticalError 
 2015-04-09 12:21:03,594 [5] ERROR StatisticalSolutions.Controllers.Base.BaseController - Statistical exception message - Exception has been thrown by the target of an invocation.
 2015-04-09 12:21:03,594 [5] ERROR StatisticalSolutions.Controllers.Base.BaseController - Statistical exception stack trace -    at System.RuntimeTypeHandle.CreateInstance(RuntimeType type, Boolean publicOnly, Boolean noCheck, Boolean& canBeCached, RuntimeMethodHandleInternal& ctor, Boolean& bNeedSecurityCheck)
   at System.RuntimeType.CreateInstanceSlow(Boolean publicOnly, Boolean skipCheckThis, Boolean fillCache, StackCrawlMark& stackMark)
   at System.RuntimeType.CreateInstanceDefaultCtor(Boolean publicOnly, Boolean skipCheckThis, Boolean fillCache, StackCrawlMark& stackMark)
   at System.Activator.CreateInstance(Type type, Boolean nonPublic)
   at System.Activator.CreateInstance(Type type)
   at System.Threading.LazyHelpers`1.ActivatorFactorySelector()
   at System.Threading.LazyInitializer.EnsureInitializedCore[T](T& target, Boolean& initialized, Object& syncLock, Func`1 valueFactory)
   at System.Threading.LazyInitializer.EnsureInitialized[T](T& target, Boolean& initialized, Object& syncLock)
   at StatisticalSolutions.Filters.InitializeSimpleMembershipAttribute.OnActionExecuting(ActionExecutingContext filterContext) in c:\temp\3rdPartyProjects\StatisticalSolutions\StatisticalSolutions\Filters\InitializeSimpleMembershipAttribute.cs:line 23
   at System.Web.Mvc.Async.AsyncControllerActionInvoker.InvokeActionMethodFilterAsynchronously(IActionFilter filter, ActionExecutingContext preContext, Func`1 nextInChain)
   at System.Web.Mvc.Async.AsyncControllerActionInvoker.<>c__DisplayClass37.<>c__DisplayClass39.<>c__DisplayClass3b.<BeginInvokeActionMethodWithFilters>b__35()
   at System.Web.Mvc.Async.AsyncControllerActionInvoker.InvokeActionMethodFilterAsynchronously(IActionFilter filter, ActionExecutingContext preContext, Func`1 nextInChain)
   at System.Web.Mvc.Async.AsyncControllerActionInvoker.<>c__DisplayClass37.<>c__DisplayClass39.<>c__DisplayClass3b.<BeginInvokeActionMethodWithFilters>b__35()
   at System.Web.Mvc.Async.AsyncControllerActionInvoker.<>c__DisplayClass37.<BeginInvokeActionMethodWithFilters>b__31(AsyncCallback asyncCallback, Object asyncState)
   at System.Web.Mvc.Async.AsyncResultWrapper.WrappedAsyncResult`1.Begin(AsyncCallback callback, Object state, Int32 timeout)
   at System.Web.Mvc.Async.AsyncControllerActionInvoker.BeginInvokeActionMethodWithFilters(ControllerContext controllerContext, IList`1 filters, ActionDescriptor actionDescriptor, IDictionary`2 parameters, AsyncCallback callback, Object state)
   at System.Web.Mvc.Async.AsyncControllerActionInvoker.<>c__DisplayClass25.<BeginInvokeAction>b__1e(AsyncCallback asyncCallback, Object asyncState)
 2015-04-09 12:21:03,594 [11] INFO  StatisticalSolutions.Controllers.Base.BaseController - Application URL - /StatisticalSolutions/Base/StatisticalError 
 2015-04-09 12:21:03,644 [11] INFO  StatisticalSolutions.Controllers.Base.BaseController - Application URL - /StatisticalSolutions/Base/StatisticalError 
 2015-04-09 12:21:03,644 [11] ERROR StatisticalSolutions.Controllers.Base.BaseController - Statistical exception message - Exception has been thrown by the target of an invocation.
 2015-04-09 12:21:03,644 [11] ERROR StatisticalSolutions.Controllers.Base.BaseController - Statistical exception stack trace -    at System.RuntimeTypeHandle.CreateInstance(RuntimeType type, Boolean publicOnly, Boolean noCheck, Boolean& canBeCached, RuntimeMethodHandleInternal& ctor, Boolean& bNeedSecurityCheck)
   at System.RuntimeType.CreateInstanceSlow(Boolean publicOnly, Boolean skipCheckThis, Boolean fillCache, StackCrawlMark& stackMark)
   at System.RuntimeType.CreateInstanceDefaultCtor(Boolean publicOnly, Boolean skipCheckThis, Boolean fillCache, StackCrawlMark& stackMark)
   at System.Activator.CreateInstance(Type type, Boolean nonPublic)
   at System.Activator.CreateInstance(Type type)
   at System.Threading.LazyHelpers`1.ActivatorFactorySelector()
   at System.Threading.LazyInitializer.EnsureInitializedCore[T](T& target, Boolean& initialized, Object& syncLock, Func`1 valueFactory)
   at System.Threading.LazyInitializer.EnsureInitialized[T](T& target, Boolean& initialized, Object& syncLock)
   at StatisticalSolutions.Filters.InitializeSimpleMembershipAttribute.OnActionExecuting(ActionExecutingContext filterContext) in c:\temp\3rdPartyProjects\StatisticalSolutions\StatisticalSolutions\Filters\InitializeSimpleMembershipAttribute.cs:line 23
   at System.Web.Mvc.Async.AsyncControllerActionInvoker.InvokeActionMethodFilterAsynchronously(IActionFilter filter, ActionExecutingContext preContext, Func`1 nextInChain)
   at System.Web.Mvc.Async.AsyncControllerActionInvoker.<>c__DisplayClass37.<>c__DisplayClass39.<>c__DisplayClass3b.<BeginInvokeActionMethodWithFilters>b__35()
   at System.Web.Mvc.Async.AsyncControllerActionInvoker.InvokeActionMethodFilterAsynchronously(IActionFilter filter, ActionExecutingContext preContext, Func`1 nextInChain)
   at System.Web.Mvc.Async.AsyncControllerActionInvoker.<>c__DisplayClass37.<>c__DisplayClass39.<>c__DisplayClass3b.<BeginInvokeActionMethodWithFilters>b__35()
   at System.Web.Mvc.Async.AsyncControllerActionInvoker.<>c__DisplayClass37.<BeginInvokeActionMethodWithFilters>b__31(AsyncCallback asyncCallback, Object asyncState)
   at System.Web.Mvc.Async.AsyncResultWrapper.WrappedAsyncResult`1.Begin(AsyncCallback callback, Object state, Int32 timeout)
   at System.Web.Mvc.Async.AsyncControllerActionInvoker.BeginInvokeActionMethodWithFilters(ControllerContext controllerContext, IList`1 filters, ActionDescriptor actionDescriptor, IDictionary`2 parameters, AsyncCallback callback, Object state)
   at System.Web.Mvc.Async.AsyncControllerActionInvoker.<>c__DisplayClass25.<BeginInvokeAction>b__1e(AsyncCallback asyncCallback, Object asyncState)
 2015-04-09 12:21:03,654 [10] INFO  StatisticalSolutions.Controllers.Base.BaseController - Application URL - /StatisticalSolutions/Base/StatisticalError 
 2015-04-09 12:21:03,697 [10] INFO  StatisticalSolutions.Controllers.Base.BaseController - Application URL - /StatisticalSolutions/Base/StatisticalError 
 2015-04-09 12:21:03,697 [10] ERROR StatisticalSolutions.Controllers.Base.BaseController - Statistical exception message - Exception has been thrown by the target of an invocation.
 2015-04-09 12:21:03,697 [10] ERROR StatisticalSolutions.Controllers.Base.BaseController - Statistical exception stack trace -    at System.RuntimeTypeHandle.CreateInstance(RuntimeType type, Boolean publicOnly, Boolean noCheck, Boolean& canBeCached, RuntimeMethodHandleInternal& ctor, Boolean& bNeedSecurityCheck)
   at System.RuntimeType.CreateInstanceSlow(Boolean publicOnly, Boolean skipCheckThis, Boolean fillCache, StackCrawlMark& stackMark)
   at System.RuntimeType.CreateInstanceDefaultCtor(Boolean publicOnly, Boolean skipCheckThis, Boolean fillCache, StackCrawlMark& stackMark)
   at System.Activator.CreateInstance(Type type, Boolean nonPublic)
   at System.Activator.CreateInstance(Type type)
   at System.Threading.LazyHelpers`1.ActivatorFactorySelector()
   at System.Threading.LazyInitializer.EnsureInitializedCore[T](T& target, Boolean& initialized, Object& syncLock, Func`1 valueFactory)
   at System.Threading.LazyInitializer.EnsureInitialized[T](T& target, Boolean& initialized, Object& syncLock)
   at StatisticalSolutions.Filters.InitializeSimpleMembershipAttribute.OnActionExecuting(ActionExecutingContext filterContext) in c:\temp\3rdPartyProjects\StatisticalSolutions\StatisticalSolutions\Filters\InitializeSimpleMembershipAttribute.cs:line 23
   at System.Web.Mvc.Async.AsyncControllerActionInvoker.InvokeActionMethodFilterAsynchronously(IActionFilter filter, ActionExecutingContext preContext, Func`1 nextInChain)
   at System.Web.Mvc.Async.AsyncControllerActionInvoker.<>c__DisplayClass37.<>c__DisplayClass39.<>c__DisplayClass3b.<BeginInvokeActionMethodWithFilters>b__35()
   at System.Web.Mvc.Async.AsyncControllerActionInvoker.InvokeActionMethodFilterAsynchronously(IActionFilter filter, ActionExecutingContext preContext, Func`1 nextInChain)
   at System.Web.Mvc.Async.AsyncControllerActionInvoker.<>c__DisplayClass37.<>c__DisplayClass39.<>c__DisplayClass3b.<BeginInvokeActionMethodWithFilters>b__35()
   at System.Web.Mvc.Async.AsyncControllerActionInvoker.<>c__DisplayClass37.<BeginInvokeActionMethodWithFilters>b__31(AsyncCallback asyncCallback, Object asyncState)
   at System.Web.Mvc.Async.AsyncResultWrapper.WrappedAsyncResult`1.Begin(AsyncCallback callback, Object state, Int32 timeout)
   at System.Web.Mvc.Async.AsyncControllerActionInvoker.BeginInvokeActionMethodWithFilters(ControllerContext controllerContext, IList`1 filters, ActionDescriptor actionDescriptor, IDictionary`2 parameters, AsyncCallback callback, Object state)
   at System.Web.Mvc.Async.AsyncControllerActionInvoker.<>c__DisplayClass25.<BeginInvokeAction>b__1e(AsyncCallback asyncCallback, Object asyncState)
 2015-04-09 12:21:03,707 [5] INFO  StatisticalSolutions.Controllers.Base.BaseController - Application URL - /StatisticalSolutions/Base/StatisticalError 
 2015-04-09 12:21:03,750 [5] INFO  StatisticalSolutions.Controllers.Base.BaseController - Application URL - /StatisticalSolutions/Base/StatisticalError 
 2015-04-09 12:21:03,750 [5] ERROR StatisticalSolutions.Controllers.Base.BaseController - Statistical exception message - Exception has been thrown by the target of an invocation.
 2015-04-09 12:21:03,750 [5] ERROR StatisticalSolutions.Controllers.Base.BaseController - Statistical exception stack trace -    at System.RuntimeTypeHandle.CreateInstance(RuntimeType type, Boolean publicOnly, Boolean noCheck, Boolean& canBeCached, RuntimeMethodHandleInternal& ctor, Boolean& bNeedSecurityCheck)
   at System.RuntimeType.CreateInstanceSlow(Boolean publicOnly, Boolean skipCheckThis, Boolean fillCache, StackCrawlMark& stackMark)
   at System.RuntimeType.CreateInstanceDefaultCtor(Boolean publicOnly, Boolean skipCheckThis, Boolean fillCache, StackCrawlMark& stackMark)
   at System.Activator.CreateInstance(Type type, Boolean nonPublic)
   at System.Activator.CreateInstance(Type type)
   at System.Threading.LazyHelpers`1.ActivatorFactorySelector()
   at System.Threading.LazyInitializer.EnsureInitializedCore[T](T& target, Boolean& initialized, Object& syncLock, Func`1 valueFactory)
   at System.Threading.LazyInitializer.EnsureInitialized[T](T& target, Boolean& initialized, Object& syncLock)
   at StatisticalSolutions.Filters.InitializeSimpleMembershipAttribute.OnActionExecuting(ActionExecutingContext filterContext) in c:\temp\3rdPartyProjects\StatisticalSolutions\StatisticalSolutions\Filters\InitializeSimpleMembershipAttribute.cs:line 23
   at System.Web.Mvc.Async.AsyncControllerActionInvoker.InvokeActionMethodFilterAsynchronously(IActionFilter filter, ActionExecutingContext preContext, Func`1 nextInChain)
   at System.Web.Mvc.Async.AsyncControllerActionInvoker.<>c__DisplayClass37.<>c__DisplayClass39.<>c__DisplayClass3b.<BeginInvokeActionMethodWithFilters>b__35()
   at System.Web.Mvc.Async.AsyncControllerActionInvoker.InvokeActionMethodFilterAsynchronously(IActionFilter filter, ActionExecutingContext preContext, Func`1 nextInChain)
   at System.Web.Mvc.Async.AsyncControllerActionInvoker.<>c__DisplayClass37.<>c__DisplayClass39.<>c__DisplayClass3b.<BeginInvokeActionMethodWithFilters>b__35()
   at System.Web.Mvc.Async.AsyncControllerActionInvoker.<>c__DisplayClass37.<BeginInvokeActionMethodWithFilters>b__31(AsyncCallback asyncCallback, Object asyncState)
   at System.Web.Mvc.Async.AsyncResultWrapper.WrappedAsyncResult`1.Begin(AsyncCallback callback, Object state, Int32 timeout)
   at System.Web.Mvc.Async.AsyncControllerActionInvoker.BeginInvokeActionMethodWithFilters(ControllerContext controllerContext, IList`1 filters, ActionDescriptor actionDescriptor, IDictionary`2 parameters, AsyncCallback callback, Object state)
   at System.Web.Mvc.Async.AsyncControllerActionInvoker.<>c__DisplayClass25.<BeginInvokeAction>b__1e(AsyncCallback asyncCallback, Object asyncState)
 2015-04-09 12:21:03,750 [10] INFO  StatisticalSolutions.Controllers.Base.BaseController - Application URL - /StatisticalSolutions/Base/StatisticalError 
 2015-04-09 12:21:03,800 [10] INFO  StatisticalSolutions.Controllers.Base.BaseController - Application URL - /StatisticalSolutions/Base/StatisticalError 
 2015-04-09 12:21:03,810 [10] ERROR StatisticalSolutions.Controllers.Base.BaseController - Statistical exception message - Exception has been thrown by the target of an invocation.
 2015-04-09 12:21:03,810 [10] ERROR StatisticalSolutions.Controllers.Base.BaseController - Statistical exception stack trace -    at System.RuntimeTypeHandle.CreateInstance(RuntimeType type, Boolean publicOnly, Boolean noCheck, Boolean& canBeCached, RuntimeMethodHandleInternal& ctor, Boolean& bNeedSecurityCheck)
   at System.RuntimeType.CreateInstanceSlow(Boolean publicOnly, Boolean skipCheckThis, Boolean fillCache, StackCrawlMark& stackMark)
   at System.RuntimeType.CreateInstanceDefaultCtor(Boolean publicOnly, Boolean skipCheckThis, Boolean fillCache, StackCrawlMark& stackMark)
   at System.Activator.CreateInstance(Type type, Boolean nonPublic)
   at System.Activator.CreateInstance(Type type)
   at System.Threading.LazyHelpers`1.ActivatorFactorySelector()
   at System.Threading.LazyInitializer.EnsureInitializedCore[T](T& target, Boolean& initialized, Object& syncLock, Func`1 valueFactory)
   at System.Threading.LazyInitializer.EnsureInitialized[T](T& target, Boolean& initialized, Object& syncLock)
   at StatisticalSolutions.Filters.InitializeSimpleMembershipAttribute.OnActionExecuting(ActionExecutingContext filterContext) in c:\temp\3rdPartyProjects\StatisticalSolutions\StatisticalSolutions\Filters\InitializeSimpleMembershipAttribute.cs:line 23
   at System.Web.Mvc.Async.AsyncControllerActionInvoker.InvokeActionMethodFilterAsynchronously(IActionFilter filter, ActionExecutingContext preContext, Func`1 nextInChain)
   at System.Web.Mvc.Async.AsyncControllerActionInvoker.<>c__DisplayClass37.<>c__DisplayClass39.<>c__DisplayClass3b.<BeginInvokeActionMethodWithFilters>b__35()
   at System.Web.Mvc.Async.AsyncControllerActionInvoker.InvokeActionMethodFilterAsynchronously(IActionFilter filter, ActionExecutingContext preContext, Func`1 nextInChain)
   at System.Web.Mvc.Async.AsyncControllerActionInvoker.<>c__DisplayClass37.<>c__DisplayClass39.<>c__DisplayClass3b.<BeginInvokeActionMethodWithFilters>b__35()
   at System.Web.Mvc.Async.AsyncControllerActionInvoker.<>c__DisplayClass37.<BeginInvokeActionMethodWithFilters>b__31(AsyncCallback asyncCallback, Object asyncState)
   at System.Web.Mvc.Async.AsyncResultWrapper.WrappedAsyncResult`1.Begin(AsyncCallback callback, Object state, Int32 timeout)
   at System.Web.Mvc.Async.AsyncControllerActionInvoker.BeginInvokeActionMethodWithFilters(ControllerContext controllerContext, IList`1 filters, ActionDescriptor actionDescriptor, IDictionary`2 parameters, AsyncCallback callback, Object state)
   at System.Web.Mvc.Async.AsyncControllerActionInvoker.<>c__DisplayClass25.<BeginInvokeAction>b__1e(AsyncCallback asyncCallback, Object asyncState)
 2015-04-09 12:21:03,810 [13] INFO  StatisticalSolutions.Controllers.Base.BaseController - Application URL - /StatisticalSolutions/Base/StatisticalError 
 2015-04-09 12:21:03,852 [13] INFO  StatisticalSolutions.Controllers.Base.BaseController - Application URL - /StatisticalSolutions/Base/StatisticalError 
 2015-04-09 12:21:03,862 [13] ERROR StatisticalSolutions.Controllers.Base.BaseController - Statistical exception message - Exception has been thrown by the target of an invocation.
 2015-04-09 12:21:03,862 [13] ERROR StatisticalSolutions.Controllers.Base.BaseController - Statistical exception stack trace -    at System.RuntimeTypeHandle.CreateInstance(RuntimeType type, Boolean publicOnly, Boolean noCheck, Boolean& canBeCached, RuntimeMethodHandleInternal& ctor, Boolean& bNeedSecurityCheck)
   at System.RuntimeType.CreateInstanceSlow(Boolean publicOnly, Boolean skipCheckThis, Boolean fillCache, StackCrawlMark& stackMark)
   at System.RuntimeType.CreateInstanceDefaultCtor(Boolean publicOnly, Boolean skipCheckThis, Boolean fillCache, StackCrawlMark& stackMark)
   at System.Activator.CreateInstance(Type type, Boolean nonPublic)
   at System.Activator.CreateInstance(Type type)
   at System.Threading.LazyHelpers`1.ActivatorFactorySelector()
   at System.Threading.LazyInitializer.EnsureInitializedCore[T](T& target, Boolean& initialized, Object& syncLock, Func`1 valueFactory)
   at System.Threading.LazyInitializer.EnsureInitialized[T](T& target, Boolean& initialized, Object& syncLock)
   at StatisticalSolutions.Filters.InitializeSimpleMembershipAttribute.OnActionExecuting(ActionExecutingContext filterContext) in c:\temp\3rdPartyProjects\StatisticalSolutions\StatisticalSolutions\Filters\InitializeSimpleMembershipAttribute.cs:line 23
   at System.Web.Mvc.Async.AsyncControllerActionInvoker.InvokeActionMethodFilterAsynchronously(IActionFilter filter, ActionExecutingContext preContext, Func`1 nextInChain)
   at System.Web.Mvc.Async.AsyncControllerActionInvoker.<>c__DisplayClass37.<>c__DisplayClass39.<>c__DisplayClass3b.<BeginInvokeActionMethodWithFilters>b__35()
   at System.Web.Mvc.Async.AsyncControllerActionInvoker.InvokeActionMethodFilterAsynchronously(IActionFilter filter, ActionExecutingContext preContext, Func`1 nextInChain)
   at System.Web.Mvc.Async.AsyncControllerActionInvoker.<>c__DisplayClass37.<>c__DisplayClass39.<>c__DisplayClass3b.<BeginInvokeActionMethodWithFilters>b__35()
   at System.Web.Mvc.Async.AsyncControllerActionInvoker.<>c__DisplayClass37.<BeginInvokeActionMethodWithFilters>b__31(AsyncCallback asyncCallback, Object asyncState)
   at System.Web.Mvc.Async.AsyncResultWrapper.WrappedAsyncResult`1.Begin(AsyncCallback callback, Object state, Int32 timeout)
   at System.Web.Mvc.Async.AsyncControllerActionInvoker.BeginInvokeActionMethodWithFilters(ControllerContext controllerContext, IList`1 filters, ActionDescriptor actionDescriptor, IDictionary`2 parameters, AsyncCallback callback, Object state)
   at System.Web.Mvc.Async.AsyncControllerActionInvoker.<>c__DisplayClass25.<BeginInvokeAction>b__1e(AsyncCallback asyncCallback, Object asyncState)
 2015-04-09 12:21:03,862 [11] INFO  StatisticalSolutions.Controllers.Base.BaseController - Application URL - /StatisticalSolutions/Base/StatisticalError 
 2015-04-09 12:21:03,912 [11] INFO  StatisticalSolutions.Controllers.Base.BaseController - Application URL - /StatisticalSolutions/Base/StatisticalError 
 2015-04-09 12:21:03,912 [11] ERROR StatisticalSolutions.Controllers.Base.BaseController - Statistical exception message - Exception has been thrown by the target of an invocation.
 2015-04-09 12:21:03,912 [11] ERROR StatisticalSolutions.Controllers.Base.BaseController - Statistical exception stack trace -    at System.RuntimeTypeHandle.CreateInstance(RuntimeType type, Boolean publicOnly, Boolean noCheck, Boolean& canBeCached, RuntimeMethodHandleInternal& ctor, Boolean& bNeedSecurityCheck)
   at System.RuntimeType.CreateInstanceSlow(Boolean publicOnly, Boolean skipCheckThis, Boolean fillCache, StackCrawlMark& stackMark)
   at System.RuntimeType.CreateInstanceDefaultCtor(Boolean publicOnly, Boolean skipCheckThis, Boolean fillCache, StackCrawlMark& stackMark)
   at System.Activator.CreateInstance(Type type, Boolean nonPublic)
   at System.Activator.CreateInstance(Type type)
   at System.Threading.LazyHelpers`1.ActivatorFactorySelector()
   at System.Threading.LazyInitializer.EnsureInitializedCore[T](T& target, Boolean& initialized, Object& syncLock, Func`1 valueFactory)
   at System.Threading.LazyInitializer.EnsureInitialized[T](T& target, Boolean& initialized, Object& syncLock)
   at StatisticalSolutions.Filters.InitializeSimpleMembershipAttribute.OnActionExecuting(ActionExecutingContext filterContext) in c:\temp\3rdPartyProjects\StatisticalSolutions\StatisticalSolutions\Filters\InitializeSimpleMembershipAttribute.cs:line 23
   at System.Web.Mvc.Async.AsyncControllerActionInvoker.InvokeActionMethodFilterAsynchronously(IActionFilter filter, ActionExecutingContext preContext, Func`1 nextInChain)
   at System.Web.Mvc.Async.AsyncControllerActionInvoker.<>c__DisplayClass37.<>c__DisplayClass39.<>c__DisplayClass3b.<BeginInvokeActionMethodWithFilters>b__35()
   at System.Web.Mvc.Async.AsyncControllerActionInvoker.InvokeActionMethodFilterAsynchronously(IActionFilter filter, ActionExecutingContext preContext, Func`1 nextInChain)
   at System.Web.Mvc.Async.AsyncControllerActionInvoker.<>c__DisplayClass37.<>c__DisplayClass39.<>c__DisplayClass3b.<BeginInvokeActionMethodWithFilters>b__35()
   at System.Web.Mvc.Async.AsyncControllerActionInvoker.<>c__DisplayClass37.<BeginInvokeActionMethodWithFilters>b__31(AsyncCallback asyncCallback, Object asyncState)
   at System.Web.Mvc.Async.AsyncResultWrapper.WrappedAsyncResult`1.Begin(AsyncCallback callback, Object state, Int32 timeout)
   at System.Web.Mvc.Async.AsyncControllerActionInvoker.BeginInvokeActionMethodWithFilters(ControllerContext controllerContext, IList`1 filters, ActionDescriptor actionDescriptor, IDictionary`2 parameters, AsyncCallback callback, Object state)
   at System.Web.Mvc.Async.AsyncControllerActionInvoker.<>c__DisplayClass25.<BeginInvokeAction>b__1e(AsyncCallback asyncCallback, Object asyncState)
 2015-04-09 12:21:03,912 [12] INFO  StatisticalSolutions.Controllers.Base.BaseController - Application URL - /StatisticalSolutions/Base/StatisticalError 
 2015-04-09 12:21:03,955 [12] INFO  StatisticalSolutions.Controllers.Base.BaseController - Application URL - /StatisticalSolutions/Base/StatisticalError 
 2015-04-09 12:21:03,965 [12] ERROR StatisticalSolutions.Controllers.Base.BaseController - Statistical exception message - Exception has been thrown by the target of an invocation.
 2015-04-09 12:21:03,965 [12] ERROR StatisticalSolutions.Controllers.Base.BaseController - Statistical exception stack trace -    at System.RuntimeTypeHandle.CreateInstance(RuntimeType type, Boolean publicOnly, Boolean noCheck, Boolean& canBeCached, RuntimeMethodHandleInternal& ctor, Boolean& bNeedSecurityCheck)
   at System.RuntimeType.CreateInstanceSlow(Boolean publicOnly, Boolean skipCheckThis, Boolean fillCache, StackCrawlMark& stackMark)
   at System.RuntimeType.CreateInstanceDefaultCtor(Boolean publicOnly, Boolean skipCheckThis, Boolean fillCache, StackCrawlMark& stackMark)
   at System.Activator.CreateInstance(Type type, Boolean nonPublic)
   at System.Activator.CreateInstance(Type type)
   at System.Threading.LazyHelpers`1.ActivatorFactorySelector()
   at System.Threading.LazyInitializer.EnsureInitializedCore[T](T& target, Boolean& initialized, Object& syncLock, Func`1 valueFactory)
   at System.Threading.LazyInitializer.EnsureInitialized[T](T& target, Boolean& initialized, Object& syncLock)
   at StatisticalSolutions.Filters.InitializeSimpleMembershipAttribute.OnActionExecuting(ActionExecutingContext filterContext) in c:\temp\3rdPartyProjects\StatisticalSolutions\StatisticalSolutions\Filters\InitializeSimpleMembershipAttribute.cs:line 23
   at System.Web.Mvc.Async.AsyncControllerActionInvoker.InvokeActionMethodFilterAsynchronously(IActionFilter filter, ActionExecutingContext preContext, Func`1 nextInChain)
   at System.Web.Mvc.Async.AsyncControllerActionInvoker.<>c__DisplayClass37.<>c__DisplayClass39.<>c__DisplayClass3b.<BeginInvokeActionMethodWithFilters>b__35()
   at System.Web.Mvc.Async.AsyncControllerActionInvoker.InvokeActionMethodFilterAsynchronously(IActionFilter filter, ActionExecutingContext preContext, Func`1 nextInChain)
   at System.Web.Mvc.Async.AsyncControllerActionInvoker.<>c__DisplayClass37.<>c__DisplayClass39.<>c__DisplayClass3b.<BeginInvokeActionMethodWithFilters>b__35()
   at System.Web.Mvc.Async.AsyncControllerActionInvoker.<>c__DisplayClass37.<BeginInvokeActionMethodWithFilters>b__31(AsyncCallback asyncCallback, Object asyncState)
   at System.Web.Mvc.Async.AsyncResultWrapper.WrappedAsyncResult`1.Begin(AsyncCallback callback, Object state, Int32 timeout)
   at System.Web.Mvc.Async.AsyncControllerActionInvoker.BeginInvokeActionMethodWithFilters(ControllerContext controllerContext, IList`1 filters, ActionDescriptor actionDescriptor, IDictionary`2 parameters, AsyncCallback callback, Object state)
   at System.Web.Mvc.Async.AsyncControllerActionInvoker.<>c__DisplayClass25.<BeginInvokeAction>b__1e(AsyncCallback asyncCallback, Object asyncState)
 2015-04-09 12:21:03,995 [13] INFO  StatisticalSolutions.Controllers.Base.BaseController - Application URL - /StatisticalSolutions/Base/StatisticalError 
 2015-04-09 12:21:04,055 [13] INFO  StatisticalSolutions.Controllers.Base.BaseController - Application URL - /StatisticalSolutions/Base/StatisticalError 
 2015-04-09 12:21:04,055 [13] ERROR StatisticalSolutions.Controllers.Base.BaseController - Statistical exception message - Exception has been thrown by the target of an invocation.
 2015-04-09 12:21:04,055 [13] ERROR StatisticalSolutions.Controllers.Base.BaseController - Statistical exception stack trace -    at System.RuntimeTypeHandle.CreateInstance(RuntimeType type, Boolean publicOnly, Boolean noCheck, Boolean& canBeCached, RuntimeMethodHandleInternal& ctor, Boolean& bNeedSecurityCheck)
   at System.RuntimeType.CreateInstanceSlow(Boolean publicOnly, Boolean skipCheckThis, Boolean fillCache, StackCrawlMark& stackMark)
   at System.RuntimeType.CreateInstanceDefaultCtor(Boolean publicOnly, Boolean skipCheckThis, Boolean fillCache, StackCrawlMark& stackMark)
   at System.Activator.CreateInstance(Type type, Boolean nonPublic)
   at System.Activator.CreateInstance(Type type)
   at System.Threading.LazyHelpers`1.ActivatorFactorySelector()
   at System.Threading.LazyInitializer.EnsureInitializedCore[T](T& target, Boolean& initialized, Object& syncLock, Func`1 valueFactory)
   at System.Threading.LazyInitializer.EnsureInitialized[T](T& target, Boolean& initialized, Object& syncLock)
   at StatisticalSolutions.Filters.InitializeSimpleMembershipAttribute.OnActionExecuting(ActionExecutingContext filterContext) in c:\temp\3rdPartyProjects\StatisticalSolutions\StatisticalSolutions\Filters\InitializeSimpleMembershipAttribute.cs:line 23
   at System.Web.Mvc.Async.AsyncControllerActionInvoker.InvokeActionMethodFilterAsynchronously(IActionFilter filter, ActionExecutingContext preContext, Func`1 nextInChain)
   at System.Web.Mvc.Async.AsyncControllerActionInvoker.<>c__DisplayClass37.<>c__DisplayClass39.<>c__DisplayClass3b.<BeginInvokeActionMethodWithFilters>b__35()
   at System.Web.Mvc.Async.AsyncControllerActionInvoker.InvokeActionMethodFilterAsynchronously(IActionFilter filter, ActionExecutingContext preContext, Func`1 nextInChain)
   at System.Web.Mvc.Async.AsyncControllerActionInvoker.<>c__DisplayClass37.<>c__DisplayClass39.<>c__DisplayClass3b.<BeginInvokeActionMethodWithFilters>b__35()
   at System.Web.Mvc.Async.AsyncControllerActionInvoker.<>c__DisplayClass37.<BeginInvokeActionMethodWithFilters>b__31(AsyncCallback asyncCallback, Object asyncState)
   at System.Web.Mvc.Async.AsyncResultWrapper.WrappedAsyncResult`1.Begin(AsyncCallback callback, Object state, Int32 timeout)
   at System.Web.Mvc.Async.AsyncControllerActionInvoker.BeginInvokeActionMethodWithFilters(ControllerContext controllerContext, IList`1 filters, ActionDescriptor actionDescriptor, IDictionary`2 parameters, AsyncCallback callback, Object state)
   at System.Web.Mvc.Async.AsyncControllerActionInvoker.<>c__DisplayClass25.<BeginInvokeAction>b__1e(AsyncCallback asyncCallback, Object asyncState)
 2015-04-09 12:21:04,057 [5] INFO  StatisticalSolutions.Controllers.Base.BaseController - Application URL - /StatisticalSolutions/Base/StatisticalError 
 2015-04-09 12:21:04,107 [5] INFO  StatisticalSolutions.Controllers.Base.BaseController - Application URL - /StatisticalSolutions/Base/StatisticalError 
 2015-04-09 12:21:04,107 [5] ERROR StatisticalSolutions.Controllers.Base.BaseController - Statistical exception message - Exception has been thrown by the target of an invocation.
 2015-04-09 12:21:04,107 [5] ERROR StatisticalSolutions.Controllers.Base.BaseController - Statistical exception stack trace -    at System.RuntimeTypeHandle.CreateInstance(RuntimeType type, Boolean publicOnly, Boolean noCheck, Boolean& canBeCached, RuntimeMethodHandleInternal& ctor, Boolean& bNeedSecurityCheck)
   at System.RuntimeType.CreateInstanceSlow(Boolean publicOnly, Boolean skipCheckThis, Boolean fillCache, StackCrawlMark& stackMark)
   at System.RuntimeType.CreateInstanceDefaultCtor(Boolean publicOnly, Boolean skipCheckThis, Boolean fillCache, StackCrawlMark& stackMark)
   at System.Activator.CreateInstance(Type type, Boolean nonPublic)
   at System.Activator.CreateInstance(Type type)
   at System.Threading.LazyHelpers`1.ActivatorFactorySelector()
   at System.Threading.LazyInitializer.EnsureInitializedCore[T](T& target, Boolean& initialized, Object& syncLock, Func`1 valueFactory)
   at System.Threading.LazyInitializer.EnsureInitialized[T](T& target, Boolean& initialized, Object& syncLock)
   at StatisticalSolutions.Filters.InitializeSimpleMembershipAttribute.OnActionExecuting(ActionExecutingContext filterContext) in c:\temp\3rdPartyProjects\StatisticalSolutions\StatisticalSolutions\Filters\InitializeSimpleMembershipAttribute.cs:line 23
   at System.Web.Mvc.Async.AsyncControllerActionInvoker.InvokeActionMethodFilterAsynchronously(IActionFilter filter, ActionExecutingContext preContext, Func`1 nextInChain)
   at System.Web.Mvc.Async.AsyncControllerActionInvoker.<>c__DisplayClass37.<>c__DisplayClass39.<>c__DisplayClass3b.<BeginInvokeActionMethodWithFilters>b__35()
   at System.Web.Mvc.Async.AsyncControllerActionInvoker.InvokeActionMethodFilterAsynchronously(IActionFilter filter, ActionExecutingContext preContext, Func`1 nextInChain)
   at System.Web.Mvc.Async.AsyncControllerActionInvoker.<>c__DisplayClass37.<>c__DisplayClass39.<>c__DisplayClass3b.<BeginInvokeActionMethodWithFilters>b__35()
   at System.Web.Mvc.Async.AsyncControllerActionInvoker.<>c__DisplayClass37.<BeginInvokeActionMethodWithFilters>b__31(AsyncCallback asyncCallback, Object asyncState)
   at System.Web.Mvc.Async.AsyncResultWrapper.WrappedAsyncResult`1.Begin(AsyncCallback callback, Object state, Int32 timeout)
   at System.Web.Mvc.Async.AsyncControllerActionInvoker.BeginInvokeActionMethodWithFilters(ControllerContext controllerContext, IList`1 filters, ActionDescriptor actionDescriptor, IDictionary`2 parameters, AsyncCallback callback, Object state)
   at System.Web.Mvc.Async.AsyncControllerActionInvoker.<>c__DisplayClass25.<BeginInvokeAction>b__1e(AsyncCallback asyncCallback, Object asyncState)
 2015-04-09 12:21:04,117 [11] INFO  StatisticalSolutions.Controllers.Base.BaseController - Application URL - /StatisticalSolutions/Base/StatisticalError 
 2015-04-09 12:21:04,160 [11] INFO  StatisticalSolutions.Controllers.Base.BaseController - Application URL - /StatisticalSolutions/Base/StatisticalError 
 2015-04-09 12:21:04,160 [11] ERROR StatisticalSolutions.Controllers.Base.BaseController - Statistical exception message - Exception has been thrown by the target of an invocation.
 2015-04-09 12:21:04,160 [11] ERROR StatisticalSolutions.Controllers.Base.BaseController - Statistical exception stack trace -    at System.RuntimeTypeHandle.CreateInstance(RuntimeType type, Boolean publicOnly, Boolean noCheck, Boolean& canBeCached, RuntimeMethodHandleInternal& ctor, Boolean& bNeedSecurityCheck)
   at System.RuntimeType.CreateInstanceSlow(Boolean publicOnly, Boolean skipCheckThis, Boolean fillCache, StackCrawlMark& stackMark)
   at System.RuntimeType.CreateInstanceDefaultCtor(Boolean publicOnly, Boolean skipCheckThis, Boolean fillCache, StackCrawlMark& stackMark)
   at System.Activator.CreateInstance(Type type, Boolean nonPublic)
   at System.Activator.CreateInstance(Type type)
   at System.Threading.LazyHelpers`1.ActivatorFactorySelector()
   at System.Threading.LazyInitializer.EnsureInitializedCore[T](T& target, Boolean& initialized, Object& syncLock, Func`1 valueFactory)
   at System.Threading.LazyInitializer.EnsureInitialized[T](T& target, Boolean& initialized, Object& syncLock)
   at StatisticalSolutions.Filters.InitializeSimpleMembershipAttribute.OnActionExecuting(ActionExecutingContext filterContext) in c:\temp\3rdPartyProjects\StatisticalSolutions\StatisticalSolutions\Filters\InitializeSimpleMembershipAttribute.cs:line 23
   at System.Web.Mvc.Async.AsyncControllerActionInvoker.InvokeActionMethodFilterAsynchronously(IActionFilter filter, ActionExecutingContext preContext, Func`1 nextInChain)
   at System.Web.Mvc.Async.AsyncControllerActionInvoker.<>c__DisplayClass37.<>c__DisplayClass39.<>c__DisplayClass3b.<BeginInvokeActionMethodWithFilters>b__35()
   at System.Web.Mvc.Async.AsyncControllerActionInvoker.InvokeActionMethodFilterAsynchronously(IActionFilter filter, ActionExecutingContext preContext, Func`1 nextInChain)
   at System.Web.Mvc.Async.AsyncControllerActionInvoker.<>c__DisplayClass37.<>c__DisplayClass39.<>c__DisplayClass3b.<BeginInvokeActionMethodWithFilters>b__35()
   at System.Web.Mvc.Async.AsyncControllerActionInvoker.<>c__DisplayClass37.<BeginInvokeActionMethodWithFilters>b__31(AsyncCallback asyncCallback, Object asyncState)
   at System.Web.Mvc.Async.AsyncResultWrapper.WrappedAsyncResult`1.Begin(AsyncCallback callback, Object state, Int32 timeout)
   at System.Web.Mvc.Async.AsyncControllerActionInvoker.BeginInvokeActionMethodWithFilters(ControllerContext controllerContext, IList`1 filters, ActionDescriptor actionDescriptor, IDictionary`2 parameters, AsyncCallback callback, Object state)
   at System.Web.Mvc.Async.AsyncControllerActionInvoker.<>c__DisplayClass25.<BeginInvokeAction>b__1e(AsyncCallback asyncCallback, Object asyncState)
 2015-04-09 12:21:04,160 [12] INFO  StatisticalSolutions.Controllers.Base.BaseController - Application URL - /StatisticalSolutions/Base/StatisticalError 
 2015-04-09 12:21:04,222 [12] INFO  StatisticalSolutions.Controllers.Base.BaseController - Application URL - /StatisticalSolutions/Base/StatisticalError 
 2015-04-09 12:21:04,222 [12] ERROR StatisticalSolutions.Controllers.Base.BaseController - Statistical exception message - Exception has been thrown by the target of an invocation.
 2015-04-09 12:21:04,222 [12] ERROR StatisticalSolutions.Controllers.Base.BaseController - Statistical exception stack trace -    at System.RuntimeTypeHandle.CreateInstance(RuntimeType type, Boolean publicOnly, Boolean noCheck, Boolean& canBeCached, RuntimeMethodHandleInternal& ctor, Boolean& bNeedSecurityCheck)
   at System.RuntimeType.CreateInstanceSlow(Boolean publicOnly, Boolean skipCheckThis, Boolean fillCache, StackCrawlMark& stackMark)
   at System.RuntimeType.CreateInstanceDefaultCtor(Boolean publicOnly, Boolean skipCheckThis, Boolean fillCache, StackCrawlMark& stackMark)
   at System.Activator.CreateInstance(Type type, Boolean nonPublic)
   at System.Activator.CreateInstance(Type type)
   at System.Threading.LazyHelpers`1.ActivatorFactorySelector()
   at System.Threading.LazyInitializer.EnsureInitializedCore[T](T& target, Boolean& initialized, Object& syncLock, Func`1 valueFactory)
   at System.Threading.LazyInitializer.EnsureInitialized[T](T& target, Boolean& initialized, Object& syncLock)
   at StatisticalSolutions.Filters.InitializeSimpleMembershipAttribute.OnActionExecuting(ActionExecutingContext filterContext) in c:\temp\3rdPartyProjects\StatisticalSolutions\StatisticalSolutions\Filters\InitializeSimpleMembershipAttribute.cs:line 23
   at System.Web.Mvc.Async.AsyncControllerActionInvoker.InvokeActionMethodFilterAsynchronously(IActionFilter filter, ActionExecutingContext preContext, Func`1 nextInChain)
   at System.Web.Mvc.Async.AsyncControllerActionInvoker.<>c__DisplayClass37.<>c__DisplayClass39.<>c__DisplayClass3b.<BeginInvokeActionMethodWithFilters>b__35()
   at System.Web.Mvc.Async.AsyncControllerActionInvoker.InvokeActionMethodFilterAsynchronously(IActionFilter filter, ActionExecutingContext preContext, Func`1 nextInChain)
   at System.Web.Mvc.Async.AsyncControllerActionInvoker.<>c__DisplayClass37.<>c__DisplayClass39.<>c__DisplayClass3b.<BeginInvokeActionMethodWithFilters>b__35()
   at System.Web.Mvc.Async.AsyncControllerActionInvoker.<>c__DisplayClass37.<BeginInvokeActionMethodWithFilters>b__31(AsyncCallback asyncCallback, Object asyncState)
   at System.Web.Mvc.Async.AsyncResultWrapper.WrappedAsyncResult`1.Begin(AsyncCallback callback, Object state, Int32 timeout)
   at System.Web.Mvc.Async.AsyncControllerActionInvoker.BeginInvokeActionMethodWithFilters(ControllerContext controllerContext, IList`1 filters, ActionDescriptor actionDescriptor, IDictionary`2 parameters, AsyncCallback callback, Object state)
   at System.Web.Mvc.Async.AsyncControllerActionInvoker.<>c__DisplayClass25.<BeginInvokeAction>b__1e(AsyncCallback asyncCallback, Object asyncState)
 2015-04-09 12:21:04,222 [15] INFO  StatisticalSolutions.Controllers.Base.BaseController - Application URL - /StatisticalSolutions/Base/StatisticalError 
 2015-04-09 12:21:04,272 [15] INFO  StatisticalSolutions.Controllers.Base.BaseController - Application URL - /StatisticalSolutions/Base/StatisticalError 
 2015-04-09 12:21:04,272 [15] ERROR StatisticalSolutions.Controllers.Base.BaseController - Statistical exception message - Exception has been thrown by the target of an invocation.
 2015-04-09 12:21:04,272 [15] ERROR StatisticalSolutions.Controllers.Base.BaseController - Statistical exception stack trace -    at System.RuntimeTypeHandle.CreateInstance(RuntimeType type, Boolean publicOnly, Boolean noCheck, Boolean& canBeCached, RuntimeMethodHandleInternal& ctor, Boolean& bNeedSecurityCheck)
   at System.RuntimeType.CreateInstanceSlow(Boolean publicOnly, Boolean skipCheckThis, Boolean fillCache, StackCrawlMark& stackMark)
   at System.RuntimeType.CreateInstanceDefaultCtor(Boolean publicOnly, Boolean skipCheckThis, Boolean fillCache, StackCrawlMark& stackMark)
   at System.Activator.CreateInstance(Type type, Boolean nonPublic)
   at System.Activator.CreateInstance(Type type)
   at System.Threading.LazyHelpers`1.ActivatorFactorySelector()
   at System.Threading.LazyInitializer.EnsureInitializedCore[T](T& target, Boolean& initialized, Object& syncLock, Func`1 valueFactory)
   at System.Threading.LazyInitializer.EnsureInitialized[T](T& target, Boolean& initialized, Object& syncLock)
   at StatisticalSolutions.Filters.InitializeSimpleMembershipAttribute.OnActionExecuting(ActionExecutingContext filterContext) in c:\temp\3rdPartyProjects\StatisticalSolutions\StatisticalSolutions\Filters\InitializeSimpleMembershipAttribute.cs:line 23
   at System.Web.Mvc.Async.AsyncControllerActionInvoker.InvokeActionMethodFilterAsynchronously(IActionFilter filter, ActionExecutingContext preContext, Func`1 nextInChain)
   at System.Web.Mvc.Async.AsyncControllerActionInvoker.<>c__DisplayClass37.<>c__DisplayClass39.<>c__DisplayClass3b.<BeginInvokeActionMethodWithFilters>b__35()
   at System.Web.Mvc.Async.AsyncControllerActionInvoker.InvokeActionMethodFilterAsynchronously(IActionFilter filter, ActionExecutingContext preContext, Func`1 nextInChain)
   at System.Web.Mvc.Async.AsyncControllerActionInvoker.<>c__DisplayClass37.<>c__DisplayClass39.<>c__DisplayClass3b.<BeginInvokeActionMethodWithFilters>b__35()
   at System.Web.Mvc.Async.AsyncControllerActionInvoker.<>c__DisplayClass37.<BeginInvokeActionMethodWithFilters>b__31(AsyncCallback asyncCallback, Object asyncState)
   at System.Web.Mvc.Async.AsyncResultWrapper.WrappedAsyncResult`1.Begin(AsyncCallback callback, Object state, Int32 timeout)
   at System.Web.Mvc.Async.AsyncControllerActionInvoker.BeginInvokeActionMethodWithFilters(ControllerContext controllerContext, IList`1 filters, ActionDescriptor actionDescriptor, IDictionary`2 parameters, AsyncCallback callback, Object state)
   at System.Web.Mvc.Async.AsyncControllerActionInvoker.<>c__DisplayClass25.<BeginInvokeAction>b__1e(AsyncCallback asyncCallback, Object asyncState)
 2015-04-09 12:21:04,275 [11] INFO  StatisticalSolutions.Controllers.Base.BaseController - Application URL - /StatisticalSolutions/Base/StatisticalError 
 2015-04-09 12:21:04,337 [11] INFO  StatisticalSolutions.Controllers.Base.BaseController - Application URL - /StatisticalSolutions/Base/StatisticalError 
 2015-04-09 12:21:04,337 [11] ERROR StatisticalSolutions.Controllers.Base.BaseController - Statistical exception message - Exception has been thrown by the target of an invocation.
 2015-04-09 12:21:04,337 [11] ERROR StatisticalSolutions.Controllers.Base.BaseController - Statistical exception stack trace -    at System.RuntimeTypeHandle.CreateInstance(RuntimeType type, Boolean publicOnly, Boolean noCheck, Boolean& canBeCached, RuntimeMethodHandleInternal& ctor, Boolean& bNeedSecurityCheck)
   at System.RuntimeType.CreateInstanceSlow(Boolean publicOnly, Boolean skipCheckThis, Boolean fillCache, StackCrawlMark& stackMark)
   at System.RuntimeType.CreateInstanceDefaultCtor(Boolean publicOnly, Boolean skipCheckThis, Boolean fillCache, StackCrawlMark& stackMark)
   at System.Activator.CreateInstance(Type type, Boolean nonPublic)
   at System.Activator.CreateInstance(Type type)
   at System.Threading.LazyHelpers`1.ActivatorFactorySelector()
   at System.Threading.LazyInitializer.EnsureInitializedCore[T](T& target, Boolean& initialized, Object& syncLock, Func`1 valueFactory)
   at System.Threading.LazyInitializer.EnsureInitialized[T](T& target, Boolean& initialized, Object& syncLock)
   at StatisticalSolutions.Filters.InitializeSimpleMembershipAttribute.OnActionExecuting(ActionExecutingContext filterContext) in c:\temp\3rdPartyProjects\StatisticalSolutions\StatisticalSolutions\Filters\InitializeSimpleMembershipAttribute.cs:line 23
   at System.Web.Mvc.Async.AsyncControllerActionInvoker.InvokeActionMethodFilterAsynchronously(IActionFilter filter, ActionExecutingContext preContext, Func`1 nextInChain)
   at System.Web.Mvc.Async.AsyncControllerActionInvoker.<>c__DisplayClass37.<>c__DisplayClass39.<>c__DisplayClass3b.<BeginInvokeActionMethodWithFilters>b__35()
   at System.Web.Mvc.Async.AsyncControllerActionInvoker.InvokeActionMethodFilterAsynchronously(IActionFilter filter, ActionExecutingContext preContext, Func`1 nextInChain)
   at System.Web.Mvc.Async.AsyncControllerActionInvoker.<>c__DisplayClass37.<>c__DisplayClass39.<>c__DisplayClass3b.<BeginInvokeActionMethodWithFilters>b__35()
   at System.Web.Mvc.Async.AsyncControllerActionInvoker.<>c__DisplayClass37.<BeginInvokeActionMethodWithFilters>b__31(AsyncCallback asyncCallback, Object asyncState)
   at System.Web.Mvc.Async.AsyncResultWrapper.WrappedAsyncResult`1.Begin(AsyncCallback callback, Object state, Int32 timeout)
   at System.Web.Mvc.Async.AsyncControllerActionInvoker.BeginInvokeActionMethodWithFilters(ControllerContext controllerContext, IList`1 filters, ActionDescriptor actionDescriptor, IDictionary`2 parameters, AsyncCallback callback, Object state)
   at System.Web.Mvc.Async.AsyncControllerActionInvoker.<>c__DisplayClass25.<BeginInvokeAction>b__1e(AsyncCallback asyncCallback, Object asyncState)
 2015-04-09 12:21:04,337 [12] INFO  StatisticalSolutions.Controllers.Base.BaseController - Application URL - /StatisticalSolutions/Base/StatisticalError 
 2015-04-09 12:21:04,387 [12] INFO  StatisticalSolutions.Controllers.Base.BaseController - Application URL - /StatisticalSolutions/Base/StatisticalError 
 2015-04-09 12:21:04,387 [12] ERROR StatisticalSolutions.Controllers.Base.BaseController - Statistical exception message - Exception has been thrown by the target of an invocation.
 2015-04-09 12:21:04,387 [12] ERROR StatisticalSolutions.Controllers.Base.BaseController - Statistical exception stack trace -    at System.RuntimeTypeHandle.CreateInstance(RuntimeType type, Boolean publicOnly, Boolean noCheck, Boolean& canBeCached, RuntimeMethodHandleInternal& ctor, Boolean& bNeedSecurityCheck)
   at System.RuntimeType.CreateInstanceSlow(Boolean publicOnly, Boolean skipCheckThis, Boolean fillCache, StackCrawlMark& stackMark)
   at System.RuntimeType.CreateInstanceDefaultCtor(Boolean publicOnly, Boolean skipCheckThis, Boolean fillCache, StackCrawlMark& stackMark)
   at System.Activator.CreateInstance(Type type, Boolean nonPublic)
   at System.Activator.CreateInstance(Type type)
   at System.Threading.LazyHelpers`1.ActivatorFactorySelector()
   at System.Threading.LazyInitializer.EnsureInitializedCore[T](T& target, Boolean& initialized, Object& syncLock, Func`1 valueFactory)
   at System.Threading.LazyInitializer.EnsureInitialized[T](T& target, Boolean& initialized, Object& syncLock)
   at StatisticalSolutions.Filters.InitializeSimpleMembershipAttribute.OnActionExecuting(ActionExecutingContext filterContext) in c:\temp\3rdPartyProjects\StatisticalSolutions\StatisticalSolutions\Filters\InitializeSimpleMembershipAttribute.cs:line 23
   at System.Web.Mvc.Async.AsyncControllerActionInvoker.InvokeActionMethodFilterAsynchronously(IActionFilter filter, ActionExecutingContext preContext, Func`1 nextInChain)
   at System.Web.Mvc.Async.AsyncControllerActionInvoker.<>c__DisplayClass37.<>c__DisplayClass39.<>c__DisplayClass3b.<BeginInvokeActionMethodWithFilters>b__35()
   at System.Web.Mvc.Async.AsyncControllerActionInvoker.InvokeActionMethodFilterAsynchronously(IActionFilter filter, ActionExecutingContext preContext, Func`1 nextInChain)
   at System.Web.Mvc.Async.AsyncControllerActionInvoker.<>c__DisplayClass37.<>c__DisplayClass39.<>c__DisplayClass3b.<BeginInvokeActionMethodWithFilters>b__35()
   at System.Web.Mvc.Async.AsyncControllerActionInvoker.<>c__DisplayClass37.<BeginInvokeActionMethodWithFilters>b__31(AsyncCallback asyncCallback, Object asyncState)
   at System.Web.Mvc.Async.AsyncResultWrapper.WrappedAsyncResult`1.Begin(AsyncCallback callback, Object state, Int32 timeout)
   at System.Web.Mvc.Async.AsyncControllerActionInvoker.BeginInvokeActionMethodWithFilters(ControllerContext controllerContext, IList`1 filters, ActionDescriptor actionDescriptor, IDictionary`2 parameters, AsyncCallback callback, Object state)
   at System.Web.Mvc.Async.AsyncControllerActionInvoker.<>c__DisplayClass25.<BeginInvokeAction>b__1e(AsyncCallback asyncCallback, Object asyncState)
 2015-04-09 12:21:04,387 [11] INFO  StatisticalSolutions.Controllers.Base.BaseController - Application URL - /StatisticalSolutions/Base/StatisticalError 
 2015-04-09 12:21:04,440 [11] INFO  StatisticalSolutions.Controllers.Base.BaseController - Application URL - /StatisticalSolutions/Base/StatisticalError 
 2015-04-09 12:21:04,440 [11] ERROR StatisticalSolutions.Controllers.Base.BaseController - Statistical exception message - Exception has been thrown by the target of an invocation.
 2015-04-09 12:21:04,440 [11] ERROR StatisticalSolutions.Controllers.Base.BaseController - Statistical exception stack trace -    at System.RuntimeTypeHandle.CreateInstance(RuntimeType type, Boolean publicOnly, Boolean noCheck, Boolean& canBeCached, RuntimeMethodHandleInternal& ctor, Boolean& bNeedSecurityCheck)
   at System.RuntimeType.CreateInstanceSlow(Boolean publicOnly, Boolean skipCheckThis, Boolean fillCache, StackCrawlMark& stackMark)
   at System.RuntimeType.CreateInstanceDefaultCtor(Boolean publicOnly, Boolean skipCheckThis, Boolean fillCache, StackCrawlMark& stackMark)
   at System.Activator.CreateInstance(Type type, Boolean nonPublic)
   at System.Activator.CreateInstance(Type type)
   at System.Threading.LazyHelpers`1.ActivatorFactorySelector()
   at System.Threading.LazyInitializer.EnsureInitializedCore[T](T& target, Boolean& initialized, Object& syncLock, Func`1 valueFactory)
   at System.Threading.LazyInitializer.EnsureInitialized[T](T& target, Boolean& initialized, Object& syncLock)
   at StatisticalSolutions.Filters.InitializeSimpleMembershipAttribute.OnActionExecuting(ActionExecutingContext filterContext) in c:\temp\3rdPartyProjects\StatisticalSolutions\StatisticalSolutions\Filters\InitializeSimpleMembershipAttribute.cs:line 23
   at System.Web.Mvc.Async.AsyncControllerActionInvoker.InvokeActionMethodFilterAsynchronously(IActionFilter filter, ActionExecutingContext preContext, Func`1 nextInChain)
   at System.Web.Mvc.Async.AsyncControllerActionInvoker.<>c__DisplayClass37.<>c__DisplayClass39.<>c__DisplayClass3b.<BeginInvokeActionMethodWithFilters>b__35()
   at System.Web.Mvc.Async.AsyncControllerActionInvoker.InvokeActionMethodFilterAsynchronously(IActionFilter filter, ActionExecutingContext preContext, Func`1 nextInChain)
   at System.Web.Mvc.Async.AsyncControllerActionInvoker.<>c__DisplayClass37.<>c__DisplayClass39.<>c__DisplayClass3b.<BeginInvokeActionMethodWithFilters>b__35()
   at System.Web.Mvc.Async.AsyncControllerActionInvoker.<>c__DisplayClass37.<BeginInvokeActionMethodWithFilters>b__31(AsyncCallback asyncCallback, Object asyncState)
   at System.Web.Mvc.Async.AsyncResultWrapper.WrappedAsyncResult`1.Begin(AsyncCallback callback, Object state, Int32 timeout)
   at System.Web.Mvc.Async.AsyncControllerActionInvoker.BeginInvokeActionMethodWithFilters(ControllerContext controllerContext, IList`1 filters, ActionDescriptor actionDescriptor, IDictionary`2 parameters, AsyncCallback callback, Object state)
   at System.Web.Mvc.Async.AsyncControllerActionInvoker.<>c__DisplayClass25.<BeginInvokeAction>b__1e(AsyncCallback asyncCallback, Object asyncState)
 2015-04-09 12:21:04,440 [5] INFO  StatisticalSolutions.Controllers.Base.BaseController - Application URL - /StatisticalSolutions/Base/StatisticalError 
 2015-04-09 12:21:04,490 [5] INFO  StatisticalSolutions.Controllers.Base.BaseController - Application URL - /StatisticalSolutions/Base/StatisticalError 
 2015-04-09 12:21:04,490 [5] ERROR StatisticalSolutions.Controllers.Base.BaseController - Statistical exception message - Exception has been thrown by the target of an invocation.
 2015-04-09 12:21:04,490 [5] ERROR StatisticalSolutions.Controllers.Base.BaseController - Statistical exception stack trace -    at System.RuntimeTypeHandle.CreateInstance(RuntimeType type, Boolean publicOnly, Boolean noCheck, Boolean& canBeCached, RuntimeMethodHandleInternal& ctor, Boolean& bNeedSecurityCheck)
   at System.RuntimeType.CreateInstanceSlow(Boolean publicOnly, Boolean skipCheckThis, Boolean fillCache, StackCrawlMark& stackMark)
   at System.RuntimeType.CreateInstanceDefaultCtor(Boolean publicOnly, Boolean skipCheckThis, Boolean fillCache, StackCrawlMark& stackMark)
   at System.Activator.CreateInstance(Type type, Boolean nonPublic)
   at System.Activator.CreateInstance(Type type)
   at System.Threading.LazyHelpers`1.ActivatorFactorySelector()
   at System.Threading.LazyInitializer.EnsureInitializedCore[T](T& target, Boolean& initialized, Object& syncLock, Func`1 valueFactory)
   at System.Threading.LazyInitializer.EnsureInitialized[T](T& target, Boolean& initialized, Object& syncLock)
   at StatisticalSolutions.Filters.InitializeSimpleMembershipAttribute.OnActionExecuting(ActionExecutingContext filterContext) in c:\temp\3rdPartyProjects\StatisticalSolutions\StatisticalSolutions\Filters\InitializeSimpleMembershipAttribute.cs:line 23
   at System.Web.Mvc.Async.AsyncControllerActionInvoker.InvokeActionMethodFilterAsynchronously(IActionFilter filter, ActionExecutingContext preContext, Func`1 nextInChain)
   at System.Web.Mvc.Async.AsyncControllerActionInvoker.<>c__DisplayClass37.<>c__DisplayClass39.<>c__DisplayClass3b.<BeginInvokeActionMethodWithFilters>b__35()
   at System.Web.Mvc.Async.AsyncControllerActionInvoker.InvokeActionMethodFilterAsynchronously(IActionFilter filter, ActionExecutingContext preContext, Func`1 nextInChain)
   at System.Web.Mvc.Async.AsyncControllerActionInvoker.<>c__DisplayClass37.<>c__DisplayClass39.<>c__DisplayClass3b.<BeginInvokeActionMethodWithFilters>b__35()
   at System.Web.Mvc.Async.AsyncControllerActionInvoker.<>c__DisplayClass37.<BeginInvokeActionMethodWithFilters>b__31(AsyncCallback asyncCallback, Object asyncState)
   at System.Web.Mvc.Async.AsyncResultWrapper.WrappedAsyncResult`1.Begin(AsyncCallback callback, Object state, Int32 timeout)
   at System.Web.Mvc.Async.AsyncControllerActionInvoker.BeginInvokeActionMethodWithFilters(ControllerContext controllerContext, IList`1 filters, ActionDescriptor actionDescriptor, IDictionary`2 parameters, AsyncCallback callback, Object state)
   at System.Web.Mvc.Async.AsyncControllerActionInvoker.<>c__DisplayClass25.<BeginInvokeAction>b__1e(AsyncCallback asyncCallback, Object asyncState)
 2015-04-09 12:21:04,490 [7] INFO  StatisticalSolutions.Controllers.Base.BaseController - Application URL - /StatisticalSolutions/Base/StatisticalError 
 2015-04-09 12:21:04,542 [7] INFO  StatisticalSolutions.Controllers.Base.BaseController - Application URL - /StatisticalSolutions/Base/StatisticalError 
 2015-04-09 12:21:04,542 [7] ERROR StatisticalSolutions.Controllers.Base.BaseController - Statistical exception message - Exception has been thrown by the target of an invocation.
 2015-04-09 12:21:04,542 [7] ERROR StatisticalSolutions.Controllers.Base.BaseController - Statistical exception stack trace -    at System.RuntimeTypeHandle.CreateInstance(RuntimeType type, Boolean publicOnly, Boolean noCheck, Boolean& canBeCached, RuntimeMethodHandleInternal& ctor, Boolean& bNeedSecurityCheck)
   at System.RuntimeType.CreateInstanceSlow(Boolean publicOnly, Boolean skipCheckThis, Boolean fillCache, StackCrawlMark& stackMark)
   at System.RuntimeType.CreateInstanceDefaultCtor(Boolean publicOnly, Boolean skipCheckThis, Boolean fillCache, StackCrawlMark& stackMark)
   at System.Activator.CreateInstance(Type type, Boolean nonPublic)
   at System.Activator.CreateInstance(Type type)
   at System.Threading.LazyHelpers`1.ActivatorFactorySelector()
   at System.Threading.LazyInitializer.EnsureInitializedCore[T](T& target, Boolean& initialized, Object& syncLock, Func`1 valueFactory)
   at System.Threading.LazyInitializer.EnsureInitialized[T](T& target, Boolean& initialized, Object& syncLock)
   at StatisticalSolutions.Filters.InitializeSimpleMembershipAttribute.OnActionExecuting(ActionExecutingContext filterContext) in c:\temp\3rdPartyProjects\StatisticalSolutions\StatisticalSolutions\Filters\InitializeSimpleMembershipAttribute.cs:line 23
   at System.Web.Mvc.Async.AsyncControllerActionInvoker.InvokeActionMethodFilterAsynchronously(IActionFilter filter, ActionExecutingContext preContext, Func`1 nextInChain)
   at System.Web.Mvc.Async.AsyncControllerActionInvoker.<>c__DisplayClass37.<>c__DisplayClass39.<>c__DisplayClass3b.<BeginInvokeActionMethodWithFilters>b__35()
   at System.Web.Mvc.Async.AsyncControllerActionInvoker.InvokeActionMethodFilterAsynchronously(IActionFilter filter, ActionExecutingContext preContext, Func`1 nextInChain)
   at System.Web.Mvc.Async.AsyncControllerActionInvoker.<>c__DisplayClass37.<>c__DisplayClass39.<>c__DisplayClass3b.<BeginInvokeActionMethodWithFilters>b__35()
   at System.Web.Mvc.Async.AsyncControllerActionInvoker.<>c__DisplayClass37.<BeginInvokeActionMethodWithFilters>b__31(AsyncCallback asyncCallback, Object asyncState)
   at System.Web.Mvc.Async.AsyncResultWrapper.WrappedAsyncResult`1.Begin(AsyncCallback callback, Object state, Int32 timeout)
   at System.Web.Mvc.Async.AsyncControllerActionInvoker.BeginInvokeActionMethodWithFilters(ControllerContext controllerContext, IList`1 filters, ActionDescriptor actionDescriptor, IDictionary`2 parameters, AsyncCallback callback, Object state)
   at System.Web.Mvc.Async.AsyncControllerActionInvoker.<>c__DisplayClass25.<BeginInvokeAction>b__1e(AsyncCallback asyncCallback, Object asyncState)
 2015-04-09 12:21:04,542 [5] INFO  StatisticalSolutions.Controllers.Base.BaseController - Application URL - /StatisticalSolutions/Base/StatisticalError 
 2015-04-09 12:21:04,592 [5] INFO  StatisticalSolutions.Controllers.Base.BaseController - Application URL - /StatisticalSolutions/Base/StatisticalError 
 2015-04-09 12:21:04,592 [5] ERROR StatisticalSolutions.Controllers.Base.BaseController - Statistical exception message - Exception has been thrown by the target of an invocation.
 2015-04-09 12:21:04,592 [5] ERROR StatisticalSolutions.Controllers.Base.BaseController - Statistical exception stack trace -    at System.RuntimeTypeHandle.CreateInstance(RuntimeType type, Boolean publicOnly, Boolean noCheck, Boolean& canBeCached, RuntimeMethodHandleInternal& ctor, Boolean& bNeedSecurityCheck)
   at System.RuntimeType.CreateInstanceSlow(Boolean publicOnly, Boolean skipCheckThis, Boolean fillCache, StackCrawlMark& stackMark)
   at System.RuntimeType.CreateInstanceDefaultCtor(Boolean publicOnly, Boolean skipCheckThis, Boolean fillCache, StackCrawlMark& stackMark)
   at System.Activator.CreateInstance(Type type, Boolean nonPublic)
   at System.Activator.CreateInstance(Type type)
   at System.Threading.LazyHelpers`1.ActivatorFactorySelector()
   at System.Threading.LazyInitializer.EnsureInitializedCore[T](T& target, Boolean& initialized, Object& syncLock, Func`1 valueFactory)
   at System.Threading.LazyInitializer.EnsureInitialized[T](T& target, Boolean& initialized, Object& syncLock)
   at StatisticalSolutions.Filters.InitializeSimpleMembershipAttribute.OnActionExecuting(ActionExecutingContext filterContext) in c:\temp\3rdPartyProjects\StatisticalSolutions\StatisticalSolutions\Filters\InitializeSimpleMembershipAttribute.cs:line 23
   at System.Web.Mvc.Async.AsyncControllerActionInvoker.InvokeActionMethodFilterAsynchronously(IActionFilter filter, ActionExecutingContext preContext, Func`1 nextInChain)
   at System.Web.Mvc.Async.AsyncControllerActionInvoker.<>c__DisplayClass37.<>c__DisplayClass39.<>c__DisplayClass3b.<BeginInvokeActionMethodWithFilters>b__35()
   at System.Web.Mvc.Async.AsyncControllerActionInvoker.InvokeActionMethodFilterAsynchronously(IActionFilter filter, ActionExecutingContext preContext, Func`1 nextInChain)
   at System.Web.Mvc.Async.AsyncControllerActionInvoker.<>c__DisplayClass37.<>c__DisplayClass39.<>c__DisplayClass3b.<BeginInvokeActionMethodWithFilters>b__35()
   at System.Web.Mvc.Async.AsyncControllerActionInvoker.<>c__DisplayClass37.<BeginInvokeActionMethodWithFilters>b__31(AsyncCallback asyncCallback, Object asyncState)
   at System.Web.Mvc.Async.AsyncResultWrapper.WrappedAsyncResult`1.Begin(AsyncCallback callback, Object state, Int32 timeout)
   at System.Web.Mvc.Async.AsyncControllerActionInvoker.BeginInvokeActionMethodWithFilters(ControllerContext controllerContext, IList`1 filters, ActionDescriptor actionDescriptor, IDictionary`2 parameters, AsyncCallback callback, Object state)
   at System.Web.Mvc.Async.AsyncControllerActionInvoker.<>c__DisplayClass25.<BeginInvokeAction>b__1e(AsyncCallback asyncCallback, Object asyncState)
 2015-04-09 12:21:04,602 [11] INFO  StatisticalSolutions.Controllers.Base.BaseController - Application URL - /StatisticalSolutions/Base/StatisticalError 
 2015-04-09 12:21:04,645 [11] INFO  StatisticalSolutions.Controllers.Base.BaseController - Application URL - /StatisticalSolutions/Base/StatisticalError 
 2015-04-09 12:21:04,645 [11] ERROR StatisticalSolutions.Controllers.Base.BaseController - Statistical exception message - Exception has been thrown by the target of an invocation.
 2015-04-09 12:21:04,655 [11] ERROR StatisticalSolutions.Controllers.Base.BaseController - Statistical exception stack trace -    at System.RuntimeTypeHandle.CreateInstance(RuntimeType type, Boolean publicOnly, Boolean noCheck, Boolean& canBeCached, RuntimeMethodHandleInternal& ctor, Boolean& bNeedSecurityCheck)
   at System.RuntimeType.CreateInstanceSlow(Boolean publicOnly, Boolean skipCheckThis, Boolean fillCache, StackCrawlMark& stackMark)
   at System.RuntimeType.CreateInstanceDefaultCtor(Boolean publicOnly, Boolean skipCheckThis, Boolean fillCache, StackCrawlMark& stackMark)
   at System.Activator.CreateInstance(Type type, Boolean nonPublic)
   at System.Activator.CreateInstance(Type type)
   at System.Threading.LazyHelpers`1.ActivatorFactorySelector()
   at System.Threading.LazyInitializer.EnsureInitializedCore[T](T& target, Boolean& initialized, Object& syncLock, Func`1 valueFactory)
   at System.Threading.LazyInitializer.EnsureInitialized[T](T& target, Boolean& initialized, Object& syncLock)
   at StatisticalSolutions.Filters.InitializeSimpleMembershipAttribute.OnActionExecuting(ActionExecutingContext filterContext) in c:\temp\3rdPartyProjects\StatisticalSolutions\StatisticalSolutions\Filters\InitializeSimpleMembershipAttribute.cs:line 23
   at System.Web.Mvc.Async.AsyncControllerActionInvoker.InvokeActionMethodFilterAsynchronously(IActionFilter filter, ActionExecutingContext preContext, Func`1 nextInChain)
   at System.Web.Mvc.Async.AsyncControllerActionInvoker.<>c__DisplayClass37.<>c__DisplayClass39.<>c__DisplayClass3b.<BeginInvokeActionMethodWithFilters>b__35()
   at System.Web.Mvc.Async.AsyncControllerActionInvoker.InvokeActionMethodFilterAsynchronously(IActionFilter filter, ActionExecutingContext preContext, Func`1 nextInChain)
   at System.Web.Mvc.Async.AsyncControllerActionInvoker.<>c__DisplayClass37.<>c__DisplayClass39.<>c__DisplayClass3b.<BeginInvokeActionMethodWithFilters>b__35()
   at System.Web.Mvc.Async.AsyncControllerActionInvoker.<>c__DisplayClass37.<BeginInvokeActionMethodWithFilters>b__31(AsyncCallback asyncCallback, Object asyncState)
   at System.Web.Mvc.Async.AsyncResultWrapper.WrappedAsyncResult`1.Begin(AsyncCallback callback, Object state, Int32 timeout)
   at System.Web.Mvc.Async.AsyncControllerActionInvoker.BeginInvokeActionMethodWithFilters(ControllerContext controllerContext, IList`1 filters, ActionDescriptor actionDescriptor, IDictionary`2 parameters, AsyncCallback callback, Object state)
   at System.Web.Mvc.Async.AsyncControllerActionInvoker.<>c__DisplayClass25.<BeginInvokeAction>b__1e(AsyncCallback asyncCallback, Object asyncState)
 2015-04-09 12:21:04,655 [5] INFO  StatisticalSolutions.Controllers.Base.BaseController - Application URL - /StatisticalSolutions/Base/StatisticalError 
 2015-04-09 12:21:04,705 [5] INFO  StatisticalSolutions.Controllers.Base.BaseController - Application URL - /StatisticalSolutions/Base/StatisticalError 
 2015-04-09 12:21:04,705 [5] ERROR StatisticalSolutions.Controllers.Base.BaseController - Statistical exception message - Exception has been thrown by the target of an invocation.
 2015-04-09 12:21:04,705 [5] ERROR StatisticalSolutions.Controllers.Base.BaseController - Statistical exception stack trace -    at System.RuntimeTypeHandle.CreateInstance(RuntimeType type, Boolean publicOnly, Boolean noCheck, Boolean& canBeCached, RuntimeMethodHandleInternal& ctor, Boolean& bNeedSecurityCheck)
   at System.RuntimeType.CreateInstanceSlow(Boolean publicOnly, Boolean skipCheckThis, Boolean fillCache, StackCrawlMark& stackMark)
   at System.RuntimeType.CreateInstanceDefaultCtor(Boolean publicOnly, Boolean skipCheckThis, Boolean fillCache, StackCrawlMark& stackMark)
   at System.Activator.CreateInstance(Type type, Boolean nonPublic)
   at System.Activator.CreateInstance(Type type)
   at System.Threading.LazyHelpers`1.ActivatorFactorySelector()
   at System.Threading.LazyInitializer.EnsureInitializedCore[T](T& target, Boolean& initialized, Object& syncLock, Func`1 valueFactory)
   at System.Threading.LazyInitializer.EnsureInitialized[T](T& target, Boolean& initialized, Object& syncLock)
   at StatisticalSolutions.Filters.InitializeSimpleMembershipAttribute.OnActionExecuting(ActionExecutingContext filterContext) in c:\temp\3rdPartyProjects\StatisticalSolutions\StatisticalSolutions\Filters\InitializeSimpleMembershipAttribute.cs:line 23
   at System.Web.Mvc.Async.AsyncControllerActionInvoker.InvokeActionMethodFilterAsynchronously(IActionFilter filter, ActionExecutingContext preContext, Func`1 nextInChain)
   at System.Web.Mvc.Async.AsyncControllerActionInvoker.<>c__DisplayClass37.<>c__DisplayClass39.<>c__DisplayClass3b.<BeginInvokeActionMethodWithFilters>b__35()
   at System.Web.Mvc.Async.AsyncControllerActionInvoker.InvokeActionMethodFilterAsynchronously(IActionFilter filter, ActionExecutingContext preContext, Func`1 nextInChain)
   at System.Web.Mvc.Async.AsyncControllerActionInvoker.<>c__DisplayClass37.<>c__DisplayClass39.<>c__DisplayClass3b.<BeginInvokeActionMethodWithFilters>b__35()
   at System.Web.Mvc.Async.AsyncControllerActionInvoker.<>c__DisplayClass37.<BeginInvokeActionMethodWithFilters>b__31(AsyncCallback asyncCallback, Object asyncState)
   at System.Web.Mvc.Async.AsyncResultWrapper.WrappedAsyncResult`1.Begin(AsyncCallback callback, Object state, Int32 timeout)
   at System.Web.Mvc.Async.AsyncControllerActionInvoker.BeginInvokeActionMethodWithFilters(ControllerContext controllerContext, IList`1 filters, ActionDescriptor actionDescriptor, IDictionary`2 parameters, AsyncCallback callback, Object state)
   at System.Web.Mvc.Async.AsyncControllerActionInvoker.<>c__DisplayClass25.<BeginInvokeAction>b__1e(AsyncCallback asyncCallback, Object asyncState)
 2015-04-09 12:21:04,705 [13] INFO  StatisticalSolutions.Controllers.Base.BaseController - Application URL - /StatisticalSolutions/Base/StatisticalError 
 2015-04-09 12:21:04,757 [13] INFO  StatisticalSolutions.Controllers.Base.BaseController - Application URL - /StatisticalSolutions/Base/StatisticalError 
 2015-04-09 12:21:04,757 [13] ERROR StatisticalSolutions.Controllers.Base.BaseController - Statistical exception message - Exception has been thrown by the target of an invocation.
 2015-04-09 12:21:04,757 [13] ERROR StatisticalSolutions.Controllers.Base.BaseController - Statistical exception stack trace -    at System.RuntimeTypeHandle.CreateInstance(RuntimeType type, Boolean publicOnly, Boolean noCheck, Boolean& canBeCached, RuntimeMethodHandleInternal& ctor, Boolean& bNeedSecurityCheck)
   at System.RuntimeType.CreateInstanceSlow(Boolean publicOnly, Boolean skipCheckThis, Boolean fillCache, StackCrawlMark& stackMark)
   at System.RuntimeType.CreateInstanceDefaultCtor(Boolean publicOnly, Boolean skipCheckThis, Boolean fillCache, StackCrawlMark& stackMark)
   at System.Activator.CreateInstance(Type type, Boolean nonPublic)
   at System.Activator.CreateInstance(Type type)
   at System.Threading.LazyHelpers`1.ActivatorFactorySelector()
   at System.Threading.LazyInitializer.EnsureInitializedCore[T](T& target, Boolean& initialized, Object& syncLock, Func`1 valueFactory)
   at System.Threading.LazyInitializer.EnsureInitialized[T](T& target, Boolean& initialized, Object& syncLock)
   at StatisticalSolutions.Filters.InitializeSimpleMembershipAttribute.OnActionExecuting(ActionExecutingContext filterContext) in c:\temp\3rdPartyProjects\StatisticalSolutions\StatisticalSolutions\Filters\InitializeSimpleMembershipAttribute.cs:line 23
   at System.Web.Mvc.Async.AsyncControllerActionInvoker.InvokeActionMethodFilterAsynchronously(IActionFilter filter, ActionExecutingContext preContext, Func`1 nextInChain)
   at System.Web.Mvc.Async.AsyncControllerActionInvoker.<>c__DisplayClass37.<>c__DisplayClass39.<>c__DisplayClass3b.<BeginInvokeActionMethodWithFilters>b__35()
   at System.Web.Mvc.Async.AsyncControllerActionInvoker.InvokeActionMethodFilterAsynchronously(IActionFilter filter, ActionExecutingContext preContext, Func`1 nextInChain)
   at System.Web.Mvc.Async.AsyncControllerActionInvoker.<>c__DisplayClass37.<>c__DisplayClass39.<>c__DisplayClass3b.<BeginInvokeActionMethodWithFilters>b__35()
   at System.Web.Mvc.Async.AsyncControllerActionInvoker.<>c__DisplayClass37.<BeginInvokeActionMethodWithFilters>b__31(AsyncCallback asyncCallback, Object asyncState)
   at System.Web.Mvc.Async.AsyncResultWrapper.WrappedAsyncResult`1.Begin(AsyncCallback callback, Object state, Int32 timeout)
   at System.Web.Mvc.Async.AsyncControllerActionInvoker.BeginInvokeActionMethodWithFilters(ControllerContext controllerContext, IList`1 filters, ActionDescriptor actionDescriptor, IDictionary`2 parameters, AsyncCallback callback, Object state)
   at System.Web.Mvc.Async.AsyncControllerActionInvoker.<>c__DisplayClass25.<BeginInvokeAction>b__1e(AsyncCallback asyncCallback, Object asyncState)
 2015-04-09 12:21:04,757 [11] INFO  StatisticalSolutions.Controllers.Base.BaseController - Application URL - /StatisticalSolutions/Base/StatisticalError 
 2015-04-09 12:21:04,807 [11] INFO  StatisticalSolutions.Controllers.Base.BaseController - Application URL - /StatisticalSolutions/Base/StatisticalError 
 2015-04-09 12:21:04,807 [11] ERROR StatisticalSolutions.Controllers.Base.BaseController - Statistical exception message - Exception has been thrown by the target of an invocation.
 2015-04-09 12:21:04,807 [11] ERROR StatisticalSolutions.Controllers.Base.BaseController - Statistical exception stack trace -    at System.RuntimeTypeHandle.CreateInstance(RuntimeType type, Boolean publicOnly, Boolean noCheck, Boolean& canBeCached, RuntimeMethodHandleInternal& ctor, Boolean& bNeedSecurityCheck)
   at System.RuntimeType.CreateInstanceSlow(Boolean publicOnly, Boolean skipCheckThis, Boolean fillCache, StackCrawlMark& stackMark)
   at System.RuntimeType.CreateInstanceDefaultCtor(Boolean publicOnly, Boolean skipCheckThis, Boolean fillCache, StackCrawlMark& stackMark)
   at System.Activator.CreateInstance(Type type, Boolean nonPublic)
   at System.Activator.CreateInstance(Type type)
   at System.Threading.LazyHelpers`1.ActivatorFactorySelector()
   at System.Threading.LazyInitializer.EnsureInitializedCore[T](T& target, Boolean& initialized, Object& syncLock, Func`1 valueFactory)
   at System.Threading.LazyInitializer.EnsureInitialized[T](T& target, Boolean& initialized, Object& syncLock)
   at StatisticalSolutions.Filters.InitializeSimpleMembershipAttribute.OnActionExecuting(ActionExecutingContext filterContext) in c:\temp\3rdPartyProjects\StatisticalSolutions\StatisticalSolutions\Filters\InitializeSimpleMembershipAttribute.cs:line 23
   at System.Web.Mvc.Async.AsyncControllerActionInvoker.InvokeActionMethodFilterAsynchronously(IActionFilter filter, ActionExecutingContext preContext, Func`1 nextInChain)
   at System.Web.Mvc.Async.AsyncControllerActionInvoker.<>c__DisplayClass37.<>c__DisplayClass39.<>c__DisplayClass3b.<BeginInvokeActionMethodWithFilters>b__35()
   at System.Web.Mvc.Async.AsyncControllerActionInvoker.InvokeActionMethodFilterAsynchronously(IActionFilter filter, ActionExecutingContext preContext, Func`1 nextInChain)
   at System.Web.Mvc.Async.AsyncControllerActionInvoker.<>c__DisplayClass37.<>c__DisplayClass39.<>c__DisplayClass3b.<BeginInvokeActionMethodWithFilters>b__35()
   at System.Web.Mvc.Async.AsyncControllerActionInvoker.<>c__DisplayClass37.<BeginInvokeActionMethodWithFilters>b__31(AsyncCallback asyncCallback, Object asyncState)
   at System.Web.Mvc.Async.AsyncResultWrapper.WrappedAsyncResult`1.Begin(AsyncCallback callback, Object state, Int32 timeout)
   at System.Web.Mvc.Async.AsyncControllerActionInvoker.BeginInvokeActionMethodWithFilters(ControllerContext controllerContext, IList`1 filters, ActionDescriptor actionDescriptor, IDictionary`2 parameters, AsyncCallback callback, Object state)
   at System.Web.Mvc.Async.AsyncControllerActionInvoker.<>c__DisplayClass25.<BeginInvokeAction>b__1e(AsyncCallback asyncCallback, Object asyncState)
 2015-04-09 12:21:04,807 [7] INFO  StatisticalSolutions.Controllers.Base.BaseController - Application URL - /StatisticalSolutions/Base/StatisticalError 
 2015-04-09 12:21:04,860 [7] INFO  StatisticalSolutions.Controllers.Base.BaseController - Application URL - /StatisticalSolutions/Base/StatisticalError 
 2015-04-09 12:21:04,860 [7] ERROR StatisticalSolutions.Controllers.Base.BaseController - Statistical exception message - Exception has been thrown by the target of an invocation.
 2015-04-09 12:21:04,860 [7] ERROR StatisticalSolutions.Controllers.Base.BaseController - Statistical exception stack trace -    at System.RuntimeTypeHandle.CreateInstance(RuntimeType type, Boolean publicOnly, Boolean noCheck, Boolean& canBeCached, RuntimeMethodHandleInternal& ctor, Boolean& bNeedSecurityCheck)
   at System.RuntimeType.CreateInstanceSlow(Boolean publicOnly, Boolean skipCheckThis, Boolean fillCache, StackCrawlMark& stackMark)
   at System.RuntimeType.CreateInstanceDefaultCtor(Boolean publicOnly, Boolean skipCheckThis, Boolean fillCache, StackCrawlMark& stackMark)
   at System.Activator.CreateInstance(Type type, Boolean nonPublic)
   at System.Activator.CreateInstance(Type type)
   at System.Threading.LazyHelpers`1.ActivatorFactorySelector()
   at System.Threading.LazyInitializer.EnsureInitializedCore[T](T& target, Boolean& initialized, Object& syncLock, Func`1 valueFactory)
   at System.Threading.LazyInitializer.EnsureInitialized[T](T& target, Boolean& initialized, Object& syncLock)
   at StatisticalSolutions.Filters.InitializeSimpleMembershipAttribute.OnActionExecuting(ActionExecutingContext filterContext) in c:\temp\3rdPartyProjects\StatisticalSolutions\StatisticalSolutions\Filters\InitializeSimpleMembershipAttribute.cs:line 23
   at System.Web.Mvc.Async.AsyncControllerActionInvoker.InvokeActionMethodFilterAsynchronously(IActionFilter filter, ActionExecutingContext preContext, Func`1 nextInChain)
   at System.Web.Mvc.Async.AsyncControllerActionInvoker.<>c__DisplayClass37.<>c__DisplayClass39.<>c__DisplayClass3b.<BeginInvokeActionMethodWithFilters>b__35()
   at System.Web.Mvc.Async.AsyncControllerActionInvoker.InvokeActionMethodFilterAsynchronously(IActionFilter filter, ActionExecutingContext preContext, Func`1 nextInChain)
   at System.Web.Mvc.Async.AsyncControllerActionInvoker.<>c__DisplayClass37.<>c__DisplayClass39.<>c__DisplayClass3b.<BeginInvokeActionMethodWithFilters>b__35()
   at System.Web.Mvc.Async.AsyncControllerActionInvoker.<>c__DisplayClass37.<BeginInvokeActionMethodWithFilters>b__31(AsyncCallback asyncCallback, Object asyncState)
   at System.Web.Mvc.Async.AsyncResultWrapper.WrappedAsyncResult`1.Begin(AsyncCallback callback, Object state, Int32 timeout)
   at System.Web.Mvc.Async.AsyncControllerActionInvoker.BeginInvokeActionMethodWithFilters(ControllerContext controllerContext, IList`1 filters, ActionDescriptor actionDescriptor, IDictionary`2 parameters, AsyncCallback callback, Object state)
   at System.Web.Mvc.Async.AsyncControllerActionInvoker.<>c__DisplayClass25.<BeginInvokeAction>b__1e(AsyncCallback asyncCallback, Object asyncState)
 2015-04-09 12:21:04,870 [13] INFO  StatisticalSolutions.Controllers.Base.BaseController - Application URL - /StatisticalSolutions/Base/StatisticalError 
 2015-04-09 12:21:04,912 [13] INFO  StatisticalSolutions.Controllers.Base.BaseController - Application URL - /StatisticalSolutions/Base/StatisticalError 
 2015-04-09 12:21:04,912 [13] ERROR StatisticalSolutions.Controllers.Base.BaseController - Statistical exception message - Exception has been thrown by the target of an invocation.
 2015-04-09 12:21:04,912 [13] ERROR StatisticalSolutions.Controllers.Base.BaseController - Statistical exception stack trace -    at System.RuntimeTypeHandle.CreateInstance(RuntimeType type, Boolean publicOnly, Boolean noCheck, Boolean& canBeCached, RuntimeMethodHandleInternal& ctor, Boolean& bNeedSecurityCheck)
   at System.RuntimeType.CreateInstanceSlow(Boolean publicOnly, Boolean skipCheckThis, Boolean fillCache, StackCrawlMark& stackMark)
   at System.RuntimeType.CreateInstanceDefaultCtor(Boolean publicOnly, Boolean skipCheckThis, Boolean fillCache, StackCrawlMark& stackMark)
   at System.Activator.CreateInstance(Type type, Boolean nonPublic)
   at System.Activator.CreateInstance(Type type)
   at System.Threading.LazyHelpers`1.ActivatorFactorySelector()
   at System.Threading.LazyInitializer.EnsureInitializedCore[T](T& target, Boolean& initialized, Object& syncLock, Func`1 valueFactory)
   at System.Threading.LazyInitializer.EnsureInitialized[T](T& target, Boolean& initialized, Object& syncLock)
   at StatisticalSolutions.Filters.InitializeSimpleMembershipAttribute.OnActionExecuting(ActionExecutingContext filterContext) in c:\temp\3rdPartyProjects\StatisticalSolutions\StatisticalSolutions\Filters\InitializeSimpleMembershipAttribute.cs:line 23
   at System.Web.Mvc.Async.AsyncControllerActionInvoker.InvokeActionMethodFilterAsynchronously(IActionFilter filter, ActionExecutingContext preContext, Func`1 nextInChain)
   at System.Web.Mvc.Async.AsyncControllerActionInvoker.<>c__DisplayClass37.<>c__DisplayClass39.<>c__DisplayClass3b.<BeginInvokeActionMethodWithFilters>b__35()
   at System.Web.Mvc.Async.AsyncControllerActionInvoker.InvokeActionMethodFilterAsynchronously(IActionFilter filter, ActionExecutingContext preContext, Func`1 nextInChain)
   at System.Web.Mvc.Async.AsyncControllerActionInvoker.<>c__DisplayClass37.<>c__DisplayClass39.<>c__DisplayClass3b.<BeginInvokeActionMethodWithFilters>b__35()
   at System.Web.Mvc.Async.AsyncControllerActionInvoker.<>c__DisplayClass37.<BeginInvokeActionMethodWithFilters>b__31(AsyncCallback asyncCallback, Object asyncState)
   at System.Web.Mvc.Async.AsyncResultWrapper.WrappedAsyncResult`1.Begin(AsyncCallback callback, Object state, Int32 timeout)
   at System.Web.Mvc.Async.AsyncControllerActionInvoker.BeginInvokeActionMethodWithFilters(ControllerContext controllerContext, IList`1 filters, ActionDescriptor actionDescriptor, IDictionary`2 parameters, AsyncCallback callback, Object state)
   at System.Web.Mvc.Async.AsyncControllerActionInvoker.<>c__DisplayClass25.<BeginInvokeAction>b__1e(AsyncCallback asyncCallback, Object asyncState)
 2015-04-09 12:21:04,912 [7] INFO  StatisticalSolutions.Controllers.Base.BaseController - Application URL - /StatisticalSolutions/Base/StatisticalError 
 2015-04-09 12:21:04,972 [7] INFO  StatisticalSolutions.Controllers.Base.BaseController - Application URL - /StatisticalSolutions/Base/StatisticalError 
 2015-04-09 12:21:04,972 [7] ERROR StatisticalSolutions.Controllers.Base.BaseController - Statistical exception message - Exception has been thrown by the target of an invocation.
 2015-04-09 12:21:04,972 [7] ERROR StatisticalSolutions.Controllers.Base.BaseController - Statistical exception stack trace -    at System.RuntimeTypeHandle.CreateInstance(RuntimeType type, Boolean publicOnly, Boolean noCheck, Boolean& canBeCached, RuntimeMethodHandleInternal& ctor, Boolean& bNeedSecurityCheck)
   at System.RuntimeType.CreateInstanceSlow(Boolean publicOnly, Boolean skipCheckThis, Boolean fillCache, StackCrawlMark& stackMark)
   at System.RuntimeType.CreateInstanceDefaultCtor(Boolean publicOnly, Boolean skipCheckThis, Boolean fillCache, StackCrawlMark& stackMark)
   at System.Activator.CreateInstance(Type type, Boolean nonPublic)
   at System.Activator.CreateInstance(Type type)
   at System.Threading.LazyHelpers`1.ActivatorFactorySelector()
   at System.Threading.LazyInitializer.EnsureInitializedCore[T](T& target, Boolean& initialized, Object& syncLock, Func`1 valueFactory)
   at System.Threading.LazyInitializer.EnsureInitialized[T](T& target, Boolean& initialized, Object& syncLock)
   at StatisticalSolutions.Filters.InitializeSimpleMembershipAttribute.OnActionExecuting(ActionExecutingContext filterContext) in c:\temp\3rdPartyProjects\StatisticalSolutions\StatisticalSolutions\Filters\InitializeSimpleMembershipAttribute.cs:line 23
   at System.Web.Mvc.Async.AsyncControllerActionInvoker.InvokeActionMethodFilterAsynchronously(IActionFilter filter, ActionExecutingContext preContext, Func`1 nextInChain)
   at System.Web.Mvc.Async.AsyncControllerActionInvoker.<>c__DisplayClass37.<>c__DisplayClass39.<>c__DisplayClass3b.<BeginInvokeActionMethodWithFilters>b__35()
   at System.Web.Mvc.Async.AsyncControllerActionInvoker.InvokeActionMethodFilterAsynchronously(IActionFilter filter, ActionExecutingContext preContext, Func`1 nextInChain)
   at System.Web.Mvc.Async.AsyncControllerActionInvoker.<>c__DisplayClass37.<>c__DisplayClass39.<>c__DisplayClass3b.<BeginInvokeActionMethodWithFilters>b__35()
   at System.Web.Mvc.Async.AsyncControllerActionInvoker.<>c__DisplayClass37.<BeginInvokeActionMethodWithFilters>b__31(AsyncCallback asyncCallback, Object asyncState)
   at System.Web.Mvc.Async.AsyncResultWrapper.WrappedAsyncResult`1.Begin(AsyncCallback callback, Object state, Int32 timeout)
   at System.Web.Mvc.Async.AsyncControllerActionInvoker.BeginInvokeActionMethodWithFilters(ControllerContext controllerContext, IList`1 filters, ActionDescriptor actionDescriptor, IDictionary`2 parameters, AsyncCallback callback, Object state)
   at System.Web.Mvc.Async.AsyncControllerActionInvoker.<>c__DisplayClass25.<BeginInvokeAction>b__1e(AsyncCallback asyncCallback, Object asyncState)
 2015-04-09 12:21:04,972 [5] INFO  StatisticalSolutions.Controllers.Base.BaseController - Application URL - /StatisticalSolutions/Base/StatisticalError 
 2015-04-09 12:21:05,015 [5] INFO  StatisticalSolutions.Controllers.Base.BaseController - Application URL - /StatisticalSolutions/Base/StatisticalError 
 2015-04-09 12:21:05,015 [5] ERROR StatisticalSolutions.Controllers.Base.BaseController - Statistical exception message - Exception has been thrown by the target of an invocation.
 2015-04-09 12:21:05,015 [5] ERROR StatisticalSolutions.Controllers.Base.BaseController - Statistical exception stack trace -    at System.RuntimeTypeHandle.CreateInstance(RuntimeType type, Boolean publicOnly, Boolean noCheck, Boolean& canBeCached, RuntimeMethodHandleInternal& ctor, Boolean& bNeedSecurityCheck)
   at System.RuntimeType.CreateInstanceSlow(Boolean publicOnly, Boolean skipCheckThis, Boolean fillCache, StackCrawlMark& stackMark)
   at System.RuntimeType.CreateInstanceDefaultCtor(Boolean publicOnly, Boolean skipCheckThis, Boolean fillCache, StackCrawlMark& stackMark)
   at System.Activator.CreateInstance(Type type, Boolean nonPublic)
   at System.Activator.CreateInstance(Type type)
   at System.Threading.LazyHelpers`1.ActivatorFactorySelector()
   at System.Threading.LazyInitializer.EnsureInitializedCore[T](T& target, Boolean& initialized, Object& syncLock, Func`1 valueFactory)
   at System.Threading.LazyInitializer.EnsureInitialized[T](T& target, Boolean& initialized, Object& syncLock)
   at StatisticalSolutions.Filters.InitializeSimpleMembershipAttribute.OnActionExecuting(ActionExecutingContext filterContext) in c:\temp\3rdPartyProjects\StatisticalSolutions\StatisticalSolutions\Filters\InitializeSimpleMembershipAttribute.cs:line 23
   at System.Web.Mvc.Async.AsyncControllerActionInvoker.InvokeActionMethodFilterAsynchronously(IActionFilter filter, ActionExecutingContext preContext, Func`1 nextInChain)
   at System.Web.Mvc.Async.AsyncControllerActionInvoker.<>c__DisplayClass37.<>c__DisplayClass39.<>c__DisplayClass3b.<BeginInvokeActionMethodWithFilters>b__35()
   at System.Web.Mvc.Async.AsyncControllerActionInvoker.InvokeActionMethodFilterAsynchronously(IActionFilter filter, ActionExecutingContext preContext, Func`1 nextInChain)
   at System.Web.Mvc.Async.AsyncControllerActionInvoker.<>c__DisplayClass37.<>c__DisplayClass39.<>c__DisplayClass3b.<BeginInvokeActionMethodWithFilters>b__35()
   at System.Web.Mvc.Async.AsyncControllerActionInvoker.<>c__DisplayClass37.<BeginInvokeActionMethodWithFilters>b__31(AsyncCallback asyncCallback, Object asyncState)
   at System.Web.Mvc.Async.AsyncResultWrapper.WrappedAsyncResult`1.Begin(AsyncCallback callback, Object state, Int32 timeout)
   at System.Web.Mvc.Async.AsyncControllerActionInvoker.BeginInvokeActionMethodWithFilters(ControllerContext controllerContext, IList`1 filters, ActionDescriptor actionDescriptor, IDictionary`2 parameters, AsyncCallback callback, Object state)
   at System.Web.Mvc.Async.AsyncControllerActionInvoker.<>c__DisplayClass25.<BeginInvokeAction>b__1e(AsyncCallback asyncCallback, Object asyncState)
 2015-04-09 12:21:05,015 [7] INFO  StatisticalSolutions.Controllers.Base.BaseController - Application URL - /StatisticalSolutions/Base/StatisticalError 
 2015-04-09 12:21:05,075 [7] INFO  StatisticalSolutions.Controllers.Base.BaseController - Application URL - /StatisticalSolutions/Base/StatisticalError 
 2015-04-09 12:21:05,075 [7] ERROR StatisticalSolutions.Controllers.Base.BaseController - Statistical exception message - Exception has been thrown by the target of an invocation.
 2015-04-09 12:21:05,075 [7] ERROR StatisticalSolutions.Controllers.Base.BaseController - Statistical exception stack trace -    at System.RuntimeTypeHandle.CreateInstance(RuntimeType type, Boolean publicOnly, Boolean noCheck, Boolean& canBeCached, RuntimeMethodHandleInternal& ctor, Boolean& bNeedSecurityCheck)
   at System.RuntimeType.CreateInstanceSlow(Boolean publicOnly, Boolean skipCheckThis, Boolean fillCache, StackCrawlMark& stackMark)
   at System.RuntimeType.CreateInstanceDefaultCtor(Boolean publicOnly, Boolean skipCheckThis, Boolean fillCache, StackCrawlMark& stackMark)
   at System.Activator.CreateInstance(Type type, Boolean nonPublic)
   at System.Activator.CreateInstance(Type type)
   at System.Threading.LazyHelpers`1.ActivatorFactorySelector()
   at System.Threading.LazyInitializer.EnsureInitializedCore[T](T& target, Boolean& initialized, Object& syncLock, Func`1 valueFactory)
   at System.Threading.LazyInitializer.EnsureInitialized[T](T& target, Boolean& initialized, Object& syncLock)
   at StatisticalSolutions.Filters.InitializeSimpleMembershipAttribute.OnActionExecuting(ActionExecutingContext filterContext) in c:\temp\3rdPartyProjects\StatisticalSolutions\StatisticalSolutions\Filters\InitializeSimpleMembershipAttribute.cs:line 23
   at System.Web.Mvc.Async.AsyncControllerActionInvoker.InvokeActionMethodFilterAsynchronously(IActionFilter filter, ActionExecutingContext preContext, Func`1 nextInChain)
   at System.Web.Mvc.Async.AsyncControllerActionInvoker.<>c__DisplayClass37.<>c__DisplayClass39.<>c__DisplayClass3b.<BeginInvokeActionMethodWithFilters>b__35()
   at System.Web.Mvc.Async.AsyncControllerActionInvoker.InvokeActionMethodFilterAsynchronously(IActionFilter filter, ActionExecutingContext preContext, Func`1 nextInChain)
   at System.Web.Mvc.Async.AsyncControllerActionInvoker.<>c__DisplayClass37.<>c__DisplayClass39.<>c__DisplayClass3b.<BeginInvokeActionMethodWithFilters>b__35()
   at System.Web.Mvc.Async.AsyncControllerActionInvoker.<>c__DisplayClass37.<BeginInvokeActionMethodWithFilters>b__31(AsyncCallback asyncCallback, Object asyncState)
   at System.Web.Mvc.Async.AsyncResultWrapper.WrappedAsyncResult`1.Begin(AsyncCallback callback, Object state, Int32 timeout)
   at System.Web.Mvc.Async.AsyncControllerActionInvoker.BeginInvokeActionMethodWithFilters(ControllerContext controllerContext, IList`1 filters, ActionDescriptor actionDescriptor, IDictionary`2 parameters, AsyncCallback callback, Object state)
   at System.Web.Mvc.Async.AsyncControllerActionInvoker.<>c__DisplayClass25.<BeginInvokeAction>b__1e(AsyncCallback asyncCallback, Object asyncState)
 2015-04-09 12:21:05,075 [5] INFO  StatisticalSolutions.Controllers.Base.BaseController - Application URL - /StatisticalSolutions/Base/StatisticalError 
 2015-04-09 12:21:05,125 [5] INFO  StatisticalSolutions.Controllers.Base.BaseController - Application URL - /StatisticalSolutions/Base/StatisticalError 
 2015-04-09 12:21:05,125 [5] ERROR StatisticalSolutions.Controllers.Base.BaseController - Statistical exception message - Exception has been thrown by the target of an invocation.
 2015-04-09 12:21:05,125 [5] ERROR StatisticalSolutions.Controllers.Base.BaseController - Statistical exception stack trace -    at System.RuntimeTypeHandle.CreateInstance(RuntimeType type, Boolean publicOnly, Boolean noCheck, Boolean& canBeCached, RuntimeMethodHandleInternal& ctor, Boolean& bNeedSecurityCheck)
   at System.RuntimeType.CreateInstanceSlow(Boolean publicOnly, Boolean skipCheckThis, Boolean fillCache, StackCrawlMark& stackMark)
   at System.RuntimeType.CreateInstanceDefaultCtor(Boolean publicOnly, Boolean skipCheckThis, Boolean fillCache, StackCrawlMark& stackMark)
   at System.Activator.CreateInstance(Type type, Boolean nonPublic)
   at System.Activator.CreateInstance(Type type)
   at System.Threading.LazyHelpers`1.ActivatorFactorySelector()
   at System.Threading.LazyInitializer.EnsureInitializedCore[T](T& target, Boolean& initialized, Object& syncLock, Func`1 valueFactory)
   at System.Threading.LazyInitializer.EnsureInitialized[T](T& target, Boolean& initialized, Object& syncLock)
   at StatisticalSolutions.Filters.InitializeSimpleMembershipAttribute.OnActionExecuting(ActionExecutingContext filterContext) in c:\temp\3rdPartyProjects\StatisticalSolutions\StatisticalSolutions\Filters\InitializeSimpleMembershipAttribute.cs:line 23
   at System.Web.Mvc.Async.AsyncControllerActionInvoker.InvokeActionMethodFilterAsynchronously(IActionFilter filter, ActionExecutingContext preContext, Func`1 nextInChain)
   at System.Web.Mvc.Async.AsyncControllerActionInvoker.<>c__DisplayClass37.<>c__DisplayClass39.<>c__DisplayClass3b.<BeginInvokeActionMethodWithFilters>b__35()
   at System.Web.Mvc.Async.AsyncControllerActionInvoker.InvokeActionMethodFilterAsynchronously(IActionFilter filter, ActionExecutingContext preContext, Func`1 nextInChain)
   at System.Web.Mvc.Async.AsyncControllerActionInvoker.<>c__DisplayClass37.<>c__DisplayClass39.<>c__DisplayClass3b.<BeginInvokeActionMethodWithFilters>b__35()
   at System.Web.Mvc.Async.AsyncControllerActionInvoker.<>c__DisplayClass37.<BeginInvokeActionMethodWithFilters>b__31(AsyncCallback asyncCallback, Object asyncState)
   at System.Web.Mvc.Async.AsyncResultWrapper.WrappedAsyncResult`1.Begin(AsyncCallback callback, Object state, Int32 timeout)
   at System.Web.Mvc.Async.AsyncControllerActionInvoker.BeginInvokeActionMethodWithFilters(ControllerContext controllerContext, IList`1 filters, ActionDescriptor actionDescriptor, IDictionary`2 parameters, AsyncCallback callback, Object state)
   at System.Web.Mvc.Async.AsyncControllerActionInvoker.<>c__DisplayClass25.<BeginInvokeAction>b__1e(AsyncCallback asyncCallback, Object asyncState)
 2015-04-09 12:21:05,125 [7] INFO  StatisticalSolutions.Controllers.Base.BaseController - Application URL - /StatisticalSolutions/Base/StatisticalError 
 2015-04-09 12:21:05,177 [7] INFO  StatisticalSolutions.Controllers.Base.BaseController - Application URL - /StatisticalSolutions/Base/StatisticalError 
 2015-04-09 12:21:05,177 [7] ERROR StatisticalSolutions.Controllers.Base.BaseController - Statistical exception message - Exception has been thrown by the target of an invocation.
 2015-04-09 12:21:05,177 [7] ERROR StatisticalSolutions.Controllers.Base.BaseController - Statistical exception stack trace -    at System.RuntimeTypeHandle.CreateInstance(RuntimeType type, Boolean publicOnly, Boolean noCheck, Boolean& canBeCached, RuntimeMethodHandleInternal& ctor, Boolean& bNeedSecurityCheck)
   at System.RuntimeType.CreateInstanceSlow(Boolean publicOnly, Boolean skipCheckThis, Boolean fillCache, StackCrawlMark& stackMark)
   at System.RuntimeType.CreateInstanceDefaultCtor(Boolean publicOnly, Boolean skipCheckThis, Boolean fillCache, StackCrawlMark& stackMark)
   at System.Activator.CreateInstance(Type type, Boolean nonPublic)
   at System.Activator.CreateInstance(Type type)
   at System.Threading.LazyHelpers`1.ActivatorFactorySelector()
   at System.Threading.LazyInitializer.EnsureInitializedCore[T](T& target, Boolean& initialized, Object& syncLock, Func`1 valueFactory)
   at System.Threading.LazyInitializer.EnsureInitialized[T](T& target, Boolean& initialized, Object& syncLock)
   at StatisticalSolutions.Filters.InitializeSimpleMembershipAttribute.OnActionExecuting(ActionExecutingContext filterContext) in c:\temp\3rdPartyProjects\StatisticalSolutions\StatisticalSolutions\Filters\InitializeSimpleMembershipAttribute.cs:line 23
   at System.Web.Mvc.Async.AsyncControllerActionInvoker.InvokeActionMethodFilterAsynchronously(IActionFilter filter, ActionExecutingContext preContext, Func`1 nextInChain)
   at System.Web.Mvc.Async.AsyncControllerActionInvoker.<>c__DisplayClass37.<>c__DisplayClass39.<>c__DisplayClass3b.<BeginInvokeActionMethodWithFilters>b__35()
   at System.Web.Mvc.Async.AsyncControllerActionInvoker.InvokeActionMethodFilterAsynchronously(IActionFilter filter, ActionExecutingContext preContext, Func`1 nextInChain)
   at System.Web.Mvc.Async.AsyncControllerActionInvoker.<>c__DisplayClass37.<>c__DisplayClass39.<>c__DisplayClass3b.<BeginInvokeActionMethodWithFilters>b__35()
   at System.Web.Mvc.Async.AsyncControllerActionInvoker.<>c__DisplayClass37.<BeginInvokeActionMethodWithFilters>b__31(AsyncCallback asyncCallback, Object asyncState)
   at System.Web.Mvc.Async.AsyncResultWrapper.WrappedAsyncResult`1.Begin(AsyncCallback callback, Object state, Int32 timeout)
   at System.Web.Mvc.Async.AsyncControllerActionInvoker.BeginInvokeActionMethodWithFilters(ControllerContext controllerContext, IList`1 filters, ActionDescriptor actionDescriptor, IDictionary`2 parameters, AsyncCallback callback, Object state)
   at System.Web.Mvc.Async.AsyncControllerActionInvoker.<>c__DisplayClass25.<BeginInvokeAction>b__1e(AsyncCallback asyncCallback, Object asyncState)
 2015-04-09 12:21:05,177 [12] INFO  StatisticalSolutions.Controllers.Base.BaseController - Application URL - /StatisticalSolutions/Base/StatisticalError 
 2015-04-09 12:21:05,230 [12] INFO  StatisticalSolutions.Controllers.Base.BaseController - Application URL - /StatisticalSolutions/Base/StatisticalError 
 2015-04-09 12:21:05,230 [12] ERROR StatisticalSolutions.Controllers.Base.BaseController - Statistical exception message - Exception has been thrown by the target of an invocation.
 2015-04-09 12:21:05,230 [12] ERROR StatisticalSolutions.Controllers.Base.BaseController - Statistical exception stack trace -    at System.RuntimeTypeHandle.CreateInstance(RuntimeType type, Boolean publicOnly, Boolean noCheck, Boolean& canBeCached, RuntimeMethodHandleInternal& ctor, Boolean& bNeedSecurityCheck)
   at System.RuntimeType.CreateInstanceSlow(Boolean publicOnly, Boolean skipCheckThis, Boolean fillCache, StackCrawlMark& stackMark)
   at System.RuntimeType.CreateInstanceDefaultCtor(Boolean publicOnly, Boolean skipCheckThis, Boolean fillCache, StackCrawlMark& stackMark)
   at System.Activator.CreateInstance(Type type, Boolean nonPublic)
   at System.Activator.CreateInstance(Type type)
   at System.Threading.LazyHelpers`1.ActivatorFactorySelector()
   at System.Threading.LazyInitializer.EnsureInitializedCore[T](T& target, Boolean& initialized, Object& syncLock, Func`1 valueFactory)
   at System.Threading.LazyInitializer.EnsureInitialized[T](T& target, Boolean& initialized, Object& syncLock)
   at StatisticalSolutions.Filters.InitializeSimpleMembershipAttribute.OnActionExecuting(ActionExecutingContext filterContext) in c:\temp\3rdPartyProjects\StatisticalSolutions\StatisticalSolutions\Filters\InitializeSimpleMembershipAttribute.cs:line 23
   at System.Web.Mvc.Async.AsyncControllerActionInvoker.InvokeActionMethodFilterAsynchronously(IActionFilter filter, ActionExecutingContext preContext, Func`1 nextInChain)
   at System.Web.Mvc.Async.AsyncControllerActionInvoker.<>c__DisplayClass37.<>c__DisplayClass39.<>c__DisplayClass3b.<BeginInvokeActionMethodWithFilters>b__35()
   at System.Web.Mvc.Async.AsyncControllerActionInvoker.InvokeActionMethodFilterAsynchronously(IActionFilter filter, ActionExecutingContext preContext, Func`1 nextInChain)
   at System.Web.Mvc.Async.AsyncControllerActionInvoker.<>c__DisplayClass37.<>c__DisplayClass39.<>c__DisplayClass3b.<BeginInvokeActionMethodWithFilters>b__35()
   at System.Web.Mvc.Async.AsyncControllerActionInvoker.<>c__DisplayClass37.<BeginInvokeActionMethodWithFilters>b__31(AsyncCallback asyncCallback, Object asyncState)
   at System.Web.Mvc.Async.AsyncResultWrapper.WrappedAsyncResult`1.Begin(AsyncCallback callback, Object state, Int32 timeout)
   at System.Web.Mvc.Async.AsyncControllerActionInvoker.BeginInvokeActionMethodWithFilters(ControllerContext controllerContext, IList`1 filters, ActionDescriptor actionDescriptor, IDictionary`2 parameters, AsyncCallback callback, Object state)
   at System.Web.Mvc.Async.AsyncControllerActionInvoker.<>c__DisplayClass25.<BeginInvokeAction>b__1e(AsyncCallback asyncCallback, Object asyncState)
 2015-04-09 12:21:05,240 [13] INFO  StatisticalSolutions.Controllers.Base.BaseController - Application URL - /StatisticalSolutions/Base/StatisticalError 
 2015-04-09 12:21:05,310 [13] INFO  StatisticalSolutions.Controllers.Base.BaseController - Application URL - /StatisticalSolutions/Base/StatisticalError 
 2015-04-09 12:21:05,310 [13] ERROR StatisticalSolutions.Controllers.Base.BaseController - Statistical exception message - Exception has been thrown by the target of an invocation.
 2015-04-09 12:21:05,310 [13] ERROR StatisticalSolutions.Controllers.Base.BaseController - Statistical exception stack trace -    at System.RuntimeTypeHandle.CreateInstance(RuntimeType type, Boolean publicOnly, Boolean noCheck, Boolean& canBeCached, RuntimeMethodHandleInternal& ctor, Boolean& bNeedSecurityCheck)
   at System.RuntimeType.CreateInstanceSlow(Boolean publicOnly, Boolean skipCheckThis, Boolean fillCache, StackCrawlMark& stackMark)
   at System.RuntimeType.CreateInstanceDefaultCtor(Boolean publicOnly, Boolean skipCheckThis, Boolean fillCache, StackCrawlMark& stackMark)
   at System.Activator.CreateInstance(Type type, Boolean nonPublic)
   at System.Activator.CreateInstance(Type type)
   at System.Threading.LazyHelpers`1.ActivatorFactorySelector()
   at System.Threading.LazyInitializer.EnsureInitializedCore[T](T& target, Boolean& initialized, Object& syncLock, Func`1 valueFactory)
   at System.Threading.LazyInitializer.EnsureInitialized[T](T& target, Boolean& initialized, Object& syncLock)
   at StatisticalSolutions.Filters.InitializeSimpleMembershipAttribute.OnActionExecuting(ActionExecutingContext filterContext) in c:\temp\3rdPartyProjects\StatisticalSolutions\StatisticalSolutions\Filters\InitializeSimpleMembershipAttribute.cs:line 23
   at System.Web.Mvc.Async.AsyncControllerActionInvoker.InvokeActionMethodFilterAsynchronously(IActionFilter filter, ActionExecutingContext preContext, Func`1 nextInChain)
   at System.Web.Mvc.Async.AsyncControllerActionInvoker.<>c__DisplayClass37.<>c__DisplayClass39.<>c__DisplayClass3b.<BeginInvokeActionMethodWithFilters>b__35()
   at System.Web.Mvc.Async.AsyncControllerActionInvoker.InvokeActionMethodFilterAsynchronously(IActionFilter filter, ActionExecutingContext preContext, Func`1 nextInChain)
   at System.Web.Mvc.Async.AsyncControllerActionInvoker.<>c__DisplayClass37.<>c__DisplayClass39.<>c__DisplayClass3b.<BeginInvokeActionMethodWithFilters>b__35()
   at System.Web.Mvc.Async.AsyncControllerActionInvoker.<>c__DisplayClass37.<BeginInvokeActionMethodWithFilters>b__31(AsyncCallback asyncCallback, Object asyncState)
   at System.Web.Mvc.Async.AsyncResultWrapper.WrappedAsyncResult`1.Begin(AsyncCallback callback, Object state, Int32 timeout)
   at System.Web.Mvc.Async.AsyncControllerActionInvoker.BeginInvokeActionMethodWithFilters(ControllerContext controllerContext, IList`1 filters, ActionDescriptor actionDescriptor, IDictionary`2 parameters, AsyncCallback callback, Object state)
   at System.Web.Mvc.Async.AsyncControllerActionInvoker.<>c__DisplayClass25.<BeginInvokeAction>b__1e(AsyncCallback asyncCallback, Object asyncState)
 2015-04-09 12:21:05,310 [15] INFO  StatisticalSolutions.Controllers.Base.BaseController - Application URL - /StatisticalSolutions/Base/StatisticalError 
 2015-04-09 12:21:05,362 [15] INFO  StatisticalSolutions.Controllers.Base.BaseController - Application URL - /StatisticalSolutions/Base/StatisticalError 
 2015-04-09 12:21:05,362 [15] ERROR StatisticalSolutions.Controllers.Base.BaseController - Statistical exception message - Exception has been thrown by the target of an invocation.
 2015-04-09 12:21:05,362 [15] ERROR StatisticalSolutions.Controllers.Base.BaseController - Statistical exception stack trace -    at System.RuntimeTypeHandle.CreateInstance(RuntimeType type, Boolean publicOnly, Boolean noCheck, Boolean& canBeCached, RuntimeMethodHandleInternal& ctor, Boolean& bNeedSecurityCheck)
   at System.RuntimeType.CreateInstanceSlow(Boolean publicOnly, Boolean skipCheckThis, Boolean fillCache, StackCrawlMark& stackMark)
   at System.RuntimeType.CreateInstanceDefaultCtor(Boolean publicOnly, Boolean skipCheckThis, Boolean fillCache, StackCrawlMark& stackMark)
   at System.Activator.CreateInstance(Type type, Boolean nonPublic)
   at System.Activator.CreateInstance(Type type)
   at System.Threading.LazyHelpers`1.ActivatorFactorySelector()
   at System.Threading.LazyInitializer.EnsureInitializedCore[T](T& target, Boolean& initialized, Object& syncLock, Func`1 valueFactory)
   at System.Threading.LazyInitializer.EnsureInitialized[T](T& target, Boolean& initialized, Object& syncLock)
   at StatisticalSolutions.Filters.InitializeSimpleMembershipAttribute.OnActionExecuting(ActionExecutingContext filterContext) in c:\temp\3rdPartyProjects\StatisticalSolutions\StatisticalSolutions\Filters\InitializeSimpleMembershipAttribute.cs:line 23
   at System.Web.Mvc.Async.AsyncControllerActionInvoker.InvokeActionMethodFilterAsynchronously(IActionFilter filter, ActionExecutingContext preContext, Func`1 nextInChain)
   at System.Web.Mvc.Async.AsyncControllerActionInvoker.<>c__DisplayClass37.<>c__DisplayClass39.<>c__DisplayClass3b.<BeginInvokeActionMethodWithFilters>b__35()
   at System.Web.Mvc.Async.AsyncControllerActionInvoker.InvokeActionMethodFilterAsynchronously(IActionFilter filter, ActionExecutingContext preContext, Func`1 nextInChain)
   at System.Web.Mvc.Async.AsyncControllerActionInvoker.<>c__DisplayClass37.<>c__DisplayClass39.<>c__DisplayClass3b.<BeginInvokeActionMethodWithFilters>b__35()
   at System.Web.Mvc.Async.AsyncControllerActionInvoker.<>c__DisplayClass37.<BeginInvokeActionMethodWithFilters>b__31(AsyncCallback asyncCallback, Object asyncState)
   at System.Web.Mvc.Async.AsyncResultWrapper.WrappedAsyncResult`1.Begin(AsyncCallback callback, Object state, Int32 timeout)
   at System.Web.Mvc.Async.AsyncControllerActionInvoker.BeginInvokeActionMethodWithFilters(ControllerContext controllerContext, IList`1 filters, ActionDescriptor actionDescriptor, IDictionary`2 parameters, AsyncCallback callback, Object state)
   at System.Web.Mvc.Async.AsyncControllerActionInvoker.<>c__DisplayClass25.<BeginInvokeAction>b__1e(AsyncCallback asyncCallback, Object asyncState)
 2015-04-09 12:21:05,362 [11] INFO  StatisticalSolutions.Controllers.Base.BaseController - Application URL - /StatisticalSolutions/Base/StatisticalError 
 2015-04-09 12:21:05,412 [11] INFO  StatisticalSolutions.Controllers.Base.BaseController - Application URL - /StatisticalSolutions/Base/StatisticalError 
 2015-04-09 12:21:05,412 [11] ERROR StatisticalSolutions.Controllers.Base.BaseController - Statistical exception message - Exception has been thrown by the target of an invocation.
 2015-04-09 12:21:05,412 [11] ERROR StatisticalSolutions.Controllers.Base.BaseController - Statistical exception stack trace -    at System.RuntimeTypeHandle.CreateInstance(RuntimeType type, Boolean publicOnly, Boolean noCheck, Boolean& canBeCached, RuntimeMethodHandleInternal& ctor, Boolean& bNeedSecurityCheck)
   at System.RuntimeType.CreateInstanceSlow(Boolean publicOnly, Boolean skipCheckThis, Boolean fillCache, StackCrawlMark& stackMark)
   at System.RuntimeType.CreateInstanceDefaultCtor(Boolean publicOnly, Boolean skipCheckThis, Boolean fillCache, StackCrawlMark& stackMark)
   at System.Activator.CreateInstance(Type type, Boolean nonPublic)
   at System.Activator.CreateInstance(Type type)
   at System.Threading.LazyHelpers`1.ActivatorFactorySelector()
   at System.Threading.LazyInitializer.EnsureInitializedCore[T](T& target, Boolean& initialized, Object& syncLock, Func`1 valueFactory)
   at System.Threading.LazyInitializer.EnsureInitialized[T](T& target, Boolean& initialized, Object& syncLock)
   at StatisticalSolutions.Filters.InitializeSimpleMembershipAttribute.OnActionExecuting(ActionExecutingContext filterContext) in c:\temp\3rdPartyProjects\StatisticalSolutions\StatisticalSolutions\Filters\InitializeSimpleMembershipAttribute.cs:line 23
   at System.Web.Mvc.Async.AsyncControllerActionInvoker.InvokeActionMethodFilterAsynchronously(IActionFilter filter, ActionExecutingContext preContext, Func`1 nextInChain)
   at System.Web.Mvc.Async.AsyncControllerActionInvoker.<>c__DisplayClass37.<>c__DisplayClass39.<>c__DisplayClass3b.<BeginInvokeActionMethodWithFilters>b__35()
   at System.Web.Mvc.Async.AsyncControllerActionInvoker.InvokeActionMethodFilterAsynchronously(IActionFilter filter, ActionExecutingContext preContext, Func`1 nextInChain)
   at System.Web.Mvc.Async.AsyncControllerActionInvoker.<>c__DisplayClass37.<>c__DisplayClass39.<>c__DisplayClass3b.<BeginInvokeActionMethodWithFilters>b__35()
   at System.Web.Mvc.Async.AsyncControllerActionInvoker.<>c__DisplayClass37.<BeginInvokeActionMethodWithFilters>b__31(AsyncCallback asyncCallback, Object asyncState)
   at System.Web.Mvc.Async.AsyncResultWrapper.WrappedAsyncResult`1.Begin(AsyncCallback callback, Object state, Int32 timeout)
   at System.Web.Mvc.Async.AsyncControllerActionInvoker.BeginInvokeActionMethodWithFilters(ControllerContext controllerContext, IList`1 filters, ActionDescriptor actionDescriptor, IDictionary`2 parameters, AsyncCallback callback, Object state)
   at System.Web.Mvc.Async.AsyncControllerActionInvoker.<>c__DisplayClass25.<BeginInvokeAction>b__1e(AsyncCallback asyncCallback, Object asyncState)
 2015-04-09 12:21:05,412 [5] INFO  StatisticalSolutions.Controllers.Base.BaseController - Application URL - /StatisticalSolutions/Base/StatisticalError 
 2015-04-09 12:21:05,465 [5] INFO  StatisticalSolutions.Controllers.Base.BaseController - Application URL - /StatisticalSolutions/Base/StatisticalError 
 2015-04-09 12:21:05,465 [5] ERROR StatisticalSolutions.Controllers.Base.BaseController - Statistical exception message - Exception has been thrown by the target of an invocation.
 2015-04-09 12:21:05,465 [5] ERROR StatisticalSolutions.Controllers.Base.BaseController - Statistical exception stack trace -    at System.RuntimeTypeHandle.CreateInstance(RuntimeType type, Boolean publicOnly, Boolean noCheck, Boolean& canBeCached, RuntimeMethodHandleInternal& ctor, Boolean& bNeedSecurityCheck)
   at System.RuntimeType.CreateInstanceSlow(Boolean publicOnly, Boolean skipCheckThis, Boolean fillCache, StackCrawlMark& stackMark)
   at System.RuntimeType.CreateInstanceDefaultCtor(Boolean publicOnly, Boolean skipCheckThis, Boolean fillCache, StackCrawlMark& stackMark)
   at System.Activator.CreateInstance(Type type, Boolean nonPublic)
   at System.Activator.CreateInstance(Type type)
   at System.Threading.LazyHelpers`1.ActivatorFactorySelector()
   at System.Threading.LazyInitializer.EnsureInitializedCore[T](T& target, Boolean& initialized, Object& syncLock, Func`1 valueFactory)
   at System.Threading.LazyInitializer.EnsureInitialized[T](T& target, Boolean& initialized, Object& syncLock)
   at StatisticalSolutions.Filters.InitializeSimpleMembershipAttribute.OnActionExecuting(ActionExecutingContext filterContext) in c:\temp\3rdPartyProjects\StatisticalSolutions\StatisticalSolutions\Filters\InitializeSimpleMembershipAttribute.cs:line 23
   at System.Web.Mvc.Async.AsyncControllerActionInvoker.InvokeActionMethodFilterAsynchronously(IActionFilter filter, ActionExecutingContext preContext, Func`1 nextInChain)
   at System.Web.Mvc.Async.AsyncControllerActionInvoker.<>c__DisplayClass37.<>c__DisplayClass39.<>c__DisplayClass3b.<BeginInvokeActionMethodWithFilters>b__35()
   at System.Web.Mvc.Async.AsyncControllerActionInvoker.InvokeActionMethodFilterAsynchronously(IActionFilter filter, ActionExecutingContext preContext, Func`1 nextInChain)
   at System.Web.Mvc.Async.AsyncControllerActionInvoker.<>c__DisplayClass37.<>c__DisplayClass39.<>c__DisplayClass3b.<BeginInvokeActionMethodWithFilters>b__35()
   at System.Web.Mvc.Async.AsyncControllerActionInvoker.<>c__DisplayClass37.<BeginInvokeActionMethodWithFilters>b__31(AsyncCallback asyncCallback, Object asyncState)
   at System.Web.Mvc.Async.AsyncResultWrapper.WrappedAsyncResult`1.Begin(AsyncCallback callback, Object state, Int32 timeout)
   at System.Web.Mvc.Async.AsyncControllerActionInvoker.BeginInvokeActionMethodWithFilters(ControllerContext controllerContext, IList`1 filters, ActionDescriptor actionDescriptor, IDictionary`2 parameters, AsyncCallback callback, Object state)
   at System.Web.Mvc.Async.AsyncControllerActionInvoker.<>c__DisplayClass25.<BeginInvokeAction>b__1e(AsyncCallback asyncCallback, Object asyncState)
 2015-04-09 12:21:10,755 [7] INFO  StatisticalSolutions.Controllers.Base.BaseController - Application URL - /StatisticalSolutions 
 2015-04-09 12:21:10,825 [7] INFO  StatisticalSolutions.Controllers.Base.BaseController - Application URL - /StatisticalSolutions 
 2015-04-09 12:21:10,825 [7] ERROR StatisticalSolutions.Controllers.Base.BaseController - Statistical exception message - Exception has been thrown by the target of an invocation.
 2015-04-09 12:21:10,825 [7] ERROR StatisticalSolutions.Controllers.Base.BaseController - Statistical exception stack trace -    at System.RuntimeTypeHandle.CreateInstance(RuntimeType type, Boolean publicOnly, Boolean noCheck, Boolean& canBeCached, RuntimeMethodHandleInternal& ctor, Boolean& bNeedSecurityCheck)
   at System.RuntimeType.CreateInstanceSlow(Boolean publicOnly, Boolean skipCheckThis, Boolean fillCache, StackCrawlMark& stackMark)
   at System.RuntimeType.CreateInstanceDefaultCtor(Boolean publicOnly, Boolean skipCheckThis, Boolean fillCache, StackCrawlMark& stackMark)
   at System.Activator.CreateInstance(Type type, Boolean nonPublic)
   at System.Activator.CreateInstance(Type type)
   at System.Threading.LazyHelpers`1.ActivatorFactorySelector()
   at System.Threading.LazyInitializer.EnsureInitializedCore[T](T& target, Boolean& initialized, Object& syncLock, Func`1 valueFactory)
   at System.Threading.LazyInitializer.EnsureInitialized[T](T& target, Boolean& initialized, Object& syncLock)
   at StatisticalSolutions.Filters.InitializeSimpleMembershipAttribute.OnActionExecuting(ActionExecutingContext filterContext) in c:\temp\3rdPartyProjects\StatisticalSolutions\StatisticalSolutions\Filters\InitializeSimpleMembershipAttribute.cs:line 23
   at System.Web.Mvc.Async.AsyncControllerActionInvoker.InvokeActionMethodFilterAsynchronously(IActionFilter filter, ActionExecutingContext preContext, Func`1 nextInChain)
   at System.Web.Mvc.Async.AsyncControllerActionInvoker.<>c__DisplayClass37.<>c__DisplayClass39.<>c__DisplayClass3b.<BeginInvokeActionMethodWithFilters>b__35()
   at System.Web.Mvc.Async.AsyncControllerActionInvoker.InvokeActionMethodFilterAsynchronously(IActionFilter filter, ActionExecutingContext preContext, Func`1 nextInChain)
   at System.Web.Mvc.Async.AsyncControllerActionInvoker.<>c__DisplayClass37.<>c__DisplayClass39.<>c__DisplayClass3b.<BeginInvokeActionMethodWithFilters>b__35()
   at System.Web.Mvc.Async.AsyncControllerActionInvoker.<>c__DisplayClass37.<BeginInvokeActionMethodWithFilters>b__31(AsyncCallback asyncCallback, Object asyncState)
   at System.Web.Mvc.Async.AsyncResultWrapper.WrappedAsyncResult`1.Begin(AsyncCallback callback, Object state, Int32 timeout)
   at System.Web.Mvc.Async.AsyncControllerActionInvoker.BeginInvokeActionMethodWithFilters(ControllerContext controllerContext, IList`1 filters, ActionDescriptor actionDescriptor, IDictionary`2 parameters, AsyncCallback callback, Object state)
   at System.Web.Mvc.Async.AsyncControllerActionInvoker.<>c__DisplayClass25.<BeginInvokeAction>b__1e(AsyncCallback asyncCallback, Object asyncState)
 2015-04-09 12:21:10,825 [10] INFO  StatisticalSolutions.Controllers.Base.BaseController - Application URL - /StatisticalSolutions/Base/StatisticalError 
 2015-04-09 12:21:10,875 [10] INFO  StatisticalSolutions.Controllers.Base.BaseController - Application URL - /StatisticalSolutions/Base/StatisticalError 
 2015-04-09 12:21:10,875 [10] ERROR StatisticalSolutions.Controllers.Base.BaseController - Statistical exception message - Exception has been thrown by the target of an invocation.
 2015-04-09 12:21:10,875 [10] ERROR StatisticalSolutions.Controllers.Base.BaseController - Statistical exception stack trace -    at System.RuntimeTypeHandle.CreateInstance(RuntimeType type, Boolean publicOnly, Boolean noCheck, Boolean& canBeCached, RuntimeMethodHandleInternal& ctor, Boolean& bNeedSecurityCheck)
   at System.RuntimeType.CreateInstanceSlow(Boolean publicOnly, Boolean skipCheckThis, Boolean fillCache, StackCrawlMark& stackMark)
   at System.RuntimeType.CreateInstanceDefaultCtor(Boolean publicOnly, Boolean skipCheckThis, Boolean fillCache, StackCrawlMark& stackMark)
   at System.Activator.CreateInstance(Type type, Boolean nonPublic)
   at System.Activator.CreateInstance(Type type)
   at System.Threading.LazyHelpers`1.ActivatorFactorySelector()
   at System.Threading.LazyInitializer.EnsureInitializedCore[T](T& target, Boolean& initialized, Object& syncLock, Func`1 valueFactory)
   at System.Threading.LazyInitializer.EnsureInitialized[T](T& target, Boolean& initialized, Object& syncLock)
   at StatisticalSolutions.Filters.InitializeSimpleMembershipAttribute.OnActionExecuting(ActionExecutingContext filterContext) in c:\temp\3rdPartyProjects\StatisticalSolutions\StatisticalSolutions\Filters\InitializeSimpleMembershipAttribute.cs:line 23
   at System.Web.Mvc.Async.AsyncControllerActionInvoker.InvokeActionMethodFilterAsynchronously(IActionFilter filter, ActionExecutingContext preContext, Func`1 nextInChain)
   at System.Web.Mvc.Async.AsyncControllerActionInvoker.<>c__DisplayClass37.<>c__DisplayClass39.<>c__DisplayClass3b.<BeginInvokeActionMethodWithFilters>b__35()
   at System.Web.Mvc.Async.AsyncControllerActionInvoker.InvokeActionMethodFilterAsynchronously(IActionFilter filter, ActionExecutingContext preContext, Func`1 nextInChain)
   at System.Web.Mvc.Async.AsyncControllerActionInvoker.<>c__DisplayClass37.<>c__DisplayClass39.<>c__DisplayClass3b.<BeginInvokeActionMethodWithFilters>b__35()
   at System.Web.Mvc.Async.AsyncControllerActionInvoker.<>c__DisplayClass37.<BeginInvokeActionMethodWithFilters>b__31(AsyncCallback asyncCallback, Object asyncState)
   at System.Web.Mvc.Async.AsyncResultWrapper.WrappedAsyncResult`1.Begin(AsyncCallback callback, Object state, Int32 timeout)
   at System.Web.Mvc.Async.AsyncControllerActionInvoker.BeginInvokeActionMethodWithFilters(ControllerContext controllerContext, IList`1 filters, ActionDescriptor actionDescriptor, IDictionary`2 parameters, AsyncCallback callback, Object state)
   at System.Web.Mvc.Async.AsyncControllerActionInvoker.<>c__DisplayClass25.<BeginInvokeAction>b__1e(AsyncCallback asyncCallback, Object asyncState)
 2015-04-09 12:21:10,875 [7] INFO  StatisticalSolutions.Controllers.Base.BaseController - Application URL - /StatisticalSolutions/Base/StatisticalError 
 2015-04-09 12:21:10,925 [7] INFO  StatisticalSolutions.Controllers.Base.BaseController - Application URL - /StatisticalSolutions/Base/StatisticalError 
 2015-04-09 12:21:10,925 [7] ERROR StatisticalSolutions.Controllers.Base.BaseController - Statistical exception message - Exception has been thrown by the target of an invocation.
 2015-04-09 12:21:10,925 [7] ERROR StatisticalSolutions.Controllers.Base.BaseController - Statistical exception stack trace -    at System.RuntimeTypeHandle.CreateInstance(RuntimeType type, Boolean publicOnly, Boolean noCheck, Boolean& canBeCached, RuntimeMethodHandleInternal& ctor, Boolean& bNeedSecurityCheck)
   at System.RuntimeType.CreateInstanceSlow(Boolean publicOnly, Boolean skipCheckThis, Boolean fillCache, StackCrawlMark& stackMark)
   at System.RuntimeType.CreateInstanceDefaultCtor(Boolean publicOnly, Boolean skipCheckThis, Boolean fillCache, StackCrawlMark& stackMark)
   at System.Activator.CreateInstance(Type type, Boolean nonPublic)
   at System.Activator.CreateInstance(Type type)
   at System.Threading.LazyHelpers`1.ActivatorFactorySelector()
   at System.Threading.LazyInitializer.EnsureInitializedCore[T](T& target, Boolean& initialized, Object& syncLock, Func`1 valueFactory)
   at System.Threading.LazyInitializer.EnsureInitialized[T](T& target, Boolean& initialized, Object& syncLock)
   at StatisticalSolutions.Filters.InitializeSimpleMembershipAttribute.OnActionExecuting(ActionExecutingContext filterContext) in c:\temp\3rdPartyProjects\StatisticalSolutions\StatisticalSolutions\Filters\InitializeSimpleMembershipAttribute.cs:line 23
   at System.Web.Mvc.Async.AsyncControllerActionInvoker.InvokeActionMethodFilterAsynchronously(IActionFilter filter, ActionExecutingContext preContext, Func`1 nextInChain)
   at System.Web.Mvc.Async.AsyncControllerActionInvoker.<>c__DisplayClass37.<>c__DisplayClass39.<>c__DisplayClass3b.<BeginInvokeActionMethodWithFilters>b__35()
   at System.Web.Mvc.Async.AsyncControllerActionInvoker.InvokeActionMethodFilterAsynchronously(IActionFilter filter, ActionExecutingContext preContext, Func`1 nextInChain)
   at System.Web.Mvc.Async.AsyncControllerActionInvoker.<>c__DisplayClass37.<>c__DisplayClass39.<>c__DisplayClass3b.<BeginInvokeActionMethodWithFilters>b__35()
   at System.Web.Mvc.Async.AsyncControllerActionInvoker.<>c__DisplayClass37.<BeginInvokeActionMethodWithFilters>b__31(AsyncCallback asyncCallback, Object asyncState)
   at System.Web.Mvc.Async.AsyncResultWrapper.WrappedAsyncResult`1.Begin(AsyncCallback callback, Object state, Int32 timeout)
   at System.Web.Mvc.Async.AsyncControllerActionInvoker.BeginInvokeActionMethodWithFilters(ControllerContext controllerContext, IList`1 filters, ActionDescriptor actionDescriptor, IDictionary`2 parameters, AsyncCallback callback, Object state)
   at System.Web.Mvc.Async.AsyncControllerActionInvoker.<>c__DisplayClass25.<BeginInvokeAction>b__1e(AsyncCallback asyncCallback, Object asyncState)
 2015-04-09 12:21:10,925 [5] INFO  StatisticalSolutions.Controllers.Base.BaseController - Application URL - /StatisticalSolutions/Base/StatisticalError 
 2015-04-09 12:21:10,975 [5] INFO  StatisticalSolutions.Controllers.Base.BaseController - Application URL - /StatisticalSolutions/Base/StatisticalError 
 2015-04-09 12:21:10,975 [5] ERROR StatisticalSolutions.Controllers.Base.BaseController - Statistical exception message - Exception has been thrown by the target of an invocation.
 2015-04-09 12:21:10,975 [5] ERROR StatisticalSolutions.Controllers.Base.BaseController - Statistical exception stack trace -    at System.RuntimeTypeHandle.CreateInstance(RuntimeType type, Boolean publicOnly, Boolean noCheck, Boolean& canBeCached, RuntimeMethodHandleInternal& ctor, Boolean& bNeedSecurityCheck)
   at System.RuntimeType.CreateInstanceSlow(Boolean publicOnly, Boolean skipCheckThis, Boolean fillCache, StackCrawlMark& stackMark)
   at System.RuntimeType.CreateInstanceDefaultCtor(Boolean publicOnly, Boolean skipCheckThis, Boolean fillCache, StackCrawlMark& stackMark)
   at System.Activator.CreateInstance(Type type, Boolean nonPublic)
   at System.Activator.CreateInstance(Type type)
   at System.Threading.LazyHelpers`1.ActivatorFactorySelector()
   at System.Threading.LazyInitializer.EnsureInitializedCore[T](T& target, Boolean& initialized, Object& syncLock, Func`1 valueFactory)
   at System.Threading.LazyInitializer.EnsureInitialized[T](T& target, Boolean& initialized, Object& syncLock)
   at StatisticalSolutions.Filters.InitializeSimpleMembershipAttribute.OnActionExecuting(ActionExecutingContext filterContext) in c:\temp\3rdPartyProjects\StatisticalSolutions\StatisticalSolutions\Filters\InitializeSimpleMembershipAttribute.cs:line 23
   at System.Web.Mvc.Async.AsyncControllerActionInvoker.InvokeActionMethodFilterAsynchronously(IActionFilter filter, ActionExecutingContext preContext, Func`1 nextInChain)
   at System.Web.Mvc.Async.AsyncControllerActionInvoker.<>c__DisplayClass37.<>c__DisplayClass39.<>c__DisplayClass3b.<BeginInvokeActionMethodWithFilters>b__35()
   at System.Web.Mvc.Async.AsyncControllerActionInvoker.InvokeActionMethodFilterAsynchronously(IActionFilter filter, ActionExecutingContext preContext, Func`1 nextInChain)
   at System.Web.Mvc.Async.AsyncControllerActionInvoker.<>c__DisplayClass37.<>c__DisplayClass39.<>c__DisplayClass3b.<BeginInvokeActionMethodWithFilters>b__35()
   at System.Web.Mvc.Async.AsyncControllerActionInvoker.<>c__DisplayClass37.<BeginInvokeActionMethodWithFilters>b__31(AsyncCallback asyncCallback, Object asyncState)
   at System.Web.Mvc.Async.AsyncResultWrapper.WrappedAsyncResult`1.Begin(AsyncCallback callback, Object state, Int32 timeout)
   at System.Web.Mvc.Async.AsyncControllerActionInvoker.BeginInvokeActionMethodWithFilters(ControllerContext controllerContext, IList`1 filters, ActionDescriptor actionDescriptor, IDictionary`2 parameters, AsyncCallback callback, Object state)
   at System.Web.Mvc.Async.AsyncControllerActionInvoker.<>c__DisplayClass25.<BeginInvokeAction>b__1e(AsyncCallback asyncCallback, Object asyncState)
 2015-04-09 12:21:10,975 [12] INFO  StatisticalSolutions.Controllers.Base.BaseController - Application URL - /StatisticalSolutions/Base/StatisticalError 
 2015-04-09 12:21:11,025 [12] INFO  StatisticalSolutions.Controllers.Base.BaseController - Application URL - /StatisticalSolutions/Base/StatisticalError 
 2015-04-09 12:21:11,025 [12] ERROR StatisticalSolutions.Controllers.Base.BaseController - Statistical exception message - Exception has been thrown by the target of an invocation.
 2015-04-09 12:21:11,025 [12] ERROR StatisticalSolutions.Controllers.Base.BaseController - Statistical exception stack trace -    at System.RuntimeTypeHandle.CreateInstance(RuntimeType type, Boolean publicOnly, Boolean noCheck, Boolean& canBeCached, RuntimeMethodHandleInternal& ctor, Boolean& bNeedSecurityCheck)
   at System.RuntimeType.CreateInstanceSlow(Boolean publicOnly, Boolean skipCheckThis, Boolean fillCache, StackCrawlMark& stackMark)
   at System.RuntimeType.CreateInstanceDefaultCtor(Boolean publicOnly, Boolean skipCheckThis, Boolean fillCache, StackCrawlMark& stackMark)
   at System.Activator.CreateInstance(Type type, Boolean nonPublic)
   at System.Activator.CreateInstance(Type type)
   at System.Threading.LazyHelpers`1.ActivatorFactorySelector()
   at System.Threading.LazyInitializer.EnsureInitializedCore[T](T& target, Boolean& initialized, Object& syncLock, Func`1 valueFactory)
   at System.Threading.LazyInitializer.EnsureInitialized[T](T& target, Boolean& initialized, Object& syncLock)
   at StatisticalSolutions.Filters.InitializeSimpleMembershipAttribute.OnActionExecuting(ActionExecutingContext filterContext) in c:\temp\3rdPartyProjects\StatisticalSolutions\StatisticalSolutions\Filters\InitializeSimpleMembershipAttribute.cs:line 23
   at System.Web.Mvc.Async.AsyncControllerActionInvoker.InvokeActionMethodFilterAsynchronously(IActionFilter filter, ActionExecutingContext preContext, Func`1 nextInChain)
   at System.Web.Mvc.Async.AsyncControllerActionInvoker.<>c__DisplayClass37.<>c__DisplayClass39.<>c__DisplayClass3b.<BeginInvokeActionMethodWithFilters>b__35()
   at System.Web.Mvc.Async.AsyncControllerActionInvoker.InvokeActionMethodFilterAsynchronously(IActionFilter filter, ActionExecutingContext preContext, Func`1 nextInChain)
   at System.Web.Mvc.Async.AsyncControllerActionInvoker.<>c__DisplayClass37.<>c__DisplayClass39.<>c__DisplayClass3b.<BeginInvokeActionMethodWithFilters>b__35()
   at System.Web.Mvc.Async.AsyncControllerActionInvoker.<>c__DisplayClass37.<BeginInvokeActionMethodWithFilters>b__31(AsyncCallback asyncCallback, Object asyncState)
   at System.Web.Mvc.Async.AsyncResultWrapper.WrappedAsyncResult`1.Begin(AsyncCallback callback, Object state, Int32 timeout)
   at System.Web.Mvc.Async.AsyncControllerActionInvoker.BeginInvokeActionMethodWithFilters(ControllerContext controllerContext, IList`1 filters, ActionDescriptor actionDescriptor, IDictionary`2 parameters, AsyncCallback callback, Object state)
   at System.Web.Mvc.Async.AsyncControllerActionInvoker.<>c__DisplayClass25.<BeginInvokeAction>b__1e(AsyncCallback asyncCallback, Object asyncState)
 2015-04-09 12:21:11,025 [13] INFO  StatisticalSolutions.Controllers.Base.BaseController - Application URL - /StatisticalSolutions/Base/StatisticalError 
 2015-04-09 12:21:11,075 [13] INFO  StatisticalSolutions.Controllers.Base.BaseController - Application URL - /StatisticalSolutions/Base/StatisticalError 
 2015-04-09 12:21:11,075 [13] ERROR StatisticalSolutions.Controllers.Base.BaseController - Statistical exception message - Exception has been thrown by the target of an invocation.
 2015-04-09 12:21:11,075 [13] ERROR StatisticalSolutions.Controllers.Base.BaseController - Statistical exception stack trace -    at System.RuntimeTypeHandle.CreateInstance(RuntimeType type, Boolean publicOnly, Boolean noCheck, Boolean& canBeCached, RuntimeMethodHandleInternal& ctor, Boolean& bNeedSecurityCheck)
   at System.RuntimeType.CreateInstanceSlow(Boolean publicOnly, Boolean skipCheckThis, Boolean fillCache, StackCrawlMark& stackMark)
   at System.RuntimeType.CreateInstanceDefaultCtor(Boolean publicOnly, Boolean skipCheckThis, Boolean fillCache, StackCrawlMark& stackMark)
   at System.Activator.CreateInstance(Type type, Boolean nonPublic)
   at System.Activator.CreateInstance(Type type)
   at System.Threading.LazyHelpers`1.ActivatorFactorySelector()
   at System.Threading.LazyInitializer.EnsureInitializedCore[T](T& target, Boolean& initialized, Object& syncLock, Func`1 valueFactory)
   at System.Threading.LazyInitializer.EnsureInitialized[T](T& target, Boolean& initialized, Object& syncLock)
   at StatisticalSolutions.Filters.InitializeSimpleMembershipAttribute.OnActionExecuting(ActionExecutingContext filterContext) in c:\temp\3rdPartyProjects\StatisticalSolutions\StatisticalSolutions\Filters\InitializeSimpleMembershipAttribute.cs:line 23
   at System.Web.Mvc.Async.AsyncControllerActionInvoker.InvokeActionMethodFilterAsynchronously(IActionFilter filter, ActionExecutingContext preContext, Func`1 nextInChain)
   at System.Web.Mvc.Async.AsyncControllerActionInvoker.<>c__DisplayClass37.<>c__DisplayClass39.<>c__DisplayClass3b.<BeginInvokeActionMethodWithFilters>b__35()
   at System.Web.Mvc.Async.AsyncControllerActionInvoker.InvokeActionMethodFilterAsynchronously(IActionFilter filter, ActionExecutingContext preContext, Func`1 nextInChain)
   at System.Web.Mvc.Async.AsyncControllerActionInvoker.<>c__DisplayClass37.<>c__DisplayClass39.<>c__DisplayClass3b.<BeginInvokeActionMethodWithFilters>b__35()
   at System.Web.Mvc.Async.AsyncControllerActionInvoker.<>c__DisplayClass37.<BeginInvokeActionMethodWithFilters>b__31(AsyncCallback asyncCallback, Object asyncState)
   at System.Web.Mvc.Async.AsyncResultWrapper.WrappedAsyncResult`1.Begin(AsyncCallback callback, Object state, Int32 timeout)
   at System.Web.Mvc.Async.AsyncControllerActionInvoker.BeginInvokeActionMethodWithFilters(ControllerContext controllerContext, IList`1 filters, ActionDescriptor actionDescriptor, IDictionary`2 parameters, AsyncCallback callback, Object state)
   at System.Web.Mvc.Async.AsyncControllerActionInvoker.<>c__DisplayClass25.<BeginInvokeAction>b__1e(AsyncCallback asyncCallback, Object asyncState)
 2015-04-09 12:21:11,075 [5] INFO  StatisticalSolutions.Controllers.Base.BaseController - Application URL - /StatisticalSolutions/Base/StatisticalError 
 2015-04-09 12:21:11,125 [5] INFO  StatisticalSolutions.Controllers.Base.BaseController - Application URL - /StatisticalSolutions/Base/StatisticalError 
 2015-04-09 12:21:11,125 [5] ERROR StatisticalSolutions.Controllers.Base.BaseController - Statistical exception message - Exception has been thrown by the target of an invocation.
 2015-04-09 12:21:11,125 [5] ERROR StatisticalSolutions.Controllers.Base.BaseController - Statistical exception stack trace -    at System.RuntimeTypeHandle.CreateInstance(RuntimeType type, Boolean publicOnly, Boolean noCheck, Boolean& canBeCached, RuntimeMethodHandleInternal& ctor, Boolean& bNeedSecurityCheck)
   at System.RuntimeType.CreateInstanceSlow(Boolean publicOnly, Boolean skipCheckThis, Boolean fillCache, StackCrawlMark& stackMark)
   at System.RuntimeType.CreateInstanceDefaultCtor(Boolean publicOnly, Boolean skipCheckThis, Boolean fillCache, StackCrawlMark& stackMark)
   at System.Activator.CreateInstance(Type type, Boolean nonPublic)
   at System.Activator.CreateInstance(Type type)
   at System.Threading.LazyHelpers`1.ActivatorFactorySelector()
   at System.Threading.LazyInitializer.EnsureInitializedCore[T](T& target, Boolean& initialized, Object& syncLock, Func`1 valueFactory)
   at System.Threading.LazyInitializer.EnsureInitialized[T](T& target, Boolean& initialized, Object& syncLock)
   at StatisticalSolutions.Filters.InitializeSimpleMembershipAttribute.OnActionExecuting(ActionExecutingContext filterContext) in c:\temp\3rdPartyProjects\StatisticalSolutions\StatisticalSolutions\Filters\InitializeSimpleMembershipAttribute.cs:line 23
   at System.Web.Mvc.Async.AsyncControllerActionInvoker.InvokeActionMethodFilterAsynchronously(IActionFilter filter, ActionExecutingContext preContext, Func`1 nextInChain)
   at System.Web.Mvc.Async.AsyncControllerActionInvoker.<>c__DisplayClass37.<>c__DisplayClass39.<>c__DisplayClass3b.<BeginInvokeActionMethodWithFilters>b__35()
   at System.Web.Mvc.Async.AsyncControllerActionInvoker.InvokeActionMethodFilterAsynchronously(IActionFilter filter, ActionExecutingContext preContext, Func`1 nextInChain)
   at System.Web.Mvc.Async.AsyncControllerActionInvoker.<>c__DisplayClass37.<>c__DisplayClass39.<>c__DisplayClass3b.<BeginInvokeActionMethodWithFilters>b__35()
   at System.Web.Mvc.Async.AsyncControllerActionInvoker.<>c__DisplayClass37.<BeginInvokeActionMethodWithFilters>b__31(AsyncCallback asyncCallback, Object asyncState)
   at System.Web.Mvc.Async.AsyncResultWrapper.WrappedAsyncResult`1.Begin(AsyncCallback callback, Object state, Int32 timeout)
   at System.Web.Mvc.Async.AsyncControllerActionInvoker.BeginInvokeActionMethodWithFilters(ControllerContext controllerContext, IList`1 filters, ActionDescriptor actionDescriptor, IDictionary`2 parameters, AsyncCallback callback, Object state)
   at System.Web.Mvc.Async.AsyncControllerActionInvoker.<>c__DisplayClass25.<BeginInvokeAction>b__1e(AsyncCallback asyncCallback, Object asyncState)
 2015-04-09 12:21:11,125 [10] INFO  StatisticalSolutions.Controllers.Base.BaseController - Application URL - /StatisticalSolutions/Base/StatisticalError 
 2015-04-09 12:21:11,175 [10] INFO  StatisticalSolutions.Controllers.Base.BaseController - Application URL - /StatisticalSolutions/Base/StatisticalError 
 2015-04-09 12:21:11,175 [10] ERROR StatisticalSolutions.Controllers.Base.BaseController - Statistical exception message - Exception has been thrown by the target of an invocation.
 2015-04-09 12:21:11,175 [10] ERROR StatisticalSolutions.Controllers.Base.BaseController - Statistical exception stack trace -    at System.RuntimeTypeHandle.CreateInstance(RuntimeType type, Boolean publicOnly, Boolean noCheck, Boolean& canBeCached, RuntimeMethodHandleInternal& ctor, Boolean& bNeedSecurityCheck)
   at System.RuntimeType.CreateInstanceSlow(Boolean publicOnly, Boolean skipCheckThis, Boolean fillCache, StackCrawlMark& stackMark)
   at System.RuntimeType.CreateInstanceDefaultCtor(Boolean publicOnly, Boolean skipCheckThis, Boolean fillCache, StackCrawlMark& stackMark)
   at System.Activator.CreateInstance(Type type, Boolean nonPublic)
   at System.Activator.CreateInstance(Type type)
   at System.Threading.LazyHelpers`1.ActivatorFactorySelector()
   at System.Threading.LazyInitializer.EnsureInitializedCore[T](T& target, Boolean& initialized, Object& syncLock, Func`1 valueFactory)
   at System.Threading.LazyInitializer.EnsureInitialized[T](T& target, Boolean& initialized, Object& syncLock)
   at StatisticalSolutions.Filters.InitializeSimpleMembershipAttribute.OnActionExecuting(ActionExecutingContext filterContext) in c:\temp\3rdPartyProjects\StatisticalSolutions\StatisticalSolutions\Filters\InitializeSimpleMembershipAttribute.cs:line 23
   at System.Web.Mvc.Async.AsyncControllerActionInvoker.InvokeActionMethodFilterAsynchronously(IActionFilter filter, ActionExecutingContext preContext, Func`1 nextInChain)
   at System.Web.Mvc.Async.AsyncControllerActionInvoker.<>c__DisplayClass37.<>c__DisplayClass39.<>c__DisplayClass3b.<BeginInvokeActionMethodWithFilters>b__35()
   at System.Web.Mvc.Async.AsyncControllerActionInvoker.InvokeActionMethodFilterAsynchronously(IActionFilter filter, ActionExecutingContext preContext, Func`1 nextInChain)
   at System.Web.Mvc.Async.AsyncControllerActionInvoker.<>c__DisplayClass37.<>c__DisplayClass39.<>c__DisplayClass3b.<BeginInvokeActionMethodWithFilters>b__35()
   at System.Web.Mvc.Async.AsyncControllerActionInvoker.<>c__DisplayClass37.<BeginInvokeActionMethodWithFilters>b__31(AsyncCallback asyncCallback, Object asyncState)
   at System.Web.Mvc.Async.AsyncResultWrapper.WrappedAsyncResult`1.Begin(AsyncCallback callback, Object state, Int32 timeout)
   at System.Web.Mvc.Async.AsyncControllerActionInvoker.BeginInvokeActionMethodWithFilters(ControllerContext controllerContext, IList`1 filters, ActionDescriptor actionDescriptor, IDictionary`2 parameters, AsyncCallback callback, Object state)
   at System.Web.Mvc.Async.AsyncControllerActionInvoker.<>c__DisplayClass25.<BeginInvokeAction>b__1e(AsyncCallback asyncCallback, Object asyncState)
 2015-04-09 12:21:11,175 [12] INFO  StatisticalSolutions.Controllers.Base.BaseController - Application URL - /StatisticalSolutions/Base/StatisticalError 
 2015-04-09 12:21:11,225 [12] INFO  StatisticalSolutions.Controllers.Base.BaseController - Application URL - /StatisticalSolutions/Base/StatisticalError 
 2015-04-09 12:21:11,225 [12] ERROR StatisticalSolutions.Controllers.Base.BaseController - Statistical exception message - Exception has been thrown by the target of an invocation.
 2015-04-09 12:21:11,225 [12] ERROR StatisticalSolutions.Controllers.Base.BaseController - Statistical exception stack trace -    at System.RuntimeTypeHandle.CreateInstance(RuntimeType type, Boolean publicOnly, Boolean noCheck, Boolean& canBeCached, RuntimeMethodHandleInternal& ctor, Boolean& bNeedSecurityCheck)
   at System.RuntimeType.CreateInstanceSlow(Boolean publicOnly, Boolean skipCheckThis, Boolean fillCache, StackCrawlMark& stackMark)
   at System.RuntimeType.CreateInstanceDefaultCtor(Boolean publicOnly, Boolean skipCheckThis, Boolean fillCache, StackCrawlMark& stackMark)
   at System.Activator.CreateInstance(Type type, Boolean nonPublic)
   at System.Activator.CreateInstance(Type type)
   at System.Threading.LazyHelpers`1.ActivatorFactorySelector()
   at System.Threading.LazyInitializer.EnsureInitializedCore[T](T& target, Boolean& initialized, Object& syncLock, Func`1 valueFactory)
   at System.Threading.LazyInitializer.EnsureInitialized[T](T& target, Boolean& initialized, Object& syncLock)
   at StatisticalSolutions.Filters.InitializeSimpleMembershipAttribute.OnActionExecuting(ActionExecutingContext filterContext) in c:\temp\3rdPartyProjects\StatisticalSolutions\StatisticalSolutions\Filters\InitializeSimpleMembershipAttribute.cs:line 23
   at System.Web.Mvc.Async.AsyncControllerActionInvoker.InvokeActionMethodFilterAsynchronously(IActionFilter filter, ActionExecutingContext preContext, Func`1 nextInChain)
   at System.Web.Mvc.Async.AsyncControllerActionInvoker.<>c__DisplayClass37.<>c__DisplayClass39.<>c__DisplayClass3b.<BeginInvokeActionMethodWithFilters>b__35()
   at System.Web.Mvc.Async.AsyncControllerActionInvoker.InvokeActionMethodFilterAsynchronously(IActionFilter filter, ActionExecutingContext preContext, Func`1 nextInChain)
   at System.Web.Mvc.Async.AsyncControllerActionInvoker.<>c__DisplayClass37.<>c__DisplayClass39.<>c__DisplayClass3b.<BeginInvokeActionMethodWithFilters>b__35()
   at System.Web.Mvc.Async.AsyncControllerActionInvoker.<>c__DisplayClass37.<BeginInvokeActionMethodWithFilters>b__31(AsyncCallback asyncCallback, Object asyncState)
   at System.Web.Mvc.Async.AsyncResultWrapper.WrappedAsyncResult`1.Begin(AsyncCallback callback, Object state, Int32 timeout)
   at System.Web.Mvc.Async.AsyncControllerActionInvoker.BeginInvokeActionMethodWithFilters(ControllerContext controllerContext, IList`1 filters, ActionDescriptor actionDescriptor, IDictionary`2 parameters, AsyncCallback callback, Object state)
   at System.Web.Mvc.Async.AsyncControllerActionInvoker.<>c__DisplayClass25.<BeginInvokeAction>b__1e(AsyncCallback asyncCallback, Object asyncState)
 2015-04-09 12:21:11,225 [10] INFO  StatisticalSolutions.Controllers.Base.BaseController - Application URL - /StatisticalSolutions/Base/StatisticalError 
 2015-04-09 12:21:11,285 [10] INFO  StatisticalSolutions.Controllers.Base.BaseController - Application URL - /StatisticalSolutions/Base/StatisticalError 
 2015-04-09 12:21:11,285 [10] ERROR StatisticalSolutions.Controllers.Base.BaseController - Statistical exception message - Exception has been thrown by the target of an invocation.
 2015-04-09 12:21:11,285 [10] ERROR StatisticalSolutions.Controllers.Base.BaseController - Statistical exception stack trace -    at System.RuntimeTypeHandle.CreateInstance(RuntimeType type, Boolean publicOnly, Boolean noCheck, Boolean& canBeCached, RuntimeMethodHandleInternal& ctor, Boolean& bNeedSecurityCheck)
   at System.RuntimeType.CreateInstanceSlow(Boolean publicOnly, Boolean skipCheckThis, Boolean fillCache, StackCrawlMark& stackMark)
   at System.RuntimeType.CreateInstanceDefaultCtor(Boolean publicOnly, Boolean skipCheckThis, Boolean fillCache, StackCrawlMark& stackMark)
   at System.Activator.CreateInstance(Type type, Boolean nonPublic)
   at System.Activator.CreateInstance(Type type)
   at System.Threading.LazyHelpers`1.ActivatorFactorySelector()
   at System.Threading.LazyInitializer.EnsureInitializedCore[T](T& target, Boolean& initialized, Object& syncLock, Func`1 valueFactory)
   at System.Threading.LazyInitializer.EnsureInitialized[T](T& target, Boolean& initialized, Object& syncLock)
   at StatisticalSolutions.Filters.InitializeSimpleMembershipAttribute.OnActionExecuting(ActionExecutingContext filterContext) in c:\temp\3rdPartyProjects\StatisticalSolutions\StatisticalSolutions\Filters\InitializeSimpleMembershipAttribute.cs:line 23
   at System.Web.Mvc.Async.AsyncControllerActionInvoker.InvokeActionMethodFilterAsynchronously(IActionFilter filter, ActionExecutingContext preContext, Func`1 nextInChain)
   at System.Web.Mvc.Async.AsyncControllerActionInvoker.<>c__DisplayClass37.<>c__DisplayClass39.<>c__DisplayClass3b.<BeginInvokeActionMethodWithFilters>b__35()
   at System.Web.Mvc.Async.AsyncControllerActionInvoker.InvokeActionMethodFilterAsynchronously(IActionFilter filter, ActionExecutingContext preContext, Func`1 nextInChain)
   at System.Web.Mvc.Async.AsyncControllerActionInvoker.<>c__DisplayClass37.<>c__DisplayClass39.<>c__DisplayClass3b.<BeginInvokeActionMethodWithFilters>b__35()
   at System.Web.Mvc.Async.AsyncControllerActionInvoker.<>c__DisplayClass37.<BeginInvokeActionMethodWithFilters>b__31(AsyncCallback asyncCallback, Object asyncState)
   at System.Web.Mvc.Async.AsyncResultWrapper.WrappedAsyncResult`1.Begin(AsyncCallback callback, Object state, Int32 timeout)
   at System.Web.Mvc.Async.AsyncControllerActionInvoker.BeginInvokeActionMethodWithFilters(ControllerContext controllerContext, IList`1 filters, ActionDescriptor actionDescriptor, IDictionary`2 parameters, AsyncCallback callback, Object state)
   at System.Web.Mvc.Async.AsyncControllerActionInvoker.<>c__DisplayClass25.<BeginInvokeAction>b__1e(AsyncCallback asyncCallback, Object asyncState)
 2015-04-09 12:21:11,285 [13] INFO  StatisticalSolutions.Controllers.Base.BaseController - Application URL - /StatisticalSolutions/Base/StatisticalError 
 2015-04-09 12:21:11,335 [13] INFO  StatisticalSolutions.Controllers.Base.BaseController - Application URL - /StatisticalSolutions/Base/StatisticalError 
 2015-04-09 12:21:11,335 [13] ERROR StatisticalSolutions.Controllers.Base.BaseController - Statistical exception message - Exception has been thrown by the target of an invocation.
 2015-04-09 12:21:11,335 [13] ERROR StatisticalSolutions.Controllers.Base.BaseController - Statistical exception stack trace -    at System.RuntimeTypeHandle.CreateInstance(RuntimeType type, Boolean publicOnly, Boolean noCheck, Boolean& canBeCached, RuntimeMethodHandleInternal& ctor, Boolean& bNeedSecurityCheck)
   at System.RuntimeType.CreateInstanceSlow(Boolean publicOnly, Boolean skipCheckThis, Boolean fillCache, StackCrawlMark& stackMark)
   at System.RuntimeType.CreateInstanceDefaultCtor(Boolean publicOnly, Boolean skipCheckThis, Boolean fillCache, StackCrawlMark& stackMark)
   at System.Activator.CreateInstance(Type type, Boolean nonPublic)
   at System.Activator.CreateInstance(Type type)
   at System.Threading.LazyHelpers`1.ActivatorFactorySelector()
   at System.Threading.LazyInitializer.EnsureInitializedCore[T](T& target, Boolean& initialized, Object& syncLock, Func`1 valueFactory)
   at System.Threading.LazyInitializer.EnsureInitialized[T](T& target, Boolean& initialized, Object& syncLock)
   at StatisticalSolutions.Filters.InitializeSimpleMembershipAttribute.OnActionExecuting(ActionExecutingContext filterContext) in c:\temp\3rdPartyProjects\StatisticalSolutions\StatisticalSolutions\Filters\InitializeSimpleMembershipAttribute.cs:line 23
   at System.Web.Mvc.Async.AsyncControllerActionInvoker.InvokeActionMethodFilterAsynchronously(IActionFilter filter, ActionExecutingContext preContext, Func`1 nextInChain)
   at System.Web.Mvc.Async.AsyncControllerActionInvoker.<>c__DisplayClass37.<>c__DisplayClass39.<>c__DisplayClass3b.<BeginInvokeActionMethodWithFilters>b__35()
   at System.Web.Mvc.Async.AsyncControllerActionInvoker.InvokeActionMethodFilterAsynchronously(IActionFilter filter, ActionExecutingContext preContext, Func`1 nextInChain)
   at System.Web.Mvc.Async.AsyncControllerActionInvoker.<>c__DisplayClass37.<>c__DisplayClass39.<>c__DisplayClass3b.<BeginInvokeActionMethodWithFilters>b__35()
   at System.Web.Mvc.Async.AsyncControllerActionInvoker.<>c__DisplayClass37.<BeginInvokeActionMethodWithFilters>b__31(AsyncCallback asyncCallback, Object asyncState)
   at System.Web.Mvc.Async.AsyncResultWrapper.WrappedAsyncResult`1.Begin(AsyncCallback callback, Object state, Int32 timeout)
   at System.Web.Mvc.Async.AsyncControllerActionInvoker.BeginInvokeActionMethodWithFilters(ControllerContext controllerContext, IList`1 filters, ActionDescriptor actionDescriptor, IDictionary`2 parameters, AsyncCallback callback, Object state)
   at System.Web.Mvc.Async.AsyncControllerActionInvoker.<>c__DisplayClass25.<BeginInvokeAction>b__1e(AsyncCallback asyncCallback, Object asyncState)
 2015-04-09 12:21:11,845 [10] INFO  StatisticalSolutions.Controllers.Base.BaseController - Application URL - /StatisticalSolutions 
 2015-04-09 12:21:11,965 [10] INFO  StatisticalSolutions.Controllers.Base.BaseController - Application URL - /StatisticalSolutions 
 2015-04-09 12:21:11,965 [10] ERROR StatisticalSolutions.Controllers.Base.BaseController - Statistical exception message - Exception has been thrown by the target of an invocation.
 2015-04-09 12:21:11,965 [10] ERROR StatisticalSolutions.Controllers.Base.BaseController - Statistical exception stack trace -    at System.RuntimeTypeHandle.CreateInstance(RuntimeType type, Boolean publicOnly, Boolean noCheck, Boolean& canBeCached, RuntimeMethodHandleInternal& ctor, Boolean& bNeedSecurityCheck)
   at System.RuntimeType.CreateInstanceSlow(Boolean publicOnly, Boolean skipCheckThis, Boolean fillCache, StackCrawlMark& stackMark)
   at System.RuntimeType.CreateInstanceDefaultCtor(Boolean publicOnly, Boolean skipCheckThis, Boolean fillCache, StackCrawlMark& stackMark)
   at System.Activator.CreateInstance(Type type, Boolean nonPublic)
   at System.Activator.CreateInstance(Type type)
   at System.Threading.LazyHelpers`1.ActivatorFactorySelector()
   at System.Threading.LazyInitializer.EnsureInitializedCore[T](T& target, Boolean& initialized, Object& syncLock, Func`1 valueFactory)
   at System.Threading.LazyInitializer.EnsureInitialized[T](T& target, Boolean& initialized, Object& syncLock)
   at StatisticalSolutions.Filters.InitializeSimpleMembershipAttribute.OnActionExecuting(ActionExecutingContext filterContext) in c:\temp\3rdPartyProjects\StatisticalSolutions\StatisticalSolutions\Filters\InitializeSimpleMembershipAttribute.cs:line 23
   at System.Web.Mvc.Async.AsyncControllerActionInvoker.InvokeActionMethodFilterAsynchronously(IActionFilter filter, ActionExecutingContext preContext, Func`1 nextInChain)
   at System.Web.Mvc.Async.AsyncControllerActionInvoker.<>c__DisplayClass37.<>c__DisplayClass39.<>c__DisplayClass3b.<BeginInvokeActionMethodWithFilters>b__35()
   at System.Web.Mvc.Async.AsyncControllerActionInvoker.InvokeActionMethodFilterAsynchronously(IActionFilter filter, ActionExecutingContext preContext, Func`1 nextInChain)
   at System.Web.Mvc.Async.AsyncControllerActionInvoker.<>c__DisplayClass37.<>c__DisplayClass39.<>c__DisplayClass3b.<BeginInvokeActionMethodWithFilters>b__35()
   at System.Web.Mvc.Async.AsyncControllerActionInvoker.<>c__DisplayClass37.<BeginInvokeActionMethodWithFilters>b__31(AsyncCallback asyncCallback, Object asyncState)
   at System.Web.Mvc.Async.AsyncResultWrapper.WrappedAsyncResult`1.Begin(AsyncCallback callback, Object state, Int32 timeout)
   at System.Web.Mvc.Async.AsyncControllerActionInvoker.BeginInvokeActionMethodWithFilters(ControllerContext controllerContext, IList`1 filters, ActionDescriptor actionDescriptor, IDictionary`2 parameters, AsyncCallback callback, Object state)
   at System.Web.Mvc.Async.AsyncControllerActionInvoker.<>c__DisplayClass25.<BeginInvokeAction>b__1e(AsyncCallback asyncCallback, Object asyncState)
 2015-04-09 12:21:11,975 [13] INFO  StatisticalSolutions.Controllers.Base.BaseController - Application URL - /StatisticalSolutions/Base/StatisticalError 
 2015-04-09 12:21:12,055 [13] INFO  StatisticalSolutions.Controllers.Base.BaseController - Application URL - /StatisticalSolutions/Base/StatisticalError 
 2015-04-09 12:21:12,055 [13] ERROR StatisticalSolutions.Controllers.Base.BaseController - Statistical exception message - Exception has been thrown by the target of an invocation.
 2015-04-09 12:21:12,055 [13] ERROR StatisticalSolutions.Controllers.Base.BaseController - Statistical exception stack trace -    at System.RuntimeTypeHandle.CreateInstance(RuntimeType type, Boolean publicOnly, Boolean noCheck, Boolean& canBeCached, RuntimeMethodHandleInternal& ctor, Boolean& bNeedSecurityCheck)
   at System.RuntimeType.CreateInstanceSlow(Boolean publicOnly, Boolean skipCheckThis, Boolean fillCache, StackCrawlMark& stackMark)
   at System.RuntimeType.CreateInstanceDefaultCtor(Boolean publicOnly, Boolean skipCheckThis, Boolean fillCache, StackCrawlMark& stackMark)
   at System.Activator.CreateInstance(Type type, Boolean nonPublic)
   at System.Activator.CreateInstance(Type type)
   at System.Threading.LazyHelpers`1.ActivatorFactorySelector()
   at System.Threading.LazyInitializer.EnsureInitializedCore[T](T& target, Boolean& initialized, Object& syncLock, Func`1 valueFactory)
   at System.Threading.LazyInitializer.EnsureInitialized[T](T& target, Boolean& initialized, Object& syncLock)
   at StatisticalSolutions.Filters.InitializeSimpleMembershipAttribute.OnActionExecuting(ActionExecutingContext filterContext) in c:\temp\3rdPartyProjects\StatisticalSolutions\StatisticalSolutions\Filters\InitializeSimpleMembershipAttribute.cs:line 23
   at System.Web.Mvc.Async.AsyncControllerActionInvoker.InvokeActionMethodFilterAsynchronously(IActionFilter filter, ActionExecutingContext preContext, Func`1 nextInChain)
   at System.Web.Mvc.Async.AsyncControllerActionInvoker.<>c__DisplayClass37.<>c__DisplayClass39.<>c__DisplayClass3b.<BeginInvokeActionMethodWithFilters>b__35()
   at System.Web.Mvc.Async.AsyncControllerActionInvoker.InvokeActionMethodFilterAsynchronously(IActionFilter filter, ActionExecutingContext preContext, Func`1 nextInChain)
   at System.Web.Mvc.Async.AsyncControllerActionInvoker.<>c__DisplayClass37.<>c__DisplayClass39.<>c__DisplayClass3b.<BeginInvokeActionMethodWithFilters>b__35()
   at System.Web.Mvc.Async.AsyncControllerActionInvoker.<>c__DisplayClass37.<BeginInvokeActionMethodWithFilters>b__31(AsyncCallback asyncCallback, Object asyncState)
   at System.Web.Mvc.Async.AsyncResultWrapper.WrappedAsyncResult`1.Begin(AsyncCallback callback, Object state, Int32 timeout)
   at System.Web.Mvc.Async.AsyncControllerActionInvoker.BeginInvokeActionMethodWithFilters(ControllerContext controllerContext, IList`1 filters, ActionDescriptor actionDescriptor, IDictionary`2 parameters, AsyncCallback callback, Object state)
   at System.Web.Mvc.Async.AsyncControllerActionInvoker.<>c__DisplayClass25.<BeginInvokeAction>b__1e(AsyncCallback asyncCallback, Object asyncState)
 2015-04-09 12:21:12,055 [5] INFO  StatisticalSolutions.Controllers.Base.BaseController - Application URL - /StatisticalSolutions/Base/StatisticalError 
 2015-04-09 12:21:12,115 [5] INFO  StatisticalSolutions.Controllers.Base.BaseController - Application URL - /StatisticalSolutions/Base/StatisticalError 
 2015-04-09 12:21:12,115 [5] ERROR StatisticalSolutions.Controllers.Base.BaseController - Statistical exception message - Exception has been thrown by the target of an invocation.
 2015-04-09 12:21:12,115 [5] ERROR StatisticalSolutions.Controllers.Base.BaseController - Statistical exception stack trace -    at System.RuntimeTypeHandle.CreateInstance(RuntimeType type, Boolean publicOnly, Boolean noCheck, Boolean& canBeCached, RuntimeMethodHandleInternal& ctor, Boolean& bNeedSecurityCheck)
   at System.RuntimeType.CreateInstanceSlow(Boolean publicOnly, Boolean skipCheckThis, Boolean fillCache, StackCrawlMark& stackMark)
   at System.RuntimeType.CreateInstanceDefaultCtor(Boolean publicOnly, Boolean skipCheckThis, Boolean fillCache, StackCrawlMark& stackMark)
   at System.Activator.CreateInstance(Type type, Boolean nonPublic)
   at System.Activator.CreateInstance(Type type)
   at System.Threading.LazyHelpers`1.ActivatorFactorySelector()
   at System.Threading.LazyInitializer.EnsureInitializedCore[T](T& target, Boolean& initialized, Object& syncLock, Func`1 valueFactory)
   at System.Threading.LazyInitializer.EnsureInitialized[T](T& target, Boolean& initialized, Object& syncLock)
   at StatisticalSolutions.Filters.InitializeSimpleMembershipAttribute.OnActionExecuting(ActionExecutingContext filterContext) in c:\temp\3rdPartyProjects\StatisticalSolutions\StatisticalSolutions\Filters\InitializeSimpleMembershipAttribute.cs:line 23
   at System.Web.Mvc.Async.AsyncControllerActionInvoker.InvokeActionMethodFilterAsynchronously(IActionFilter filter, ActionExecutingContext preContext, Func`1 nextInChain)
   at System.Web.Mvc.Async.AsyncControllerActionInvoker.<>c__DisplayClass37.<>c__DisplayClass39.<>c__DisplayClass3b.<BeginInvokeActionMethodWithFilters>b__35()
   at System.Web.Mvc.Async.AsyncControllerActionInvoker.InvokeActionMethodFilterAsynchronously(IActionFilter filter, ActionExecutingContext preContext, Func`1 nextInChain)
   at System.Web.Mvc.Async.AsyncControllerActionInvoker.<>c__DisplayClass37.<>c__DisplayClass39.<>c__DisplayClass3b.<BeginInvokeActionMethodWithFilters>b__35()
   at System.Web.Mvc.Async.AsyncControllerActionInvoker.<>c__DisplayClass37.<BeginInvokeActionMethodWithFilters>b__31(AsyncCallback asyncCallback, Object asyncState)
   at System.Web.Mvc.Async.AsyncResultWrapper.WrappedAsyncResult`1.Begin(AsyncCallback callback, Object state, Int32 timeout)
   at System.Web.Mvc.Async.AsyncControllerActionInvoker.BeginInvokeActionMethodWithFilters(ControllerContext controllerContext, IList`1 filters, ActionDescriptor actionDescriptor, IDictionary`2 parameters, AsyncCallback callback, Object state)
   at System.Web.Mvc.Async.AsyncControllerActionInvoker.<>c__DisplayClass25.<BeginInvokeAction>b__1e(AsyncCallback asyncCallback, Object asyncState)
 2015-04-09 12:21:12,125 [13] INFO  StatisticalSolutions.Controllers.Base.BaseController - Application URL - /StatisticalSolutions/Base/StatisticalError 
 2015-04-09 12:21:12,185 [13] INFO  StatisticalSolutions.Controllers.Base.BaseController - Application URL - /StatisticalSolutions/Base/StatisticalError 
 2015-04-09 12:21:12,185 [13] ERROR StatisticalSolutions.Controllers.Base.BaseController - Statistical exception message - Exception has been thrown by the target of an invocation.
 2015-04-09 12:21:12,185 [13] ERROR StatisticalSolutions.Controllers.Base.BaseController - Statistical exception stack trace -    at System.RuntimeTypeHandle.CreateInstance(RuntimeType type, Boolean publicOnly, Boolean noCheck, Boolean& canBeCached, RuntimeMethodHandleInternal& ctor, Boolean& bNeedSecurityCheck)
   at System.RuntimeType.CreateInstanceSlow(Boolean publicOnly, Boolean skipCheckThis, Boolean fillCache, StackCrawlMark& stackMark)
   at System.RuntimeType.CreateInstanceDefaultCtor(Boolean publicOnly, Boolean skipCheckThis, Boolean fillCache, StackCrawlMark& stackMark)
   at System.Activator.CreateInstance(Type type, Boolean nonPublic)
   at System.Activator.CreateInstance(Type type)
   at System.Threading.LazyHelpers`1.ActivatorFactorySelector()
   at System.Threading.LazyInitializer.EnsureInitializedCore[T](T& target, Boolean& initialized, Object& syncLock, Func`1 valueFactory)
   at System.Threading.LazyInitializer.EnsureInitialized[T](T& target, Boolean& initialized, Object& syncLock)
   at StatisticalSolutions.Filters.InitializeSimpleMembershipAttribute.OnActionExecuting(ActionExecutingContext filterContext) in c:\temp\3rdPartyProjects\StatisticalSolutions\StatisticalSolutions\Filters\InitializeSimpleMembershipAttribute.cs:line 23
   at System.Web.Mvc.Async.AsyncControllerActionInvoker.InvokeActionMethodFilterAsynchronously(IActionFilter filter, ActionExecutingContext preContext, Func`1 nextInChain)
   at System.Web.Mvc.Async.AsyncControllerActionInvoker.<>c__DisplayClass37.<>c__DisplayClass39.<>c__DisplayClass3b.<BeginInvokeActionMethodWithFilters>b__35()
   at System.Web.Mvc.Async.AsyncControllerActionInvoker.InvokeActionMethodFilterAsynchronously(IActionFilter filter, ActionExecutingContext preContext, Func`1 nextInChain)
   at System.Web.Mvc.Async.AsyncControllerActionInvoker.<>c__DisplayClass37.<>c__DisplayClass39.<>c__DisplayClass3b.<BeginInvokeActionMethodWithFilters>b__35()
   at System.Web.Mvc.Async.AsyncControllerActionInvoker.<>c__DisplayClass37.<BeginInvokeActionMethodWithFilters>b__31(AsyncCallback asyncCallback, Object asyncState)
   at System.Web.Mvc.Async.AsyncResultWrapper.WrappedAsyncResult`1.Begin(AsyncCallback callback, Object state, Int32 timeout)
   at System.Web.Mvc.Async.AsyncControllerActionInvoker.BeginInvokeActionMethodWithFilters(ControllerContext controllerContext, IList`1 filters, ActionDescriptor actionDescriptor, IDictionary`2 parameters, AsyncCallback callback, Object state)
   at System.Web.Mvc.Async.AsyncControllerActionInvoker.<>c__DisplayClass25.<BeginInvokeAction>b__1e(AsyncCallback asyncCallback, Object asyncState)
 2015-04-09 12:21:12,195 [5] INFO  StatisticalSolutions.Controllers.Base.BaseController - Application URL - /StatisticalSolutions/Base/StatisticalError 
 2015-04-09 12:21:12,245 [5] INFO  StatisticalSolutions.Controllers.Base.BaseController - Application URL - /StatisticalSolutions/Base/StatisticalError 
 2015-04-09 12:21:12,245 [5] ERROR StatisticalSolutions.Controllers.Base.BaseController - Statistical exception message - Exception has been thrown by the target of an invocation.
 2015-04-09 12:21:12,245 [5] ERROR StatisticalSolutions.Controllers.Base.BaseController - Statistical exception stack trace -    at System.RuntimeTypeHandle.CreateInstance(RuntimeType type, Boolean publicOnly, Boolean noCheck, Boolean& canBeCached, RuntimeMethodHandleInternal& ctor, Boolean& bNeedSecurityCheck)
   at System.RuntimeType.CreateInstanceSlow(Boolean publicOnly, Boolean skipCheckThis, Boolean fillCache, StackCrawlMark& stackMark)
   at System.RuntimeType.CreateInstanceDefaultCtor(Boolean publicOnly, Boolean skipCheckThis, Boolean fillCache, StackCrawlMark& stackMark)
   at System.Activator.CreateInstance(Type type, Boolean nonPublic)
   at System.Activator.CreateInstance(Type type)
   at System.Threading.LazyHelpers`1.ActivatorFactorySelector()
   at System.Threading.LazyInitializer.EnsureInitializedCore[T](T& target, Boolean& initialized, Object& syncLock, Func`1 valueFactory)
   at System.Threading.LazyInitializer.EnsureInitialized[T](T& target, Boolean& initialized, Object& syncLock)
   at StatisticalSolutions.Filters.InitializeSimpleMembershipAttribute.OnActionExecuting(ActionExecutingContext filterContext) in c:\temp\3rdPartyProjects\StatisticalSolutions\StatisticalSolutions\Filters\InitializeSimpleMembershipAttribute.cs:line 23
   at System.Web.Mvc.Async.AsyncControllerActionInvoker.InvokeActionMethodFilterAsynchronously(IActionFilter filter, ActionExecutingContext preContext, Func`1 nextInChain)
   at System.Web.Mvc.Async.AsyncControllerActionInvoker.<>c__DisplayClass37.<>c__DisplayClass39.<>c__DisplayClass3b.<BeginInvokeActionMethodWithFilters>b__35()
   at System.Web.Mvc.Async.AsyncControllerActionInvoker.InvokeActionMethodFilterAsynchronously(IActionFilter filter, ActionExecutingContext preContext, Func`1 nextInChain)
   at System.Web.Mvc.Async.AsyncControllerActionInvoker.<>c__DisplayClass37.<>c__DisplayClass39.<>c__DisplayClass3b.<BeginInvokeActionMethodWithFilters>b__35()
   at System.Web.Mvc.Async.AsyncControllerActionInvoker.<>c__DisplayClass37.<BeginInvokeActionMethodWithFilters>b__31(AsyncCallback asyncCallback, Object asyncState)
   at System.Web.Mvc.Async.AsyncResultWrapper.WrappedAsyncResult`1.Begin(AsyncCallback callback, Object state, Int32 timeout)
   at System.Web.Mvc.Async.AsyncControllerActionInvoker.BeginInvokeActionMethodWithFilters(ControllerContext controllerContext, IList`1 filters, ActionDescriptor actionDescriptor, IDictionary`2 parameters, AsyncCallback callback, Object state)
   at System.Web.Mvc.Async.AsyncControllerActionInvoker.<>c__DisplayClass25.<BeginInvokeAction>b__1e(AsyncCallback asyncCallback, Object asyncState)
 2015-04-09 12:21:12,245 [10] INFO  StatisticalSolutions.Controllers.Base.BaseController - Application URL - /StatisticalSolutions/Base/StatisticalError 
 2015-04-09 12:21:12,295 [10] INFO  StatisticalSolutions.Controllers.Base.BaseController - Application URL - /StatisticalSolutions/Base/StatisticalError 
 2015-04-09 12:21:12,295 [10] ERROR StatisticalSolutions.Controllers.Base.BaseController - Statistical exception message - Exception has been thrown by the target of an invocation.
 2015-04-09 12:21:12,295 [10] ERROR StatisticalSolutions.Controllers.Base.BaseController - Statistical exception stack trace -    at System.RuntimeTypeHandle.CreateInstance(RuntimeType type, Boolean publicOnly, Boolean noCheck, Boolean& canBeCached, RuntimeMethodHandleInternal& ctor, Boolean& bNeedSecurityCheck)
   at System.RuntimeType.CreateInstanceSlow(Boolean publicOnly, Boolean skipCheckThis, Boolean fillCache, StackCrawlMark& stackMark)
   at System.RuntimeType.CreateInstanceDefaultCtor(Boolean publicOnly, Boolean skipCheckThis, Boolean fillCache, StackCrawlMark& stackMark)
   at System.Activator.CreateInstance(Type type, Boolean nonPublic)
   at System.Activator.CreateInstance(Type type)
   at System.Threading.LazyHelpers`1.ActivatorFactorySelector()
   at System.Threading.LazyInitializer.EnsureInitializedCore[T](T& target, Boolean& initialized, Object& syncLock, Func`1 valueFactory)
   at System.Threading.LazyInitializer.EnsureInitialized[T](T& target, Boolean& initialized, Object& syncLock)
   at StatisticalSolutions.Filters.InitializeSimpleMembershipAttribute.OnActionExecuting(ActionExecutingContext filterContext) in c:\temp\3rdPartyProjects\StatisticalSolutions\StatisticalSolutions\Filters\InitializeSimpleMembershipAttribute.cs:line 23
   at System.Web.Mvc.Async.AsyncControllerActionInvoker.InvokeActionMethodFilterAsynchronously(IActionFilter filter, ActionExecutingContext preContext, Func`1 nextInChain)
   at System.Web.Mvc.Async.AsyncControllerActionInvoker.<>c__DisplayClass37.<>c__DisplayClass39.<>c__DisplayClass3b.<BeginInvokeActionMethodWithFilters>b__35()
   at System.Web.Mvc.Async.AsyncControllerActionInvoker.InvokeActionMethodFilterAsynchronously(IActionFilter filter, ActionExecutingContext preContext, Func`1 nextInChain)
   at System.Web.Mvc.Async.AsyncControllerActionInvoker.<>c__DisplayClass37.<>c__DisplayClass39.<>c__DisplayClass3b.<BeginInvokeActionMethodWithFilters>b__35()
   at System.Web.Mvc.Async.AsyncControllerActionInvoker.<>c__DisplayClass37.<BeginInvokeActionMethodWithFilters>b__31(AsyncCallback asyncCallback, Object asyncState)
   at System.Web.Mvc.Async.AsyncResultWrapper.WrappedAsyncResult`1.Begin(AsyncCallback callback, Object state, Int32 timeout)
   at System.Web.Mvc.Async.AsyncControllerActionInvoker.BeginInvokeActionMethodWithFilters(ControllerContext controllerContext, IList`1 filters, ActionDescriptor actionDescriptor, IDictionary`2 parameters, AsyncCallback callback, Object state)
   at System.Web.Mvc.Async.AsyncControllerActionInvoker.<>c__DisplayClass25.<BeginInvokeAction>b__1e(AsyncCallback asyncCallback, Object asyncState)
 2015-04-09 12:21:12,295 [5] INFO  StatisticalSolutions.Controllers.Base.BaseController - Application URL - /StatisticalSolutions/Base/StatisticalError 
 2015-04-09 12:21:12,345 [5] INFO  StatisticalSolutions.Controllers.Base.BaseController - Application URL - /StatisticalSolutions/Base/StatisticalError 
 2015-04-09 12:21:12,345 [5] ERROR StatisticalSolutions.Controllers.Base.BaseController - Statistical exception message - Exception has been thrown by the target of an invocation.
 2015-04-09 12:21:12,345 [5] ERROR StatisticalSolutions.Controllers.Base.BaseController - Statistical exception stack trace -    at System.RuntimeTypeHandle.CreateInstance(RuntimeType type, Boolean publicOnly, Boolean noCheck, Boolean& canBeCached, RuntimeMethodHandleInternal& ctor, Boolean& bNeedSecurityCheck)
   at System.RuntimeType.CreateInstanceSlow(Boolean publicOnly, Boolean skipCheckThis, Boolean fillCache, StackCrawlMark& stackMark)
   at System.RuntimeType.CreateInstanceDefaultCtor(Boolean publicOnly, Boolean skipCheckThis, Boolean fillCache, StackCrawlMark& stackMark)
   at System.Activator.CreateInstance(Type type, Boolean nonPublic)
   at System.Activator.CreateInstance(Type type)
   at System.Threading.LazyHelpers`1.ActivatorFactorySelector()
   at System.Threading.LazyInitializer.EnsureInitializedCore[T](T& target, Boolean& initialized, Object& syncLock, Func`1 valueFactory)
   at System.Threading.LazyInitializer.EnsureInitialized[T](T& target, Boolean& initialized, Object& syncLock)
   at StatisticalSolutions.Filters.InitializeSimpleMembershipAttribute.OnActionExecuting(ActionExecutingContext filterContext) in c:\temp\3rdPartyProjects\StatisticalSolutions\StatisticalSolutions\Filters\InitializeSimpleMembershipAttribute.cs:line 23
   at System.Web.Mvc.Async.AsyncControllerActionInvoker.InvokeActionMethodFilterAsynchronously(IActionFilter filter, ActionExecutingContext preContext, Func`1 nextInChain)
   at System.Web.Mvc.Async.AsyncControllerActionInvoker.<>c__DisplayClass37.<>c__DisplayClass39.<>c__DisplayClass3b.<BeginInvokeActionMethodWithFilters>b__35()
   at System.Web.Mvc.Async.AsyncControllerActionInvoker.InvokeActionMethodFilterAsynchronously(IActionFilter filter, ActionExecutingContext preContext, Func`1 nextInChain)
   at System.Web.Mvc.Async.AsyncControllerActionInvoker.<>c__DisplayClass37.<>c__DisplayClass39.<>c__DisplayClass3b.<BeginInvokeActionMethodWithFilters>b__35()
   at System.Web.Mvc.Async.AsyncControllerActionInvoker.<>c__DisplayClass37.<BeginInvokeActionMethodWithFilters>b__31(AsyncCallback asyncCallback, Object asyncState)
   at System.Web.Mvc.Async.AsyncResultWrapper.WrappedAsyncResult`1.Begin(AsyncCallback callback, Object state, Int32 timeout)
   at System.Web.Mvc.Async.AsyncControllerActionInvoker.BeginInvokeActionMethodWithFilters(ControllerContext controllerContext, IList`1 filters, ActionDescriptor actionDescriptor, IDictionary`2 parameters, AsyncCallback callback, Object state)
   at System.Web.Mvc.Async.AsyncControllerActionInvoker.<>c__DisplayClass25.<BeginInvokeAction>b__1e(AsyncCallback asyncCallback, Object asyncState)
 2015-04-09 12:21:12,345 [10] INFO  StatisticalSolutions.Controllers.Base.BaseController - Application URL - /StatisticalSolutions/Base/StatisticalError 
 2015-04-09 12:21:12,395 [10] INFO  StatisticalSolutions.Controllers.Base.BaseController - Application URL - /StatisticalSolutions/Base/StatisticalError 
 2015-04-09 12:21:12,395 [10] ERROR StatisticalSolutions.Controllers.Base.BaseController - Statistical exception message - Exception has been thrown by the target of an invocation.
 2015-04-09 12:21:12,395 [10] ERROR StatisticalSolutions.Controllers.Base.BaseController - Statistical exception stack trace -    at System.RuntimeTypeHandle.CreateInstance(RuntimeType type, Boolean publicOnly, Boolean noCheck, Boolean& canBeCached, RuntimeMethodHandleInternal& ctor, Boolean& bNeedSecurityCheck)
   at System.RuntimeType.CreateInstanceSlow(Boolean publicOnly, Boolean skipCheckThis, Boolean fillCache, StackCrawlMark& stackMark)
   at System.RuntimeType.CreateInstanceDefaultCtor(Boolean publicOnly, Boolean skipCheckThis, Boolean fillCache, StackCrawlMark& stackMark)
   at System.Activator.CreateInstance(Type type, Boolean nonPublic)
   at System.Activator.CreateInstance(Type type)
   at System.Threading.LazyHelpers`1.ActivatorFactorySelector()
   at System.Threading.LazyInitializer.EnsureInitializedCore[T](T& target, Boolean& initialized, Object& syncLock, Func`1 valueFactory)
   at System.Threading.LazyInitializer.EnsureInitialized[T](T& target, Boolean& initialized, Object& syncLock)
   at StatisticalSolutions.Filters.InitializeSimpleMembershipAttribute.OnActionExecuting(ActionExecutingContext filterContext) in c:\temp\3rdPartyProjects\StatisticalSolutions\StatisticalSolutions\Filters\InitializeSimpleMembershipAttribute.cs:line 23
   at System.Web.Mvc.Async.AsyncControllerActionInvoker.InvokeActionMethodFilterAsynchronously(IActionFilter filter, ActionExecutingContext preContext, Func`1 nextInChain)
   at System.Web.Mvc.Async.AsyncControllerActionInvoker.<>c__DisplayClass37.<>c__DisplayClass39.<>c__DisplayClass3b.<BeginInvokeActionMethodWithFilters>b__35()
   at System.Web.Mvc.Async.AsyncControllerActionInvoker.InvokeActionMethodFilterAsynchronously(IActionFilter filter, ActionExecutingContext preContext, Func`1 nextInChain)
   at System.Web.Mvc.Async.AsyncControllerActionInvoker.<>c__DisplayClass37.<>c__DisplayClass39.<>c__DisplayClass3b.<BeginInvokeActionMethodWithFilters>b__35()
   at System.Web.Mvc.Async.AsyncControllerActionInvoker.<>c__DisplayClass37.<BeginInvokeActionMethodWithFilters>b__31(AsyncCallback asyncCallback, Object asyncState)
   at System.Web.Mvc.Async.AsyncResultWrapper.WrappedAsyncResult`1.Begin(AsyncCallback callback, Object state, Int32 timeout)
   at System.Web.Mvc.Async.AsyncControllerActionInvoker.BeginInvokeActionMethodWithFilters(ControllerContext controllerContext, IList`1 filters, ActionDescriptor actionDescriptor, IDictionary`2 parameters, AsyncCallback callback, Object state)
   at System.Web.Mvc.Async.AsyncControllerActionInvoker.<>c__DisplayClass25.<BeginInvokeAction>b__1e(AsyncCallback asyncCallback, Object asyncState)
 2015-04-09 12:21:12,395 [9] INFO  StatisticalSolutions.Controllers.Base.BaseController - Application URL - /StatisticalSolutions/Base/StatisticalError 
 2015-04-09 12:21:12,445 [9] INFO  StatisticalSolutions.Controllers.Base.BaseController - Application URL - /StatisticalSolutions/Base/StatisticalError 
 2015-04-09 12:21:12,445 [9] ERROR StatisticalSolutions.Controllers.Base.BaseController - Statistical exception message - Exception has been thrown by the target of an invocation.
 2015-04-09 12:21:12,445 [9] ERROR StatisticalSolutions.Controllers.Base.BaseController - Statistical exception stack trace -    at System.RuntimeTypeHandle.CreateInstance(RuntimeType type, Boolean publicOnly, Boolean noCheck, Boolean& canBeCached, RuntimeMethodHandleInternal& ctor, Boolean& bNeedSecurityCheck)
   at System.RuntimeType.CreateInstanceSlow(Boolean publicOnly, Boolean skipCheckThis, Boolean fillCache, StackCrawlMark& stackMark)
   at System.RuntimeType.CreateInstanceDefaultCtor(Boolean publicOnly, Boolean skipCheckThis, Boolean fillCache, StackCrawlMark& stackMark)
   at System.Activator.CreateInstance(Type type, Boolean nonPublic)
   at System.Activator.CreateInstance(Type type)
   at System.Threading.LazyHelpers`1.ActivatorFactorySelector()
   at System.Threading.LazyInitializer.EnsureInitializedCore[T](T& target, Boolean& initialized, Object& syncLock, Func`1 valueFactory)
   at System.Threading.LazyInitializer.EnsureInitialized[T](T& target, Boolean& initialized, Object& syncLock)
   at StatisticalSolutions.Filters.InitializeSimpleMembershipAttribute.OnActionExecuting(ActionExecutingContext filterContext) in c:\temp\3rdPartyProjects\StatisticalSolutions\StatisticalSolutions\Filters\InitializeSimpleMembershipAttribute.cs:line 23
   at System.Web.Mvc.Async.AsyncControllerActionInvoker.InvokeActionMethodFilterAsynchronously(IActionFilter filter, ActionExecutingContext preContext, Func`1 nextInChain)
   at System.Web.Mvc.Async.AsyncControllerActionInvoker.<>c__DisplayClass37.<>c__DisplayClass39.<>c__DisplayClass3b.<BeginInvokeActionMethodWithFilters>b__35()
   at System.Web.Mvc.Async.AsyncControllerActionInvoker.InvokeActionMethodFilterAsynchronously(IActionFilter filter, ActionExecutingContext preContext, Func`1 nextInChain)
   at System.Web.Mvc.Async.AsyncControllerActionInvoker.<>c__DisplayClass37.<>c__DisplayClass39.<>c__DisplayClass3b.<BeginInvokeActionMethodWithFilters>b__35()
   at System.Web.Mvc.Async.AsyncControllerActionInvoker.<>c__DisplayClass37.<BeginInvokeActionMethodWithFilters>b__31(AsyncCallback asyncCallback, Object asyncState)
   at System.Web.Mvc.Async.AsyncResultWrapper.WrappedAsyncResult`1.Begin(AsyncCallback callback, Object state, Int32 timeout)
   at System.Web.Mvc.Async.AsyncControllerActionInvoker.BeginInvokeActionMethodWithFilters(ControllerContext controllerContext, IList`1 filters, ActionDescriptor actionDescriptor, IDictionary`2 parameters, AsyncCallback callback, Object state)
   at System.Web.Mvc.Async.AsyncControllerActionInvoker.<>c__DisplayClass25.<BeginInvokeAction>b__1e(AsyncCallback asyncCallback, Object asyncState)
 2015-04-09 12:21:12,445 [5] INFO  StatisticalSolutions.Controllers.Base.BaseController - Application URL - /StatisticalSolutions/Base/StatisticalError 
 2015-04-09 12:21:12,495 [5] INFO  StatisticalSolutions.Controllers.Base.BaseController - Application URL - /StatisticalSolutions/Base/StatisticalError 
 2015-04-09 12:21:12,495 [5] ERROR StatisticalSolutions.Controllers.Base.BaseController - Statistical exception message - Exception has been thrown by the target of an invocation.
 2015-04-09 12:21:12,495 [5] ERROR StatisticalSolutions.Controllers.Base.BaseController - Statistical exception stack trace -    at System.RuntimeTypeHandle.CreateInstance(RuntimeType type, Boolean publicOnly, Boolean noCheck, Boolean& canBeCached, RuntimeMethodHandleInternal& ctor, Boolean& bNeedSecurityCheck)
   at System.RuntimeType.CreateInstanceSlow(Boolean publicOnly, Boolean skipCheckThis, Boolean fillCache, StackCrawlMark& stackMark)
   at System.RuntimeType.CreateInstanceDefaultCtor(Boolean publicOnly, Boolean skipCheckThis, Boolean fillCache, StackCrawlMark& stackMark)
   at System.Activator.CreateInstance(Type type, Boolean nonPublic)
   at System.Activator.CreateInstance(Type type)
   at System.Threading.LazyHelpers`1.ActivatorFactorySelector()
   at System.Threading.LazyInitializer.EnsureInitializedCore[T](T& target, Boolean& initialized, Object& syncLock, Func`1 valueFactory)
   at System.Threading.LazyInitializer.EnsureInitialized[T](T& target, Boolean& initialized, Object& syncLock)
   at StatisticalSolutions.Filters.InitializeSimpleMembershipAttribute.OnActionExecuting(ActionExecutingContext filterContext) in c:\temp\3rdPartyProjects\StatisticalSolutions\StatisticalSolutions\Filters\InitializeSimpleMembershipAttribute.cs:line 23
   at System.Web.Mvc.Async.AsyncControllerActionInvoker.InvokeActionMethodFilterAsynchronously(IActionFilter filter, ActionExecutingContext preContext, Func`1 nextInChain)
   at System.Web.Mvc.Async.AsyncControllerActionInvoker.<>c__DisplayClass37.<>c__DisplayClass39.<>c__DisplayClass3b.<BeginInvokeActionMethodWithFilters>b__35()
   at System.Web.Mvc.Async.AsyncControllerActionInvoker.InvokeActionMethodFilterAsynchronously(IActionFilter filter, ActionExecutingContext preContext, Func`1 nextInChain)
   at System.Web.Mvc.Async.AsyncControllerActionInvoker.<>c__DisplayClass37.<>c__DisplayClass39.<>c__DisplayClass3b.<BeginInvokeActionMethodWithFilters>b__35()
   at System.Web.Mvc.Async.AsyncControllerActionInvoker.<>c__DisplayClass37.<BeginInvokeActionMethodWithFilters>b__31(AsyncCallback asyncCallback, Object asyncState)
   at System.Web.Mvc.Async.AsyncResultWrapper.WrappedAsyncResult`1.Begin(AsyncCallback callback, Object state, Int32 timeout)
   at System.Web.Mvc.Async.AsyncControllerActionInvoker.BeginInvokeActionMethodWithFilters(ControllerContext controllerContext, IList`1 filters, ActionDescriptor actionDescriptor, IDictionary`2 parameters, AsyncCallback callback, Object state)
   at System.Web.Mvc.Async.AsyncControllerActionInvoker.<>c__DisplayClass25.<BeginInvokeAction>b__1e(AsyncCallback asyncCallback, Object asyncState)
 2015-04-09 12:21:12,495 [10] INFO  StatisticalSolutions.Controllers.Base.BaseController - Application URL - /StatisticalSolutions/Base/StatisticalError 
 2015-04-09 12:21:12,545 [10] INFO  StatisticalSolutions.Controllers.Base.BaseController - Application URL - /StatisticalSolutions/Base/StatisticalError 
 2015-04-09 12:21:12,545 [10] ERROR StatisticalSolutions.Controllers.Base.BaseController - Statistical exception message - Exception has been thrown by the target of an invocation.
 2015-04-09 12:21:12,545 [10] ERROR StatisticalSolutions.Controllers.Base.BaseController - Statistical exception stack trace -    at System.RuntimeTypeHandle.CreateInstance(RuntimeType type, Boolean publicOnly, Boolean noCheck, Boolean& canBeCached, RuntimeMethodHandleInternal& ctor, Boolean& bNeedSecurityCheck)
   at System.RuntimeType.CreateInstanceSlow(Boolean publicOnly, Boolean skipCheckThis, Boolean fillCache, StackCrawlMark& stackMark)
   at System.RuntimeType.CreateInstanceDefaultCtor(Boolean publicOnly, Boolean skipCheckThis, Boolean fillCache, StackCrawlMark& stackMark)
   at System.Activator.CreateInstance(Type type, Boolean nonPublic)
   at System.Activator.CreateInstance(Type type)
   at System.Threading.LazyHelpers`1.ActivatorFactorySelector()
   at System.Threading.LazyInitializer.EnsureInitializedCore[T](T& target, Boolean& initialized, Object& syncLock, Func`1 valueFactory)
   at System.Threading.LazyInitializer.EnsureInitialized[T](T& target, Boolean& initialized, Object& syncLock)
   at StatisticalSolutions.Filters.InitializeSimpleMembershipAttribute.OnActionExecuting(ActionExecutingContext filterContext) in c:\temp\3rdPartyProjects\StatisticalSolutions\StatisticalSolutions\Filters\InitializeSimpleMembershipAttribute.cs:line 23
   at System.Web.Mvc.Async.AsyncControllerActionInvoker.InvokeActionMethodFilterAsynchronously(IActionFilter filter, ActionExecutingContext preContext, Func`1 nextInChain)
   at System.Web.Mvc.Async.AsyncControllerActionInvoker.<>c__DisplayClass37.<>c__DisplayClass39.<>c__DisplayClass3b.<BeginInvokeActionMethodWithFilters>b__35()
   at System.Web.Mvc.Async.AsyncControllerActionInvoker.InvokeActionMethodFilterAsynchronously(IActionFilter filter, ActionExecutingContext preContext, Func`1 nextInChain)
   at System.Web.Mvc.Async.AsyncControllerActionInvoker.<>c__DisplayClass37.<>c__DisplayClass39.<>c__DisplayClass3b.<BeginInvokeActionMethodWithFilters>b__35()
   at System.Web.Mvc.Async.AsyncControllerActionInvoker.<>c__DisplayClass37.<BeginInvokeActionMethodWithFilters>b__31(AsyncCallback asyncCallback, Object asyncState)
   at System.Web.Mvc.Async.AsyncResultWrapper.WrappedAsyncResult`1.Begin(AsyncCallback callback, Object state, Int32 timeout)
   at System.Web.Mvc.Async.AsyncControllerActionInvoker.BeginInvokeActionMethodWithFilters(ControllerContext controllerContext, IList`1 filters, ActionDescriptor actionDescriptor, IDictionary`2 parameters, AsyncCallback callback, Object state)
   at System.Web.Mvc.Async.AsyncControllerActionInvoker.<>c__DisplayClass25.<BeginInvokeAction>b__1e(AsyncCallback asyncCallback, Object asyncState)
 2015-04-09 12:21:12,555 [15] INFO  StatisticalSolutions.Controllers.Base.BaseController - Application URL - /StatisticalSolutions/Base/StatisticalError 
 2015-04-09 12:21:12,605 [15] INFO  StatisticalSolutions.Controllers.Base.BaseController - Application URL - /StatisticalSolutions/Base/StatisticalError 
 2015-04-09 12:21:12,605 [15] ERROR StatisticalSolutions.Controllers.Base.BaseController - Statistical exception message - Exception has been thrown by the target of an invocation.
 2015-04-09 12:21:12,605 [15] ERROR StatisticalSolutions.Controllers.Base.BaseController - Statistical exception stack trace -    at System.RuntimeTypeHandle.CreateInstance(RuntimeType type, Boolean publicOnly, Boolean noCheck, Boolean& canBeCached, RuntimeMethodHandleInternal& ctor, Boolean& bNeedSecurityCheck)
   at System.RuntimeType.CreateInstanceSlow(Boolean publicOnly, Boolean skipCheckThis, Boolean fillCache, StackCrawlMark& stackMark)
   at System.RuntimeType.CreateInstanceDefaultCtor(Boolean publicOnly, Boolean skipCheckThis, Boolean fillCache, StackCrawlMark& stackMark)
   at System.Activator.CreateInstance(Type type, Boolean nonPublic)
   at System.Activator.CreateInstance(Type type)
   at System.Threading.LazyHelpers`1.ActivatorFactorySelector()
   at System.Threading.LazyInitializer.EnsureInitializedCore[T](T& target, Boolean& initialized, Object& syncLock, Func`1 valueFactory)
   at System.Threading.LazyInitializer.EnsureInitialized[T](T& target, Boolean& initialized, Object& syncLock)
   at StatisticalSolutions.Filters.InitializeSimpleMembershipAttribute.OnActionExecuting(ActionExecutingContext filterContext) in c:\temp\3rdPartyProjects\StatisticalSolutions\StatisticalSolutions\Filters\InitializeSimpleMembershipAttribute.cs:line 23
   at System.Web.Mvc.Async.AsyncControllerActionInvoker.InvokeActionMethodFilterAsynchronously(IActionFilter filter, ActionExecutingContext preContext, Func`1 nextInChain)
   at System.Web.Mvc.Async.AsyncControllerActionInvoker.<>c__DisplayClass37.<>c__DisplayClass39.<>c__DisplayClass3b.<BeginInvokeActionMethodWithFilters>b__35()
   at System.Web.Mvc.Async.AsyncControllerActionInvoker.InvokeActionMethodFilterAsynchronously(IActionFilter filter, ActionExecutingContext preContext, Func`1 nextInChain)
   at System.Web.Mvc.Async.AsyncControllerActionInvoker.<>c__DisplayClass37.<>c__DisplayClass39.<>c__DisplayClass3b.<BeginInvokeActionMethodWithFilters>b__35()
   at System.Web.Mvc.Async.AsyncControllerActionInvoker.<>c__DisplayClass37.<BeginInvokeActionMethodWithFilters>b__31(AsyncCallback asyncCallback, Object asyncState)
   at System.Web.Mvc.Async.AsyncResultWrapper.WrappedAsyncResult`1.Begin(AsyncCallback callback, Object state, Int32 timeout)
   at System.Web.Mvc.Async.AsyncControllerActionInvoker.BeginInvokeActionMethodWithFilters(ControllerContext controllerContext, IList`1 filters, ActionDescriptor actionDescriptor, IDictionary`2 parameters, AsyncCallback callback, Object state)
   at System.Web.Mvc.Async.AsyncControllerActionInvoker.<>c__DisplayClass25.<BeginInvokeAction>b__1e(AsyncCallback asyncCallback, Object asyncState)
 2015-04-09 12:21:12,605 [5] INFO  StatisticalSolutions.Controllers.Base.BaseController - Application URL - /StatisticalSolutions/Base/StatisticalError 
 2015-04-09 12:21:27,655 [5] INFO  StatisticalSolutions.Controllers.Base.BaseController - Application URL - /StatisticalSolutions/Base/StatisticalError 
 2015-04-09 12:21:27,665 [5] ERROR StatisticalSolutions.Controllers.Base.BaseController - Statistical exception message - Exception has been thrown by the target of an invocation.
 2015-04-09 12:21:27,665 [5] ERROR StatisticalSolutions.Controllers.Base.BaseController - Statistical exception stack trace -    at System.RuntimeTypeHandle.CreateInstance(RuntimeType type, Boolean publicOnly, Boolean noCheck, Boolean& canBeCached, RuntimeMethodHandleInternal& ctor, Boolean& bNeedSecurityCheck)
   at System.RuntimeType.CreateInstanceSlow(Boolean publicOnly, Boolean skipCheckThis, Boolean fillCache, StackCrawlMark& stackMark)
   at System.RuntimeType.CreateInstanceDefaultCtor(Boolean publicOnly, Boolean skipCheckThis, Boolean fillCache, StackCrawlMark& stackMark)
   at System.Activator.CreateInstance(Type type, Boolean nonPublic)
   at System.Activator.CreateInstance(Type type)
   at System.Threading.LazyHelpers`1.ActivatorFactorySelector()
   at System.Threading.LazyInitializer.EnsureInitializedCore[T](T& target, Boolean& initialized, Object& syncLock, Func`1 valueFactory)
   at System.Threading.LazyInitializer.EnsureInitialized[T](T& target, Boolean& initialized, Object& syncLock)
   at StatisticalSolutions.Filters.InitializeSimpleMembershipAttribute.OnActionExecuting(ActionExecutingContext filterContext) in c:\temp\3rdPartyProjects\StatisticalSolutions\StatisticalSolutions\Filters\InitializeSimpleMembershipAttribute.cs:line 23
   at System.Web.Mvc.Async.AsyncControllerActionInvoker.InvokeActionMethodFilterAsynchronously(IActionFilter filter, ActionExecutingContext preContext, Func`1 nextInChain)
   at System.Web.Mvc.Async.AsyncControllerActionInvoker.<>c__DisplayClass37.<>c__DisplayClass39.<>c__DisplayClass3b.<BeginInvokeActionMethodWithFilters>b__35()
   at System.Web.Mvc.Async.AsyncControllerActionInvoker.InvokeActionMethodFilterAsynchronously(IActionFilter filter, ActionExecutingContext preContext, Func`1 nextInChain)
   at System.Web.Mvc.Async.AsyncControllerActionInvoker.<>c__DisplayClass37.<>c__DisplayClass39.<>c__DisplayClass3b.<BeginInvokeActionMethodWithFilters>b__35()
   at System.Web.Mvc.Async.AsyncControllerActionInvoker.<>c__DisplayClass37.<BeginInvokeActionMethodWithFilters>b__31(AsyncCallback asyncCallback, Object asyncState)
   at System.Web.Mvc.Async.AsyncResultWrapper.WrappedAsyncResult`1.Begin(AsyncCallback callback, Object state, Int32 timeout)
   at System.Web.Mvc.Async.AsyncControllerActionInvoker.BeginInvokeActionMethodWithFilters(ControllerContext controllerContext, IList`1 filters, ActionDescriptor actionDescriptor, IDictionary`2 parameters, AsyncCallback callback, Object state)
   at System.Web.Mvc.Async.AsyncControllerActionInvoker.<>c__DisplayClass25.<BeginInvokeAction>b__1e(AsyncCallback asyncCallback, Object asyncState)
 2015-04-09 12:21:50,312 [7] INFO  StatisticalSolutions.Controllers.Base.BaseController - Application URL - /StatisticalSolutions/ 
 2015-04-09 12:22:07,798 [7] INFO  StatisticalSolutions.Controllers.Base.BaseController - Application URL - /StatisticalSolutions/ 
 2015-04-09 12:22:07,808 [7] ERROR StatisticalSolutions.Controllers.Base.BaseController - Statistical exception message - Exception has been thrown by the target of an invocation.
 2015-04-09 12:22:07,808 [7] ERROR StatisticalSolutions.Controllers.Base.BaseController - Statistical exception stack trace -    at System.RuntimeTypeHandle.CreateInstance(RuntimeType type, Boolean publicOnly, Boolean noCheck, Boolean& canBeCached, RuntimeMethodHandleInternal& ctor, Boolean& bNeedSecurityCheck)
   at System.RuntimeType.CreateInstanceSlow(Boolean publicOnly, Boolean skipCheckThis, Boolean fillCache, StackCrawlMark& stackMark)
   at System.RuntimeType.CreateInstanceDefaultCtor(Boolean publicOnly, Boolean skipCheckThis, Boolean fillCache, StackCrawlMark& stackMark)
   at System.Activator.CreateInstance(Type type, Boolean nonPublic)
   at System.Activator.CreateInstance(Type type)
   at System.Threading.LazyHelpers`1.ActivatorFactorySelector()
   at System.Threading.LazyInitializer.EnsureInitializedCore[T](T& target, Boolean& initialized, Object& syncLock, Func`1 valueFactory)
   at System.Threading.LazyInitializer.EnsureInitialized[T](T& target, Boolean& initialized, Object& syncLock)
   at StatisticalSolutions.Filters.InitializeSimpleMembershipAttribute.OnActionExecuting(ActionExecutingContext filterContext) in c:\temp\3rdPartyProjects\StatisticalSolutions\StatisticalSolutions\Filters\InitializeSimpleMembershipAttribute.cs:line 23
   at System.Web.Mvc.Async.AsyncControllerActionInvoker.InvokeActionMethodFilterAsynchronously(IActionFilter filter, ActionExecutingContext preContext, Func`1 nextInChain)
   at System.Web.Mvc.Async.AsyncControllerActionInvoker.<>c__DisplayClass37.<>c__DisplayClass39.<>c__DisplayClass3b.<BeginInvokeActionMethodWithFilters>b__35()
   at System.Web.Mvc.Async.AsyncControllerActionInvoker.InvokeActionMethodFilterAsynchronously(IActionFilter filter, ActionExecutingContext preContext, Func`1 nextInChain)
   at System.Web.Mvc.Async.AsyncControllerActionInvoker.<>c__DisplayClass37.<>c__DisplayClass39.<>c__DisplayClass3b.<BeginInvokeActionMethodWithFilters>b__35()
   at System.Web.Mvc.Async.AsyncControllerActionInvoker.<>c__DisplayClass37.<BeginInvokeActionMethodWithFilters>b__31(AsyncCallback asyncCallback, Object asyncState)
   at System.Web.Mvc.Async.AsyncResultWrapper.WrappedAsyncResult`1.Begin(AsyncCallback callback, Object state, Int32 timeout)
   at System.Web.Mvc.Async.AsyncControllerActionInvoker.BeginInvokeActionMethodWithFilters(ControllerContext controllerContext, IList`1 filters, ActionDescriptor actionDescriptor, IDictionary`2 parameters, AsyncCallback callback, Object state)
   at System.Web.Mvc.Async.AsyncControllerActionInvoker.<>c__DisplayClass25.<BeginInvokeAction>b__1e(AsyncCallback asyncCallback, Object asyncState)
 2015-04-09 12:22:07,818 [18] INFO  StatisticalSolutions.Controllers.Base.BaseController - Application URL - /StatisticalSolutions/Base/StatisticalError 
 2015-04-09 12:22:09,898 [18] INFO  StatisticalSolutions.Controllers.Base.BaseController - Application URL - /StatisticalSolutions/Base/StatisticalError 
 2015-04-09 12:22:09,898 [18] ERROR StatisticalSolutions.Controllers.Base.BaseController - Statistical exception message - Exception has been thrown by the target of an invocation.
 2015-04-09 12:22:09,898 [18] ERROR StatisticalSolutions.Controllers.Base.BaseController - Statistical exception stack trace -    at System.RuntimeTypeHandle.CreateInstance(RuntimeType type, Boolean publicOnly, Boolean noCheck, Boolean& canBeCached, RuntimeMethodHandleInternal& ctor, Boolean& bNeedSecurityCheck)
   at System.RuntimeType.CreateInstanceSlow(Boolean publicOnly, Boolean skipCheckThis, Boolean fillCache, StackCrawlMark& stackMark)
   at System.RuntimeType.CreateInstanceDefaultCtor(Boolean publicOnly, Boolean skipCheckThis, Boolean fillCache, StackCrawlMark& stackMark)
   at System.Activator.CreateInstance(Type type, Boolean nonPublic)
   at System.Activator.CreateInstance(Type type)
   at System.Threading.LazyHelpers`1.ActivatorFactorySelector()
   at System.Threading.LazyInitializer.EnsureInitializedCore[T](T& target, Boolean& initialized, Object& syncLock, Func`1 valueFactory)
   at System.Threading.LazyInitializer.EnsureInitialized[T](T& target, Boolean& initialized, Object& syncLock)
   at StatisticalSolutions.Filters.InitializeSimpleMembershipAttribute.OnActionExecuting(ActionExecutingContext filterContext) in c:\temp\3rdPartyProjects\StatisticalSolutions\StatisticalSolutions\Filters\InitializeSimpleMembershipAttribute.cs:line 23
   at System.Web.Mvc.Async.AsyncControllerActionInvoker.InvokeActionMethodFilterAsynchronously(IActionFilter filter, ActionExecutingContext preContext, Func`1 nextInChain)
   at System.Web.Mvc.Async.AsyncControllerActionInvoker.<>c__DisplayClass37.<>c__DisplayClass39.<>c__DisplayClass3b.<BeginInvokeActionMethodWithFilters>b__35()
   at System.Web.Mvc.Async.AsyncControllerActionInvoker.InvokeActionMethodFilterAsynchronously(IActionFilter filter, ActionExecutingContext preContext, Func`1 nextInChain)
   at System.Web.Mvc.Async.AsyncControllerActionInvoker.<>c__DisplayClass37.<>c__DisplayClass39.<>c__DisplayClass3b.<BeginInvokeActionMethodWithFilters>b__35()
   at System.Web.Mvc.Async.AsyncControllerActionInvoker.<>c__DisplayClass37.<BeginInvokeActionMethodWithFilters>b__31(AsyncCallback asyncCallback, Object asyncState)
   at System.Web.Mvc.Async.AsyncResultWrapper.WrappedAsyncResult`1.Begin(AsyncCallback callback, Object state, Int32 timeout)
   at System.Web.Mvc.Async.AsyncControllerActionInvoker.BeginInvokeActionMethodWithFilters(ControllerContext controllerContext, IList`1 filters, ActionDescriptor actionDescriptor, IDictionary`2 parameters, AsyncCallback callback, Object state)
   at System.Web.Mvc.Async.AsyncControllerActionInvoker.<>c__DisplayClass25.<BeginInvokeAction>b__1e(AsyncCallback asyncCallback, Object asyncState)
 2015-04-09 12:22:09,898 [10] INFO  StatisticalSolutions.Controllers.Base.BaseController - Application URL - /StatisticalSolutions/Base/StatisticalError 
 2015-04-09 12:22:10,988 [10] INFO  StatisticalSolutions.Controllers.Base.BaseController - Application URL - /StatisticalSolutions/Base/StatisticalError 
 2015-04-09 12:22:10,988 [10] ERROR StatisticalSolutions.Controllers.Base.BaseController - Statistical exception message - Exception has been thrown by the target of an invocation.
 2015-04-09 12:22:10,988 [10] ERROR StatisticalSolutions.Controllers.Base.BaseController - Statistical exception stack trace -    at System.RuntimeTypeHandle.CreateInstance(RuntimeType type, Boolean publicOnly, Boolean noCheck, Boolean& canBeCached, RuntimeMethodHandleInternal& ctor, Boolean& bNeedSecurityCheck)
   at System.RuntimeType.CreateInstanceSlow(Boolean publicOnly, Boolean skipCheckThis, Boolean fillCache, StackCrawlMark& stackMark)
   at System.RuntimeType.CreateInstanceDefaultCtor(Boolean publicOnly, Boolean skipCheckThis, Boolean fillCache, StackCrawlMark& stackMark)
   at System.Activator.CreateInstance(Type type, Boolean nonPublic)
   at System.Activator.CreateInstance(Type type)
   at System.Threading.LazyHelpers`1.ActivatorFactorySelector()
   at System.Threading.LazyInitializer.EnsureInitializedCore[T](T& target, Boolean& initialized, Object& syncLock, Func`1 valueFactory)
   at System.Threading.LazyInitializer.EnsureInitialized[T](T& target, Boolean& initialized, Object& syncLock)
   at StatisticalSolutions.Filters.InitializeSimpleMembershipAttribute.OnActionExecuting(ActionExecutingContext filterContext) in c:\temp\3rdPartyProjects\StatisticalSolutions\StatisticalSolutions\Filters\InitializeSimpleMembershipAttribute.cs:line 23
   at System.Web.Mvc.Async.AsyncControllerActionInvoker.InvokeActionMethodFilterAsynchronously(IActionFilter filter, ActionExecutingContext preContext, Func`1 nextInChain)
   at System.Web.Mvc.Async.AsyncControllerActionInvoker.<>c__DisplayClass37.<>c__DisplayClass39.<>c__DisplayClass3b.<BeginInvokeActionMethodWithFilters>b__35()
   at System.Web.Mvc.Async.AsyncControllerActionInvoker.InvokeActionMethodFilterAsynchronously(IActionFilter filter, ActionExecutingContext preContext, Func`1 nextInChain)
   at System.Web.Mvc.Async.AsyncControllerActionInvoker.<>c__DisplayClass37.<>c__DisplayClass39.<>c__DisplayClass3b.<BeginInvokeActionMethodWithFilters>b__35()
   at System.Web.Mvc.Async.AsyncControllerActionInvoker.<>c__DisplayClass37.<BeginInvokeActionMethodWithFilters>b__31(AsyncCallback asyncCallback, Object asyncState)
   at System.Web.Mvc.Async.AsyncResultWrapper.WrappedAsyncResult`1.Begin(AsyncCallback callback, Object state, Int32 timeout)
   at System.Web.Mvc.Async.AsyncControllerActionInvoker.BeginInvokeActionMethodWithFilters(ControllerContext controllerContext, IList`1 filters, ActionDescriptor actionDescriptor, IDictionary`2 parameters, AsyncCallback callback, Object state)
   at System.Web.Mvc.Async.AsyncControllerActionInvoker.<>c__DisplayClass25.<BeginInvokeAction>b__1e(AsyncCallback asyncCallback, Object asyncState)
 2015-04-09 12:22:10,998 [18] INFO  StatisticalSolutions.Controllers.Base.BaseController - Application URL - /StatisticalSolutions/Base/StatisticalError 
 2015-04-09 12:22:11,768 [18] INFO  StatisticalSolutions.Controllers.Base.BaseController - Application URL - /StatisticalSolutions/Base/StatisticalError 
 2015-04-09 12:22:11,768 [18] ERROR StatisticalSolutions.Controllers.Base.BaseController - Statistical exception message - Exception has been thrown by the target of an invocation.
 2015-04-09 12:22:11,768 [18] ERROR StatisticalSolutions.Controllers.Base.BaseController - Statistical exception stack trace -    at System.RuntimeTypeHandle.CreateInstance(RuntimeType type, Boolean publicOnly, Boolean noCheck, Boolean& canBeCached, RuntimeMethodHandleInternal& ctor, Boolean& bNeedSecurityCheck)
   at System.RuntimeType.CreateInstanceSlow(Boolean publicOnly, Boolean skipCheckThis, Boolean fillCache, StackCrawlMark& stackMark)
   at System.RuntimeType.CreateInstanceDefaultCtor(Boolean publicOnly, Boolean skipCheckThis, Boolean fillCache, StackCrawlMark& stackMark)
   at System.Activator.CreateInstance(Type type, Boolean nonPublic)
   at System.Activator.CreateInstance(Type type)
   at System.Threading.LazyHelpers`1.ActivatorFactorySelector()
   at System.Threading.LazyInitializer.EnsureInitializedCore[T](T& target, Boolean& initialized, Object& syncLock, Func`1 valueFactory)
   at System.Threading.LazyInitializer.EnsureInitialized[T](T& target, Boolean& initialized, Object& syncLock)
   at StatisticalSolutions.Filters.InitializeSimpleMembershipAttribute.OnActionExecuting(ActionExecutingContext filterContext) in c:\temp\3rdPartyProjects\StatisticalSolutions\StatisticalSolutions\Filters\InitializeSimpleMembershipAttribute.cs:line 23
   at System.Web.Mvc.Async.AsyncControllerActionInvoker.InvokeActionMethodFilterAsynchronously(IActionFilter filter, ActionExecutingContext preContext, Func`1 nextInChain)
   at System.Web.Mvc.Async.AsyncControllerActionInvoker.<>c__DisplayClass37.<>c__DisplayClass39.<>c__DisplayClass3b.<BeginInvokeActionMethodWithFilters>b__35()
   at System.Web.Mvc.Async.AsyncControllerActionInvoker.InvokeActionMethodFilterAsynchronously(IActionFilter filter, ActionExecutingContext preContext, Func`1 nextInChain)
   at System.Web.Mvc.Async.AsyncControllerActionInvoker.<>c__DisplayClass37.<>c__DisplayClass39.<>c__DisplayClass3b.<BeginInvokeActionMethodWithFilters>b__35()
   at System.Web.Mvc.Async.AsyncControllerActionInvoker.<>c__DisplayClass37.<BeginInvokeActionMethodWithFilters>b__31(AsyncCallback asyncCallback, Object asyncState)
   at System.Web.Mvc.Async.AsyncResultWrapper.WrappedAsyncResult`1.Begin(AsyncCallback callback, Object state, Int32 timeout)
   at System.Web.Mvc.Async.AsyncControllerActionInvoker.BeginInvokeActionMethodWithFilters(ControllerContext controllerContext, IList`1 filters, ActionDescriptor actionDescriptor, IDictionary`2 parameters, AsyncCallback callback, Object state)
   at System.Web.Mvc.Async.AsyncControllerActionInvoker.<>c__DisplayClass25.<BeginInvokeAction>b__1e(AsyncCallback asyncCallback, Object asyncState)
 2015-04-09 12:22:11,768 [12] INFO  StatisticalSolutions.Controllers.Base.BaseController - Application URL - /StatisticalSolutions/Base/StatisticalError 
 2015-04-09 12:22:12,488 [12] INFO  StatisticalSolutions.Controllers.Base.BaseController - Application URL - /StatisticalSolutions/Base/StatisticalError 
 2015-04-09 12:22:12,488 [12] ERROR StatisticalSolutions.Controllers.Base.BaseController - Statistical exception message - Exception has been thrown by the target of an invocation.
 2015-04-09 12:22:12,488 [12] ERROR StatisticalSolutions.Controllers.Base.BaseController - Statistical exception stack trace -    at System.RuntimeTypeHandle.CreateInstance(RuntimeType type, Boolean publicOnly, Boolean noCheck, Boolean& canBeCached, RuntimeMethodHandleInternal& ctor, Boolean& bNeedSecurityCheck)
   at System.RuntimeType.CreateInstanceSlow(Boolean publicOnly, Boolean skipCheckThis, Boolean fillCache, StackCrawlMark& stackMark)
   at System.RuntimeType.CreateInstanceDefaultCtor(Boolean publicOnly, Boolean skipCheckThis, Boolean fillCache, StackCrawlMark& stackMark)
   at System.Activator.CreateInstance(Type type, Boolean nonPublic)
   at System.Activator.CreateInstance(Type type)
   at System.Threading.LazyHelpers`1.ActivatorFactorySelector()
   at System.Threading.LazyInitializer.EnsureInitializedCore[T](T& target, Boolean& initialized, Object& syncLock, Func`1 valueFactory)
   at System.Threading.LazyInitializer.EnsureInitialized[T](T& target, Boolean& initialized, Object& syncLock)
   at StatisticalSolutions.Filters.InitializeSimpleMembershipAttribute.OnActionExecuting(ActionExecutingContext filterContext) in c:\temp\3rdPartyProjects\StatisticalSolutions\StatisticalSolutions\Filters\InitializeSimpleMembershipAttribute.cs:line 23
   at System.Web.Mvc.Async.AsyncControllerActionInvoker.InvokeActionMethodFilterAsynchronously(IActionFilter filter, ActionExecutingContext preContext, Func`1 nextInChain)
   at System.Web.Mvc.Async.AsyncControllerActionInvoker.<>c__DisplayClass37.<>c__DisplayClass39.<>c__DisplayClass3b.<BeginInvokeActionMethodWithFilters>b__35()
   at System.Web.Mvc.Async.AsyncControllerActionInvoker.InvokeActionMethodFilterAsynchronously(IActionFilter filter, ActionExecutingContext preContext, Func`1 nextInChain)
   at System.Web.Mvc.Async.AsyncControllerActionInvoker.<>c__DisplayClass37.<>c__DisplayClass39.<>c__DisplayClass3b.<BeginInvokeActionMethodWithFilters>b__35()
   at System.Web.Mvc.Async.AsyncControllerActionInvoker.<>c__DisplayClass37.<BeginInvokeActionMethodWithFilters>b__31(AsyncCallback asyncCallback, Object asyncState)
   at System.Web.Mvc.Async.AsyncResultWrapper.WrappedAsyncResult`1.Begin(AsyncCallback callback, Object state, Int32 timeout)
   at System.Web.Mvc.Async.AsyncControllerActionInvoker.BeginInvokeActionMethodWithFilters(ControllerContext controllerContext, IList`1 filters, ActionDescriptor actionDescriptor, IDictionary`2 parameters, AsyncCallback callback, Object state)
   at System.Web.Mvc.Async.AsyncControllerActionInvoker.<>c__DisplayClass25.<BeginInvokeAction>b__1e(AsyncCallback asyncCallback, Object asyncState)
 2015-04-09 12:22:12,488 [10] INFO  StatisticalSolutions.Controllers.Base.BaseController - Application URL - /StatisticalSolutions/Base/StatisticalError 
 2015-04-09 12:22:13,228 [10] INFO  StatisticalSolutions.Controllers.Base.BaseController - Application URL - /StatisticalSolutions/Base/StatisticalError 
 2015-04-09 12:22:13,228 [10] ERROR StatisticalSolutions.Controllers.Base.BaseController - Statistical exception message - Exception has been thrown by the target of an invocation.
 2015-04-09 12:22:13,228 [10] ERROR StatisticalSolutions.Controllers.Base.BaseController - Statistical exception stack trace -    at System.RuntimeTypeHandle.CreateInstance(RuntimeType type, Boolean publicOnly, Boolean noCheck, Boolean& canBeCached, RuntimeMethodHandleInternal& ctor, Boolean& bNeedSecurityCheck)
   at System.RuntimeType.CreateInstanceSlow(Boolean publicOnly, Boolean skipCheckThis, Boolean fillCache, StackCrawlMark& stackMark)
   at System.RuntimeType.CreateInstanceDefaultCtor(Boolean publicOnly, Boolean skipCheckThis, Boolean fillCache, StackCrawlMark& stackMark)
   at System.Activator.CreateInstance(Type type, Boolean nonPublic)
   at System.Activator.CreateInstance(Type type)
   at System.Threading.LazyHelpers`1.ActivatorFactorySelector()
   at System.Threading.LazyInitializer.EnsureInitializedCore[T](T& target, Boolean& initialized, Object& syncLock, Func`1 valueFactory)
   at System.Threading.LazyInitializer.EnsureInitialized[T](T& target, Boolean& initialized, Object& syncLock)
   at StatisticalSolutions.Filters.InitializeSimpleMembershipAttribute.OnActionExecuting(ActionExecutingContext filterContext) in c:\temp\3rdPartyProjects\StatisticalSolutions\StatisticalSolutions\Filters\InitializeSimpleMembershipAttribute.cs:line 23
   at System.Web.Mvc.Async.AsyncControllerActionInvoker.InvokeActionMethodFilterAsynchronously(IActionFilter filter, ActionExecutingContext preContext, Func`1 nextInChain)
   at System.Web.Mvc.Async.AsyncControllerActionInvoker.<>c__DisplayClass37.<>c__DisplayClass39.<>c__DisplayClass3b.<BeginInvokeActionMethodWithFilters>b__35()
   at System.Web.Mvc.Async.AsyncControllerActionInvoker.InvokeActionMethodFilterAsynchronously(IActionFilter filter, ActionExecutingContext preContext, Func`1 nextInChain)
   at System.Web.Mvc.Async.AsyncControllerActionInvoker.<>c__DisplayClass37.<>c__DisplayClass39.<>c__DisplayClass3b.<BeginInvokeActionMethodWithFilters>b__35()
   at System.Web.Mvc.Async.AsyncControllerActionInvoker.<>c__DisplayClass37.<BeginInvokeActionMethodWithFilters>b__31(AsyncCallback asyncCallback, Object asyncState)
   at System.Web.Mvc.Async.AsyncResultWrapper.WrappedAsyncResult`1.Begin(AsyncCallback callback, Object state, Int32 timeout)
   at System.Web.Mvc.Async.AsyncControllerActionInvoker.BeginInvokeActionMethodWithFilters(ControllerContext controllerContext, IList`1 filters, ActionDescriptor actionDescriptor, IDictionary`2 parameters, AsyncCallback callback, Object state)
   at System.Web.Mvc.Async.AsyncControllerActionInvoker.<>c__DisplayClass25.<BeginInvokeAction>b__1e(AsyncCallback asyncCallback, Object asyncState)
 2015-04-09 12:22:13,228 [18] INFO  StatisticalSolutions.Controllers.Base.BaseController - Application URL - /StatisticalSolutions/Base/StatisticalError 
 2015-04-09 12:22:13,888 [18] INFO  StatisticalSolutions.Controllers.Base.BaseController - Application URL - /StatisticalSolutions/Base/StatisticalError 
 2015-04-09 12:22:13,888 [18] ERROR StatisticalSolutions.Controllers.Base.BaseController - Statistical exception message - Exception has been thrown by the target of an invocation.
 2015-04-09 12:22:13,898 [18] ERROR StatisticalSolutions.Controllers.Base.BaseController - Statistical exception stack trace -    at System.RuntimeTypeHandle.CreateInstance(RuntimeType type, Boolean publicOnly, Boolean noCheck, Boolean& canBeCached, RuntimeMethodHandleInternal& ctor, Boolean& bNeedSecurityCheck)
   at System.RuntimeType.CreateInstanceSlow(Boolean publicOnly, Boolean skipCheckThis, Boolean fillCache, StackCrawlMark& stackMark)
   at System.RuntimeType.CreateInstanceDefaultCtor(Boolean publicOnly, Boolean skipCheckThis, Boolean fillCache, StackCrawlMark& stackMark)
   at System.Activator.CreateInstance(Type type, Boolean nonPublic)
   at System.Activator.CreateInstance(Type type)
   at System.Threading.LazyHelpers`1.ActivatorFactorySelector()
   at System.Threading.LazyInitializer.EnsureInitializedCore[T](T& target, Boolean& initialized, Object& syncLock, Func`1 valueFactory)
   at System.Threading.LazyInitializer.EnsureInitialized[T](T& target, Boolean& initialized, Object& syncLock)
   at StatisticalSolutions.Filters.InitializeSimpleMembershipAttribute.OnActionExecuting(ActionExecutingContext filterContext) in c:\temp\3rdPartyProjects\StatisticalSolutions\StatisticalSolutions\Filters\InitializeSimpleMembershipAttribute.cs:line 23
   at System.Web.Mvc.Async.AsyncControllerActionInvoker.InvokeActionMethodFilterAsynchronously(IActionFilter filter, ActionExecutingContext preContext, Func`1 nextInChain)
   at System.Web.Mvc.Async.AsyncControllerActionInvoker.<>c__DisplayClass37.<>c__DisplayClass39.<>c__DisplayClass3b.<BeginInvokeActionMethodWithFilters>b__35()
   at System.Web.Mvc.Async.AsyncControllerActionInvoker.InvokeActionMethodFilterAsynchronously(IActionFilter filter, ActionExecutingContext preContext, Func`1 nextInChain)
   at System.Web.Mvc.Async.AsyncControllerActionInvoker.<>c__DisplayClass37.<>c__DisplayClass39.<>c__DisplayClass3b.<BeginInvokeActionMethodWithFilters>b__35()
   at System.Web.Mvc.Async.AsyncControllerActionInvoker.<>c__DisplayClass37.<BeginInvokeActionMethodWithFilters>b__31(AsyncCallback asyncCallback, Object asyncState)
   at System.Web.Mvc.Async.AsyncResultWrapper.WrappedAsyncResult`1.Begin(AsyncCallback callback, Object state, Int32 timeout)
   at System.Web.Mvc.Async.AsyncControllerActionInvoker.BeginInvokeActionMethodWithFilters(ControllerContext controllerContext, IList`1 filters, ActionDescriptor actionDescriptor, IDictionary`2 parameters, AsyncCallback callback, Object state)
   at System.Web.Mvc.Async.AsyncControllerActionInvoker.<>c__DisplayClass25.<BeginInvokeAction>b__1e(AsyncCallback asyncCallback, Object asyncState)
 2015-04-09 12:22:13,898 [7] INFO  StatisticalSolutions.Controllers.Base.BaseController - Application URL - /StatisticalSolutions/Base/StatisticalError 
 2015-04-09 12:22:14,468 [7] INFO  StatisticalSolutions.Controllers.Base.BaseController - Application URL - /StatisticalSolutions/Base/StatisticalError 
 2015-04-09 12:22:14,468 [7] ERROR StatisticalSolutions.Controllers.Base.BaseController - Statistical exception message - Exception has been thrown by the target of an invocation.
 2015-04-09 12:22:14,468 [7] ERROR StatisticalSolutions.Controllers.Base.BaseController - Statistical exception stack trace -    at System.RuntimeTypeHandle.CreateInstance(RuntimeType type, Boolean publicOnly, Boolean noCheck, Boolean& canBeCached, RuntimeMethodHandleInternal& ctor, Boolean& bNeedSecurityCheck)
   at System.RuntimeType.CreateInstanceSlow(Boolean publicOnly, Boolean skipCheckThis, Boolean fillCache, StackCrawlMark& stackMark)
   at System.RuntimeType.CreateInstanceDefaultCtor(Boolean publicOnly, Boolean skipCheckThis, Boolean fillCache, StackCrawlMark& stackMark)
   at System.Activator.CreateInstance(Type type, Boolean nonPublic)
   at System.Activator.CreateInstance(Type type)
   at System.Threading.LazyHelpers`1.ActivatorFactorySelector()
   at System.Threading.LazyInitializer.EnsureInitializedCore[T](T& target, Boolean& initialized, Object& syncLock, Func`1 valueFactory)
   at System.Threading.LazyInitializer.EnsureInitialized[T](T& target, Boolean& initialized, Object& syncLock)
   at StatisticalSolutions.Filters.InitializeSimpleMembershipAttribute.OnActionExecuting(ActionExecutingContext filterContext) in c:\temp\3rdPartyProjects\StatisticalSolutions\StatisticalSolutions\Filters\InitializeSimpleMembershipAttribute.cs:line 23
   at System.Web.Mvc.Async.AsyncControllerActionInvoker.InvokeActionMethodFilterAsynchronously(IActionFilter filter, ActionExecutingContext preContext, Func`1 nextInChain)
   at System.Web.Mvc.Async.AsyncControllerActionInvoker.<>c__DisplayClass37.<>c__DisplayClass39.<>c__DisplayClass3b.<BeginInvokeActionMethodWithFilters>b__35()
   at System.Web.Mvc.Async.AsyncControllerActionInvoker.InvokeActionMethodFilterAsynchronously(IActionFilter filter, ActionExecutingContext preContext, Func`1 nextInChain)
   at System.Web.Mvc.Async.AsyncControllerActionInvoker.<>c__DisplayClass37.<>c__DisplayClass39.<>c__DisplayClass3b.<BeginInvokeActionMethodWithFilters>b__35()
   at System.Web.Mvc.Async.AsyncControllerActionInvoker.<>c__DisplayClass37.<BeginInvokeActionMethodWithFilters>b__31(AsyncCallback asyncCallback, Object asyncState)
   at System.Web.Mvc.Async.AsyncResultWrapper.WrappedAsyncResult`1.Begin(AsyncCallback callback, Object state, Int32 timeout)
   at System.Web.Mvc.Async.AsyncControllerActionInvoker.BeginInvokeActionMethodWithFilters(ControllerContext controllerContext, IList`1 filters, ActionDescriptor actionDescriptor, IDictionary`2 parameters, AsyncCallback callback, Object state)
   at System.Web.Mvc.Async.AsyncControllerActionInvoker.<>c__DisplayClass25.<BeginInvokeAction>b__1e(AsyncCallback asyncCallback, Object asyncState)
 2015-04-09 12:22:14,468 [15] INFO  StatisticalSolutions.Controllers.Base.BaseController - Application URL - /StatisticalSolutions/Base/StatisticalError 
 2015-04-09 12:22:14,878 [15] INFO  StatisticalSolutions.Controllers.Base.BaseController - Application URL - /StatisticalSolutions/Base/StatisticalError 
 2015-04-09 12:22:14,878 [15] ERROR StatisticalSolutions.Controllers.Base.BaseController - Statistical exception message - Exception has been thrown by the target of an invocation.
 2015-04-09 12:22:14,878 [15] ERROR StatisticalSolutions.Controllers.Base.BaseController - Statistical exception stack trace -    at System.RuntimeTypeHandle.CreateInstance(RuntimeType type, Boolean publicOnly, Boolean noCheck, Boolean& canBeCached, RuntimeMethodHandleInternal& ctor, Boolean& bNeedSecurityCheck)
   at System.RuntimeType.CreateInstanceSlow(Boolean publicOnly, Boolean skipCheckThis, Boolean fillCache, StackCrawlMark& stackMark)
   at System.RuntimeType.CreateInstanceDefaultCtor(Boolean publicOnly, Boolean skipCheckThis, Boolean fillCache, StackCrawlMark& stackMark)
   at System.Activator.CreateInstance(Type type, Boolean nonPublic)
   at System.Activator.CreateInstance(Type type)
   at System.Threading.LazyHelpers`1.ActivatorFactorySelector()
   at System.Threading.LazyInitializer.EnsureInitializedCore[T](T& target, Boolean& initialized, Object& syncLock, Func`1 valueFactory)
   at System.Threading.LazyInitializer.EnsureInitialized[T](T& target, Boolean& initialized, Object& syncLock)
   at StatisticalSolutions.Filters.InitializeSimpleMembershipAttribute.OnActionExecuting(ActionExecutingContext filterContext) in c:\temp\3rdPartyProjects\StatisticalSolutions\StatisticalSolutions\Filters\InitializeSimpleMembershipAttribute.cs:line 23
   at System.Web.Mvc.Async.AsyncControllerActionInvoker.InvokeActionMethodFilterAsynchronously(IActionFilter filter, ActionExecutingContext preContext, Func`1 nextInChain)
   at System.Web.Mvc.Async.AsyncControllerActionInvoker.<>c__DisplayClass37.<>c__DisplayClass39.<>c__DisplayClass3b.<BeginInvokeActionMethodWithFilters>b__35()
   at System.Web.Mvc.Async.AsyncControllerActionInvoker.InvokeActionMethodFilterAsynchronously(IActionFilter filter, ActionExecutingContext preContext, Func`1 nextInChain)
   at System.Web.Mvc.Async.AsyncControllerActionInvoker.<>c__DisplayClass37.<>c__DisplayClass39.<>c__DisplayClass3b.<BeginInvokeActionMethodWithFilters>b__35()
   at System.Web.Mvc.Async.AsyncControllerActionInvoker.<>c__DisplayClass37.<BeginInvokeActionMethodWithFilters>b__31(AsyncCallback asyncCallback, Object asyncState)
   at System.Web.Mvc.Async.AsyncResultWrapper.WrappedAsyncResult`1.Begin(AsyncCallback callback, Object state, Int32 timeout)
   at System.Web.Mvc.Async.AsyncControllerActionInvoker.BeginInvokeActionMethodWithFilters(ControllerContext controllerContext, IList`1 filters, ActionDescriptor actionDescriptor, IDictionary`2 parameters, AsyncCallback callback, Object state)
   at System.Web.Mvc.Async.AsyncControllerActionInvoker.<>c__DisplayClass25.<BeginInvokeAction>b__1e(AsyncCallback asyncCallback, Object asyncState)
 2015-04-09 12:22:14,878 [18] INFO  StatisticalSolutions.Controllers.Base.BaseController - Application URL - /StatisticalSolutions/Base/StatisticalError 
 2015-04-09 12:22:15,158 [18] INFO  StatisticalSolutions.Controllers.Base.BaseController - Application URL - /StatisticalSolutions/Base/StatisticalError 
 2015-04-09 12:22:15,178 [18] ERROR StatisticalSolutions.Controllers.Base.BaseController - Statistical exception message - Exception has been thrown by the target of an invocation.
 2015-04-09 12:22:15,178 [18] ERROR StatisticalSolutions.Controllers.Base.BaseController - Statistical exception stack trace -    at System.RuntimeTypeHandle.CreateInstance(RuntimeType type, Boolean publicOnly, Boolean noCheck, Boolean& canBeCached, RuntimeMethodHandleInternal& ctor, Boolean& bNeedSecurityCheck)
   at System.RuntimeType.CreateInstanceSlow(Boolean publicOnly, Boolean skipCheckThis, Boolean fillCache, StackCrawlMark& stackMark)
   at System.RuntimeType.CreateInstanceDefaultCtor(Boolean publicOnly, Boolean skipCheckThis, Boolean fillCache, StackCrawlMark& stackMark)
   at System.Activator.CreateInstance(Type type, Boolean nonPublic)
   at System.Activator.CreateInstance(Type type)
   at System.Threading.LazyHelpers`1.ActivatorFactorySelector()
   at System.Threading.LazyInitializer.EnsureInitializedCore[T](T& target, Boolean& initialized, Object& syncLock, Func`1 valueFactory)
   at System.Threading.LazyInitializer.EnsureInitialized[T](T& target, Boolean& initialized, Object& syncLock)
   at StatisticalSolutions.Filters.InitializeSimpleMembershipAttribute.OnActionExecuting(ActionExecutingContext filterContext) in c:\temp\3rdPartyProjects\StatisticalSolutions\StatisticalSolutions\Filters\InitializeSimpleMembershipAttribute.cs:line 23
   at System.Web.Mvc.Async.AsyncControllerActionInvoker.InvokeActionMethodFilterAsynchronously(IActionFilter filter, ActionExecutingContext preContext, Func`1 nextInChain)
   at System.Web.Mvc.Async.AsyncControllerActionInvoker.<>c__DisplayClass37.<>c__DisplayClass39.<>c__DisplayClass3b.<BeginInvokeActionMethodWithFilters>b__35()
   at System.Web.Mvc.Async.AsyncControllerActionInvoker.InvokeActionMethodFilterAsynchronously(IActionFilter filter, ActionExecutingContext preContext, Func`1 nextInChain)
   at System.Web.Mvc.Async.AsyncControllerActionInvoker.<>c__DisplayClass37.<>c__DisplayClass39.<>c__DisplayClass3b.<BeginInvokeActionMethodWithFilters>b__35()
   at System.Web.Mvc.Async.AsyncControllerActionInvoker.<>c__DisplayClass37.<BeginInvokeActionMethodWithFilters>b__31(AsyncCallback asyncCallback, Object asyncState)
   at System.Web.Mvc.Async.AsyncResultWrapper.WrappedAsyncResult`1.Begin(AsyncCallback callback, Object state, Int32 timeout)
   at System.Web.Mvc.Async.AsyncControllerActionInvoker.BeginInvokeActionMethodWithFilters(ControllerContext controllerContext, IList`1 filters, ActionDescriptor actionDescriptor, IDictionary`2 parameters, AsyncCallback callback, Object state)
   at System.Web.Mvc.Async.AsyncControllerActionInvoker.<>c__DisplayClass25.<BeginInvokeAction>b__1e(AsyncCallback asyncCallback, Object asyncState)
 2015-04-09 12:22:15,178 [7] INFO  StatisticalSolutions.Controllers.Base.BaseController - Application URL - /StatisticalSolutions/Base/StatisticalError 
 2015-04-09 12:22:15,418 [7] INFO  StatisticalSolutions.Controllers.Base.BaseController - Application URL - /StatisticalSolutions/Base/StatisticalError 
 2015-04-09 12:22:15,418 [7] ERROR StatisticalSolutions.Controllers.Base.BaseController - Statistical exception message - Exception has been thrown by the target of an invocation.
 2015-04-09 12:22:15,418 [7] ERROR StatisticalSolutions.Controllers.Base.BaseController - Statistical exception stack trace -    at System.RuntimeTypeHandle.CreateInstance(RuntimeType type, Boolean publicOnly, Boolean noCheck, Boolean& canBeCached, RuntimeMethodHandleInternal& ctor, Boolean& bNeedSecurityCheck)
   at System.RuntimeType.CreateInstanceSlow(Boolean publicOnly, Boolean skipCheckThis, Boolean fillCache, StackCrawlMark& stackMark)
   at System.RuntimeType.CreateInstanceDefaultCtor(Boolean publicOnly, Boolean skipCheckThis, Boolean fillCache, StackCrawlMark& stackMark)
   at System.Activator.CreateInstance(Type type, Boolean nonPublic)
   at System.Activator.CreateInstance(Type type)
   at System.Threading.LazyHelpers`1.ActivatorFactorySelector()
   at System.Threading.LazyInitializer.EnsureInitializedCore[T](T& target, Boolean& initialized, Object& syncLock, Func`1 valueFactory)
   at System.Threading.LazyInitializer.EnsureInitialized[T](T& target, Boolean& initialized, Object& syncLock)
   at StatisticalSolutions.Filters.InitializeSimpleMembershipAttribute.OnActionExecuting(ActionExecutingContext filterContext) in c:\temp\3rdPartyProjects\StatisticalSolutions\StatisticalSolutions\Filters\InitializeSimpleMembershipAttribute.cs:line 23
   at System.Web.Mvc.Async.AsyncControllerActionInvoker.InvokeActionMethodFilterAsynchronously(IActionFilter filter, ActionExecutingContext preContext, Func`1 nextInChain)
   at System.Web.Mvc.Async.AsyncControllerActionInvoker.<>c__DisplayClass37.<>c__DisplayClass39.<>c__DisplayClass3b.<BeginInvokeActionMethodWithFilters>b__35()
   at System.Web.Mvc.Async.AsyncControllerActionInvoker.InvokeActionMethodFilterAsynchronously(IActionFilter filter, ActionExecutingContext preContext, Func`1 nextInChain)
   at System.Web.Mvc.Async.AsyncControllerActionInvoker.<>c__DisplayClass37.<>c__DisplayClass39.<>c__DisplayClass3b.<BeginInvokeActionMethodWithFilters>b__35()
   at System.Web.Mvc.Async.AsyncControllerActionInvoker.<>c__DisplayClass37.<BeginInvokeActionMethodWithFilters>b__31(AsyncCallback asyncCallback, Object asyncState)
   at System.Web.Mvc.Async.AsyncResultWrapper.WrappedAsyncResult`1.Begin(AsyncCallback callback, Object state, Int32 timeout)
   at System.Web.Mvc.Async.AsyncControllerActionInvoker.BeginInvokeActionMethodWithFilters(ControllerContext controllerContext, IList`1 filters, ActionDescriptor actionDescriptor, IDictionary`2 parameters, AsyncCallback callback, Object state)
   at System.Web.Mvc.Async.AsyncControllerActionInvoker.<>c__DisplayClass25.<BeginInvokeAction>b__1e(AsyncCallback asyncCallback, Object asyncState)
 2015-04-09 12:22:15,428 [11] INFO  StatisticalSolutions.Controllers.Base.BaseController - Application URL - /StatisticalSolutions/Base/StatisticalError 
 2015-04-09 12:22:15,718 [11] INFO  StatisticalSolutions.Controllers.Base.BaseController - Application URL - /StatisticalSolutions/Base/StatisticalError 
 2015-04-09 12:22:15,718 [11] ERROR StatisticalSolutions.Controllers.Base.BaseController - Statistical exception message - Exception has been thrown by the target of an invocation.
 2015-04-09 12:22:15,718 [11] ERROR StatisticalSolutions.Controllers.Base.BaseController - Statistical exception stack trace -    at System.RuntimeTypeHandle.CreateInstance(RuntimeType type, Boolean publicOnly, Boolean noCheck, Boolean& canBeCached, RuntimeMethodHandleInternal& ctor, Boolean& bNeedSecurityCheck)
   at System.RuntimeType.CreateInstanceSlow(Boolean publicOnly, Boolean skipCheckThis, Boolean fillCache, StackCrawlMark& stackMark)
   at System.RuntimeType.CreateInstanceDefaultCtor(Boolean publicOnly, Boolean skipCheckThis, Boolean fillCache, StackCrawlMark& stackMark)
   at System.Activator.CreateInstance(Type type, Boolean nonPublic)
   at System.Activator.CreateInstance(Type type)
   at System.Threading.LazyHelpers`1.ActivatorFactorySelector()
   at System.Threading.LazyInitializer.EnsureInitializedCore[T](T& target, Boolean& initialized, Object& syncLock, Func`1 valueFactory)
   at System.Threading.LazyInitializer.EnsureInitialized[T](T& target, Boolean& initialized, Object& syncLock)
   at StatisticalSolutions.Filters.InitializeSimpleMembershipAttribute.OnActionExecuting(ActionExecutingContext filterContext) in c:\temp\3rdPartyProjects\StatisticalSolutions\StatisticalSolutions\Filters\InitializeSimpleMembershipAttribute.cs:line 23
   at System.Web.Mvc.Async.AsyncControllerActionInvoker.InvokeActionMethodFilterAsynchronously(IActionFilter filter, ActionExecutingContext preContext, Func`1 nextInChain)
   at System.Web.Mvc.Async.AsyncControllerActionInvoker.<>c__DisplayClass37.<>c__DisplayClass39.<>c__DisplayClass3b.<BeginInvokeActionMethodWithFilters>b__35()
   at System.Web.Mvc.Async.AsyncControllerActionInvoker.InvokeActionMethodFilterAsynchronously(IActionFilter filter, ActionExecutingContext preContext, Func`1 nextInChain)
   at System.Web.Mvc.Async.AsyncControllerActionInvoker.<>c__DisplayClass37.<>c__DisplayClass39.<>c__DisplayClass3b.<BeginInvokeActionMethodWithFilters>b__35()
   at System.Web.Mvc.Async.AsyncControllerActionInvoker.<>c__DisplayClass37.<BeginInvokeActionMethodWithFilters>b__31(AsyncCallback asyncCallback, Object asyncState)
   at System.Web.Mvc.Async.AsyncResultWrapper.WrappedAsyncResult`1.Begin(AsyncCallback callback, Object state, Int32 timeout)
   at System.Web.Mvc.Async.AsyncControllerActionInvoker.BeginInvokeActionMethodWithFilters(ControllerContext controllerContext, IList`1 filters, ActionDescriptor actionDescriptor, IDictionary`2 parameters, AsyncCallback callback, Object state)
   at System.Web.Mvc.Async.AsyncControllerActionInvoker.<>c__DisplayClass25.<BeginInvokeAction>b__1e(AsyncCallback asyncCallback, Object asyncState)
 2015-04-09 12:22:15,728 [5] INFO  StatisticalSolutions.Controllers.Base.BaseController - Application URL - /StatisticalSolutions/Base/StatisticalError 
 2015-04-09 12:22:16,018 [5] INFO  StatisticalSolutions.Controllers.Base.BaseController - Application URL - /StatisticalSolutions/Base/StatisticalError 
 2015-04-09 12:22:16,018 [5] ERROR StatisticalSolutions.Controllers.Base.BaseController - Statistical exception message - Exception has been thrown by the target of an invocation.
 2015-04-09 12:22:16,018 [5] ERROR StatisticalSolutions.Controllers.Base.BaseController - Statistical exception stack trace -    at System.RuntimeTypeHandle.CreateInstance(RuntimeType type, Boolean publicOnly, Boolean noCheck, Boolean& canBeCached, RuntimeMethodHandleInternal& ctor, Boolean& bNeedSecurityCheck)
   at System.RuntimeType.CreateInstanceSlow(Boolean publicOnly, Boolean skipCheckThis, Boolean fillCache, StackCrawlMark& stackMark)
   at System.RuntimeType.CreateInstanceDefaultCtor(Boolean publicOnly, Boolean skipCheckThis, Boolean fillCache, StackCrawlMark& stackMark)
   at System.Activator.CreateInstance(Type type, Boolean nonPublic)
   at System.Activator.CreateInstance(Type type)
   at System.Threading.LazyHelpers`1.ActivatorFactorySelector()
   at System.Threading.LazyInitializer.EnsureInitializedCore[T](T& target, Boolean& initialized, Object& syncLock, Func`1 valueFactory)
   at System.Threading.LazyInitializer.EnsureInitialized[T](T& target, Boolean& initialized, Object& syncLock)
   at StatisticalSolutions.Filters.InitializeSimpleMembershipAttribute.OnActionExecuting(ActionExecutingContext filterContext) in c:\temp\3rdPartyProjects\StatisticalSolutions\StatisticalSolutions\Filters\InitializeSimpleMembershipAttribute.cs:line 23
   at System.Web.Mvc.Async.AsyncControllerActionInvoker.InvokeActionMethodFilterAsynchronously(IActionFilter filter, ActionExecutingContext preContext, Func`1 nextInChain)
   at System.Web.Mvc.Async.AsyncControllerActionInvoker.<>c__DisplayClass37.<>c__DisplayClass39.<>c__DisplayClass3b.<BeginInvokeActionMethodWithFilters>b__35()
   at System.Web.Mvc.Async.AsyncControllerActionInvoker.InvokeActionMethodFilterAsynchronously(IActionFilter filter, ActionExecutingContext preContext, Func`1 nextInChain)
   at System.Web.Mvc.Async.AsyncControllerActionInvoker.<>c__DisplayClass37.<>c__DisplayClass39.<>c__DisplayClass3b.<BeginInvokeActionMethodWithFilters>b__35()
   at System.Web.Mvc.Async.AsyncControllerActionInvoker.<>c__DisplayClass37.<BeginInvokeActionMethodWithFilters>b__31(AsyncCallback asyncCallback, Object asyncState)
   at System.Web.Mvc.Async.AsyncResultWrapper.WrappedAsyncResult`1.Begin(AsyncCallback callback, Object state, Int32 timeout)
   at System.Web.Mvc.Async.AsyncControllerActionInvoker.BeginInvokeActionMethodWithFilters(ControllerContext controllerContext, IList`1 filters, ActionDescriptor actionDescriptor, IDictionary`2 parameters, AsyncCallback callback, Object state)
   at System.Web.Mvc.Async.AsyncControllerActionInvoker.<>c__DisplayClass25.<BeginInvokeAction>b__1e(AsyncCallback asyncCallback, Object asyncState)
 2015-04-09 12:22:16,028 [15] INFO  StatisticalSolutions.Controllers.Base.BaseController - Application URL - /StatisticalSolutions/Base/StatisticalError 
 2015-04-09 12:22:18,668 [15] INFO  StatisticalSolutions.Controllers.Base.BaseController - Application URL - /StatisticalSolutions/Base/StatisticalError 
 2015-04-09 12:22:18,668 [15] ERROR StatisticalSolutions.Controllers.Base.BaseController - Statistical exception message - Exception has been thrown by the target of an invocation.
 2015-04-09 12:22:18,668 [15] ERROR StatisticalSolutions.Controllers.Base.BaseController - Statistical exception stack trace -    at System.RuntimeTypeHandle.CreateInstance(RuntimeType type, Boolean publicOnly, Boolean noCheck, Boolean& canBeCached, RuntimeMethodHandleInternal& ctor, Boolean& bNeedSecurityCheck)
   at System.RuntimeType.CreateInstanceSlow(Boolean publicOnly, Boolean skipCheckThis, Boolean fillCache, StackCrawlMark& stackMark)
   at System.RuntimeType.CreateInstanceDefaultCtor(Boolean publicOnly, Boolean skipCheckThis, Boolean fillCache, StackCrawlMark& stackMark)
   at System.Activator.CreateInstance(Type type, Boolean nonPublic)
   at System.Activator.CreateInstance(Type type)
   at System.Threading.LazyHelpers`1.ActivatorFactorySelector()
   at System.Threading.LazyInitializer.EnsureInitializedCore[T](T& target, Boolean& initialized, Object& syncLock, Func`1 valueFactory)
   at System.Threading.LazyInitializer.EnsureInitialized[T](T& target, Boolean& initialized, Object& syncLock)
   at StatisticalSolutions.Filters.InitializeSimpleMembershipAttribute.OnActionExecuting(ActionExecutingContext filterContext) in c:\temp\3rdPartyProjects\StatisticalSolutions\StatisticalSolutions\Filters\InitializeSimpleMembershipAttribute.cs:line 23
   at System.Web.Mvc.Async.AsyncControllerActionInvoker.InvokeActionMethodFilterAsynchronously(IActionFilter filter, ActionExecutingContext preContext, Func`1 nextInChain)
   at System.Web.Mvc.Async.AsyncControllerActionInvoker.<>c__DisplayClass37.<>c__DisplayClass39.<>c__DisplayClass3b.<BeginInvokeActionMethodWithFilters>b__35()
   at System.Web.Mvc.Async.AsyncControllerActionInvoker.InvokeActionMethodFilterAsynchronously(IActionFilter filter, ActionExecutingContext preContext, Func`1 nextInChain)
   at System.Web.Mvc.Async.AsyncControllerActionInvoker.<>c__DisplayClass37.<>c__DisplayClass39.<>c__DisplayClass3b.<BeginInvokeActionMethodWithFilters>b__35()
   at System.Web.Mvc.Async.AsyncControllerActionInvoker.<>c__DisplayClass37.<BeginInvokeActionMethodWithFilters>b__31(AsyncCallback asyncCallback, Object asyncState)
   at System.Web.Mvc.Async.AsyncResultWrapper.WrappedAsyncResult`1.Begin(AsyncCallback callback, Object state, Int32 timeout)
   at System.Web.Mvc.Async.AsyncControllerActionInvoker.BeginInvokeActionMethodWithFilters(ControllerContext controllerContext, IList`1 filters, ActionDescriptor actionDescriptor, IDictionary`2 parameters, AsyncCallback callback, Object state)
   at System.Web.Mvc.Async.AsyncControllerActionInvoker.<>c__DisplayClass25.<BeginInvokeAction>b__1e(AsyncCallback asyncCallback, Object asyncState)
 2015-04-09 12:22:18,668 [18] INFO  StatisticalSolutions.Controllers.Base.BaseController - Application URL - /StatisticalSolutions/Base/StatisticalError 
 2015-04-09 12:22:18,738 [18] INFO  StatisticalSolutions.Controllers.Base.BaseController - Application URL - /StatisticalSolutions/Base/StatisticalError 
 2015-04-09 12:22:18,738 [18] ERROR StatisticalSolutions.Controllers.Base.BaseController - Statistical exception message - Exception has been thrown by the target of an invocation.
 2015-04-09 12:22:18,738 [18] ERROR StatisticalSolutions.Controllers.Base.BaseController - Statistical exception stack trace -    at System.RuntimeTypeHandle.CreateInstance(RuntimeType type, Boolean publicOnly, Boolean noCheck, Boolean& canBeCached, RuntimeMethodHandleInternal& ctor, Boolean& bNeedSecurityCheck)
   at System.RuntimeType.CreateInstanceSlow(Boolean publicOnly, Boolean skipCheckThis, Boolean fillCache, StackCrawlMark& stackMark)
   at System.RuntimeType.CreateInstanceDefaultCtor(Boolean publicOnly, Boolean skipCheckThis, Boolean fillCache, StackCrawlMark& stackMark)
   at System.Activator.CreateInstance(Type type, Boolean nonPublic)
   at System.Activator.CreateInstance(Type type)
   at System.Threading.LazyHelpers`1.ActivatorFactorySelector()
   at System.Threading.LazyInitializer.EnsureInitializedCore[T](T& target, Boolean& initialized, Object& syncLock, Func`1 valueFactory)
   at System.Threading.LazyInitializer.EnsureInitialized[T](T& target, Boolean& initialized, Object& syncLock)
   at StatisticalSolutions.Filters.InitializeSimpleMembershipAttribute.OnActionExecuting(ActionExecutingContext filterContext) in c:\temp\3rdPartyProjects\StatisticalSolutions\StatisticalSolutions\Filters\InitializeSimpleMembershipAttribute.cs:line 23
   at System.Web.Mvc.Async.AsyncControllerActionInvoker.InvokeActionMethodFilterAsynchronously(IActionFilter filter, ActionExecutingContext preContext, Func`1 nextInChain)
   at System.Web.Mvc.Async.AsyncControllerActionInvoker.<>c__DisplayClass37.<>c__DisplayClass39.<>c__DisplayClass3b.<BeginInvokeActionMethodWithFilters>b__35()
   at System.Web.Mvc.Async.AsyncControllerActionInvoker.InvokeActionMethodFilterAsynchronously(IActionFilter filter, ActionExecutingContext preContext, Func`1 nextInChain)
   at System.Web.Mvc.Async.AsyncControllerActionInvoker.<>c__DisplayClass37.<>c__DisplayClass39.<>c__DisplayClass3b.<BeginInvokeActionMethodWithFilters>b__35()
   at System.Web.Mvc.Async.AsyncControllerActionInvoker.<>c__DisplayClass37.<BeginInvokeActionMethodWithFilters>b__31(AsyncCallback asyncCallback, Object asyncState)
   at System.Web.Mvc.Async.AsyncResultWrapper.WrappedAsyncResult`1.Begin(AsyncCallback callback, Object state, Int32 timeout)
   at System.Web.Mvc.Async.AsyncControllerActionInvoker.BeginInvokeActionMethodWithFilters(ControllerContext controllerContext, IList`1 filters, ActionDescriptor actionDescriptor, IDictionary`2 parameters, AsyncCallback callback, Object state)
   at System.Web.Mvc.Async.AsyncControllerActionInvoker.<>c__DisplayClass25.<BeginInvokeAction>b__1e(AsyncCallback asyncCallback, Object asyncState)
 2015-04-09 12:22:18,738 [13] INFO  StatisticalSolutions.Controllers.Base.BaseController - Application URL - /StatisticalSolutions/Base/StatisticalError 
 2015-04-09 12:22:18,798 [13] INFO  StatisticalSolutions.Controllers.Base.BaseController - Application URL - /StatisticalSolutions/Base/StatisticalError 
 2015-04-09 12:22:18,798 [13] ERROR StatisticalSolutions.Controllers.Base.BaseController - Statistical exception message - Exception has been thrown by the target of an invocation.
 2015-04-09 12:22:18,798 [13] ERROR StatisticalSolutions.Controllers.Base.BaseController - Statistical exception stack trace -    at System.RuntimeTypeHandle.CreateInstance(RuntimeType type, Boolean publicOnly, Boolean noCheck, Boolean& canBeCached, RuntimeMethodHandleInternal& ctor, Boolean& bNeedSecurityCheck)
   at System.RuntimeType.CreateInstanceSlow(Boolean publicOnly, Boolean skipCheckThis, Boolean fillCache, StackCrawlMark& stackMark)
   at System.RuntimeType.CreateInstanceDefaultCtor(Boolean publicOnly, Boolean skipCheckThis, Boolean fillCache, StackCrawlMark& stackMark)
   at System.Activator.CreateInstance(Type type, Boolean nonPublic)
   at System.Activator.CreateInstance(Type type)
   at System.Threading.LazyHelpers`1.ActivatorFactorySelector()
   at System.Threading.LazyInitializer.EnsureInitializedCore[T](T& target, Boolean& initialized, Object& syncLock, Func`1 valueFactory)
   at System.Threading.LazyInitializer.EnsureInitialized[T](T& target, Boolean& initialized, Object& syncLock)
   at StatisticalSolutions.Filters.InitializeSimpleMembershipAttribute.OnActionExecuting(ActionExecutingContext filterContext) in c:\temp\3rdPartyProjects\StatisticalSolutions\StatisticalSolutions\Filters\InitializeSimpleMembershipAttribute.cs:line 23
   at System.Web.Mvc.Async.AsyncControllerActionInvoker.InvokeActionMethodFilterAsynchronously(IActionFilter filter, ActionExecutingContext preContext, Func`1 nextInChain)
   at System.Web.Mvc.Async.AsyncControllerActionInvoker.<>c__DisplayClass37.<>c__DisplayClass39.<>c__DisplayClass3b.<BeginInvokeActionMethodWithFilters>b__35()
   at System.Web.Mvc.Async.AsyncControllerActionInvoker.InvokeActionMethodFilterAsynchronously(IActionFilter filter, ActionExecutingContext preContext, Func`1 nextInChain)
   at System.Web.Mvc.Async.AsyncControllerActionInvoker.<>c__DisplayClass37.<>c__DisplayClass39.<>c__DisplayClass3b.<BeginInvokeActionMethodWithFilters>b__35()
   at System.Web.Mvc.Async.AsyncControllerActionInvoker.<>c__DisplayClass37.<BeginInvokeActionMethodWithFilters>b__31(AsyncCallback asyncCallback, Object asyncState)
   at System.Web.Mvc.Async.AsyncResultWrapper.WrappedAsyncResult`1.Begin(AsyncCallback callback, Object state, Int32 timeout)
   at System.Web.Mvc.Async.AsyncControllerActionInvoker.BeginInvokeActionMethodWithFilters(ControllerContext controllerContext, IList`1 filters, ActionDescriptor actionDescriptor, IDictionary`2 parameters, AsyncCallback callback, Object state)
   at System.Web.Mvc.Async.AsyncControllerActionInvoker.<>c__DisplayClass25.<BeginInvokeAction>b__1e(AsyncCallback asyncCallback, Object asyncState)
 2015-04-09 12:22:18,798 [18] INFO  StatisticalSolutions.Controllers.Base.BaseController - Application URL - /StatisticalSolutions/Base/StatisticalError 
 2015-04-09 12:22:18,848 [18] INFO  StatisticalSolutions.Controllers.Base.BaseController - Application URL - /StatisticalSolutions/Base/StatisticalError 
 2015-04-09 12:22:18,848 [18] ERROR StatisticalSolutions.Controllers.Base.BaseController - Statistical exception message - Exception has been thrown by the target of an invocation.
 2015-04-09 12:22:18,848 [18] ERROR StatisticalSolutions.Controllers.Base.BaseController - Statistical exception stack trace -    at System.RuntimeTypeHandle.CreateInstance(RuntimeType type, Boolean publicOnly, Boolean noCheck, Boolean& canBeCached, RuntimeMethodHandleInternal& ctor, Boolean& bNeedSecurityCheck)
   at System.RuntimeType.CreateInstanceSlow(Boolean publicOnly, Boolean skipCheckThis, Boolean fillCache, StackCrawlMark& stackMark)
   at System.RuntimeType.CreateInstanceDefaultCtor(Boolean publicOnly, Boolean skipCheckThis, Boolean fillCache, StackCrawlMark& stackMark)
   at System.Activator.CreateInstance(Type type, Boolean nonPublic)
   at System.Activator.CreateInstance(Type type)
   at System.Threading.LazyHelpers`1.ActivatorFactorySelector()
   at System.Threading.LazyInitializer.EnsureInitializedCore[T](T& target, Boolean& initialized, Object& syncLock, Func`1 valueFactory)
   at System.Threading.LazyInitializer.EnsureInitialized[T](T& target, Boolean& initialized, Object& syncLock)
   at StatisticalSolutions.Filters.InitializeSimpleMembershipAttribute.OnActionExecuting(ActionExecutingContext filterContext) in c:\temp\3rdPartyProjects\StatisticalSolutions\StatisticalSolutions\Filters\InitializeSimpleMembershipAttribute.cs:line 23
   at System.Web.Mvc.Async.AsyncControllerActionInvoker.InvokeActionMethodFilterAsynchronously(IActionFilter filter, ActionExecutingContext preContext, Func`1 nextInChain)
   at System.Web.Mvc.Async.AsyncControllerActionInvoker.<>c__DisplayClass37.<>c__DisplayClass39.<>c__DisplayClass3b.<BeginInvokeActionMethodWithFilters>b__35()
   at System.Web.Mvc.Async.AsyncControllerActionInvoker.InvokeActionMethodFilterAsynchronously(IActionFilter filter, ActionExecutingContext preContext, Func`1 nextInChain)
   at System.Web.Mvc.Async.AsyncControllerActionInvoker.<>c__DisplayClass37.<>c__DisplayClass39.<>c__DisplayClass3b.<BeginInvokeActionMethodWithFilters>b__35()
   at System.Web.Mvc.Async.AsyncControllerActionInvoker.<>c__DisplayClass37.<BeginInvokeActionMethodWithFilters>b__31(AsyncCallback asyncCallback, Object asyncState)
   at System.Web.Mvc.Async.AsyncResultWrapper.WrappedAsyncResult`1.Begin(AsyncCallback callback, Object state, Int32 timeout)
   at System.Web.Mvc.Async.AsyncControllerActionInvoker.BeginInvokeActionMethodWithFilters(ControllerContext controllerContext, IList`1 filters, ActionDescriptor actionDescriptor, IDictionary`2 parameters, AsyncCallback callback, Object state)
   at System.Web.Mvc.Async.AsyncControllerActionInvoker.<>c__DisplayClass25.<BeginInvokeAction>b__1e(AsyncCallback asyncCallback, Object asyncState)
 2015-04-09 12:22:18,848 [7] INFO  StatisticalSolutions.Controllers.Base.BaseController - Application URL - /StatisticalSolutions/Base/StatisticalError 
 2015-04-09 12:22:18,898 [7] INFO  StatisticalSolutions.Controllers.Base.BaseController - Application URL - /StatisticalSolutions/Base/StatisticalError 
 2015-04-09 12:22:18,898 [7] ERROR StatisticalSolutions.Controllers.Base.BaseController - Statistical exception message - Exception has been thrown by the target of an invocation.
 2015-04-09 12:22:18,898 [7] ERROR StatisticalSolutions.Controllers.Base.BaseController - Statistical exception stack trace -    at System.RuntimeTypeHandle.CreateInstance(RuntimeType type, Boolean publicOnly, Boolean noCheck, Boolean& canBeCached, RuntimeMethodHandleInternal& ctor, Boolean& bNeedSecurityCheck)
   at System.RuntimeType.CreateInstanceSlow(Boolean publicOnly, Boolean skipCheckThis, Boolean fillCache, StackCrawlMark& stackMark)
   at System.RuntimeType.CreateInstanceDefaultCtor(Boolean publicOnly, Boolean skipCheckThis, Boolean fillCache, StackCrawlMark& stackMark)
   at System.Activator.CreateInstance(Type type, Boolean nonPublic)
   at System.Activator.CreateInstance(Type type)
   at System.Threading.LazyHelpers`1.ActivatorFactorySelector()
   at System.Threading.LazyInitializer.EnsureInitializedCore[T](T& target, Boolean& initialized, Object& syncLock, Func`1 valueFactory)
   at System.Threading.LazyInitializer.EnsureInitialized[T](T& target, Boolean& initialized, Object& syncLock)
   at StatisticalSolutions.Filters.InitializeSimpleMembershipAttribute.OnActionExecuting(ActionExecutingContext filterContext) in c:\temp\3rdPartyProjects\StatisticalSolutions\StatisticalSolutions\Filters\InitializeSimpleMembershipAttribute.cs:line 23
   at System.Web.Mvc.Async.AsyncControllerActionInvoker.InvokeActionMethodFilterAsynchronously(IActionFilter filter, ActionExecutingContext preContext, Func`1 nextInChain)
   at System.Web.Mvc.Async.AsyncControllerActionInvoker.<>c__DisplayClass37.<>c__DisplayClass39.<>c__DisplayClass3b.<BeginInvokeActionMethodWithFilters>b__35()
   at System.Web.Mvc.Async.AsyncControllerActionInvoker.InvokeActionMethodFilterAsynchronously(IActionFilter filter, ActionExecutingContext preContext, Func`1 nextInChain)
   at System.Web.Mvc.Async.AsyncControllerActionInvoker.<>c__DisplayClass37.<>c__DisplayClass39.<>c__DisplayClass3b.<BeginInvokeActionMethodWithFilters>b__35()
   at System.Web.Mvc.Async.AsyncControllerActionInvoker.<>c__DisplayClass37.<BeginInvokeActionMethodWithFilters>b__31(AsyncCallback asyncCallback, Object asyncState)
   at System.Web.Mvc.Async.AsyncResultWrapper.WrappedAsyncResult`1.Begin(AsyncCallback callback, Object state, Int32 timeout)
   at System.Web.Mvc.Async.AsyncControllerActionInvoker.BeginInvokeActionMethodWithFilters(ControllerContext controllerContext, IList`1 filters, ActionDescriptor actionDescriptor, IDictionary`2 parameters, AsyncCallback callback, Object state)
   at System.Web.Mvc.Async.AsyncControllerActionInvoker.<>c__DisplayClass25.<BeginInvokeAction>b__1e(AsyncCallback asyncCallback, Object asyncState)
 2015-04-09 12:22:18,898 [15] INFO  StatisticalSolutions.Controllers.Base.BaseController - Application URL - /StatisticalSolutions/Base/StatisticalError 
 2015-04-09 12:22:18,948 [15] INFO  StatisticalSolutions.Controllers.Base.BaseController - Application URL - /StatisticalSolutions/Base/StatisticalError 
 2015-04-09 12:22:18,948 [15] ERROR StatisticalSolutions.Controllers.Base.BaseController - Statistical exception message - Exception has been thrown by the target of an invocation.
 2015-04-09 12:22:18,948 [15] ERROR StatisticalSolutions.Controllers.Base.BaseController - Statistical exception stack trace -    at System.RuntimeTypeHandle.CreateInstance(RuntimeType type, Boolean publicOnly, Boolean noCheck, Boolean& canBeCached, RuntimeMethodHandleInternal& ctor, Boolean& bNeedSecurityCheck)
   at System.RuntimeType.CreateInstanceSlow(Boolean publicOnly, Boolean skipCheckThis, Boolean fillCache, StackCrawlMark& stackMark)
   at System.RuntimeType.CreateInstanceDefaultCtor(Boolean publicOnly, Boolean skipCheckThis, Boolean fillCache, StackCrawlMark& stackMark)
   at System.Activator.CreateInstance(Type type, Boolean nonPublic)
   at System.Activator.CreateInstance(Type type)
   at System.Threading.LazyHelpers`1.ActivatorFactorySelector()
   at System.Threading.LazyInitializer.EnsureInitializedCore[T](T& target, Boolean& initialized, Object& syncLock, Func`1 valueFactory)
   at System.Threading.LazyInitializer.EnsureInitialized[T](T& target, Boolean& initialized, Object& syncLock)
   at StatisticalSolutions.Filters.InitializeSimpleMembershipAttribute.OnActionExecuting(ActionExecutingContext filterContext) in c:\temp\3rdPartyProjects\StatisticalSolutions\StatisticalSolutions\Filters\InitializeSimpleMembershipAttribute.cs:line 23
   at System.Web.Mvc.Async.AsyncControllerActionInvoker.InvokeActionMethodFilterAsynchronously(IActionFilter filter, ActionExecutingContext preContext, Func`1 nextInChain)
   at System.Web.Mvc.Async.AsyncControllerActionInvoker.<>c__DisplayClass37.<>c__DisplayClass39.<>c__DisplayClass3b.<BeginInvokeActionMethodWithFilters>b__35()
   at System.Web.Mvc.Async.AsyncControllerActionInvoker.InvokeActionMethodFilterAsynchronously(IActionFilter filter, ActionExecutingContext preContext, Func`1 nextInChain)
   at System.Web.Mvc.Async.AsyncControllerActionInvoker.<>c__DisplayClass37.<>c__DisplayClass39.<>c__DisplayClass3b.<BeginInvokeActionMethodWithFilters>b__35()
   at System.Web.Mvc.Async.AsyncControllerActionInvoker.<>c__DisplayClass37.<BeginInvokeActionMethodWithFilters>b__31(AsyncCallback asyncCallback, Object asyncState)
   at System.Web.Mvc.Async.AsyncResultWrapper.WrappedAsyncResult`1.Begin(AsyncCallback callback, Object state, Int32 timeout)
   at System.Web.Mvc.Async.AsyncControllerActionInvoker.BeginInvokeActionMethodWithFilters(ControllerContext controllerContext, IList`1 filters, ActionDescriptor actionDescriptor, IDictionary`2 parameters, AsyncCallback callback, Object state)
   at System.Web.Mvc.Async.AsyncControllerActionInvoker.<>c__DisplayClass25.<BeginInvokeAction>b__1e(AsyncCallback asyncCallback, Object asyncState)
 2015-04-09 12:22:18,948 [11] INFO  StatisticalSolutions.Controllers.Base.BaseController - Application URL - /StatisticalSolutions/Base/StatisticalError 
 2015-04-09 12:22:18,998 [11] INFO  StatisticalSolutions.Controllers.Base.BaseController - Application URL - /StatisticalSolutions/Base/StatisticalError 
 2015-04-09 12:22:18,998 [11] ERROR StatisticalSolutions.Controllers.Base.BaseController - Statistical exception message - Exception has been thrown by the target of an invocation.
 2015-04-09 12:22:18,998 [11] ERROR StatisticalSolutions.Controllers.Base.BaseController - Statistical exception stack trace -    at System.RuntimeTypeHandle.CreateInstance(RuntimeType type, Boolean publicOnly, Boolean noCheck, Boolean& canBeCached, RuntimeMethodHandleInternal& ctor, Boolean& bNeedSecurityCheck)
   at System.RuntimeType.CreateInstanceSlow(Boolean publicOnly, Boolean skipCheckThis, Boolean fillCache, StackCrawlMark& stackMark)
   at System.RuntimeType.CreateInstanceDefaultCtor(Boolean publicOnly, Boolean skipCheckThis, Boolean fillCache, StackCrawlMark& stackMark)
   at System.Activator.CreateInstance(Type type, Boolean nonPublic)
   at System.Activator.CreateInstance(Type type)
   at System.Threading.LazyHelpers`1.ActivatorFactorySelector()
   at System.Threading.LazyInitializer.EnsureInitializedCore[T](T& target, Boolean& initialized, Object& syncLock, Func`1 valueFactory)
   at System.Threading.LazyInitializer.EnsureInitialized[T](T& target, Boolean& initialized, Object& syncLock)
   at StatisticalSolutions.Filters.InitializeSimpleMembershipAttribute.OnActionExecuting(ActionExecutingContext filterContext) in c:\temp\3rdPartyProjects\StatisticalSolutions\StatisticalSolutions\Filters\InitializeSimpleMembershipAttribute.cs:line 23
   at System.Web.Mvc.Async.AsyncControllerActionInvoker.InvokeActionMethodFilterAsynchronously(IActionFilter filter, ActionExecutingContext preContext, Func`1 nextInChain)
   at System.Web.Mvc.Async.AsyncControllerActionInvoker.<>c__DisplayClass37.<>c__DisplayClass39.<>c__DisplayClass3b.<BeginInvokeActionMethodWithFilters>b__35()
   at System.Web.Mvc.Async.AsyncControllerActionInvoker.InvokeActionMethodFilterAsynchronously(IActionFilter filter, ActionExecutingContext preContext, Func`1 nextInChain)
   at System.Web.Mvc.Async.AsyncControllerActionInvoker.<>c__DisplayClass37.<>c__DisplayClass39.<>c__DisplayClass3b.<BeginInvokeActionMethodWithFilters>b__35()
   at System.Web.Mvc.Async.AsyncControllerActionInvoker.<>c__DisplayClass37.<BeginInvokeActionMethodWithFilters>b__31(AsyncCallback asyncCallback, Object asyncState)
   at System.Web.Mvc.Async.AsyncResultWrapper.WrappedAsyncResult`1.Begin(AsyncCallback callback, Object state, Int32 timeout)
   at System.Web.Mvc.Async.AsyncControllerActionInvoker.BeginInvokeActionMethodWithFilters(ControllerContext controllerContext, IList`1 filters, ActionDescriptor actionDescriptor, IDictionary`2 parameters, AsyncCallback callback, Object state)
   at System.Web.Mvc.Async.AsyncControllerActionInvoker.<>c__DisplayClass25.<BeginInvokeAction>b__1e(AsyncCallback asyncCallback, Object asyncState)
 2015-04-09 12:22:19,008 [18] INFO  StatisticalSolutions.Controllers.Base.BaseController - Application URL - /StatisticalSolutions/Base/StatisticalError 
 2015-04-09 12:22:19,058 [18] INFO  StatisticalSolutions.Controllers.Base.BaseController - Application URL - /StatisticalSolutions/Base/StatisticalError 
 2015-04-09 12:22:19,058 [18] ERROR StatisticalSolutions.Controllers.Base.BaseController - Statistical exception message - Exception has been thrown by the target of an invocation.
 2015-04-09 12:22:19,058 [18] ERROR StatisticalSolutions.Controllers.Base.BaseController - Statistical exception stack trace -    at System.RuntimeTypeHandle.CreateInstance(RuntimeType type, Boolean publicOnly, Boolean noCheck, Boolean& canBeCached, RuntimeMethodHandleInternal& ctor, Boolean& bNeedSecurityCheck)
   at System.RuntimeType.CreateInstanceSlow(Boolean publicOnly, Boolean skipCheckThis, Boolean fillCache, StackCrawlMark& stackMark)
   at System.RuntimeType.CreateInstanceDefaultCtor(Boolean publicOnly, Boolean skipCheckThis, Boolean fillCache, StackCrawlMark& stackMark)
   at System.Activator.CreateInstance(Type type, Boolean nonPublic)
   at System.Activator.CreateInstance(Type type)
   at System.Threading.LazyHelpers`1.ActivatorFactorySelector()
   at System.Threading.LazyInitializer.EnsureInitializedCore[T](T& target, Boolean& initialized, Object& syncLock, Func`1 valueFactory)
   at System.Threading.LazyInitializer.EnsureInitialized[T](T& target, Boolean& initialized, Object& syncLock)
   at StatisticalSolutions.Filters.InitializeSimpleMembershipAttribute.OnActionExecuting(ActionExecutingContext filterContext) in c:\temp\3rdPartyProjects\StatisticalSolutions\StatisticalSolutions\Filters\InitializeSimpleMembershipAttribute.cs:line 23
   at System.Web.Mvc.Async.AsyncControllerActionInvoker.InvokeActionMethodFilterAsynchronously(IActionFilter filter, ActionExecutingContext preContext, Func`1 nextInChain)
   at System.Web.Mvc.Async.AsyncControllerActionInvoker.<>c__DisplayClass37.<>c__DisplayClass39.<>c__DisplayClass3b.<BeginInvokeActionMethodWithFilters>b__35()
   at System.Web.Mvc.Async.AsyncControllerActionInvoker.InvokeActionMethodFilterAsynchronously(IActionFilter filter, ActionExecutingContext preContext, Func`1 nextInChain)
   at System.Web.Mvc.Async.AsyncControllerActionInvoker.<>c__DisplayClass37.<>c__DisplayClass39.<>c__DisplayClass3b.<BeginInvokeActionMethodWithFilters>b__35()
   at System.Web.Mvc.Async.AsyncControllerActionInvoker.<>c__DisplayClass37.<BeginInvokeActionMethodWithFilters>b__31(AsyncCallback asyncCallback, Object asyncState)
   at System.Web.Mvc.Async.AsyncResultWrapper.WrappedAsyncResult`1.Begin(AsyncCallback callback, Object state, Int32 timeout)
   at System.Web.Mvc.Async.AsyncControllerActionInvoker.BeginInvokeActionMethodWithFilters(ControllerContext controllerContext, IList`1 filters, ActionDescriptor actionDescriptor, IDictionary`2 parameters, AsyncCallback callback, Object state)
   at System.Web.Mvc.Async.AsyncControllerActionInvoker.<>c__DisplayClass25.<BeginInvokeAction>b__1e(AsyncCallback asyncCallback, Object asyncState)
 2015-04-09 12:22:19,058 [10] INFO  StatisticalSolutions.Controllers.Base.BaseController - Application URL - /StatisticalSolutions/Base/StatisticalError 
 2015-04-09 12:22:19,108 [10] INFO  StatisticalSolutions.Controllers.Base.BaseController - Application URL - /StatisticalSolutions/Base/StatisticalError 
 2015-04-09 12:22:19,108 [10] ERROR StatisticalSolutions.Controllers.Base.BaseController - Statistical exception message - Exception has been thrown by the target of an invocation.
 2015-04-09 12:22:19,108 [10] ERROR StatisticalSolutions.Controllers.Base.BaseController - Statistical exception stack trace -    at System.RuntimeTypeHandle.CreateInstance(RuntimeType type, Boolean publicOnly, Boolean noCheck, Boolean& canBeCached, RuntimeMethodHandleInternal& ctor, Boolean& bNeedSecurityCheck)
   at System.RuntimeType.CreateInstanceSlow(Boolean publicOnly, Boolean skipCheckThis, Boolean fillCache, StackCrawlMark& stackMark)
   at System.RuntimeType.CreateInstanceDefaultCtor(Boolean publicOnly, Boolean skipCheckThis, Boolean fillCache, StackCrawlMark& stackMark)
   at System.Activator.CreateInstance(Type type, Boolean nonPublic)
   at System.Activator.CreateInstance(Type type)
   at System.Threading.LazyHelpers`1.ActivatorFactorySelector()
   at System.Threading.LazyInitializer.EnsureInitializedCore[T](T& target, Boolean& initialized, Object& syncLock, Func`1 valueFactory)
   at System.Threading.LazyInitializer.EnsureInitialized[T](T& target, Boolean& initialized, Object& syncLock)
   at StatisticalSolutions.Filters.InitializeSimpleMembershipAttribute.OnActionExecuting(ActionExecutingContext filterContext) in c:\temp\3rdPartyProjects\StatisticalSolutions\StatisticalSolutions\Filters\InitializeSimpleMembershipAttribute.cs:line 23
   at System.Web.Mvc.Async.AsyncControllerActionInvoker.InvokeActionMethodFilterAsynchronously(IActionFilter filter, ActionExecutingContext preContext, Func`1 nextInChain)
   at System.Web.Mvc.Async.AsyncControllerActionInvoker.<>c__DisplayClass37.<>c__DisplayClass39.<>c__DisplayClass3b.<BeginInvokeActionMethodWithFilters>b__35()
   at System.Web.Mvc.Async.AsyncControllerActionInvoker.InvokeActionMethodFilterAsynchronously(IActionFilter filter, ActionExecutingContext preContext, Func`1 nextInChain)
   at System.Web.Mvc.Async.AsyncControllerActionInvoker.<>c__DisplayClass37.<>c__DisplayClass39.<>c__DisplayClass3b.<BeginInvokeActionMethodWithFilters>b__35()
   at System.Web.Mvc.Async.AsyncControllerActionInvoker.<>c__DisplayClass37.<BeginInvokeActionMethodWithFilters>b__31(AsyncCallback asyncCallback, Object asyncState)
   at System.Web.Mvc.Async.AsyncResultWrapper.WrappedAsyncResult`1.Begin(AsyncCallback callback, Object state, Int32 timeout)
   at System.Web.Mvc.Async.AsyncControllerActionInvoker.BeginInvokeActionMethodWithFilters(ControllerContext controllerContext, IList`1 filters, ActionDescriptor actionDescriptor, IDictionary`2 parameters, AsyncCallback callback, Object state)
   at System.Web.Mvc.Async.AsyncControllerActionInvoker.<>c__DisplayClass25.<BeginInvokeAction>b__1e(AsyncCallback asyncCallback, Object asyncState)
 2015-04-09 12:22:19,108 [5] INFO  StatisticalSolutions.Controllers.Base.BaseController - Application URL - /StatisticalSolutions/Base/StatisticalError 
 2015-04-09 12:22:19,158 [5] INFO  StatisticalSolutions.Controllers.Base.BaseController - Application URL - /StatisticalSolutions/Base/StatisticalError 
 2015-04-09 12:22:19,158 [5] ERROR StatisticalSolutions.Controllers.Base.BaseController - Statistical exception message - Exception has been thrown by the target of an invocation.
 2015-04-09 12:22:19,158 [5] ERROR StatisticalSolutions.Controllers.Base.BaseController - Statistical exception stack trace -    at System.RuntimeTypeHandle.CreateInstance(RuntimeType type, Boolean publicOnly, Boolean noCheck, Boolean& canBeCached, RuntimeMethodHandleInternal& ctor, Boolean& bNeedSecurityCheck)
   at System.RuntimeType.CreateInstanceSlow(Boolean publicOnly, Boolean skipCheckThis, Boolean fillCache, StackCrawlMark& stackMark)
   at System.RuntimeType.CreateInstanceDefaultCtor(Boolean publicOnly, Boolean skipCheckThis, Boolean fillCache, StackCrawlMark& stackMark)
   at System.Activator.CreateInstance(Type type, Boolean nonPublic)
   at System.Activator.CreateInstance(Type type)
   at System.Threading.LazyHelpers`1.ActivatorFactorySelector()
   at System.Threading.LazyInitializer.EnsureInitializedCore[T](T& target, Boolean& initialized, Object& syncLock, Func`1 valueFactory)
   at System.Threading.LazyInitializer.EnsureInitialized[T](T& target, Boolean& initialized, Object& syncLock)
   at StatisticalSolutions.Filters.InitializeSimpleMembershipAttribute.OnActionExecuting(ActionExecutingContext filterContext) in c:\temp\3rdPartyProjects\StatisticalSolutions\StatisticalSolutions\Filters\InitializeSimpleMembershipAttribute.cs:line 23
   at System.Web.Mvc.Async.AsyncControllerActionInvoker.InvokeActionMethodFilterAsynchronously(IActionFilter filter, ActionExecutingContext preContext, Func`1 nextInChain)
   at System.Web.Mvc.Async.AsyncControllerActionInvoker.<>c__DisplayClass37.<>c__DisplayClass39.<>c__DisplayClass3b.<BeginInvokeActionMethodWithFilters>b__35()
   at System.Web.Mvc.Async.AsyncControllerActionInvoker.InvokeActionMethodFilterAsynchronously(IActionFilter filter, ActionExecutingContext preContext, Func`1 nextInChain)
   at System.Web.Mvc.Async.AsyncControllerActionInvoker.<>c__DisplayClass37.<>c__DisplayClass39.<>c__DisplayClass3b.<BeginInvokeActionMethodWithFilters>b__35()
   at System.Web.Mvc.Async.AsyncControllerActionInvoker.<>c__DisplayClass37.<BeginInvokeActionMethodWithFilters>b__31(AsyncCallback asyncCallback, Object asyncState)
   at System.Web.Mvc.Async.AsyncResultWrapper.WrappedAsyncResult`1.Begin(AsyncCallback callback, Object state, Int32 timeout)
   at System.Web.Mvc.Async.AsyncControllerActionInvoker.BeginInvokeActionMethodWithFilters(ControllerContext controllerContext, IList`1 filters, ActionDescriptor actionDescriptor, IDictionary`2 parameters, AsyncCallback callback, Object state)
   at System.Web.Mvc.Async.AsyncControllerActionInvoker.<>c__DisplayClass25.<BeginInvokeAction>b__1e(AsyncCallback asyncCallback, Object asyncState)
 2015-04-09 12:22:19,168 [18] INFO  StatisticalSolutions.Controllers.Base.BaseController - Application URL - /StatisticalSolutions/Base/StatisticalError 
 2015-04-09 12:22:19,208 [18] INFO  StatisticalSolutions.Controllers.Base.BaseController - Application URL - /StatisticalSolutions/Base/StatisticalError 
 2015-04-09 12:22:19,208 [18] ERROR StatisticalSolutions.Controllers.Base.BaseController - Statistical exception message - Exception has been thrown by the target of an invocation.
 2015-04-09 12:22:19,208 [18] ERROR StatisticalSolutions.Controllers.Base.BaseController - Statistical exception stack trace -    at System.RuntimeTypeHandle.CreateInstance(RuntimeType type, Boolean publicOnly, Boolean noCheck, Boolean& canBeCached, RuntimeMethodHandleInternal& ctor, Boolean& bNeedSecurityCheck)
   at System.RuntimeType.CreateInstanceSlow(Boolean publicOnly, Boolean skipCheckThis, Boolean fillCache, StackCrawlMark& stackMark)
   at System.RuntimeType.CreateInstanceDefaultCtor(Boolean publicOnly, Boolean skipCheckThis, Boolean fillCache, StackCrawlMark& stackMark)
   at System.Activator.CreateInstance(Type type, Boolean nonPublic)
   at System.Activator.CreateInstance(Type type)
   at System.Threading.LazyHelpers`1.ActivatorFactorySelector()
   at System.Threading.LazyInitializer.EnsureInitializedCore[T](T& target, Boolean& initialized, Object& syncLock, Func`1 valueFactory)
   at System.Threading.LazyInitializer.EnsureInitialized[T](T& target, Boolean& initialized, Object& syncLock)
   at StatisticalSolutions.Filters.InitializeSimpleMembershipAttribute.OnActionExecuting(ActionExecutingContext filterContext) in c:\temp\3rdPartyProjects\StatisticalSolutions\StatisticalSolutions\Filters\InitializeSimpleMembershipAttribute.cs:line 23
   at System.Web.Mvc.Async.AsyncControllerActionInvoker.InvokeActionMethodFilterAsynchronously(IActionFilter filter, ActionExecutingContext preContext, Func`1 nextInChain)
   at System.Web.Mvc.Async.AsyncControllerActionInvoker.<>c__DisplayClass37.<>c__DisplayClass39.<>c__DisplayClass3b.<BeginInvokeActionMethodWithFilters>b__35()
   at System.Web.Mvc.Async.AsyncControllerActionInvoker.InvokeActionMethodFilterAsynchronously(IActionFilter filter, ActionExecutingContext preContext, Func`1 nextInChain)
   at System.Web.Mvc.Async.AsyncControllerActionInvoker.<>c__DisplayClass37.<>c__DisplayClass39.<>c__DisplayClass3b.<BeginInvokeActionMethodWithFilters>b__35()
   at System.Web.Mvc.Async.AsyncControllerActionInvoker.<>c__DisplayClass37.<BeginInvokeActionMethodWithFilters>b__31(AsyncCallback asyncCallback, Object asyncState)
   at System.Web.Mvc.Async.AsyncResultWrapper.WrappedAsyncResult`1.Begin(AsyncCallback callback, Object state, Int32 timeout)
   at System.Web.Mvc.Async.AsyncControllerActionInvoker.BeginInvokeActionMethodWithFilters(ControllerContext controllerContext, IList`1 filters, ActionDescriptor actionDescriptor, IDictionary`2 parameters, AsyncCallback callback, Object state)
   at System.Web.Mvc.Async.AsyncControllerActionInvoker.<>c__DisplayClass25.<BeginInvokeAction>b__1e(AsyncCallback asyncCallback, Object asyncState)
 2015-04-09 12:22:19,218 [11] INFO  StatisticalSolutions.Controllers.Base.BaseController - Application URL - /StatisticalSolutions/Base/StatisticalError 
 2015-04-09 12:22:19,268 [11] INFO  StatisticalSolutions.Controllers.Base.BaseController - Application URL - /StatisticalSolutions/Base/StatisticalError 
 2015-04-09 12:22:19,268 [11] ERROR StatisticalSolutions.Controllers.Base.BaseController - Statistical exception message - Exception has been thrown by the target of an invocation.
 2015-04-09 12:22:19,268 [11] ERROR StatisticalSolutions.Controllers.Base.BaseController - Statistical exception stack trace -    at System.RuntimeTypeHandle.CreateInstance(RuntimeType type, Boolean publicOnly, Boolean noCheck, Boolean& canBeCached, RuntimeMethodHandleInternal& ctor, Boolean& bNeedSecurityCheck)
   at System.RuntimeType.CreateInstanceSlow(Boolean publicOnly, Boolean skipCheckThis, Boolean fillCache, StackCrawlMark& stackMark)
   at System.RuntimeType.CreateInstanceDefaultCtor(Boolean publicOnly, Boolean skipCheckThis, Boolean fillCache, StackCrawlMark& stackMark)
   at System.Activator.CreateInstance(Type type, Boolean nonPublic)
   at System.Activator.CreateInstance(Type type)
   at System.Threading.LazyHelpers`1.ActivatorFactorySelector()
   at System.Threading.LazyInitializer.EnsureInitializedCore[T](T& target, Boolean& initialized, Object& syncLock, Func`1 valueFactory)
   at System.Threading.LazyInitializer.EnsureInitialized[T](T& target, Boolean& initialized, Object& syncLock)
   at StatisticalSolutions.Filters.InitializeSimpleMembershipAttribute.OnActionExecuting(ActionExecutingContext filterContext) in c:\temp\3rdPartyProjects\StatisticalSolutions\StatisticalSolutions\Filters\InitializeSimpleMembershipAttribute.cs:line 23
   at System.Web.Mvc.Async.AsyncControllerActionInvoker.InvokeActionMethodFilterAsynchronously(IActionFilter filter, ActionExecutingContext preContext, Func`1 nextInChain)
   at System.Web.Mvc.Async.AsyncControllerActionInvoker.<>c__DisplayClass37.<>c__DisplayClass39.<>c__DisplayClass3b.<BeginInvokeActionMethodWithFilters>b__35()
   at System.Web.Mvc.Async.AsyncControllerActionInvoker.InvokeActionMethodFilterAsynchronously(IActionFilter filter, ActionExecutingContext preContext, Func`1 nextInChain)
   at System.Web.Mvc.Async.AsyncControllerActionInvoker.<>c__DisplayClass37.<>c__DisplayClass39.<>c__DisplayClass3b.<BeginInvokeActionMethodWithFilters>b__35()
   at System.Web.Mvc.Async.AsyncControllerActionInvoker.<>c__DisplayClass37.<BeginInvokeActionMethodWithFilters>b__31(AsyncCallback asyncCallback, Object asyncState)
   at System.Web.Mvc.Async.AsyncResultWrapper.WrappedAsyncResult`1.Begin(AsyncCallback callback, Object state, Int32 timeout)
   at System.Web.Mvc.Async.AsyncControllerActionInvoker.BeginInvokeActionMethodWithFilters(ControllerContext controllerContext, IList`1 filters, ActionDescriptor actionDescriptor, IDictionary`2 parameters, AsyncCallback callback, Object state)
   at System.Web.Mvc.Async.AsyncControllerActionInvoker.<>c__DisplayClass25.<BeginInvokeAction>b__1e(AsyncCallback asyncCallback, Object asyncState)
 2015-04-09 12:22:19,268 [18] INFO  StatisticalSolutions.Controllers.Base.BaseController - Application URL - /StatisticalSolutions/Base/StatisticalError 
 2015-04-09 12:22:19,318 [18] INFO  StatisticalSolutions.Controllers.Base.BaseController - Application URL - /StatisticalSolutions/Base/StatisticalError 
 2015-04-09 12:22:19,318 [18] ERROR StatisticalSolutions.Controllers.Base.BaseController - Statistical exception message - Exception has been thrown by the target of an invocation.
 2015-04-09 12:22:19,318 [18] ERROR StatisticalSolutions.Controllers.Base.BaseController - Statistical exception stack trace -    at System.RuntimeTypeHandle.CreateInstance(RuntimeType type, Boolean publicOnly, Boolean noCheck, Boolean& canBeCached, RuntimeMethodHandleInternal& ctor, Boolean& bNeedSecurityCheck)
   at System.RuntimeType.CreateInstanceSlow(Boolean publicOnly, Boolean skipCheckThis, Boolean fillCache, StackCrawlMark& stackMark)
   at System.RuntimeType.CreateInstanceDefaultCtor(Boolean publicOnly, Boolean skipCheckThis, Boolean fillCache, StackCrawlMark& stackMark)
   at System.Activator.CreateInstance(Type type, Boolean nonPublic)
   at System.Activator.CreateInstance(Type type)
   at System.Threading.LazyHelpers`1.ActivatorFactorySelector()
   at System.Threading.LazyInitializer.EnsureInitializedCore[T](T& target, Boolean& initialized, Object& syncLock, Func`1 valueFactory)
   at System.Threading.LazyInitializer.EnsureInitialized[T](T& target, Boolean& initialized, Object& syncLock)
   at StatisticalSolutions.Filters.InitializeSimpleMembershipAttribute.OnActionExecuting(ActionExecutingContext filterContext) in c:\temp\3rdPartyProjects\StatisticalSolutions\StatisticalSolutions\Filters\InitializeSimpleMembershipAttribute.cs:line 23
   at System.Web.Mvc.Async.AsyncControllerActionInvoker.InvokeActionMethodFilterAsynchronously(IActionFilter filter, ActionExecutingContext preContext, Func`1 nextInChain)
   at System.Web.Mvc.Async.AsyncControllerActionInvoker.<>c__DisplayClass37.<>c__DisplayClass39.<>c__DisplayClass3b.<BeginInvokeActionMethodWithFilters>b__35()
   at System.Web.Mvc.Async.AsyncControllerActionInvoker.InvokeActionMethodFilterAsynchronously(IActionFilter filter, ActionExecutingContext preContext, Func`1 nextInChain)
   at System.Web.Mvc.Async.AsyncControllerActionInvoker.<>c__DisplayClass37.<>c__DisplayClass39.<>c__DisplayClass3b.<BeginInvokeActionMethodWithFilters>b__35()
   at System.Web.Mvc.Async.AsyncControllerActionInvoker.<>c__DisplayClass37.<BeginInvokeActionMethodWithFilters>b__31(AsyncCallback asyncCallback, Object asyncState)
   at System.Web.Mvc.Async.AsyncResultWrapper.WrappedAsyncResult`1.Begin(AsyncCallback callback, Object state, Int32 timeout)
   at System.Web.Mvc.Async.AsyncControllerActionInvoker.BeginInvokeActionMethodWithFilters(ControllerContext controllerContext, IList`1 filters, ActionDescriptor actionDescriptor, IDictionary`2 parameters, AsyncCallback callback, Object state)
   at System.Web.Mvc.Async.AsyncControllerActionInvoker.<>c__DisplayClass25.<BeginInvokeAction>b__1e(AsyncCallback asyncCallback, Object asyncState)
 2015-04-09 12:22:19,318 [15] INFO  StatisticalSolutions.Controllers.Base.BaseController - Application URL - /StatisticalSolutions/Base/StatisticalError 
 2015-04-09 12:22:19,368 [15] INFO  StatisticalSolutions.Controllers.Base.BaseController - Application URL - /StatisticalSolutions/Base/StatisticalError 
 2015-04-09 12:22:19,368 [15] ERROR StatisticalSolutions.Controllers.Base.BaseController - Statistical exception message - Exception has been thrown by the target of an invocation.
 2015-04-09 12:22:19,368 [15] ERROR StatisticalSolutions.Controllers.Base.BaseController - Statistical exception stack trace -    at System.RuntimeTypeHandle.CreateInstance(RuntimeType type, Boolean publicOnly, Boolean noCheck, Boolean& canBeCached, RuntimeMethodHandleInternal& ctor, Boolean& bNeedSecurityCheck)
   at System.RuntimeType.CreateInstanceSlow(Boolean publicOnly, Boolean skipCheckThis, Boolean fillCache, StackCrawlMark& stackMark)
   at System.RuntimeType.CreateInstanceDefaultCtor(Boolean publicOnly, Boolean skipCheckThis, Boolean fillCache, StackCrawlMark& stackMark)
   at System.Activator.CreateInstance(Type type, Boolean nonPublic)
   at System.Activator.CreateInstance(Type type)
   at System.Threading.LazyHelpers`1.ActivatorFactorySelector()
   at System.Threading.LazyInitializer.EnsureInitializedCore[T](T& target, Boolean& initialized, Object& syncLock, Func`1 valueFactory)
   at System.Threading.LazyInitializer.EnsureInitialized[T](T& target, Boolean& initialized, Object& syncLock)
   at StatisticalSolutions.Filters.InitializeSimpleMembershipAttribute.OnActionExecuting(ActionExecutingContext filterContext) in c:\temp\3rdPartyProjects\StatisticalSolutions\StatisticalSolutions\Filters\InitializeSimpleMembershipAttribute.cs:line 23
   at System.Web.Mvc.Async.AsyncControllerActionInvoker.InvokeActionMethodFilterAsynchronously(IActionFilter filter, ActionExecutingContext preContext, Func`1 nextInChain)
   at System.Web.Mvc.Async.AsyncControllerActionInvoker.<>c__DisplayClass37.<>c__DisplayClass39.<>c__DisplayClass3b.<BeginInvokeActionMethodWithFilters>b__35()
   at System.Web.Mvc.Async.AsyncControllerActionInvoker.InvokeActionMethodFilterAsynchronously(IActionFilter filter, ActionExecutingContext preContext, Func`1 nextInChain)
   at System.Web.Mvc.Async.AsyncControllerActionInvoker.<>c__DisplayClass37.<>c__DisplayClass39.<>c__DisplayClass3b.<BeginInvokeActionMethodWithFilters>b__35()
   at System.Web.Mvc.Async.AsyncControllerActionInvoker.<>c__DisplayClass37.<BeginInvokeActionMethodWithFilters>b__31(AsyncCallback asyncCallback, Object asyncState)
   at System.Web.Mvc.Async.AsyncResultWrapper.WrappedAsyncResult`1.Begin(AsyncCallback callback, Object state, Int32 timeout)
   at System.Web.Mvc.Async.AsyncControllerActionInvoker.BeginInvokeActionMethodWithFilters(ControllerContext controllerContext, IList`1 filters, ActionDescriptor actionDescriptor, IDictionary`2 parameters, AsyncCallback callback, Object state)
   at System.Web.Mvc.Async.AsyncControllerActionInvoker.<>c__DisplayClass25.<BeginInvokeAction>b__1e(AsyncCallback asyncCallback, Object asyncState)
 2015-04-09 12:22:19,398 [11] INFO  StatisticalSolutions.Controllers.Base.BaseController - Application URL - /StatisticalSolutions/Base/StatisticalError 
 2015-04-09 12:22:19,448 [11] INFO  StatisticalSolutions.Controllers.Base.BaseController - Application URL - /StatisticalSolutions/Base/StatisticalError 
 2015-04-09 12:22:19,448 [11] ERROR StatisticalSolutions.Controllers.Base.BaseController - Statistical exception message - Exception has been thrown by the target of an invocation.
 2015-04-09 12:22:19,448 [11] ERROR StatisticalSolutions.Controllers.Base.BaseController - Statistical exception stack trace -    at System.RuntimeTypeHandle.CreateInstance(RuntimeType type, Boolean publicOnly, Boolean noCheck, Boolean& canBeCached, RuntimeMethodHandleInternal& ctor, Boolean& bNeedSecurityCheck)
   at System.RuntimeType.CreateInstanceSlow(Boolean publicOnly, Boolean skipCheckThis, Boolean fillCache, StackCrawlMark& stackMark)
   at System.RuntimeType.CreateInstanceDefaultCtor(Boolean publicOnly, Boolean skipCheckThis, Boolean fillCache, StackCrawlMark& stackMark)
   at System.Activator.CreateInstance(Type type, Boolean nonPublic)
   at System.Activator.CreateInstance(Type type)
   at System.Threading.LazyHelpers`1.ActivatorFactorySelector()
   at System.Threading.LazyInitializer.EnsureInitializedCore[T](T& target, Boolean& initialized, Object& syncLock, Func`1 valueFactory)
   at System.Threading.LazyInitializer.EnsureInitialized[T](T& target, Boolean& initialized, Object& syncLock)
   at StatisticalSolutions.Filters.InitializeSimpleMembershipAttribute.OnActionExecuting(ActionExecutingContext filterContext) in c:\temp\3rdPartyProjects\StatisticalSolutions\StatisticalSolutions\Filters\InitializeSimpleMembershipAttribute.cs:line 23
   at System.Web.Mvc.Async.AsyncControllerActionInvoker.InvokeActionMethodFilterAsynchronously(IActionFilter filter, ActionExecutingContext preContext, Func`1 nextInChain)
   at System.Web.Mvc.Async.AsyncControllerActionInvoker.<>c__DisplayClass37.<>c__DisplayClass39.<>c__DisplayClass3b.<BeginInvokeActionMethodWithFilters>b__35()
   at System.Web.Mvc.Async.AsyncControllerActionInvoker.InvokeActionMethodFilterAsynchronously(IActionFilter filter, ActionExecutingContext preContext, Func`1 nextInChain)
   at System.Web.Mvc.Async.AsyncControllerActionInvoker.<>c__DisplayClass37.<>c__DisplayClass39.<>c__DisplayClass3b.<BeginInvokeActionMethodWithFilters>b__35()
   at System.Web.Mvc.Async.AsyncControllerActionInvoker.<>c__DisplayClass37.<BeginInvokeActionMethodWithFilters>b__31(AsyncCallback asyncCallback, Object asyncState)
   at System.Web.Mvc.Async.AsyncResultWrapper.WrappedAsyncResult`1.Begin(AsyncCallback callback, Object state, Int32 timeout)
   at System.Web.Mvc.Async.AsyncControllerActionInvoker.BeginInvokeActionMethodWithFilters(ControllerContext controllerContext, IList`1 filters, ActionDescriptor actionDescriptor, IDictionary`2 parameters, AsyncCallback callback, Object state)
   at System.Web.Mvc.Async.AsyncControllerActionInvoker.<>c__DisplayClass25.<BeginInvokeAction>b__1e(AsyncCallback asyncCallback, Object asyncState)
 2015-04-09 12:22:19,448 [15] INFO  StatisticalSolutions.Controllers.Base.BaseController - Application URL - /StatisticalSolutions/Base/StatisticalError 
 2015-04-09 12:22:19,498 [15] INFO  StatisticalSolutions.Controllers.Base.BaseController - Application URL - /StatisticalSolutions/Base/StatisticalError 
 2015-04-09 12:22:19,498 [15] ERROR StatisticalSolutions.Controllers.Base.BaseController - Statistical exception message - Exception has been thrown by the target of an invocation.
 2015-04-09 12:22:19,498 [15] ERROR StatisticalSolutions.Controllers.Base.BaseController - Statistical exception stack trace -    at System.RuntimeTypeHandle.CreateInstance(RuntimeType type, Boolean publicOnly, Boolean noCheck, Boolean& canBeCached, RuntimeMethodHandleInternal& ctor, Boolean& bNeedSecurityCheck)
   at System.RuntimeType.CreateInstanceSlow(Boolean publicOnly, Boolean skipCheckThis, Boolean fillCache, StackCrawlMark& stackMark)
   at System.RuntimeType.CreateInstanceDefaultCtor(Boolean publicOnly, Boolean skipCheckThis, Boolean fillCache, StackCrawlMark& stackMark)
   at System.Activator.CreateInstance(Type type, Boolean nonPublic)
   at System.Activator.CreateInstance(Type type)
   at System.Threading.LazyHelpers`1.ActivatorFactorySelector()
   at System.Threading.LazyInitializer.EnsureInitializedCore[T](T& target, Boolean& initialized, Object& syncLock, Func`1 valueFactory)
   at System.Threading.LazyInitializer.EnsureInitialized[T](T& target, Boolean& initialized, Object& syncLock)
   at StatisticalSolutions.Filters.InitializeSimpleMembershipAttribute.OnActionExecuting(ActionExecutingContext filterContext) in c:\temp\3rdPartyProjects\StatisticalSolutions\StatisticalSolutions\Filters\InitializeSimpleMembershipAttribute.cs:line 23
   at System.Web.Mvc.Async.AsyncControllerActionInvoker.InvokeActionMethodFilterAsynchronously(IActionFilter filter, ActionExecutingContext preContext, Func`1 nextInChain)
   at System.Web.Mvc.Async.AsyncControllerActionInvoker.<>c__DisplayClass37.<>c__DisplayClass39.<>c__DisplayClass3b.<BeginInvokeActionMethodWithFilters>b__35()
   at System.Web.Mvc.Async.AsyncControllerActionInvoker.InvokeActionMethodFilterAsynchronously(IActionFilter filter, ActionExecutingContext preContext, Func`1 nextInChain)
   at System.Web.Mvc.Async.AsyncControllerActionInvoker.<>c__DisplayClass37.<>c__DisplayClass39.<>c__DisplayClass3b.<BeginInvokeActionMethodWithFilters>b__35()
   at System.Web.Mvc.Async.AsyncControllerActionInvoker.<>c__DisplayClass37.<BeginInvokeActionMethodWithFilters>b__31(AsyncCallback asyncCallback, Object asyncState)
   at System.Web.Mvc.Async.AsyncResultWrapper.WrappedAsyncResult`1.Begin(AsyncCallback callback, Object state, Int32 timeout)
   at System.Web.Mvc.Async.AsyncControllerActionInvoker.BeginInvokeActionMethodWithFilters(ControllerContext controllerContext, IList`1 filters, ActionDescriptor actionDescriptor, IDictionary`2 parameters, AsyncCallback callback, Object state)
   at System.Web.Mvc.Async.AsyncControllerActionInvoker.<>c__DisplayClass25.<BeginInvokeAction>b__1e(AsyncCallback asyncCallback, Object asyncState)
 2015-04-09 12:22:19,498 [10] INFO  StatisticalSolutions.Controllers.Base.BaseController - Application URL - /StatisticalSolutions/Base/StatisticalError 
 2015-04-09 12:22:19,548 [10] INFO  StatisticalSolutions.Controllers.Base.BaseController - Application URL - /StatisticalSolutions/Base/StatisticalError 
 2015-04-09 12:22:19,548 [10] ERROR StatisticalSolutions.Controllers.Base.BaseController - Statistical exception message - Exception has been thrown by the target of an invocation.
 2015-04-09 12:22:19,548 [10] ERROR StatisticalSolutions.Controllers.Base.BaseController - Statistical exception stack trace -    at System.RuntimeTypeHandle.CreateInstance(RuntimeType type, Boolean publicOnly, Boolean noCheck, Boolean& canBeCached, RuntimeMethodHandleInternal& ctor, Boolean& bNeedSecurityCheck)
   at System.RuntimeType.CreateInstanceSlow(Boolean publicOnly, Boolean skipCheckThis, Boolean fillCache, StackCrawlMark& stackMark)
   at System.RuntimeType.CreateInstanceDefaultCtor(Boolean publicOnly, Boolean skipCheckThis, Boolean fillCache, StackCrawlMark& stackMark)
   at System.Activator.CreateInstance(Type type, Boolean nonPublic)
   at System.Activator.CreateInstance(Type type)
   at System.Threading.LazyHelpers`1.ActivatorFactorySelector()
   at System.Threading.LazyInitializer.EnsureInitializedCore[T](T& target, Boolean& initialized, Object& syncLock, Func`1 valueFactory)
   at System.Threading.LazyInitializer.EnsureInitialized[T](T& target, Boolean& initialized, Object& syncLock)
   at StatisticalSolutions.Filters.InitializeSimpleMembershipAttribute.OnActionExecuting(ActionExecutingContext filterContext) in c:\temp\3rdPartyProjects\StatisticalSolutions\StatisticalSolutions\Filters\InitializeSimpleMembershipAttribute.cs:line 23
   at System.Web.Mvc.Async.AsyncControllerActionInvoker.InvokeActionMethodFilterAsynchronously(IActionFilter filter, ActionExecutingContext preContext, Func`1 nextInChain)
   at System.Web.Mvc.Async.AsyncControllerActionInvoker.<>c__DisplayClass37.<>c__DisplayClass39.<>c__DisplayClass3b.<BeginInvokeActionMethodWithFilters>b__35()
   at System.Web.Mvc.Async.AsyncControllerActionInvoker.InvokeActionMethodFilterAsynchronously(IActionFilter filter, ActionExecutingContext preContext, Func`1 nextInChain)
   at System.Web.Mvc.Async.AsyncControllerActionInvoker.<>c__DisplayClass37.<>c__DisplayClass39.<>c__DisplayClass3b.<BeginInvokeActionMethodWithFilters>b__35()
   at System.Web.Mvc.Async.AsyncControllerActionInvoker.<>c__DisplayClass37.<BeginInvokeActionMethodWithFilters>b__31(AsyncCallback asyncCallback, Object asyncState)
   at System.Web.Mvc.Async.AsyncResultWrapper.WrappedAsyncResult`1.Begin(AsyncCallback callback, Object state, Int32 timeout)
   at System.Web.Mvc.Async.AsyncControllerActionInvoker.BeginInvokeActionMethodWithFilters(ControllerContext controllerContext, IList`1 filters, ActionDescriptor actionDescriptor, IDictionary`2 parameters, AsyncCallback callback, Object state)
   at System.Web.Mvc.Async.AsyncControllerActionInvoker.<>c__DisplayClass25.<BeginInvokeAction>b__1e(AsyncCallback asyncCallback, Object asyncState)
 2015-04-09 12:22:19,558 [11] INFO  StatisticalSolutions.Controllers.Base.BaseController - Application URL - /StatisticalSolutions/Base/StatisticalError 
 2015-04-09 12:22:19,598 [11] INFO  StatisticalSolutions.Controllers.Base.BaseController - Application URL - /StatisticalSolutions/Base/StatisticalError 
 2015-04-09 12:22:19,598 [11] ERROR StatisticalSolutions.Controllers.Base.BaseController - Statistical exception message - Exception has been thrown by the target of an invocation.
 2015-04-09 12:22:19,608 [11] ERROR StatisticalSolutions.Controllers.Base.BaseController - Statistical exception stack trace -    at System.RuntimeTypeHandle.CreateInstance(RuntimeType type, Boolean publicOnly, Boolean noCheck, Boolean& canBeCached, RuntimeMethodHandleInternal& ctor, Boolean& bNeedSecurityCheck)
   at System.RuntimeType.CreateInstanceSlow(Boolean publicOnly, Boolean skipCheckThis, Boolean fillCache, StackCrawlMark& stackMark)
   at System.RuntimeType.CreateInstanceDefaultCtor(Boolean publicOnly, Boolean skipCheckThis, Boolean fillCache, StackCrawlMark& stackMark)
   at System.Activator.CreateInstance(Type type, Boolean nonPublic)
   at System.Activator.CreateInstance(Type type)
   at System.Threading.LazyHelpers`1.ActivatorFactorySelector()
   at System.Threading.LazyInitializer.EnsureInitializedCore[T](T& target, Boolean& initialized, Object& syncLock, Func`1 valueFactory)
   at System.Threading.LazyInitializer.EnsureInitialized[T](T& target, Boolean& initialized, Object& syncLock)
   at StatisticalSolutions.Filters.InitializeSimpleMembershipAttribute.OnActionExecuting(ActionExecutingContext filterContext) in c:\temp\3rdPartyProjects\StatisticalSolutions\StatisticalSolutions\Filters\InitializeSimpleMembershipAttribute.cs:line 23
   at System.Web.Mvc.Async.AsyncControllerActionInvoker.InvokeActionMethodFilterAsynchronously(IActionFilter filter, ActionExecutingContext preContext, Func`1 nextInChain)
   at System.Web.Mvc.Async.AsyncControllerActionInvoker.<>c__DisplayClass37.<>c__DisplayClass39.<>c__DisplayClass3b.<BeginInvokeActionMethodWithFilters>b__35()
   at System.Web.Mvc.Async.AsyncControllerActionInvoker.InvokeActionMethodFilterAsynchronously(IActionFilter filter, ActionExecutingContext preContext, Func`1 nextInChain)
   at System.Web.Mvc.Async.AsyncControllerActionInvoker.<>c__DisplayClass37.<>c__DisplayClass39.<>c__DisplayClass3b.<BeginInvokeActionMethodWithFilters>b__35()
   at System.Web.Mvc.Async.AsyncControllerActionInvoker.<>c__DisplayClass37.<BeginInvokeActionMethodWithFilters>b__31(AsyncCallback asyncCallback, Object asyncState)
   at System.Web.Mvc.Async.AsyncResultWrapper.WrappedAsyncResult`1.Begin(AsyncCallback callback, Object state, Int32 timeout)
   at System.Web.Mvc.Async.AsyncControllerActionInvoker.BeginInvokeActionMethodWithFilters(ControllerContext controllerContext, IList`1 filters, ActionDescriptor actionDescriptor, IDictionary`2 parameters, AsyncCallback callback, Object state)
   at System.Web.Mvc.Async.AsyncControllerActionInvoker.<>c__DisplayClass25.<BeginInvokeAction>b__1e(AsyncCallback asyncCallback, Object asyncState)
 2015-04-09 12:22:19,608 [18] INFO  StatisticalSolutions.Controllers.Base.BaseController - Application URL - /StatisticalSolutions/Base/StatisticalError 
 2015-04-09 12:22:19,648 [18] INFO  StatisticalSolutions.Controllers.Base.BaseController - Application URL - /StatisticalSolutions/Base/StatisticalError 
 2015-04-09 12:22:19,648 [18] ERROR StatisticalSolutions.Controllers.Base.BaseController - Statistical exception message - Exception has been thrown by the target of an invocation.
 2015-04-09 12:22:19,648 [18] ERROR StatisticalSolutions.Controllers.Base.BaseController - Statistical exception stack trace -    at System.RuntimeTypeHandle.CreateInstance(RuntimeType type, Boolean publicOnly, Boolean noCheck, Boolean& canBeCached, RuntimeMethodHandleInternal& ctor, Boolean& bNeedSecurityCheck)
   at System.RuntimeType.CreateInstanceSlow(Boolean publicOnly, Boolean skipCheckThis, Boolean fillCache, StackCrawlMark& stackMark)
   at System.RuntimeType.CreateInstanceDefaultCtor(Boolean publicOnly, Boolean skipCheckThis, Boolean fillCache, StackCrawlMark& stackMark)
   at System.Activator.CreateInstance(Type type, Boolean nonPublic)
   at System.Activator.CreateInstance(Type type)
   at System.Threading.LazyHelpers`1.ActivatorFactorySelector()
   at System.Threading.LazyInitializer.EnsureInitializedCore[T](T& target, Boolean& initialized, Object& syncLock, Func`1 valueFactory)
   at System.Threading.LazyInitializer.EnsureInitialized[T](T& target, Boolean& initialized, Object& syncLock)
   at StatisticalSolutions.Filters.InitializeSimpleMembershipAttribute.OnActionExecuting(ActionExecutingContext filterContext) in c:\temp\3rdPartyProjects\StatisticalSolutions\StatisticalSolutions\Filters\InitializeSimpleMembershipAttribute.cs:line 23
   at System.Web.Mvc.Async.AsyncControllerActionInvoker.InvokeActionMethodFilterAsynchronously(IActionFilter filter, ActionExecutingContext preContext, Func`1 nextInChain)
   at System.Web.Mvc.Async.AsyncControllerActionInvoker.<>c__DisplayClass37.<>c__DisplayClass39.<>c__DisplayClass3b.<BeginInvokeActionMethodWithFilters>b__35()
   at System.Web.Mvc.Async.AsyncControllerActionInvoker.InvokeActionMethodFilterAsynchronously(IActionFilter filter, ActionExecutingContext preContext, Func`1 nextInChain)
   at System.Web.Mvc.Async.AsyncControllerActionInvoker.<>c__DisplayClass37.<>c__DisplayClass39.<>c__DisplayClass3b.<BeginInvokeActionMethodWithFilters>b__35()
   at System.Web.Mvc.Async.AsyncControllerActionInvoker.<>c__DisplayClass37.<BeginInvokeActionMethodWithFilters>b__31(AsyncCallback asyncCallback, Object asyncState)
   at System.Web.Mvc.Async.AsyncResultWrapper.WrappedAsyncResult`1.Begin(AsyncCallback callback, Object state, Int32 timeout)
   at System.Web.Mvc.Async.AsyncControllerActionInvoker.BeginInvokeActionMethodWithFilters(ControllerContext controllerContext, IList`1 filters, ActionDescriptor actionDescriptor, IDictionary`2 parameters, AsyncCallback callback, Object state)
   at System.Web.Mvc.Async.AsyncControllerActionInvoker.<>c__DisplayClass25.<BeginInvokeAction>b__1e(AsyncCallback asyncCallback, Object asyncState)
 2015-04-09 12:22:19,658 [13] INFO  StatisticalSolutions.Controllers.Base.BaseController - Application URL - /StatisticalSolutions/Base/StatisticalError 
 2015-04-09 12:22:19,698 [13] INFO  StatisticalSolutions.Controllers.Base.BaseController - Application URL - /StatisticalSolutions/Base/StatisticalError 
 2015-04-09 12:22:19,698 [13] ERROR StatisticalSolutions.Controllers.Base.BaseController - Statistical exception message - Exception has been thrown by the target of an invocation.
 2015-04-09 12:22:19,698 [13] ERROR StatisticalSolutions.Controllers.Base.BaseController - Statistical exception stack trace -    at System.RuntimeTypeHandle.CreateInstance(RuntimeType type, Boolean publicOnly, Boolean noCheck, Boolean& canBeCached, RuntimeMethodHandleInternal& ctor, Boolean& bNeedSecurityCheck)
   at System.RuntimeType.CreateInstanceSlow(Boolean publicOnly, Boolean skipCheckThis, Boolean fillCache, StackCrawlMark& stackMark)
   at System.RuntimeType.CreateInstanceDefaultCtor(Boolean publicOnly, Boolean skipCheckThis, Boolean fillCache, StackCrawlMark& stackMark)
   at System.Activator.CreateInstance(Type type, Boolean nonPublic)
   at System.Activator.CreateInstance(Type type)
   at System.Threading.LazyHelpers`1.ActivatorFactorySelector()
   at System.Threading.LazyInitializer.EnsureInitializedCore[T](T& target, Boolean& initialized, Object& syncLock, Func`1 valueFactory)
   at System.Threading.LazyInitializer.EnsureInitialized[T](T& target, Boolean& initialized, Object& syncLock)
   at StatisticalSolutions.Filters.InitializeSimpleMembershipAttribute.OnActionExecuting(ActionExecutingContext filterContext) in c:\temp\3rdPartyProjects\StatisticalSolutions\StatisticalSolutions\Filters\InitializeSimpleMembershipAttribute.cs:line 23
   at System.Web.Mvc.Async.AsyncControllerActionInvoker.InvokeActionMethodFilterAsynchronously(IActionFilter filter, ActionExecutingContext preContext, Func`1 nextInChain)
   at System.Web.Mvc.Async.AsyncControllerActionInvoker.<>c__DisplayClass37.<>c__DisplayClass39.<>c__DisplayClass3b.<BeginInvokeActionMethodWithFilters>b__35()
   at System.Web.Mvc.Async.AsyncControllerActionInvoker.InvokeActionMethodFilterAsynchronously(IActionFilter filter, ActionExecutingContext preContext, Func`1 nextInChain)
   at System.Web.Mvc.Async.AsyncControllerActionInvoker.<>c__DisplayClass37.<>c__DisplayClass39.<>c__DisplayClass3b.<BeginInvokeActionMethodWithFilters>b__35()
   at System.Web.Mvc.Async.AsyncControllerActionInvoker.<>c__DisplayClass37.<BeginInvokeActionMethodWithFilters>b__31(AsyncCallback asyncCallback, Object asyncState)
   at System.Web.Mvc.Async.AsyncResultWrapper.WrappedAsyncResult`1.Begin(AsyncCallback callback, Object state, Int32 timeout)
   at System.Web.Mvc.Async.AsyncControllerActionInvoker.BeginInvokeActionMethodWithFilters(ControllerContext controllerContext, IList`1 filters, ActionDescriptor actionDescriptor, IDictionary`2 parameters, AsyncCallback callback, Object state)
   at System.Web.Mvc.Async.AsyncControllerActionInvoker.<>c__DisplayClass25.<BeginInvokeAction>b__1e(AsyncCallback asyncCallback, Object asyncState)
 2015-04-09 12:22:19,708 [7] INFO  StatisticalSolutions.Controllers.Base.BaseController - Application URL - /StatisticalSolutions/Base/StatisticalError 
 2015-04-09 12:22:19,758 [7] INFO  StatisticalSolutions.Controllers.Base.BaseController - Application URL - /StatisticalSolutions/Base/StatisticalError 
 2015-04-09 12:22:19,758 [7] ERROR StatisticalSolutions.Controllers.Base.BaseController - Statistical exception message - Exception has been thrown by the target of an invocation.
 2015-04-09 12:22:19,758 [7] ERROR StatisticalSolutions.Controllers.Base.BaseController - Statistical exception stack trace -    at System.RuntimeTypeHandle.CreateInstance(RuntimeType type, Boolean publicOnly, Boolean noCheck, Boolean& canBeCached, RuntimeMethodHandleInternal& ctor, Boolean& bNeedSecurityCheck)
   at System.RuntimeType.CreateInstanceSlow(Boolean publicOnly, Boolean skipCheckThis, Boolean fillCache, StackCrawlMark& stackMark)
   at System.RuntimeType.CreateInstanceDefaultCtor(Boolean publicOnly, Boolean skipCheckThis, Boolean fillCache, StackCrawlMark& stackMark)
   at System.Activator.CreateInstance(Type type, Boolean nonPublic)
   at System.Activator.CreateInstance(Type type)
   at System.Threading.LazyHelpers`1.ActivatorFactorySelector()
   at System.Threading.LazyInitializer.EnsureInitializedCore[T](T& target, Boolean& initialized, Object& syncLock, Func`1 valueFactory)
   at System.Threading.LazyInitializer.EnsureInitialized[T](T& target, Boolean& initialized, Object& syncLock)
   at StatisticalSolutions.Filters.InitializeSimpleMembershipAttribute.OnActionExecuting(ActionExecutingContext filterContext) in c:\temp\3rdPartyProjects\StatisticalSolutions\StatisticalSolutions\Filters\InitializeSimpleMembershipAttribute.cs:line 23
   at System.Web.Mvc.Async.AsyncControllerActionInvoker.InvokeActionMethodFilterAsynchronously(IActionFilter filter, ActionExecutingContext preContext, Func`1 nextInChain)
   at System.Web.Mvc.Async.AsyncControllerActionInvoker.<>c__DisplayClass37.<>c__DisplayClass39.<>c__DisplayClass3b.<BeginInvokeActionMethodWithFilters>b__35()
   at System.Web.Mvc.Async.AsyncControllerActionInvoker.InvokeActionMethodFilterAsynchronously(IActionFilter filter, ActionExecutingContext preContext, Func`1 nextInChain)
   at System.Web.Mvc.Async.AsyncControllerActionInvoker.<>c__DisplayClass37.<>c__DisplayClass39.<>c__DisplayClass3b.<BeginInvokeActionMethodWithFilters>b__35()
   at System.Web.Mvc.Async.AsyncControllerActionInvoker.<>c__DisplayClass37.<BeginInvokeActionMethodWithFilters>b__31(AsyncCallback asyncCallback, Object asyncState)
   at System.Web.Mvc.Async.AsyncResultWrapper.WrappedAsyncResult`1.Begin(AsyncCallback callback, Object state, Int32 timeout)
   at System.Web.Mvc.Async.AsyncControllerActionInvoker.BeginInvokeActionMethodWithFilters(ControllerContext controllerContext, IList`1 filters, ActionDescriptor actionDescriptor, IDictionary`2 parameters, AsyncCallback callback, Object state)
   at System.Web.Mvc.Async.AsyncControllerActionInvoker.<>c__DisplayClass25.<BeginInvokeAction>b__1e(AsyncCallback asyncCallback, Object asyncState)
 2015-04-09 12:22:19,758 [15] INFO  StatisticalSolutions.Controllers.Base.BaseController - Application URL - /StatisticalSolutions/Base/StatisticalError 
 2015-04-09 12:22:19,808 [15] INFO  StatisticalSolutions.Controllers.Base.BaseController - Application URL - /StatisticalSolutions/Base/StatisticalError 
 2015-04-09 12:22:19,808 [15] ERROR StatisticalSolutions.Controllers.Base.BaseController - Statistical exception message - Exception has been thrown by the target of an invocation.
 2015-04-09 12:22:19,808 [15] ERROR StatisticalSolutions.Controllers.Base.BaseController - Statistical exception stack trace -    at System.RuntimeTypeHandle.CreateInstance(RuntimeType type, Boolean publicOnly, Boolean noCheck, Boolean& canBeCached, RuntimeMethodHandleInternal& ctor, Boolean& bNeedSecurityCheck)
   at System.RuntimeType.CreateInstanceSlow(Boolean publicOnly, Boolean skipCheckThis, Boolean fillCache, StackCrawlMark& stackMark)
   at System.RuntimeType.CreateInstanceDefaultCtor(Boolean publicOnly, Boolean skipCheckThis, Boolean fillCache, StackCrawlMark& stackMark)
   at System.Activator.CreateInstance(Type type, Boolean nonPublic)
   at System.Activator.CreateInstance(Type type)
   at System.Threading.LazyHelpers`1.ActivatorFactorySelector()
   at System.Threading.LazyInitializer.EnsureInitializedCore[T](T& target, Boolean& initialized, Object& syncLock, Func`1 valueFactory)
   at System.Threading.LazyInitializer.EnsureInitialized[T](T& target, Boolean& initialized, Object& syncLock)
   at StatisticalSolutions.Filters.InitializeSimpleMembershipAttribute.OnActionExecuting(ActionExecutingContext filterContext) in c:\temp\3rdPartyProjects\StatisticalSolutions\StatisticalSolutions\Filters\InitializeSimpleMembershipAttribute.cs:line 23
   at System.Web.Mvc.Async.AsyncControllerActionInvoker.InvokeActionMethodFilterAsynchronously(IActionFilter filter, ActionExecutingContext preContext, Func`1 nextInChain)
   at System.Web.Mvc.Async.AsyncControllerActionInvoker.<>c__DisplayClass37.<>c__DisplayClass39.<>c__DisplayClass3b.<BeginInvokeActionMethodWithFilters>b__35()
   at System.Web.Mvc.Async.AsyncControllerActionInvoker.InvokeActionMethodFilterAsynchronously(IActionFilter filter, ActionExecutingContext preContext, Func`1 nextInChain)
   at System.Web.Mvc.Async.AsyncControllerActionInvoker.<>c__DisplayClass37.<>c__DisplayClass39.<>c__DisplayClass3b.<BeginInvokeActionMethodWithFilters>b__35()
   at System.Web.Mvc.Async.AsyncControllerActionInvoker.<>c__DisplayClass37.<BeginInvokeActionMethodWithFilters>b__31(AsyncCallback asyncCallback, Object asyncState)
   at System.Web.Mvc.Async.AsyncResultWrapper.WrappedAsyncResult`1.Begin(AsyncCallback callback, Object state, Int32 timeout)
   at System.Web.Mvc.Async.AsyncControllerActionInvoker.BeginInvokeActionMethodWithFilters(ControllerContext controllerContext, IList`1 filters, ActionDescriptor actionDescriptor, IDictionary`2 parameters, AsyncCallback callback, Object state)
   at System.Web.Mvc.Async.AsyncControllerActionInvoker.<>c__DisplayClass25.<BeginInvokeAction>b__1e(AsyncCallback asyncCallback, Object asyncState)
 2015-04-09 12:22:19,818 [11] INFO  StatisticalSolutions.Controllers.Base.BaseController - Application URL - /StatisticalSolutions/Base/StatisticalError 
 2015-04-09 12:22:19,858 [11] INFO  StatisticalSolutions.Controllers.Base.BaseController - Application URL - /StatisticalSolutions/Base/StatisticalError 
 2015-04-09 12:22:19,858 [11] ERROR StatisticalSolutions.Controllers.Base.BaseController - Statistical exception message - Exception has been thrown by the target of an invocation.
 2015-04-09 12:22:19,858 [11] ERROR StatisticalSolutions.Controllers.Base.BaseController - Statistical exception stack trace -    at System.RuntimeTypeHandle.CreateInstance(RuntimeType type, Boolean publicOnly, Boolean noCheck, Boolean& canBeCached, RuntimeMethodHandleInternal& ctor, Boolean& bNeedSecurityCheck)
   at System.RuntimeType.CreateInstanceSlow(Boolean publicOnly, Boolean skipCheckThis, Boolean fillCache, StackCrawlMark& stackMark)
   at System.RuntimeType.CreateInstanceDefaultCtor(Boolean publicOnly, Boolean skipCheckThis, Boolean fillCache, StackCrawlMark& stackMark)
   at System.Activator.CreateInstance(Type type, Boolean nonPublic)
   at System.Activator.CreateInstance(Type type)
   at System.Threading.LazyHelpers`1.ActivatorFactorySelector()
   at System.Threading.LazyInitializer.EnsureInitializedCore[T](T& target, Boolean& initialized, Object& syncLock, Func`1 valueFactory)
   at System.Threading.LazyInitializer.EnsureInitialized[T](T& target, Boolean& initialized, Object& syncLock)
   at StatisticalSolutions.Filters.InitializeSimpleMembershipAttribute.OnActionExecuting(ActionExecutingContext filterContext) in c:\temp\3rdPartyProjects\StatisticalSolutions\StatisticalSolutions\Filters\InitializeSimpleMembershipAttribute.cs:line 23
   at System.Web.Mvc.Async.AsyncControllerActionInvoker.InvokeActionMethodFilterAsynchronously(IActionFilter filter, ActionExecutingContext preContext, Func`1 nextInChain)
   at System.Web.Mvc.Async.AsyncControllerActionInvoker.<>c__DisplayClass37.<>c__DisplayClass39.<>c__DisplayClass3b.<BeginInvokeActionMethodWithFilters>b__35()
   at System.Web.Mvc.Async.AsyncControllerActionInvoker.InvokeActionMethodFilterAsynchronously(IActionFilter filter, ActionExecutingContext preContext, Func`1 nextInChain)
   at System.Web.Mvc.Async.AsyncControllerActionInvoker.<>c__DisplayClass37.<>c__DisplayClass39.<>c__DisplayClass3b.<BeginInvokeActionMethodWithFilters>b__35()
   at System.Web.Mvc.Async.AsyncControllerActionInvoker.<>c__DisplayClass37.<BeginInvokeActionMethodWithFilters>b__31(AsyncCallback asyncCallback, Object asyncState)
   at System.Web.Mvc.Async.AsyncResultWrapper.WrappedAsyncResult`1.Begin(AsyncCallback callback, Object state, Int32 timeout)
   at System.Web.Mvc.Async.AsyncControllerActionInvoker.BeginInvokeActionMethodWithFilters(ControllerContext controllerContext, IList`1 filters, ActionDescriptor actionDescriptor, IDictionary`2 parameters, AsyncCallback callback, Object state)
   at System.Web.Mvc.Async.AsyncControllerActionInvoker.<>c__DisplayClass25.<BeginInvokeAction>b__1e(AsyncCallback asyncCallback, Object asyncState)
 2015-04-09 12:22:19,868 [15] INFO  StatisticalSolutions.Controllers.Base.BaseController - Application URL - /StatisticalSolutions/Base/StatisticalError 
 2015-04-09 12:22:19,908 [15] INFO  StatisticalSolutions.Controllers.Base.BaseController - Application URL - /StatisticalSolutions/Base/StatisticalError 
 2015-04-09 12:22:19,908 [15] ERROR StatisticalSolutions.Controllers.Base.BaseController - Statistical exception message - Exception has been thrown by the target of an invocation.
 2015-04-09 12:22:19,918 [15] ERROR StatisticalSolutions.Controllers.Base.BaseController - Statistical exception stack trace -    at System.RuntimeTypeHandle.CreateInstance(RuntimeType type, Boolean publicOnly, Boolean noCheck, Boolean& canBeCached, RuntimeMethodHandleInternal& ctor, Boolean& bNeedSecurityCheck)
   at System.RuntimeType.CreateInstanceSlow(Boolean publicOnly, Boolean skipCheckThis, Boolean fillCache, StackCrawlMark& stackMark)
   at System.RuntimeType.CreateInstanceDefaultCtor(Boolean publicOnly, Boolean skipCheckThis, Boolean fillCache, StackCrawlMark& stackMark)
   at System.Activator.CreateInstance(Type type, Boolean nonPublic)
   at System.Activator.CreateInstance(Type type)
   at System.Threading.LazyHelpers`1.ActivatorFactorySelector()
   at System.Threading.LazyInitializer.EnsureInitializedCore[T](T& target, Boolean& initialized, Object& syncLock, Func`1 valueFactory)
   at System.Threading.LazyInitializer.EnsureInitialized[T](T& target, Boolean& initialized, Object& syncLock)
   at StatisticalSolutions.Filters.InitializeSimpleMembershipAttribute.OnActionExecuting(ActionExecutingContext filterContext) in c:\temp\3rdPartyProjects\StatisticalSolutions\StatisticalSolutions\Filters\InitializeSimpleMembershipAttribute.cs:line 23
   at System.Web.Mvc.Async.AsyncControllerActionInvoker.InvokeActionMethodFilterAsynchronously(IActionFilter filter, ActionExecutingContext preContext, Func`1 nextInChain)
   at System.Web.Mvc.Async.AsyncControllerActionInvoker.<>c__DisplayClass37.<>c__DisplayClass39.<>c__DisplayClass3b.<BeginInvokeActionMethodWithFilters>b__35()
   at System.Web.Mvc.Async.AsyncControllerActionInvoker.InvokeActionMethodFilterAsynchronously(IActionFilter filter, ActionExecutingContext preContext, Func`1 nextInChain)
   at System.Web.Mvc.Async.AsyncControllerActionInvoker.<>c__DisplayClass37.<>c__DisplayClass39.<>c__DisplayClass3b.<BeginInvokeActionMethodWithFilters>b__35()
   at System.Web.Mvc.Async.AsyncControllerActionInvoker.<>c__DisplayClass37.<BeginInvokeActionMethodWithFilters>b__31(AsyncCallback asyncCallback, Object asyncState)
   at System.Web.Mvc.Async.AsyncResultWrapper.WrappedAsyncResult`1.Begin(AsyncCallback callback, Object state, Int32 timeout)
   at System.Web.Mvc.Async.AsyncControllerActionInvoker.BeginInvokeActionMethodWithFilters(ControllerContext controllerContext, IList`1 filters, ActionDescriptor actionDescriptor, IDictionary`2 parameters, AsyncCallback callback, Object state)
   at System.Web.Mvc.Async.AsyncControllerActionInvoker.<>c__DisplayClass25.<BeginInvokeAction>b__1e(AsyncCallback asyncCallback, Object asyncState)
 2015-04-09 12:22:19,918 [7] INFO  StatisticalSolutions.Controllers.Base.BaseController - Application URL - /StatisticalSolutions/Base/StatisticalError 
 2015-04-09 12:22:19,958 [7] INFO  StatisticalSolutions.Controllers.Base.BaseController - Application URL - /StatisticalSolutions/Base/StatisticalError 
 2015-04-09 12:22:19,968 [7] ERROR StatisticalSolutions.Controllers.Base.BaseController - Statistical exception message - Exception has been thrown by the target of an invocation.
 2015-04-09 12:22:19,968 [7] ERROR StatisticalSolutions.Controllers.Base.BaseController - Statistical exception stack trace -    at System.RuntimeTypeHandle.CreateInstance(RuntimeType type, Boolean publicOnly, Boolean noCheck, Boolean& canBeCached, RuntimeMethodHandleInternal& ctor, Boolean& bNeedSecurityCheck)
   at System.RuntimeType.CreateInstanceSlow(Boolean publicOnly, Boolean skipCheckThis, Boolean fillCache, StackCrawlMark& stackMark)
   at System.RuntimeType.CreateInstanceDefaultCtor(Boolean publicOnly, Boolean skipCheckThis, Boolean fillCache, StackCrawlMark& stackMark)
   at System.Activator.CreateInstance(Type type, Boolean nonPublic)
   at System.Activator.CreateInstance(Type type)
   at System.Threading.LazyHelpers`1.ActivatorFactorySelector()
   at System.Threading.LazyInitializer.EnsureInitializedCore[T](T& target, Boolean& initialized, Object& syncLock, Func`1 valueFactory)
   at System.Threading.LazyInitializer.EnsureInitialized[T](T& target, Boolean& initialized, Object& syncLock)
   at StatisticalSolutions.Filters.InitializeSimpleMembershipAttribute.OnActionExecuting(ActionExecutingContext filterContext) in c:\temp\3rdPartyProjects\StatisticalSolutions\StatisticalSolutions\Filters\InitializeSimpleMembershipAttribute.cs:line 23
   at System.Web.Mvc.Async.AsyncControllerActionInvoker.InvokeActionMethodFilterAsynchronously(IActionFilter filter, ActionExecutingContext preContext, Func`1 nextInChain)
   at System.Web.Mvc.Async.AsyncControllerActionInvoker.<>c__DisplayClass37.<>c__DisplayClass39.<>c__DisplayClass3b.<BeginInvokeActionMethodWithFilters>b__35()
   at System.Web.Mvc.Async.AsyncControllerActionInvoker.InvokeActionMethodFilterAsynchronously(IActionFilter filter, ActionExecutingContext preContext, Func`1 nextInChain)
   at System.Web.Mvc.Async.AsyncControllerActionInvoker.<>c__DisplayClass37.<>c__DisplayClass39.<>c__DisplayClass3b.<BeginInvokeActionMethodWithFilters>b__35()
   at System.Web.Mvc.Async.AsyncControllerActionInvoker.<>c__DisplayClass37.<BeginInvokeActionMethodWithFilters>b__31(AsyncCallback asyncCallback, Object asyncState)
   at System.Web.Mvc.Async.AsyncResultWrapper.WrappedAsyncResult`1.Begin(AsyncCallback callback, Object state, Int32 timeout)
   at System.Web.Mvc.Async.AsyncControllerActionInvoker.BeginInvokeActionMethodWithFilters(ControllerContext controllerContext, IList`1 filters, ActionDescriptor actionDescriptor, IDictionary`2 parameters, AsyncCallback callback, Object state)
   at System.Web.Mvc.Async.AsyncControllerActionInvoker.<>c__DisplayClass25.<BeginInvokeAction>b__1e(AsyncCallback asyncCallback, Object asyncState)
 2015-04-09 12:22:19,968 [11] INFO  StatisticalSolutions.Controllers.Base.BaseController - Application URL - /StatisticalSolutions/Base/StatisticalError 
 2015-04-09 12:22:20,018 [11] INFO  StatisticalSolutions.Controllers.Base.BaseController - Application URL - /StatisticalSolutions/Base/StatisticalError 
 2015-04-09 12:22:20,018 [11] ERROR StatisticalSolutions.Controllers.Base.BaseController - Statistical exception message - Exception has been thrown by the target of an invocation.
 2015-04-09 12:22:20,018 [11] ERROR StatisticalSolutions.Controllers.Base.BaseController - Statistical exception stack trace -    at System.RuntimeTypeHandle.CreateInstance(RuntimeType type, Boolean publicOnly, Boolean noCheck, Boolean& canBeCached, RuntimeMethodHandleInternal& ctor, Boolean& bNeedSecurityCheck)
   at System.RuntimeType.CreateInstanceSlow(Boolean publicOnly, Boolean skipCheckThis, Boolean fillCache, StackCrawlMark& stackMark)
   at System.RuntimeType.CreateInstanceDefaultCtor(Boolean publicOnly, Boolean skipCheckThis, Boolean fillCache, StackCrawlMark& stackMark)
   at System.Activator.CreateInstance(Type type, Boolean nonPublic)
   at System.Activator.CreateInstance(Type type)
   at System.Threading.LazyHelpers`1.ActivatorFactorySelector()
   at System.Threading.LazyInitializer.EnsureInitializedCore[T](T& target, Boolean& initialized, Object& syncLock, Func`1 valueFactory)
   at System.Threading.LazyInitializer.EnsureInitialized[T](T& target, Boolean& initialized, Object& syncLock)
   at StatisticalSolutions.Filters.InitializeSimpleMembershipAttribute.OnActionExecuting(ActionExecutingContext filterContext) in c:\temp\3rdPartyProjects\StatisticalSolutions\StatisticalSolutions\Filters\InitializeSimpleMembershipAttribute.cs:line 23
   at System.Web.Mvc.Async.AsyncControllerActionInvoker.InvokeActionMethodFilterAsynchronously(IActionFilter filter, ActionExecutingContext preContext, Func`1 nextInChain)
   at System.Web.Mvc.Async.AsyncControllerActionInvoker.<>c__DisplayClass37.<>c__DisplayClass39.<>c__DisplayClass3b.<BeginInvokeActionMethodWithFilters>b__35()
   at System.Web.Mvc.Async.AsyncControllerActionInvoker.InvokeActionMethodFilterAsynchronously(IActionFilter filter, ActionExecutingContext preContext, Func`1 nextInChain)
   at System.Web.Mvc.Async.AsyncControllerActionInvoker.<>c__DisplayClass37.<>c__DisplayClass39.<>c__DisplayClass3b.<BeginInvokeActionMethodWithFilters>b__35()
   at System.Web.Mvc.Async.AsyncControllerActionInvoker.<>c__DisplayClass37.<BeginInvokeActionMethodWithFilters>b__31(AsyncCallback asyncCallback, Object asyncState)
   at System.Web.Mvc.Async.AsyncResultWrapper.WrappedAsyncResult`1.Begin(AsyncCallback callback, Object state, Int32 timeout)
   at System.Web.Mvc.Async.AsyncControllerActionInvoker.BeginInvokeActionMethodWithFilters(ControllerContext controllerContext, IList`1 filters, ActionDescriptor actionDescriptor, IDictionary`2 parameters, AsyncCallback callback, Object state)
   at System.Web.Mvc.Async.AsyncControllerActionInvoker.<>c__DisplayClass25.<BeginInvokeAction>b__1e(AsyncCallback asyncCallback, Object asyncState)
 2015-04-09 12:22:20,018 [9] INFO  StatisticalSolutions.Controllers.Base.BaseController - Application URL - /StatisticalSolutions/Base/StatisticalError 
 2015-04-09 12:22:20,068 [9] INFO  StatisticalSolutions.Controllers.Base.BaseController - Application URL - /StatisticalSolutions/Base/StatisticalError 
 2015-04-09 12:22:20,068 [9] ERROR StatisticalSolutions.Controllers.Base.BaseController - Statistical exception message - Exception has been thrown by the target of an invocation.
 2015-04-09 12:22:20,068 [9] ERROR StatisticalSolutions.Controllers.Base.BaseController - Statistical exception stack trace -    at System.RuntimeTypeHandle.CreateInstance(RuntimeType type, Boolean publicOnly, Boolean noCheck, Boolean& canBeCached, RuntimeMethodHandleInternal& ctor, Boolean& bNeedSecurityCheck)
   at System.RuntimeType.CreateInstanceSlow(Boolean publicOnly, Boolean skipCheckThis, Boolean fillCache, StackCrawlMark& stackMark)
   at System.RuntimeType.CreateInstanceDefaultCtor(Boolean publicOnly, Boolean skipCheckThis, Boolean fillCache, StackCrawlMark& stackMark)
   at System.Activator.CreateInstance(Type type, Boolean nonPublic)
   at System.Activator.CreateInstance(Type type)
   at System.Threading.LazyHelpers`1.ActivatorFactorySelector()
   at System.Threading.LazyInitializer.EnsureInitializedCore[T](T& target, Boolean& initialized, Object& syncLock, Func`1 valueFactory)
   at System.Threading.LazyInitializer.EnsureInitialized[T](T& target, Boolean& initialized, Object& syncLock)
   at StatisticalSolutions.Filters.InitializeSimpleMembershipAttribute.OnActionExecuting(ActionExecutingContext filterContext) in c:\temp\3rdPartyProjects\StatisticalSolutions\StatisticalSolutions\Filters\InitializeSimpleMembershipAttribute.cs:line 23
   at System.Web.Mvc.Async.AsyncControllerActionInvoker.InvokeActionMethodFilterAsynchronously(IActionFilter filter, ActionExecutingContext preContext, Func`1 nextInChain)
   at System.Web.Mvc.Async.AsyncControllerActionInvoker.<>c__DisplayClass37.<>c__DisplayClass39.<>c__DisplayClass3b.<BeginInvokeActionMethodWithFilters>b__35()
   at System.Web.Mvc.Async.AsyncControllerActionInvoker.InvokeActionMethodFilterAsynchronously(IActionFilter filter, ActionExecutingContext preContext, Func`1 nextInChain)
   at System.Web.Mvc.Async.AsyncControllerActionInvoker.<>c__DisplayClass37.<>c__DisplayClass39.<>c__DisplayClass3b.<BeginInvokeActionMethodWithFilters>b__35()
   at System.Web.Mvc.Async.AsyncControllerActionInvoker.<>c__DisplayClass37.<BeginInvokeActionMethodWithFilters>b__31(AsyncCallback asyncCallback, Object asyncState)
   at System.Web.Mvc.Async.AsyncResultWrapper.WrappedAsyncResult`1.Begin(AsyncCallback callback, Object state, Int32 timeout)
   at System.Web.Mvc.Async.AsyncControllerActionInvoker.BeginInvokeActionMethodWithFilters(ControllerContext controllerContext, IList`1 filters, ActionDescriptor actionDescriptor, IDictionary`2 parameters, AsyncCallback callback, Object state)
   at System.Web.Mvc.Async.AsyncControllerActionInvoker.<>c__DisplayClass25.<BeginInvokeAction>b__1e(AsyncCallback asyncCallback, Object asyncState)
 2015-04-09 12:22:20,068 [11] INFO  StatisticalSolutions.Controllers.Base.BaseController - Application URL - /StatisticalSolutions/Base/StatisticalError 
 2015-04-09 12:22:20,118 [11] INFO  StatisticalSolutions.Controllers.Base.BaseController - Application URL - /StatisticalSolutions/Base/StatisticalError 
 2015-04-09 12:22:20,118 [11] ERROR StatisticalSolutions.Controllers.Base.BaseController - Statistical exception message - Exception has been thrown by the target of an invocation.
 2015-04-09 12:22:20,118 [11] ERROR StatisticalSolutions.Controllers.Base.BaseController - Statistical exception stack trace -    at System.RuntimeTypeHandle.CreateInstance(RuntimeType type, Boolean publicOnly, Boolean noCheck, Boolean& canBeCached, RuntimeMethodHandleInternal& ctor, Boolean& bNeedSecurityCheck)
   at System.RuntimeType.CreateInstanceSlow(Boolean publicOnly, Boolean skipCheckThis, Boolean fillCache, StackCrawlMark& stackMark)
   at System.RuntimeType.CreateInstanceDefaultCtor(Boolean publicOnly, Boolean skipCheckThis, Boolean fillCache, StackCrawlMark& stackMark)
   at System.Activator.CreateInstance(Type type, Boolean nonPublic)
   at System.Activator.CreateInstance(Type type)
   at System.Threading.LazyHelpers`1.ActivatorFactorySelector()
   at System.Threading.LazyInitializer.EnsureInitializedCore[T](T& target, Boolean& initialized, Object& syncLock, Func`1 valueFactory)
   at System.Threading.LazyInitializer.EnsureInitialized[T](T& target, Boolean& initialized, Object& syncLock)
   at StatisticalSolutions.Filters.InitializeSimpleMembershipAttribute.OnActionExecuting(ActionExecutingContext filterContext) in c:\temp\3rdPartyProjects\StatisticalSolutions\StatisticalSolutions\Filters\InitializeSimpleMembershipAttribute.cs:line 23
   at System.Web.Mvc.Async.AsyncControllerActionInvoker.InvokeActionMethodFilterAsynchronously(IActionFilter filter, ActionExecutingContext preContext, Func`1 nextInChain)
   at System.Web.Mvc.Async.AsyncControllerActionInvoker.<>c__DisplayClass37.<>c__DisplayClass39.<>c__DisplayClass3b.<BeginInvokeActionMethodWithFilters>b__35()
   at System.Web.Mvc.Async.AsyncControllerActionInvoker.InvokeActionMethodFilterAsynchronously(IActionFilter filter, ActionExecutingContext preContext, Func`1 nextInChain)
   at System.Web.Mvc.Async.AsyncControllerActionInvoker.<>c__DisplayClass37.<>c__DisplayClass39.<>c__DisplayClass3b.<BeginInvokeActionMethodWithFilters>b__35()
   at System.Web.Mvc.Async.AsyncControllerActionInvoker.<>c__DisplayClass37.<BeginInvokeActionMethodWithFilters>b__31(AsyncCallback asyncCallback, Object asyncState)
   at System.Web.Mvc.Async.AsyncResultWrapper.WrappedAsyncResult`1.Begin(AsyncCallback callback, Object state, Int32 timeout)
   at System.Web.Mvc.Async.AsyncControllerActionInvoker.BeginInvokeActionMethodWithFilters(ControllerContext controllerContext, IList`1 filters, ActionDescriptor actionDescriptor, IDictionary`2 parameters, AsyncCallback callback, Object state)
   at System.Web.Mvc.Async.AsyncControllerActionInvoker.<>c__DisplayClass25.<BeginInvokeAction>b__1e(AsyncCallback asyncCallback, Object asyncState)
 2015-04-09 12:22:20,118 [13] INFO  StatisticalSolutions.Controllers.Base.BaseController - Application URL - /StatisticalSolutions/Base/StatisticalError 
 2015-04-09 12:22:20,168 [13] INFO  StatisticalSolutions.Controllers.Base.BaseController - Application URL - /StatisticalSolutions/Base/StatisticalError 
 2015-04-09 12:22:20,168 [13] ERROR StatisticalSolutions.Controllers.Base.BaseController - Statistical exception message - Exception has been thrown by the target of an invocation.
 2015-04-09 12:22:20,168 [13] ERROR StatisticalSolutions.Controllers.Base.BaseController - Statistical exception stack trace -    at System.RuntimeTypeHandle.CreateInstance(RuntimeType type, Boolean publicOnly, Boolean noCheck, Boolean& canBeCached, RuntimeMethodHandleInternal& ctor, Boolean& bNeedSecurityCheck)
   at System.RuntimeType.CreateInstanceSlow(Boolean publicOnly, Boolean skipCheckThis, Boolean fillCache, StackCrawlMark& stackMark)
   at System.RuntimeType.CreateInstanceDefaultCtor(Boolean publicOnly, Boolean skipCheckThis, Boolean fillCache, StackCrawlMark& stackMark)
   at System.Activator.CreateInstance(Type type, Boolean nonPublic)
   at System.Activator.CreateInstance(Type type)
   at System.Threading.LazyHelpers`1.ActivatorFactorySelector()
   at System.Threading.LazyInitializer.EnsureInitializedCore[T](T& target, Boolean& initialized, Object& syncLock, Func`1 valueFactory)
   at System.Threading.LazyInitializer.EnsureInitialized[T](T& target, Boolean& initialized, Object& syncLock)
   at StatisticalSolutions.Filters.InitializeSimpleMembershipAttribute.OnActionExecuting(ActionExecutingContext filterContext) in c:\temp\3rdPartyProjects\StatisticalSolutions\StatisticalSolutions\Filters\InitializeSimpleMembershipAttribute.cs:line 23
   at System.Web.Mvc.Async.AsyncControllerActionInvoker.InvokeActionMethodFilterAsynchronously(IActionFilter filter, ActionExecutingContext preContext, Func`1 nextInChain)
   at System.Web.Mvc.Async.AsyncControllerActionInvoker.<>c__DisplayClass37.<>c__DisplayClass39.<>c__DisplayClass3b.<BeginInvokeActionMethodWithFilters>b__35()
   at System.Web.Mvc.Async.AsyncControllerActionInvoker.InvokeActionMethodFilterAsynchronously(IActionFilter filter, ActionExecutingContext preContext, Func`1 nextInChain)
   at System.Web.Mvc.Async.AsyncControllerActionInvoker.<>c__DisplayClass37.<>c__DisplayClass39.<>c__DisplayClass3b.<BeginInvokeActionMethodWithFilters>b__35()
   at System.Web.Mvc.Async.AsyncControllerActionInvoker.<>c__DisplayClass37.<BeginInvokeActionMethodWithFilters>b__31(AsyncCallback asyncCallback, Object asyncState)
   at System.Web.Mvc.Async.AsyncResultWrapper.WrappedAsyncResult`1.Begin(AsyncCallback callback, Object state, Int32 timeout)
   at System.Web.Mvc.Async.AsyncControllerActionInvoker.BeginInvokeActionMethodWithFilters(ControllerContext controllerContext, IList`1 filters, ActionDescriptor actionDescriptor, IDictionary`2 parameters, AsyncCallback callback, Object state)
   at System.Web.Mvc.Async.AsyncControllerActionInvoker.<>c__DisplayClass25.<BeginInvokeAction>b__1e(AsyncCallback asyncCallback, Object asyncState)
 2015-04-09 12:22:20,178 [5] INFO  StatisticalSolutions.Controllers.Base.BaseController - Application URL - /StatisticalSolutions/Base/StatisticalError 
 2015-04-09 12:22:20,228 [5] INFO  StatisticalSolutions.Controllers.Base.BaseController - Application URL - /StatisticalSolutions/Base/StatisticalError 
 2015-04-09 12:22:20,228 [5] ERROR StatisticalSolutions.Controllers.Base.BaseController - Statistical exception message - Exception has been thrown by the target of an invocation.
 2015-04-09 12:22:20,228 [5] ERROR StatisticalSolutions.Controllers.Base.BaseController - Statistical exception stack trace -    at System.RuntimeTypeHandle.CreateInstance(RuntimeType type, Boolean publicOnly, Boolean noCheck, Boolean& canBeCached, RuntimeMethodHandleInternal& ctor, Boolean& bNeedSecurityCheck)
   at System.RuntimeType.CreateInstanceSlow(Boolean publicOnly, Boolean skipCheckThis, Boolean fillCache, StackCrawlMark& stackMark)
   at System.RuntimeType.CreateInstanceDefaultCtor(Boolean publicOnly, Boolean skipCheckThis, Boolean fillCache, StackCrawlMark& stackMark)
   at System.Activator.CreateInstance(Type type, Boolean nonPublic)
   at System.Activator.CreateInstance(Type type)
   at System.Threading.LazyHelpers`1.ActivatorFactorySelector()
   at System.Threading.LazyInitializer.EnsureInitializedCore[T](T& target, Boolean& initialized, Object& syncLock, Func`1 valueFactory)
   at System.Threading.LazyInitializer.EnsureInitialized[T](T& target, Boolean& initialized, Object& syncLock)
   at StatisticalSolutions.Filters.InitializeSimpleMembershipAttribute.OnActionExecuting(ActionExecutingContext filterContext) in c:\temp\3rdPartyProjects\StatisticalSolutions\StatisticalSolutions\Filters\InitializeSimpleMembershipAttribute.cs:line 23
   at System.Web.Mvc.Async.AsyncControllerActionInvoker.InvokeActionMethodFilterAsynchronously(IActionFilter filter, ActionExecutingContext preContext, Func`1 nextInChain)
   at System.Web.Mvc.Async.AsyncControllerActionInvoker.<>c__DisplayClass37.<>c__DisplayClass39.<>c__DisplayClass3b.<BeginInvokeActionMethodWithFilters>b__35()
   at System.Web.Mvc.Async.AsyncControllerActionInvoker.InvokeActionMethodFilterAsynchronously(IActionFilter filter, ActionExecutingContext preContext, Func`1 nextInChain)
   at System.Web.Mvc.Async.AsyncControllerActionInvoker.<>c__DisplayClass37.<>c__DisplayClass39.<>c__DisplayClass3b.<BeginInvokeActionMethodWithFilters>b__35()
   at System.Web.Mvc.Async.AsyncControllerActionInvoker.<>c__DisplayClass37.<BeginInvokeActionMethodWithFilters>b__31(AsyncCallback asyncCallback, Object asyncState)
   at System.Web.Mvc.Async.AsyncResultWrapper.WrappedAsyncResult`1.Begin(AsyncCallback callback, Object state, Int32 timeout)
   at System.Web.Mvc.Async.AsyncControllerActionInvoker.BeginInvokeActionMethodWithFilters(ControllerContext controllerContext, IList`1 filters, ActionDescriptor actionDescriptor, IDictionary`2 parameters, AsyncCallback callback, Object state)
   at System.Web.Mvc.Async.AsyncControllerActionInvoker.<>c__DisplayClass25.<BeginInvokeAction>b__1e(AsyncCallback asyncCallback, Object asyncState)
 2015-04-09 12:22:20,228 [9] INFO  StatisticalSolutions.Controllers.Base.BaseController - Application URL - /StatisticalSolutions/Base/StatisticalError 
 2015-04-09 12:22:20,278 [9] INFO  StatisticalSolutions.Controllers.Base.BaseController - Application URL - /StatisticalSolutions/Base/StatisticalError 
 2015-04-09 12:22:20,278 [9] ERROR StatisticalSolutions.Controllers.Base.BaseController - Statistical exception message - Exception has been thrown by the target of an invocation.
 2015-04-09 12:22:20,278 [9] ERROR StatisticalSolutions.Controllers.Base.BaseController - Statistical exception stack trace -    at System.RuntimeTypeHandle.CreateInstance(RuntimeType type, Boolean publicOnly, Boolean noCheck, Boolean& canBeCached, RuntimeMethodHandleInternal& ctor, Boolean& bNeedSecurityCheck)
   at System.RuntimeType.CreateInstanceSlow(Boolean publicOnly, Boolean skipCheckThis, Boolean fillCache, StackCrawlMark& stackMark)
   at System.RuntimeType.CreateInstanceDefaultCtor(Boolean publicOnly, Boolean skipCheckThis, Boolean fillCache, StackCrawlMark& stackMark)
   at System.Activator.CreateInstance(Type type, Boolean nonPublic)
   at System.Activator.CreateInstance(Type type)
   at System.Threading.LazyHelpers`1.ActivatorFactorySelector()
   at System.Threading.LazyInitializer.EnsureInitializedCore[T](T& target, Boolean& initialized, Object& syncLock, Func`1 valueFactory)
   at System.Threading.LazyInitializer.EnsureInitialized[T](T& target, Boolean& initialized, Object& syncLock)
   at StatisticalSolutions.Filters.InitializeSimpleMembershipAttribute.OnActionExecuting(ActionExecutingContext filterContext) in c:\temp\3rdPartyProjects\StatisticalSolutions\StatisticalSolutions\Filters\InitializeSimpleMembershipAttribute.cs:line 23
   at System.Web.Mvc.Async.AsyncControllerActionInvoker.InvokeActionMethodFilterAsynchronously(IActionFilter filter, ActionExecutingContext preContext, Func`1 nextInChain)
   at System.Web.Mvc.Async.AsyncControllerActionInvoker.<>c__DisplayClass37.<>c__DisplayClass39.<>c__DisplayClass3b.<BeginInvokeActionMethodWithFilters>b__35()
   at System.Web.Mvc.Async.AsyncControllerActionInvoker.InvokeActionMethodFilterAsynchronously(IActionFilter filter, ActionExecutingContext preContext, Func`1 nextInChain)
   at System.Web.Mvc.Async.AsyncControllerActionInvoker.<>c__DisplayClass37.<>c__DisplayClass39.<>c__DisplayClass3b.<BeginInvokeActionMethodWithFilters>b__35()
   at System.Web.Mvc.Async.AsyncControllerActionInvoker.<>c__DisplayClass37.<BeginInvokeActionMethodWithFilters>b__31(AsyncCallback asyncCallback, Object asyncState)
   at System.Web.Mvc.Async.AsyncResultWrapper.WrappedAsyncResult`1.Begin(AsyncCallback callback, Object state, Int32 timeout)
   at System.Web.Mvc.Async.AsyncControllerActionInvoker.BeginInvokeActionMethodWithFilters(ControllerContext controllerContext, IList`1 filters, ActionDescriptor actionDescriptor, IDictionary`2 parameters, AsyncCallback callback, Object state)
   at System.Web.Mvc.Async.AsyncControllerActionInvoker.<>c__DisplayClass25.<BeginInvokeAction>b__1e(AsyncCallback asyncCallback, Object asyncState)
 2015-04-09 12:22:20,288 [12] INFO  StatisticalSolutions.Controllers.Base.BaseController - Application URL - /StatisticalSolutions/Base/StatisticalError 
 2015-04-09 12:22:20,328 [12] INFO  StatisticalSolutions.Controllers.Base.BaseController - Application URL - /StatisticalSolutions/Base/StatisticalError 
 2015-04-09 12:22:20,328 [12] ERROR StatisticalSolutions.Controllers.Base.BaseController - Statistical exception message - Exception has been thrown by the target of an invocation.
 2015-04-09 12:22:20,328 [12] ERROR StatisticalSolutions.Controllers.Base.BaseController - Statistical exception stack trace -    at System.RuntimeTypeHandle.CreateInstance(RuntimeType type, Boolean publicOnly, Boolean noCheck, Boolean& canBeCached, RuntimeMethodHandleInternal& ctor, Boolean& bNeedSecurityCheck)
   at System.RuntimeType.CreateInstanceSlow(Boolean publicOnly, Boolean skipCheckThis, Boolean fillCache, StackCrawlMark& stackMark)
   at System.RuntimeType.CreateInstanceDefaultCtor(Boolean publicOnly, Boolean skipCheckThis, Boolean fillCache, StackCrawlMark& stackMark)
   at System.Activator.CreateInstance(Type type, Boolean nonPublic)
   at System.Activator.CreateInstance(Type type)
   at System.Threading.LazyHelpers`1.ActivatorFactorySelector()
   at System.Threading.LazyInitializer.EnsureInitializedCore[T](T& target, Boolean& initialized, Object& syncLock, Func`1 valueFactory)
   at System.Threading.LazyInitializer.EnsureInitialized[T](T& target, Boolean& initialized, Object& syncLock)
   at StatisticalSolutions.Filters.InitializeSimpleMembershipAttribute.OnActionExecuting(ActionExecutingContext filterContext) in c:\temp\3rdPartyProjects\StatisticalSolutions\StatisticalSolutions\Filters\InitializeSimpleMembershipAttribute.cs:line 23
   at System.Web.Mvc.Async.AsyncControllerActionInvoker.InvokeActionMethodFilterAsynchronously(IActionFilter filter, ActionExecutingContext preContext, Func`1 nextInChain)
   at System.Web.Mvc.Async.AsyncControllerActionInvoker.<>c__DisplayClass37.<>c__DisplayClass39.<>c__DisplayClass3b.<BeginInvokeActionMethodWithFilters>b__35()
   at System.Web.Mvc.Async.AsyncControllerActionInvoker.InvokeActionMethodFilterAsynchronously(IActionFilter filter, ActionExecutingContext preContext, Func`1 nextInChain)
   at System.Web.Mvc.Async.AsyncControllerActionInvoker.<>c__DisplayClass37.<>c__DisplayClass39.<>c__DisplayClass3b.<BeginInvokeActionMethodWithFilters>b__35()
   at System.Web.Mvc.Async.AsyncControllerActionInvoker.<>c__DisplayClass37.<BeginInvokeActionMethodWithFilters>b__31(AsyncCallback asyncCallback, Object asyncState)
   at System.Web.Mvc.Async.AsyncResultWrapper.WrappedAsyncResult`1.Begin(AsyncCallback callback, Object state, Int32 timeout)
   at System.Web.Mvc.Async.AsyncControllerActionInvoker.BeginInvokeActionMethodWithFilters(ControllerContext controllerContext, IList`1 filters, ActionDescriptor actionDescriptor, IDictionary`2 parameters, AsyncCallback callback, Object state)
   at System.Web.Mvc.Async.AsyncControllerActionInvoker.<>c__DisplayClass25.<BeginInvokeAction>b__1e(AsyncCallback asyncCallback, Object asyncState)
 2015-04-09 12:22:20,338 [5] INFO  StatisticalSolutions.Controllers.Base.BaseController - Application URL - /StatisticalSolutions/Base/StatisticalError 
 2015-04-09 12:22:20,378 [5] INFO  StatisticalSolutions.Controllers.Base.BaseController - Application URL - /StatisticalSolutions/Base/StatisticalError 
 2015-04-09 12:22:20,388 [5] ERROR StatisticalSolutions.Controllers.Base.BaseController - Statistical exception message - Exception has been thrown by the target of an invocation.
 2015-04-09 12:22:20,388 [5] ERROR StatisticalSolutions.Controllers.Base.BaseController - Statistical exception stack trace -    at System.RuntimeTypeHandle.CreateInstance(RuntimeType type, Boolean publicOnly, Boolean noCheck, Boolean& canBeCached, RuntimeMethodHandleInternal& ctor, Boolean& bNeedSecurityCheck)
   at System.RuntimeType.CreateInstanceSlow(Boolean publicOnly, Boolean skipCheckThis, Boolean fillCache, StackCrawlMark& stackMark)
   at System.RuntimeType.CreateInstanceDefaultCtor(Boolean publicOnly, Boolean skipCheckThis, Boolean fillCache, StackCrawlMark& stackMark)
   at System.Activator.CreateInstance(Type type, Boolean nonPublic)
   at System.Activator.CreateInstance(Type type)
   at System.Threading.LazyHelpers`1.ActivatorFactorySelector()
   at System.Threading.LazyInitializer.EnsureInitializedCore[T](T& target, Boolean& initialized, Object& syncLock, Func`1 valueFactory)
   at System.Threading.LazyInitializer.EnsureInitialized[T](T& target, Boolean& initialized, Object& syncLock)
   at StatisticalSolutions.Filters.InitializeSimpleMembershipAttribute.OnActionExecuting(ActionExecutingContext filterContext) in c:\temp\3rdPartyProjects\StatisticalSolutions\StatisticalSolutions\Filters\InitializeSimpleMembershipAttribute.cs:line 23
   at System.Web.Mvc.Async.AsyncControllerActionInvoker.InvokeActionMethodFilterAsynchronously(IActionFilter filter, ActionExecutingContext preContext, Func`1 nextInChain)
   at System.Web.Mvc.Async.AsyncControllerActionInvoker.<>c__DisplayClass37.<>c__DisplayClass39.<>c__DisplayClass3b.<BeginInvokeActionMethodWithFilters>b__35()
   at System.Web.Mvc.Async.AsyncControllerActionInvoker.InvokeActionMethodFilterAsynchronously(IActionFilter filter, ActionExecutingContext preContext, Func`1 nextInChain)
   at System.Web.Mvc.Async.AsyncControllerActionInvoker.<>c__DisplayClass37.<>c__DisplayClass39.<>c__DisplayClass3b.<BeginInvokeActionMethodWithFilters>b__35()
   at System.Web.Mvc.Async.AsyncControllerActionInvoker.<>c__DisplayClass37.<BeginInvokeActionMethodWithFilters>b__31(AsyncCallback asyncCallback, Object asyncState)
   at System.Web.Mvc.Async.AsyncResultWrapper.WrappedAsyncResult`1.Begin(AsyncCallback callback, Object state, Int32 timeout)
   at System.Web.Mvc.Async.AsyncControllerActionInvoker.BeginInvokeActionMethodWithFilters(ControllerContext controllerContext, IList`1 filters, ActionDescriptor actionDescriptor, IDictionary`2 parameters, AsyncCallback callback, Object state)
   at System.Web.Mvc.Async.AsyncControllerActionInvoker.<>c__DisplayClass25.<BeginInvokeAction>b__1e(AsyncCallback asyncCallback, Object asyncState)
 2015-04-09 12:22:20,388 [12] INFO  StatisticalSolutions.Controllers.Base.BaseController - Application URL - /StatisticalSolutions/Base/StatisticalError 
 2015-04-09 12:22:20,438 [12] INFO  StatisticalSolutions.Controllers.Base.BaseController - Application URL - /StatisticalSolutions/Base/StatisticalError 
 2015-04-09 12:22:20,438 [12] ERROR StatisticalSolutions.Controllers.Base.BaseController - Statistical exception message - Exception has been thrown by the target of an invocation.
 2015-04-09 12:22:20,438 [12] ERROR StatisticalSolutions.Controllers.Base.BaseController - Statistical exception stack trace -    at System.RuntimeTypeHandle.CreateInstance(RuntimeType type, Boolean publicOnly, Boolean noCheck, Boolean& canBeCached, RuntimeMethodHandleInternal& ctor, Boolean& bNeedSecurityCheck)
   at System.RuntimeType.CreateInstanceSlow(Boolean publicOnly, Boolean skipCheckThis, Boolean fillCache, StackCrawlMark& stackMark)
   at System.RuntimeType.CreateInstanceDefaultCtor(Boolean publicOnly, Boolean skipCheckThis, Boolean fillCache, StackCrawlMark& stackMark)
   at System.Activator.CreateInstance(Type type, Boolean nonPublic)
   at System.Activator.CreateInstance(Type type)
   at System.Threading.LazyHelpers`1.ActivatorFactorySelector()
   at System.Threading.LazyInitializer.EnsureInitializedCore[T](T& target, Boolean& initialized, Object& syncLock, Func`1 valueFactory)
   at System.Threading.LazyInitializer.EnsureInitialized[T](T& target, Boolean& initialized, Object& syncLock)
   at StatisticalSolutions.Filters.InitializeSimpleMembershipAttribute.OnActionExecuting(ActionExecutingContext filterContext) in c:\temp\3rdPartyProjects\StatisticalSolutions\StatisticalSolutions\Filters\InitializeSimpleMembershipAttribute.cs:line 23
   at System.Web.Mvc.Async.AsyncControllerActionInvoker.InvokeActionMethodFilterAsynchronously(IActionFilter filter, ActionExecutingContext preContext, Func`1 nextInChain)
   at System.Web.Mvc.Async.AsyncControllerActionInvoker.<>c__DisplayClass37.<>c__DisplayClass39.<>c__DisplayClass3b.<BeginInvokeActionMethodWithFilters>b__35()
   at System.Web.Mvc.Async.AsyncControllerActionInvoker.InvokeActionMethodFilterAsynchronously(IActionFilter filter, ActionExecutingContext preContext, Func`1 nextInChain)
   at System.Web.Mvc.Async.AsyncControllerActionInvoker.<>c__DisplayClass37.<>c__DisplayClass39.<>c__DisplayClass3b.<BeginInvokeActionMethodWithFilters>b__35()
   at System.Web.Mvc.Async.AsyncControllerActionInvoker.<>c__DisplayClass37.<BeginInvokeActionMethodWithFilters>b__31(AsyncCallback asyncCallback, Object asyncState)
   at System.Web.Mvc.Async.AsyncResultWrapper.WrappedAsyncResult`1.Begin(AsyncCallback callback, Object state, Int32 timeout)
   at System.Web.Mvc.Async.AsyncControllerActionInvoker.BeginInvokeActionMethodWithFilters(ControllerContext controllerContext, IList`1 filters, ActionDescriptor actionDescriptor, IDictionary`2 parameters, AsyncCallback callback, Object state)
   at System.Web.Mvc.Async.AsyncControllerActionInvoker.<>c__DisplayClass25.<BeginInvokeAction>b__1e(AsyncCallback asyncCallback, Object asyncState)
 2015-04-09 12:22:20,438 [13] INFO  StatisticalSolutions.Controllers.Base.BaseController - Application URL - /StatisticalSolutions/Base/StatisticalError 
 2015-04-09 12:22:20,488 [13] INFO  StatisticalSolutions.Controllers.Base.BaseController - Application URL - /StatisticalSolutions/Base/StatisticalError 
 2015-04-09 12:22:20,488 [13] ERROR StatisticalSolutions.Controllers.Base.BaseController - Statistical exception message - Exception has been thrown by the target of an invocation.
 2015-04-09 12:22:20,488 [13] ERROR StatisticalSolutions.Controllers.Base.BaseController - Statistical exception stack trace -    at System.RuntimeTypeHandle.CreateInstance(RuntimeType type, Boolean publicOnly, Boolean noCheck, Boolean& canBeCached, RuntimeMethodHandleInternal& ctor, Boolean& bNeedSecurityCheck)
   at System.RuntimeType.CreateInstanceSlow(Boolean publicOnly, Boolean skipCheckThis, Boolean fillCache, StackCrawlMark& stackMark)
   at System.RuntimeType.CreateInstanceDefaultCtor(Boolean publicOnly, Boolean skipCheckThis, Boolean fillCache, StackCrawlMark& stackMark)
   at System.Activator.CreateInstance(Type type, Boolean nonPublic)
   at System.Activator.CreateInstance(Type type)
   at System.Threading.LazyHelpers`1.ActivatorFactorySelector()
   at System.Threading.LazyInitializer.EnsureInitializedCore[T](T& target, Boolean& initialized, Object& syncLock, Func`1 valueFactory)
   at System.Threading.LazyInitializer.EnsureInitialized[T](T& target, Boolean& initialized, Object& syncLock)
   at StatisticalSolutions.Filters.InitializeSimpleMembershipAttribute.OnActionExecuting(ActionExecutingContext filterContext) in c:\temp\3rdPartyProjects\StatisticalSolutions\StatisticalSolutions\Filters\InitializeSimpleMembershipAttribute.cs:line 23
   at System.Web.Mvc.Async.AsyncControllerActionInvoker.InvokeActionMethodFilterAsynchronously(IActionFilter filter, ActionExecutingContext preContext, Func`1 nextInChain)
   at System.Web.Mvc.Async.AsyncControllerActionInvoker.<>c__DisplayClass37.<>c__DisplayClass39.<>c__DisplayClass3b.<BeginInvokeActionMethodWithFilters>b__35()
   at System.Web.Mvc.Async.AsyncControllerActionInvoker.InvokeActionMethodFilterAsynchronously(IActionFilter filter, ActionExecutingContext preContext, Func`1 nextInChain)
   at System.Web.Mvc.Async.AsyncControllerActionInvoker.<>c__DisplayClass37.<>c__DisplayClass39.<>c__DisplayClass3b.<BeginInvokeActionMethodWithFilters>b__35()
   at System.Web.Mvc.Async.AsyncControllerActionInvoker.<>c__DisplayClass37.<BeginInvokeActionMethodWithFilters>b__31(AsyncCallback asyncCallback, Object asyncState)
   at System.Web.Mvc.Async.AsyncResultWrapper.WrappedAsyncResult`1.Begin(AsyncCallback callback, Object state, Int32 timeout)
   at System.Web.Mvc.Async.AsyncControllerActionInvoker.BeginInvokeActionMethodWithFilters(ControllerContext controllerContext, IList`1 filters, ActionDescriptor actionDescriptor, IDictionary`2 parameters, AsyncCallback callback, Object state)
   at System.Web.Mvc.Async.AsyncControllerActionInvoker.<>c__DisplayClass25.<BeginInvokeAction>b__1e(AsyncCallback asyncCallback, Object asyncState)
 2015-04-09 12:22:20,488 [12] INFO  StatisticalSolutions.Controllers.Base.BaseController - Application URL - /StatisticalSolutions/Base/StatisticalError 
 2015-04-09 12:22:20,538 [12] INFO  StatisticalSolutions.Controllers.Base.BaseController - Application URL - /StatisticalSolutions/Base/StatisticalError 
 2015-04-09 12:22:20,538 [12] ERROR StatisticalSolutions.Controllers.Base.BaseController - Statistical exception message - Exception has been thrown by the target of an invocation.
 2015-04-09 12:22:20,538 [12] ERROR StatisticalSolutions.Controllers.Base.BaseController - Statistical exception stack trace -    at System.RuntimeTypeHandle.CreateInstance(RuntimeType type, Boolean publicOnly, Boolean noCheck, Boolean& canBeCached, RuntimeMethodHandleInternal& ctor, Boolean& bNeedSecurityCheck)
   at System.RuntimeType.CreateInstanceSlow(Boolean publicOnly, Boolean skipCheckThis, Boolean fillCache, StackCrawlMark& stackMark)
   at System.RuntimeType.CreateInstanceDefaultCtor(Boolean publicOnly, Boolean skipCheckThis, Boolean fillCache, StackCrawlMark& stackMark)
   at System.Activator.CreateInstance(Type type, Boolean nonPublic)
   at System.Activator.CreateInstance(Type type)
   at System.Threading.LazyHelpers`1.ActivatorFactorySelector()
   at System.Threading.LazyInitializer.EnsureInitializedCore[T](T& target, Boolean& initialized, Object& syncLock, Func`1 valueFactory)
   at System.Threading.LazyInitializer.EnsureInitialized[T](T& target, Boolean& initialized, Object& syncLock)
   at StatisticalSolutions.Filters.InitializeSimpleMembershipAttribute.OnActionExecuting(ActionExecutingContext filterContext) in c:\temp\3rdPartyProjects\StatisticalSolutions\StatisticalSolutions\Filters\InitializeSimpleMembershipAttribute.cs:line 23
   at System.Web.Mvc.Async.AsyncControllerActionInvoker.InvokeActionMethodFilterAsynchronously(IActionFilter filter, ActionExecutingContext preContext, Func`1 nextInChain)
   at System.Web.Mvc.Async.AsyncControllerActionInvoker.<>c__DisplayClass37.<>c__DisplayClass39.<>c__DisplayClass3b.<BeginInvokeActionMethodWithFilters>b__35()
   at System.Web.Mvc.Async.AsyncControllerActionInvoker.InvokeActionMethodFilterAsynchronously(IActionFilter filter, ActionExecutingContext preContext, Func`1 nextInChain)
   at System.Web.Mvc.Async.AsyncControllerActionInvoker.<>c__DisplayClass37.<>c__DisplayClass39.<>c__DisplayClass3b.<BeginInvokeActionMethodWithFilters>b__35()
   at System.Web.Mvc.Async.AsyncControllerActionInvoker.<>c__DisplayClass37.<BeginInvokeActionMethodWithFilters>b__31(AsyncCallback asyncCallback, Object asyncState)
   at System.Web.Mvc.Async.AsyncResultWrapper.WrappedAsyncResult`1.Begin(AsyncCallback callback, Object state, Int32 timeout)
   at System.Web.Mvc.Async.AsyncControllerActionInvoker.BeginInvokeActionMethodWithFilters(ControllerContext controllerContext, IList`1 filters, ActionDescriptor actionDescriptor, IDictionary`2 parameters, AsyncCallback callback, Object state)
   at System.Web.Mvc.Async.AsyncControllerActionInvoker.<>c__DisplayClass25.<BeginInvokeAction>b__1e(AsyncCallback asyncCallback, Object asyncState)
 2015-04-09 12:22:20,538 [13] INFO  StatisticalSolutions.Controllers.Base.BaseController - Application URL - /StatisticalSolutions/Base/StatisticalError 
 2015-04-09 12:22:20,588 [13] INFO  StatisticalSolutions.Controllers.Base.BaseController - Application URL - /StatisticalSolutions/Base/StatisticalError 
 2015-04-09 12:22:20,588 [13] ERROR StatisticalSolutions.Controllers.Base.BaseController - Statistical exception message - Exception has been thrown by the target of an invocation.
 2015-04-09 12:22:20,588 [13] ERROR StatisticalSolutions.Controllers.Base.BaseController - Statistical exception stack trace -    at System.RuntimeTypeHandle.CreateInstance(RuntimeType type, Boolean publicOnly, Boolean noCheck, Boolean& canBeCached, RuntimeMethodHandleInternal& ctor, Boolean& bNeedSecurityCheck)
   at System.RuntimeType.CreateInstanceSlow(Boolean publicOnly, Boolean skipCheckThis, Boolean fillCache, StackCrawlMark& stackMark)
   at System.RuntimeType.CreateInstanceDefaultCtor(Boolean publicOnly, Boolean skipCheckThis, Boolean fillCache, StackCrawlMark& stackMark)
   at System.Activator.CreateInstance(Type type, Boolean nonPublic)
   at System.Activator.CreateInstance(Type type)
   at System.Threading.LazyHelpers`1.ActivatorFactorySelector()
   at System.Threading.LazyInitializer.EnsureInitializedCore[T](T& target, Boolean& initialized, Object& syncLock, Func`1 valueFactory)
   at System.Threading.LazyInitializer.EnsureInitialized[T](T& target, Boolean& initialized, Object& syncLock)
   at StatisticalSolutions.Filters.InitializeSimpleMembershipAttribute.OnActionExecuting(ActionExecutingContext filterContext) in c:\temp\3rdPartyProjects\StatisticalSolutions\StatisticalSolutions\Filters\InitializeSimpleMembershipAttribute.cs:line 23
   at System.Web.Mvc.Async.AsyncControllerActionInvoker.InvokeActionMethodFilterAsynchronously(IActionFilter filter, ActionExecutingContext preContext, Func`1 nextInChain)
   at System.Web.Mvc.Async.AsyncControllerActionInvoker.<>c__DisplayClass37.<>c__DisplayClass39.<>c__DisplayClass3b.<BeginInvokeActionMethodWithFilters>b__35()
   at System.Web.Mvc.Async.AsyncControllerActionInvoker.InvokeActionMethodFilterAsynchronously(IActionFilter filter, ActionExecutingContext preContext, Func`1 nextInChain)
   at System.Web.Mvc.Async.AsyncControllerActionInvoker.<>c__DisplayClass37.<>c__DisplayClass39.<>c__DisplayClass3b.<BeginInvokeActionMethodWithFilters>b__35()
   at System.Web.Mvc.Async.AsyncControllerActionInvoker.<>c__DisplayClass37.<BeginInvokeActionMethodWithFilters>b__31(AsyncCallback asyncCallback, Object asyncState)
   at System.Web.Mvc.Async.AsyncResultWrapper.WrappedAsyncResult`1.Begin(AsyncCallback callback, Object state, Int32 timeout)
   at System.Web.Mvc.Async.AsyncControllerActionInvoker.BeginInvokeActionMethodWithFilters(ControllerContext controllerContext, IList`1 filters, ActionDescriptor actionDescriptor, IDictionary`2 parameters, AsyncCallback callback, Object state)
   at System.Web.Mvc.Async.AsyncControllerActionInvoker.<>c__DisplayClass25.<BeginInvokeAction>b__1e(AsyncCallback asyncCallback, Object asyncState)
 2015-04-09 12:22:20,598 [9] INFO  StatisticalSolutions.Controllers.Base.BaseController - Application URL - /StatisticalSolutions/Base/StatisticalError 
 2015-04-09 12:22:20,638 [9] INFO  StatisticalSolutions.Controllers.Base.BaseController - Application URL - /StatisticalSolutions/Base/StatisticalError 
 2015-04-09 12:22:20,638 [9] ERROR StatisticalSolutions.Controllers.Base.BaseController - Statistical exception message - Exception has been thrown by the target of an invocation.
 2015-04-09 12:22:20,638 [9] ERROR StatisticalSolutions.Controllers.Base.BaseController - Statistical exception stack trace -    at System.RuntimeTypeHandle.CreateInstance(RuntimeType type, Boolean publicOnly, Boolean noCheck, Boolean& canBeCached, RuntimeMethodHandleInternal& ctor, Boolean& bNeedSecurityCheck)
   at System.RuntimeType.CreateInstanceSlow(Boolean publicOnly, Boolean skipCheckThis, Boolean fillCache, StackCrawlMark& stackMark)
   at System.RuntimeType.CreateInstanceDefaultCtor(Boolean publicOnly, Boolean skipCheckThis, Boolean fillCache, StackCrawlMark& stackMark)
   at System.Activator.CreateInstance(Type type, Boolean nonPublic)
   at System.Activator.CreateInstance(Type type)
   at System.Threading.LazyHelpers`1.ActivatorFactorySelector()
   at System.Threading.LazyInitializer.EnsureInitializedCore[T](T& target, Boolean& initialized, Object& syncLock, Func`1 valueFactory)
   at System.Threading.LazyInitializer.EnsureInitialized[T](T& target, Boolean& initialized, Object& syncLock)
   at StatisticalSolutions.Filters.InitializeSimpleMembershipAttribute.OnActionExecuting(ActionExecutingContext filterContext) in c:\temp\3rdPartyProjects\StatisticalSolutions\StatisticalSolutions\Filters\InitializeSimpleMembershipAttribute.cs:line 23
   at System.Web.Mvc.Async.AsyncControllerActionInvoker.InvokeActionMethodFilterAsynchronously(IActionFilter filter, ActionExecutingContext preContext, Func`1 nextInChain)
   at System.Web.Mvc.Async.AsyncControllerActionInvoker.<>c__DisplayClass37.<>c__DisplayClass39.<>c__DisplayClass3b.<BeginInvokeActionMethodWithFilters>b__35()
   at System.Web.Mvc.Async.AsyncControllerActionInvoker.InvokeActionMethodFilterAsynchronously(IActionFilter filter, ActionExecutingContext preContext, Func`1 nextInChain)
   at System.Web.Mvc.Async.AsyncControllerActionInvoker.<>c__DisplayClass37.<>c__DisplayClass39.<>c__DisplayClass3b.<BeginInvokeActionMethodWithFilters>b__35()
   at System.Web.Mvc.Async.AsyncControllerActionInvoker.<>c__DisplayClass37.<BeginInvokeActionMethodWithFilters>b__31(AsyncCallback asyncCallback, Object asyncState)
   at System.Web.Mvc.Async.AsyncResultWrapper.WrappedAsyncResult`1.Begin(AsyncCallback callback, Object state, Int32 timeout)
   at System.Web.Mvc.Async.AsyncControllerActionInvoker.BeginInvokeActionMethodWithFilters(ControllerContext controllerContext, IList`1 filters, ActionDescriptor actionDescriptor, IDictionary`2 parameters, AsyncCallback callback, Object state)
   at System.Web.Mvc.Async.AsyncControllerActionInvoker.<>c__DisplayClass25.<BeginInvokeAction>b__1e(AsyncCallback asyncCallback, Object asyncState)
 2015-04-09 12:22:20,648 [12] INFO  StatisticalSolutions.Controllers.Base.BaseController - Application URL - /StatisticalSolutions/Base/StatisticalError 
 2015-04-09 12:22:20,698 [12] INFO  StatisticalSolutions.Controllers.Base.BaseController - Application URL - /StatisticalSolutions/Base/StatisticalError 
 2015-04-09 12:22:20,698 [12] ERROR StatisticalSolutions.Controllers.Base.BaseController - Statistical exception message - Exception has been thrown by the target of an invocation.
 2015-04-09 12:22:20,698 [12] ERROR StatisticalSolutions.Controllers.Base.BaseController - Statistical exception stack trace -    at System.RuntimeTypeHandle.CreateInstance(RuntimeType type, Boolean publicOnly, Boolean noCheck, Boolean& canBeCached, RuntimeMethodHandleInternal& ctor, Boolean& bNeedSecurityCheck)
   at System.RuntimeType.CreateInstanceSlow(Boolean publicOnly, Boolean skipCheckThis, Boolean fillCache, StackCrawlMark& stackMark)
   at System.RuntimeType.CreateInstanceDefaultCtor(Boolean publicOnly, Boolean skipCheckThis, Boolean fillCache, StackCrawlMark& stackMark)
   at System.Activator.CreateInstance(Type type, Boolean nonPublic)
   at System.Activator.CreateInstance(Type type)
   at System.Threading.LazyHelpers`1.ActivatorFactorySelector()
   at System.Threading.LazyInitializer.EnsureInitializedCore[T](T& target, Boolean& initialized, Object& syncLock, Func`1 valueFactory)
   at System.Threading.LazyInitializer.EnsureInitialized[T](T& target, Boolean& initialized, Object& syncLock)
   at StatisticalSolutions.Filters.InitializeSimpleMembershipAttribute.OnActionExecuting(ActionExecutingContext filterContext) in c:\temp\3rdPartyProjects\StatisticalSolutions\StatisticalSolutions\Filters\InitializeSimpleMembershipAttribute.cs:line 23
   at System.Web.Mvc.Async.AsyncControllerActionInvoker.InvokeActionMethodFilterAsynchronously(IActionFilter filter, ActionExecutingContext preContext, Func`1 nextInChain)
   at System.Web.Mvc.Async.AsyncControllerActionInvoker.<>c__DisplayClass37.<>c__DisplayClass39.<>c__DisplayClass3b.<BeginInvokeActionMethodWithFilters>b__35()
   at System.Web.Mvc.Async.AsyncControllerActionInvoker.InvokeActionMethodFilterAsynchronously(IActionFilter filter, ActionExecutingContext preContext, Func`1 nextInChain)
   at System.Web.Mvc.Async.AsyncControllerActionInvoker.<>c__DisplayClass37.<>c__DisplayClass39.<>c__DisplayClass3b.<BeginInvokeActionMethodWithFilters>b__35()
   at System.Web.Mvc.Async.AsyncControllerActionInvoker.<>c__DisplayClass37.<BeginInvokeActionMethodWithFilters>b__31(AsyncCallback asyncCallback, Object asyncState)
   at System.Web.Mvc.Async.AsyncResultWrapper.WrappedAsyncResult`1.Begin(AsyncCallback callback, Object state, Int32 timeout)
   at System.Web.Mvc.Async.AsyncControllerActionInvoker.BeginInvokeActionMethodWithFilters(ControllerContext controllerContext, IList`1 filters, ActionDescriptor actionDescriptor, IDictionary`2 parameters, AsyncCallback callback, Object state)
   at System.Web.Mvc.Async.AsyncControllerActionInvoker.<>c__DisplayClass25.<BeginInvokeAction>b__1e(AsyncCallback asyncCallback, Object asyncState)
 2015-04-09 12:22:20,698 [13] INFO  StatisticalSolutions.Controllers.Base.BaseController - Application URL - /StatisticalSolutions/Base/StatisticalError 
 2015-04-09 12:22:20,748 [13] INFO  StatisticalSolutions.Controllers.Base.BaseController - Application URL - /StatisticalSolutions/Base/StatisticalError 
 2015-04-09 12:22:20,748 [13] ERROR StatisticalSolutions.Controllers.Base.BaseController - Statistical exception message - Exception has been thrown by the target of an invocation.
 2015-04-09 12:22:20,748 [13] ERROR StatisticalSolutions.Controllers.Base.BaseController - Statistical exception stack trace -    at System.RuntimeTypeHandle.CreateInstance(RuntimeType type, Boolean publicOnly, Boolean noCheck, Boolean& canBeCached, RuntimeMethodHandleInternal& ctor, Boolean& bNeedSecurityCheck)
   at System.RuntimeType.CreateInstanceSlow(Boolean publicOnly, Boolean skipCheckThis, Boolean fillCache, StackCrawlMark& stackMark)
   at System.RuntimeType.CreateInstanceDefaultCtor(Boolean publicOnly, Boolean skipCheckThis, Boolean fillCache, StackCrawlMark& stackMark)
   at System.Activator.CreateInstance(Type type, Boolean nonPublic)
   at System.Activator.CreateInstance(Type type)
   at System.Threading.LazyHelpers`1.ActivatorFactorySelector()
   at System.Threading.LazyInitializer.EnsureInitializedCore[T](T& target, Boolean& initialized, Object& syncLock, Func`1 valueFactory)
   at System.Threading.LazyInitializer.EnsureInitialized[T](T& target, Boolean& initialized, Object& syncLock)
   at StatisticalSolutions.Filters.InitializeSimpleMembershipAttribute.OnActionExecuting(ActionExecutingContext filterContext) in c:\temp\3rdPartyProjects\StatisticalSolutions\StatisticalSolutions\Filters\InitializeSimpleMembershipAttribute.cs:line 23
   at System.Web.Mvc.Async.AsyncControllerActionInvoker.InvokeActionMethodFilterAsynchronously(IActionFilter filter, ActionExecutingContext preContext, Func`1 nextInChain)
   at System.Web.Mvc.Async.AsyncControllerActionInvoker.<>c__DisplayClass37.<>c__DisplayClass39.<>c__DisplayClass3b.<BeginInvokeActionMethodWithFilters>b__35()
   at System.Web.Mvc.Async.AsyncControllerActionInvoker.InvokeActionMethodFilterAsynchronously(IActionFilter filter, ActionExecutingContext preContext, Func`1 nextInChain)
   at System.Web.Mvc.Async.AsyncControllerActionInvoker.<>c__DisplayClass37.<>c__DisplayClass39.<>c__DisplayClass3b.<BeginInvokeActionMethodWithFilters>b__35()
   at System.Web.Mvc.Async.AsyncControllerActionInvoker.<>c__DisplayClass37.<BeginInvokeActionMethodWithFilters>b__31(AsyncCallback asyncCallback, Object asyncState)
   at System.Web.Mvc.Async.AsyncResultWrapper.WrappedAsyncResult`1.Begin(AsyncCallback callback, Object state, Int32 timeout)
   at System.Web.Mvc.Async.AsyncControllerActionInvoker.BeginInvokeActionMethodWithFilters(ControllerContext controllerContext, IList`1 filters, ActionDescriptor actionDescriptor, IDictionary`2 parameters, AsyncCallback callback, Object state)
   at System.Web.Mvc.Async.AsyncControllerActionInvoker.<>c__DisplayClass25.<BeginInvokeAction>b__1e(AsyncCallback asyncCallback, Object asyncState)
 2015-04-09 12:22:20,748 [12] INFO  StatisticalSolutions.Controllers.Base.BaseController - Application URL - /StatisticalSolutions/Base/StatisticalError 
 2015-04-09 12:22:20,798 [12] INFO  StatisticalSolutions.Controllers.Base.BaseController - Application URL - /StatisticalSolutions/Base/StatisticalError 
 2015-04-09 12:22:20,798 [12] ERROR StatisticalSolutions.Controllers.Base.BaseController - Statistical exception message - Exception has been thrown by the target of an invocation.
 2015-04-09 12:22:20,798 [12] ERROR StatisticalSolutions.Controllers.Base.BaseController - Statistical exception stack trace -    at System.RuntimeTypeHandle.CreateInstance(RuntimeType type, Boolean publicOnly, Boolean noCheck, Boolean& canBeCached, RuntimeMethodHandleInternal& ctor, Boolean& bNeedSecurityCheck)
   at System.RuntimeType.CreateInstanceSlow(Boolean publicOnly, Boolean skipCheckThis, Boolean fillCache, StackCrawlMark& stackMark)
   at System.RuntimeType.CreateInstanceDefaultCtor(Boolean publicOnly, Boolean skipCheckThis, Boolean fillCache, StackCrawlMark& stackMark)
   at System.Activator.CreateInstance(Type type, Boolean nonPublic)
   at System.Activator.CreateInstance(Type type)
   at System.Threading.LazyHelpers`1.ActivatorFactorySelector()
   at System.Threading.LazyInitializer.EnsureInitializedCore[T](T& target, Boolean& initialized, Object& syncLock, Func`1 valueFactory)
   at System.Threading.LazyInitializer.EnsureInitialized[T](T& target, Boolean& initialized, Object& syncLock)
   at StatisticalSolutions.Filters.InitializeSimpleMembershipAttribute.OnActionExecuting(ActionExecutingContext filterContext) in c:\temp\3rdPartyProjects\StatisticalSolutions\StatisticalSolutions\Filters\InitializeSimpleMembershipAttribute.cs:line 23
   at System.Web.Mvc.Async.AsyncControllerActionInvoker.InvokeActionMethodFilterAsynchronously(IActionFilter filter, ActionExecutingContext preContext, Func`1 nextInChain)
   at System.Web.Mvc.Async.AsyncControllerActionInvoker.<>c__DisplayClass37.<>c__DisplayClass39.<>c__DisplayClass3b.<BeginInvokeActionMethodWithFilters>b__35()
   at System.Web.Mvc.Async.AsyncControllerActionInvoker.InvokeActionMethodFilterAsynchronously(IActionFilter filter, ActionExecutingContext preContext, Func`1 nextInChain)
   at System.Web.Mvc.Async.AsyncControllerActionInvoker.<>c__DisplayClass37.<>c__DisplayClass39.<>c__DisplayClass3b.<BeginInvokeActionMethodWithFilters>b__35()
   at System.Web.Mvc.Async.AsyncControllerActionInvoker.<>c__DisplayClass37.<BeginInvokeActionMethodWithFilters>b__31(AsyncCallback asyncCallback, Object asyncState)
   at System.Web.Mvc.Async.AsyncResultWrapper.WrappedAsyncResult`1.Begin(AsyncCallback callback, Object state, Int32 timeout)
   at System.Web.Mvc.Async.AsyncControllerActionInvoker.BeginInvokeActionMethodWithFilters(ControllerContext controllerContext, IList`1 filters, ActionDescriptor actionDescriptor, IDictionary`2 parameters, AsyncCallback callback, Object state)
   at System.Web.Mvc.Async.AsyncControllerActionInvoker.<>c__DisplayClass25.<BeginInvokeAction>b__1e(AsyncCallback asyncCallback, Object asyncState)
 2015-04-09 12:22:20,798 [5] INFO  StatisticalSolutions.Controllers.Base.BaseController - Application URL - /StatisticalSolutions/Base/StatisticalError 
 2015-04-09 12:22:20,848 [5] INFO  StatisticalSolutions.Controllers.Base.BaseController - Application URL - /StatisticalSolutions/Base/StatisticalError 
 2015-04-09 12:22:20,848 [5] ERROR StatisticalSolutions.Controllers.Base.BaseController - Statistical exception message - Exception has been thrown by the target of an invocation.
 2015-04-09 12:22:20,848 [5] ERROR StatisticalSolutions.Controllers.Base.BaseController - Statistical exception stack trace -    at System.RuntimeTypeHandle.CreateInstance(RuntimeType type, Boolean publicOnly, Boolean noCheck, Boolean& canBeCached, RuntimeMethodHandleInternal& ctor, Boolean& bNeedSecurityCheck)
   at System.RuntimeType.CreateInstanceSlow(Boolean publicOnly, Boolean skipCheckThis, Boolean fillCache, StackCrawlMark& stackMark)
   at System.RuntimeType.CreateInstanceDefaultCtor(Boolean publicOnly, Boolean skipCheckThis, Boolean fillCache, StackCrawlMark& stackMark)
   at System.Activator.CreateInstance(Type type, Boolean nonPublic)
   at System.Activator.CreateInstance(Type type)
   at System.Threading.LazyHelpers`1.ActivatorFactorySelector()
   at System.Threading.LazyInitializer.EnsureInitializedCore[T](T& target, Boolean& initialized, Object& syncLock, Func`1 valueFactory)
   at System.Threading.LazyInitializer.EnsureInitialized[T](T& target, Boolean& initialized, Object& syncLock)
   at StatisticalSolutions.Filters.InitializeSimpleMembershipAttribute.OnActionExecuting(ActionExecutingContext filterContext) in c:\temp\3rdPartyProjects\StatisticalSolutions\StatisticalSolutions\Filters\InitializeSimpleMembershipAttribute.cs:line 23
   at System.Web.Mvc.Async.AsyncControllerActionInvoker.InvokeActionMethodFilterAsynchronously(IActionFilter filter, ActionExecutingContext preContext, Func`1 nextInChain)
   at System.Web.Mvc.Async.AsyncControllerActionInvoker.<>c__DisplayClass37.<>c__DisplayClass39.<>c__DisplayClass3b.<BeginInvokeActionMethodWithFilters>b__35()
   at System.Web.Mvc.Async.AsyncControllerActionInvoker.InvokeActionMethodFilterAsynchronously(IActionFilter filter, ActionExecutingContext preContext, Func`1 nextInChain)
   at System.Web.Mvc.Async.AsyncControllerActionInvoker.<>c__DisplayClass37.<>c__DisplayClass39.<>c__DisplayClass3b.<BeginInvokeActionMethodWithFilters>b__35()
   at System.Web.Mvc.Async.AsyncControllerActionInvoker.<>c__DisplayClass37.<BeginInvokeActionMethodWithFilters>b__31(AsyncCallback asyncCallback, Object asyncState)
   at System.Web.Mvc.Async.AsyncResultWrapper.WrappedAsyncResult`1.Begin(AsyncCallback callback, Object state, Int32 timeout)
   at System.Web.Mvc.Async.AsyncControllerActionInvoker.BeginInvokeActionMethodWithFilters(ControllerContext controllerContext, IList`1 filters, ActionDescriptor actionDescriptor, IDictionary`2 parameters, AsyncCallback callback, Object state)
   at System.Web.Mvc.Async.AsyncControllerActionInvoker.<>c__DisplayClass25.<BeginInvokeAction>b__1e(AsyncCallback asyncCallback, Object asyncState)
 2015-04-09 12:22:20,898 [9] INFO  StatisticalSolutions.Controllers.Base.BaseController - Application URL - /StatisticalSolutions/Base/StatisticalError 
 2015-04-09 12:22:21,008 [9] INFO  StatisticalSolutions.Controllers.Base.BaseController - Application URL - /StatisticalSolutions/Base/StatisticalError 
 2015-04-09 12:22:21,008 [9] ERROR StatisticalSolutions.Controllers.Base.BaseController - Statistical exception message - Exception has been thrown by the target of an invocation.
 2015-04-09 12:22:21,008 [9] ERROR StatisticalSolutions.Controllers.Base.BaseController - Statistical exception stack trace -    at System.RuntimeTypeHandle.CreateInstance(RuntimeType type, Boolean publicOnly, Boolean noCheck, Boolean& canBeCached, RuntimeMethodHandleInternal& ctor, Boolean& bNeedSecurityCheck)
   at System.RuntimeType.CreateInstanceSlow(Boolean publicOnly, Boolean skipCheckThis, Boolean fillCache, StackCrawlMark& stackMark)
   at System.RuntimeType.CreateInstanceDefaultCtor(Boolean publicOnly, Boolean skipCheckThis, Boolean fillCache, StackCrawlMark& stackMark)
   at System.Activator.CreateInstance(Type type, Boolean nonPublic)
   at System.Activator.CreateInstance(Type type)
   at System.Threading.LazyHelpers`1.ActivatorFactorySelector()
   at System.Threading.LazyInitializer.EnsureInitializedCore[T](T& target, Boolean& initialized, Object& syncLock, Func`1 valueFactory)
   at System.Threading.LazyInitializer.EnsureInitialized[T](T& target, Boolean& initialized, Object& syncLock)
   at StatisticalSolutions.Filters.InitializeSimpleMembershipAttribute.OnActionExecuting(ActionExecutingContext filterContext) in c:\temp\3rdPartyProjects\StatisticalSolutions\StatisticalSolutions\Filters\InitializeSimpleMembershipAttribute.cs:line 23
   at System.Web.Mvc.Async.AsyncControllerActionInvoker.InvokeActionMethodFilterAsynchronously(IActionFilter filter, ActionExecutingContext preContext, Func`1 nextInChain)
   at System.Web.Mvc.Async.AsyncControllerActionInvoker.<>c__DisplayClass37.<>c__DisplayClass39.<>c__DisplayClass3b.<BeginInvokeActionMethodWithFilters>b__35()
   at System.Web.Mvc.Async.AsyncControllerActionInvoker.InvokeActionMethodFilterAsynchronously(IActionFilter filter, ActionExecutingContext preContext, Func`1 nextInChain)
   at System.Web.Mvc.Async.AsyncControllerActionInvoker.<>c__DisplayClass37.<>c__DisplayClass39.<>c__DisplayClass3b.<BeginInvokeActionMethodWithFilters>b__35()
   at System.Web.Mvc.Async.AsyncControllerActionInvoker.<>c__DisplayClass37.<BeginInvokeActionMethodWithFilters>b__31(AsyncCallback asyncCallback, Object asyncState)
   at System.Web.Mvc.Async.AsyncResultWrapper.WrappedAsyncResult`1.Begin(AsyncCallback callback, Object state, Int32 timeout)
   at System.Web.Mvc.Async.AsyncControllerActionInvoker.BeginInvokeActionMethodWithFilters(ControllerContext controllerContext, IList`1 filters, ActionDescriptor actionDescriptor, IDictionary`2 parameters, AsyncCallback callback, Object state)
   at System.Web.Mvc.Async.AsyncControllerActionInvoker.<>c__DisplayClass25.<BeginInvokeAction>b__1e(AsyncCallback asyncCallback, Object asyncState)
 2015-04-09 12:22:21,008 [13] INFO  StatisticalSolutions.Controllers.Base.BaseController - Application URL - /StatisticalSolutions/Base/StatisticalError 
 2015-04-09 12:22:21,058 [13] INFO  StatisticalSolutions.Controllers.Base.BaseController - Application URL - /StatisticalSolutions/Base/StatisticalError 
 2015-04-09 12:22:21,058 [13] ERROR StatisticalSolutions.Controllers.Base.BaseController - Statistical exception message - Exception has been thrown by the target of an invocation.
 2015-04-09 12:22:21,058 [13] ERROR StatisticalSolutions.Controllers.Base.BaseController - Statistical exception stack trace -    at System.RuntimeTypeHandle.CreateInstance(RuntimeType type, Boolean publicOnly, Boolean noCheck, Boolean& canBeCached, RuntimeMethodHandleInternal& ctor, Boolean& bNeedSecurityCheck)
   at System.RuntimeType.CreateInstanceSlow(Boolean publicOnly, Boolean skipCheckThis, Boolean fillCache, StackCrawlMark& stackMark)
   at System.RuntimeType.CreateInstanceDefaultCtor(Boolean publicOnly, Boolean skipCheckThis, Boolean fillCache, StackCrawlMark& stackMark)
   at System.Activator.CreateInstance(Type type, Boolean nonPublic)
   at System.Activator.CreateInstance(Type type)
   at System.Threading.LazyHelpers`1.ActivatorFactorySelector()
   at System.Threading.LazyInitializer.EnsureInitializedCore[T](T& target, Boolean& initialized, Object& syncLock, Func`1 valueFactory)
   at System.Threading.LazyInitializer.EnsureInitialized[T](T& target, Boolean& initialized, Object& syncLock)
   at StatisticalSolutions.Filters.InitializeSimpleMembershipAttribute.OnActionExecuting(ActionExecutingContext filterContext) in c:\temp\3rdPartyProjects\StatisticalSolutions\StatisticalSolutions\Filters\InitializeSimpleMembershipAttribute.cs:line 23
   at System.Web.Mvc.Async.AsyncControllerActionInvoker.InvokeActionMethodFilterAsynchronously(IActionFilter filter, ActionExecutingContext preContext, Func`1 nextInChain)
   at System.Web.Mvc.Async.AsyncControllerActionInvoker.<>c__DisplayClass37.<>c__DisplayClass39.<>c__DisplayClass3b.<BeginInvokeActionMethodWithFilters>b__35()
   at System.Web.Mvc.Async.AsyncControllerActionInvoker.InvokeActionMethodFilterAsynchronously(IActionFilter filter, ActionExecutingContext preContext, Func`1 nextInChain)
   at System.Web.Mvc.Async.AsyncControllerActionInvoker.<>c__DisplayClass37.<>c__DisplayClass39.<>c__DisplayClass3b.<BeginInvokeActionMethodWithFilters>b__35()
   at System.Web.Mvc.Async.AsyncControllerActionInvoker.<>c__DisplayClass37.<BeginInvokeActionMethodWithFilters>b__31(AsyncCallback asyncCallback, Object asyncState)
   at System.Web.Mvc.Async.AsyncResultWrapper.WrappedAsyncResult`1.Begin(AsyncCallback callback, Object state, Int32 timeout)
   at System.Web.Mvc.Async.AsyncControllerActionInvoker.BeginInvokeActionMethodWithFilters(ControllerContext controllerContext, IList`1 filters, ActionDescriptor actionDescriptor, IDictionary`2 parameters, AsyncCallback callback, Object state)
   at System.Web.Mvc.Async.AsyncControllerActionInvoker.<>c__DisplayClass25.<BeginInvokeAction>b__1e(AsyncCallback asyncCallback, Object asyncState)
 2015-04-09 12:22:21,068 [9] INFO  StatisticalSolutions.Controllers.Base.BaseController - Application URL - /StatisticalSolutions/Base/StatisticalError 
 2015-04-09 12:22:21,108 [9] INFO  StatisticalSolutions.Controllers.Base.BaseController - Application URL - /StatisticalSolutions/Base/StatisticalError 
 2015-04-09 12:22:21,118 [9] ERROR StatisticalSolutions.Controllers.Base.BaseController - Statistical exception message - Exception has been thrown by the target of an invocation.
 2015-04-09 12:22:21,118 [9] ERROR StatisticalSolutions.Controllers.Base.BaseController - Statistical exception stack trace -    at System.RuntimeTypeHandle.CreateInstance(RuntimeType type, Boolean publicOnly, Boolean noCheck, Boolean& canBeCached, RuntimeMethodHandleInternal& ctor, Boolean& bNeedSecurityCheck)
   at System.RuntimeType.CreateInstanceSlow(Boolean publicOnly, Boolean skipCheckThis, Boolean fillCache, StackCrawlMark& stackMark)
   at System.RuntimeType.CreateInstanceDefaultCtor(Boolean publicOnly, Boolean skipCheckThis, Boolean fillCache, StackCrawlMark& stackMark)
   at System.Activator.CreateInstance(Type type, Boolean nonPublic)
   at System.Activator.CreateInstance(Type type)
   at System.Threading.LazyHelpers`1.ActivatorFactorySelector()
   at System.Threading.LazyInitializer.EnsureInitializedCore[T](T& target, Boolean& initialized, Object& syncLock, Func`1 valueFactory)
   at System.Threading.LazyInitializer.EnsureInitialized[T](T& target, Boolean& initialized, Object& syncLock)
   at StatisticalSolutions.Filters.InitializeSimpleMembershipAttribute.OnActionExecuting(ActionExecutingContext filterContext) in c:\temp\3rdPartyProjects\StatisticalSolutions\StatisticalSolutions\Filters\InitializeSimpleMembershipAttribute.cs:line 23
   at System.Web.Mvc.Async.AsyncControllerActionInvoker.InvokeActionMethodFilterAsynchronously(IActionFilter filter, ActionExecutingContext preContext, Func`1 nextInChain)
   at System.Web.Mvc.Async.AsyncControllerActionInvoker.<>c__DisplayClass37.<>c__DisplayClass39.<>c__DisplayClass3b.<BeginInvokeActionMethodWithFilters>b__35()
   at System.Web.Mvc.Async.AsyncControllerActionInvoker.InvokeActionMethodFilterAsynchronously(IActionFilter filter, ActionExecutingContext preContext, Func`1 nextInChain)
   at System.Web.Mvc.Async.AsyncControllerActionInvoker.<>c__DisplayClass37.<>c__DisplayClass39.<>c__DisplayClass3b.<BeginInvokeActionMethodWithFilters>b__35()
   at System.Web.Mvc.Async.AsyncControllerActionInvoker.<>c__DisplayClass37.<BeginInvokeActionMethodWithFilters>b__31(AsyncCallback asyncCallback, Object asyncState)
   at System.Web.Mvc.Async.AsyncResultWrapper.WrappedAsyncResult`1.Begin(AsyncCallback callback, Object state, Int32 timeout)
   at System.Web.Mvc.Async.AsyncControllerActionInvoker.BeginInvokeActionMethodWithFilters(ControllerContext controllerContext, IList`1 filters, ActionDescriptor actionDescriptor, IDictionary`2 parameters, AsyncCallback callback, Object state)
   at System.Web.Mvc.Async.AsyncControllerActionInvoker.<>c__DisplayClass25.<BeginInvokeAction>b__1e(AsyncCallback asyncCallback, Object asyncState)
 2015-04-09 12:22:21,118 [11] INFO  StatisticalSolutions.Controllers.Base.BaseController - Application URL - /StatisticalSolutions/Base/StatisticalError 
 2015-04-09 12:22:21,168 [11] INFO  StatisticalSolutions.Controllers.Base.BaseController - Application URL - /StatisticalSolutions/Base/StatisticalError 
 2015-04-09 12:22:21,168 [11] ERROR StatisticalSolutions.Controllers.Base.BaseController - Statistical exception message - Exception has been thrown by the target of an invocation.
 2015-04-09 12:22:21,168 [11] ERROR StatisticalSolutions.Controllers.Base.BaseController - Statistical exception stack trace -    at System.RuntimeTypeHandle.CreateInstance(RuntimeType type, Boolean publicOnly, Boolean noCheck, Boolean& canBeCached, RuntimeMethodHandleInternal& ctor, Boolean& bNeedSecurityCheck)
   at System.RuntimeType.CreateInstanceSlow(Boolean publicOnly, Boolean skipCheckThis, Boolean fillCache, StackCrawlMark& stackMark)
   at System.RuntimeType.CreateInstanceDefaultCtor(Boolean publicOnly, Boolean skipCheckThis, Boolean fillCache, StackCrawlMark& stackMark)
   at System.Activator.CreateInstance(Type type, Boolean nonPublic)
   at System.Activator.CreateInstance(Type type)
   at System.Threading.LazyHelpers`1.ActivatorFactorySelector()
   at System.Threading.LazyInitializer.EnsureInitializedCore[T](T& target, Boolean& initialized, Object& syncLock, Func`1 valueFactory)
   at System.Threading.LazyInitializer.EnsureInitialized[T](T& target, Boolean& initialized, Object& syncLock)
   at StatisticalSolutions.Filters.InitializeSimpleMembershipAttribute.OnActionExecuting(ActionExecutingContext filterContext) in c:\temp\3rdPartyProjects\StatisticalSolutions\StatisticalSolutions\Filters\InitializeSimpleMembershipAttribute.cs:line 23
   at System.Web.Mvc.Async.AsyncControllerActionInvoker.InvokeActionMethodFilterAsynchronously(IActionFilter filter, ActionExecutingContext preContext, Func`1 nextInChain)
   at System.Web.Mvc.Async.AsyncControllerActionInvoker.<>c__DisplayClass37.<>c__DisplayClass39.<>c__DisplayClass3b.<BeginInvokeActionMethodWithFilters>b__35()
   at System.Web.Mvc.Async.AsyncControllerActionInvoker.InvokeActionMethodFilterAsynchronously(IActionFilter filter, ActionExecutingContext preContext, Func`1 nextInChain)
   at System.Web.Mvc.Async.AsyncControllerActionInvoker.<>c__DisplayClass37.<>c__DisplayClass39.<>c__DisplayClass3b.<BeginInvokeActionMethodWithFilters>b__35()
   at System.Web.Mvc.Async.AsyncControllerActionInvoker.<>c__DisplayClass37.<BeginInvokeActionMethodWithFilters>b__31(AsyncCallback asyncCallback, Object asyncState)
   at System.Web.Mvc.Async.AsyncResultWrapper.WrappedAsyncResult`1.Begin(AsyncCallback callback, Object state, Int32 timeout)
   at System.Web.Mvc.Async.AsyncControllerActionInvoker.BeginInvokeActionMethodWithFilters(ControllerContext controllerContext, IList`1 filters, ActionDescriptor actionDescriptor, IDictionary`2 parameters, AsyncCallback callback, Object state)
   at System.Web.Mvc.Async.AsyncControllerActionInvoker.<>c__DisplayClass25.<BeginInvokeAction>b__1e(AsyncCallback asyncCallback, Object asyncState)
 2015-04-09 12:22:21,168 [9] INFO  StatisticalSolutions.Controllers.Base.BaseController - Application URL - /StatisticalSolutions/Base/StatisticalError 
 2015-04-09 12:22:21,218 [9] INFO  StatisticalSolutions.Controllers.Base.BaseController - Application URL - /StatisticalSolutions/Base/StatisticalError 
 2015-04-09 12:22:21,218 [9] ERROR StatisticalSolutions.Controllers.Base.BaseController - Statistical exception message - Exception has been thrown by the target of an invocation.
 2015-04-09 12:22:21,218 [9] ERROR StatisticalSolutions.Controllers.Base.BaseController - Statistical exception stack trace -    at System.RuntimeTypeHandle.CreateInstance(RuntimeType type, Boolean publicOnly, Boolean noCheck, Boolean& canBeCached, RuntimeMethodHandleInternal& ctor, Boolean& bNeedSecurityCheck)
   at System.RuntimeType.CreateInstanceSlow(Boolean publicOnly, Boolean skipCheckThis, Boolean fillCache, StackCrawlMark& stackMark)
   at System.RuntimeType.CreateInstanceDefaultCtor(Boolean publicOnly, Boolean skipCheckThis, Boolean fillCache, StackCrawlMark& stackMark)
   at System.Activator.CreateInstance(Type type, Boolean nonPublic)
   at System.Activator.CreateInstance(Type type)
   at System.Threading.LazyHelpers`1.ActivatorFactorySelector()
   at System.Threading.LazyInitializer.EnsureInitializedCore[T](T& target, Boolean& initialized, Object& syncLock, Func`1 valueFactory)
   at System.Threading.LazyInitializer.EnsureInitialized[T](T& target, Boolean& initialized, Object& syncLock)
   at StatisticalSolutions.Filters.InitializeSimpleMembershipAttribute.OnActionExecuting(ActionExecutingContext filterContext) in c:\temp\3rdPartyProjects\StatisticalSolutions\StatisticalSolutions\Filters\InitializeSimpleMembershipAttribute.cs:line 23
   at System.Web.Mvc.Async.AsyncControllerActionInvoker.InvokeActionMethodFilterAsynchronously(IActionFilter filter, ActionExecutingContext preContext, Func`1 nextInChain)
   at System.Web.Mvc.Async.AsyncControllerActionInvoker.<>c__DisplayClass37.<>c__DisplayClass39.<>c__DisplayClass3b.<BeginInvokeActionMethodWithFilters>b__35()
   at System.Web.Mvc.Async.AsyncControllerActionInvoker.InvokeActionMethodFilterAsynchronously(IActionFilter filter, ActionExecutingContext preContext, Func`1 nextInChain)
   at System.Web.Mvc.Async.AsyncControllerActionInvoker.<>c__DisplayClass37.<>c__DisplayClass39.<>c__DisplayClass3b.<BeginInvokeActionMethodWithFilters>b__35()
   at System.Web.Mvc.Async.AsyncControllerActionInvoker.<>c__DisplayClass37.<BeginInvokeActionMethodWithFilters>b__31(AsyncCallback asyncCallback, Object asyncState)
   at System.Web.Mvc.Async.AsyncResultWrapper.WrappedAsyncResult`1.Begin(AsyncCallback callback, Object state, Int32 timeout)
   at System.Web.Mvc.Async.AsyncControllerActionInvoker.BeginInvokeActionMethodWithFilters(ControllerContext controllerContext, IList`1 filters, ActionDescriptor actionDescriptor, IDictionary`2 parameters, AsyncCallback callback, Object state)
   at System.Web.Mvc.Async.AsyncControllerActionInvoker.<>c__DisplayClass25.<BeginInvokeAction>b__1e(AsyncCallback asyncCallback, Object asyncState)
 2015-04-09 12:22:21,228 [13] INFO  StatisticalSolutions.Controllers.Base.BaseController - Application URL - /StatisticalSolutions/Base/StatisticalError 
 2015-04-09 12:22:21,268 [13] INFO  StatisticalSolutions.Controllers.Base.BaseController - Application URL - /StatisticalSolutions/Base/StatisticalError 
 2015-04-09 12:22:21,268 [13] ERROR StatisticalSolutions.Controllers.Base.BaseController - Statistical exception message - Exception has been thrown by the target of an invocation.
 2015-04-09 12:22:21,278 [13] ERROR StatisticalSolutions.Controllers.Base.BaseController - Statistical exception stack trace -    at System.RuntimeTypeHandle.CreateInstance(RuntimeType type, Boolean publicOnly, Boolean noCheck, Boolean& canBeCached, RuntimeMethodHandleInternal& ctor, Boolean& bNeedSecurityCheck)
   at System.RuntimeType.CreateInstanceSlow(Boolean publicOnly, Boolean skipCheckThis, Boolean fillCache, StackCrawlMark& stackMark)
   at System.RuntimeType.CreateInstanceDefaultCtor(Boolean publicOnly, Boolean skipCheckThis, Boolean fillCache, StackCrawlMark& stackMark)
   at System.Activator.CreateInstance(Type type, Boolean nonPublic)
   at System.Activator.CreateInstance(Type type)
   at System.Threading.LazyHelpers`1.ActivatorFactorySelector()
   at System.Threading.LazyInitializer.EnsureInitializedCore[T](T& target, Boolean& initialized, Object& syncLock, Func`1 valueFactory)
   at System.Threading.LazyInitializer.EnsureInitialized[T](T& target, Boolean& initialized, Object& syncLock)
   at StatisticalSolutions.Filters.InitializeSimpleMembershipAttribute.OnActionExecuting(ActionExecutingContext filterContext) in c:\temp\3rdPartyProjects\StatisticalSolutions\StatisticalSolutions\Filters\InitializeSimpleMembershipAttribute.cs:line 23
   at System.Web.Mvc.Async.AsyncControllerActionInvoker.InvokeActionMethodFilterAsynchronously(IActionFilter filter, ActionExecutingContext preContext, Func`1 nextInChain)
   at System.Web.Mvc.Async.AsyncControllerActionInvoker.<>c__DisplayClass37.<>c__DisplayClass39.<>c__DisplayClass3b.<BeginInvokeActionMethodWithFilters>b__35()
   at System.Web.Mvc.Async.AsyncControllerActionInvoker.InvokeActionMethodFilterAsynchronously(IActionFilter filter, ActionExecutingContext preContext, Func`1 nextInChain)
   at System.Web.Mvc.Async.AsyncControllerActionInvoker.<>c__DisplayClass37.<>c__DisplayClass39.<>c__DisplayClass3b.<BeginInvokeActionMethodWithFilters>b__35()
   at System.Web.Mvc.Async.AsyncControllerActionInvoker.<>c__DisplayClass37.<BeginInvokeActionMethodWithFilters>b__31(AsyncCallback asyncCallback, Object asyncState)
   at System.Web.Mvc.Async.AsyncResultWrapper.WrappedAsyncResult`1.Begin(AsyncCallback callback, Object state, Int32 timeout)
   at System.Web.Mvc.Async.AsyncControllerActionInvoker.BeginInvokeActionMethodWithFilters(ControllerContext controllerContext, IList`1 filters, ActionDescriptor actionDescriptor, IDictionary`2 parameters, AsyncCallback callback, Object state)
   at System.Web.Mvc.Async.AsyncControllerActionInvoker.<>c__DisplayClass25.<BeginInvokeAction>b__1e(AsyncCallback asyncCallback, Object asyncState)
 2015-04-09 12:22:21,278 [11] INFO  StatisticalSolutions.Controllers.Base.BaseController - Application URL - /StatisticalSolutions/Base/StatisticalError 
 2015-04-09 12:22:21,328 [11] INFO  StatisticalSolutions.Controllers.Base.BaseController - Application URL - /StatisticalSolutions/Base/StatisticalError 
 2015-04-09 12:22:21,328 [11] ERROR StatisticalSolutions.Controllers.Base.BaseController - Statistical exception message - Exception has been thrown by the target of an invocation.
 2015-04-09 12:22:21,328 [11] ERROR StatisticalSolutions.Controllers.Base.BaseController - Statistical exception stack trace -    at System.RuntimeTypeHandle.CreateInstance(RuntimeType type, Boolean publicOnly, Boolean noCheck, Boolean& canBeCached, RuntimeMethodHandleInternal& ctor, Boolean& bNeedSecurityCheck)
   at System.RuntimeType.CreateInstanceSlow(Boolean publicOnly, Boolean skipCheckThis, Boolean fillCache, StackCrawlMark& stackMark)
   at System.RuntimeType.CreateInstanceDefaultCtor(Boolean publicOnly, Boolean skipCheckThis, Boolean fillCache, StackCrawlMark& stackMark)
   at System.Activator.CreateInstance(Type type, Boolean nonPublic)
   at System.Activator.CreateInstance(Type type)
   at System.Threading.LazyHelpers`1.ActivatorFactorySelector()
   at System.Threading.LazyInitializer.EnsureInitializedCore[T](T& target, Boolean& initialized, Object& syncLock, Func`1 valueFactory)
   at System.Threading.LazyInitializer.EnsureInitialized[T](T& target, Boolean& initialized, Object& syncLock)
   at StatisticalSolutions.Filters.InitializeSimpleMembershipAttribute.OnActionExecuting(ActionExecutingContext filterContext) in c:\temp\3rdPartyProjects\StatisticalSolutions\StatisticalSolutions\Filters\InitializeSimpleMembershipAttribute.cs:line 23
   at System.Web.Mvc.Async.AsyncControllerActionInvoker.InvokeActionMethodFilterAsynchronously(IActionFilter filter, ActionExecutingContext preContext, Func`1 nextInChain)
   at System.Web.Mvc.Async.AsyncControllerActionInvoker.<>c__DisplayClass37.<>c__DisplayClass39.<>c__DisplayClass3b.<BeginInvokeActionMethodWithFilters>b__35()
   at System.Web.Mvc.Async.AsyncControllerActionInvoker.InvokeActionMethodFilterAsynchronously(IActionFilter filter, ActionExecutingContext preContext, Func`1 nextInChain)
   at System.Web.Mvc.Async.AsyncControllerActionInvoker.<>c__DisplayClass37.<>c__DisplayClass39.<>c__DisplayClass3b.<BeginInvokeActionMethodWithFilters>b__35()
   at System.Web.Mvc.Async.AsyncControllerActionInvoker.<>c__DisplayClass37.<BeginInvokeActionMethodWithFilters>b__31(AsyncCallback asyncCallback, Object asyncState)
   at System.Web.Mvc.Async.AsyncResultWrapper.WrappedAsyncResult`1.Begin(AsyncCallback callback, Object state, Int32 timeout)
   at System.Web.Mvc.Async.AsyncControllerActionInvoker.BeginInvokeActionMethodWithFilters(ControllerContext controllerContext, IList`1 filters, ActionDescriptor actionDescriptor, IDictionary`2 parameters, AsyncCallback callback, Object state)
   at System.Web.Mvc.Async.AsyncControllerActionInvoker.<>c__DisplayClass25.<BeginInvokeAction>b__1e(AsyncCallback asyncCallback, Object asyncState)
 2015-04-09 12:22:21,328 [9] INFO  StatisticalSolutions.Controllers.Base.BaseController - Application URL - /StatisticalSolutions/Base/StatisticalError 
 2015-04-09 12:22:21,378 [9] INFO  StatisticalSolutions.Controllers.Base.BaseController - Application URL - /StatisticalSolutions/Base/StatisticalError 
 2015-04-09 12:22:21,378 [9] ERROR StatisticalSolutions.Controllers.Base.BaseController - Statistical exception message - Exception has been thrown by the target of an invocation.
 2015-04-09 12:22:21,378 [9] ERROR StatisticalSolutions.Controllers.Base.BaseController - Statistical exception stack trace -    at System.RuntimeTypeHandle.CreateInstance(RuntimeType type, Boolean publicOnly, Boolean noCheck, Boolean& canBeCached, RuntimeMethodHandleInternal& ctor, Boolean& bNeedSecurityCheck)
   at System.RuntimeType.CreateInstanceSlow(Boolean publicOnly, Boolean skipCheckThis, Boolean fillCache, StackCrawlMark& stackMark)
   at System.RuntimeType.CreateInstanceDefaultCtor(Boolean publicOnly, Boolean skipCheckThis, Boolean fillCache, StackCrawlMark& stackMark)
   at System.Activator.CreateInstance(Type type, Boolean nonPublic)
   at System.Activator.CreateInstance(Type type)
   at System.Threading.LazyHelpers`1.ActivatorFactorySelector()
   at System.Threading.LazyInitializer.EnsureInitializedCore[T](T& target, Boolean& initialized, Object& syncLock, Func`1 valueFactory)
   at System.Threading.LazyInitializer.EnsureInitialized[T](T& target, Boolean& initialized, Object& syncLock)
   at StatisticalSolutions.Filters.InitializeSimpleMembershipAttribute.OnActionExecuting(ActionExecutingContext filterContext) in c:\temp\3rdPartyProjects\StatisticalSolutions\StatisticalSolutions\Filters\InitializeSimpleMembershipAttribute.cs:line 23
   at System.Web.Mvc.Async.AsyncControllerActionInvoker.InvokeActionMethodFilterAsynchronously(IActionFilter filter, ActionExecutingContext preContext, Func`1 nextInChain)
   at System.Web.Mvc.Async.AsyncControllerActionInvoker.<>c__DisplayClass37.<>c__DisplayClass39.<>c__DisplayClass3b.<BeginInvokeActionMethodWithFilters>b__35()
   at System.Web.Mvc.Async.AsyncControllerActionInvoker.InvokeActionMethodFilterAsynchronously(IActionFilter filter, ActionExecutingContext preContext, Func`1 nextInChain)
   at System.Web.Mvc.Async.AsyncControllerActionInvoker.<>c__DisplayClass37.<>c__DisplayClass39.<>c__DisplayClass3b.<BeginInvokeActionMethodWithFilters>b__35()
   at System.Web.Mvc.Async.AsyncControllerActionInvoker.<>c__DisplayClass37.<BeginInvokeActionMethodWithFilters>b__31(AsyncCallback asyncCallback, Object asyncState)
   at System.Web.Mvc.Async.AsyncResultWrapper.WrappedAsyncResult`1.Begin(AsyncCallback callback, Object state, Int32 timeout)
   at System.Web.Mvc.Async.AsyncControllerActionInvoker.BeginInvokeActionMethodWithFilters(ControllerContext controllerContext, IList`1 filters, ActionDescriptor actionDescriptor, IDictionary`2 parameters, AsyncCallback callback, Object state)
   at System.Web.Mvc.Async.AsyncControllerActionInvoker.<>c__DisplayClass25.<BeginInvokeAction>b__1e(AsyncCallback asyncCallback, Object asyncState)
 2015-04-09 12:22:21,378 [13] INFO  StatisticalSolutions.Controllers.Base.BaseController - Application URL - /StatisticalSolutions/Base/StatisticalError 
 2015-04-09 12:22:21,428 [13] INFO  StatisticalSolutions.Controllers.Base.BaseController - Application URL - /StatisticalSolutions/Base/StatisticalError 
 2015-04-09 12:22:21,428 [13] ERROR StatisticalSolutions.Controllers.Base.BaseController - Statistical exception message - Exception has been thrown by the target of an invocation.
 2015-04-09 12:22:21,428 [13] ERROR StatisticalSolutions.Controllers.Base.BaseController - Statistical exception stack trace -    at System.RuntimeTypeHandle.CreateInstance(RuntimeType type, Boolean publicOnly, Boolean noCheck, Boolean& canBeCached, RuntimeMethodHandleInternal& ctor, Boolean& bNeedSecurityCheck)
   at System.RuntimeType.CreateInstanceSlow(Boolean publicOnly, Boolean skipCheckThis, Boolean fillCache, StackCrawlMark& stackMark)
   at System.RuntimeType.CreateInstanceDefaultCtor(Boolean publicOnly, Boolean skipCheckThis, Boolean fillCache, StackCrawlMark& stackMark)
   at System.Activator.CreateInstance(Type type, Boolean nonPublic)
   at System.Activator.CreateInstance(Type type)
   at System.Threading.LazyHelpers`1.ActivatorFactorySelector()
   at System.Threading.LazyInitializer.EnsureInitializedCore[T](T& target, Boolean& initialized, Object& syncLock, Func`1 valueFactory)
   at System.Threading.LazyInitializer.EnsureInitialized[T](T& target, Boolean& initialized, Object& syncLock)
   at StatisticalSolutions.Filters.InitializeSimpleMembershipAttribute.OnActionExecuting(ActionExecutingContext filterContext) in c:\temp\3rdPartyProjects\StatisticalSolutions\StatisticalSolutions\Filters\InitializeSimpleMembershipAttribute.cs:line 23
   at System.Web.Mvc.Async.AsyncControllerActionInvoker.InvokeActionMethodFilterAsynchronously(IActionFilter filter, ActionExecutingContext preContext, Func`1 nextInChain)
   at System.Web.Mvc.Async.AsyncControllerActionInvoker.<>c__DisplayClass37.<>c__DisplayClass39.<>c__DisplayClass3b.<BeginInvokeActionMethodWithFilters>b__35()
   at System.Web.Mvc.Async.AsyncControllerActionInvoker.InvokeActionMethodFilterAsynchronously(IActionFilter filter, ActionExecutingContext preContext, Func`1 nextInChain)
   at System.Web.Mvc.Async.AsyncControllerActionInvoker.<>c__DisplayClass37.<>c__DisplayClass39.<>c__DisplayClass3b.<BeginInvokeActionMethodWithFilters>b__35()
   at System.Web.Mvc.Async.AsyncControllerActionInvoker.<>c__DisplayClass37.<BeginInvokeActionMethodWithFilters>b__31(AsyncCallback asyncCallback, Object asyncState)
   at System.Web.Mvc.Async.AsyncResultWrapper.WrappedAsyncResult`1.Begin(AsyncCallback callback, Object state, Int32 timeout)
   at System.Web.Mvc.Async.AsyncControllerActionInvoker.BeginInvokeActionMethodWithFilters(ControllerContext controllerContext, IList`1 filters, ActionDescriptor actionDescriptor, IDictionary`2 parameters, AsyncCallback callback, Object state)
   at System.Web.Mvc.Async.AsyncControllerActionInvoker.<>c__DisplayClass25.<BeginInvokeAction>b__1e(AsyncCallback asyncCallback, Object asyncState)
 2015-04-09 12:22:21,438 [10] INFO  StatisticalSolutions.Controllers.Base.BaseController - Application URL - /StatisticalSolutions/Base/StatisticalError 
 2015-04-09 12:22:21,478 [10] INFO  StatisticalSolutions.Controllers.Base.BaseController - Application URL - /StatisticalSolutions/Base/StatisticalError 
 2015-04-09 12:22:21,478 [10] ERROR StatisticalSolutions.Controllers.Base.BaseController - Statistical exception message - Exception has been thrown by the target of an invocation.
 2015-04-09 12:22:21,478 [10] ERROR StatisticalSolutions.Controllers.Base.BaseController - Statistical exception stack trace -    at System.RuntimeTypeHandle.CreateInstance(RuntimeType type, Boolean publicOnly, Boolean noCheck, Boolean& canBeCached, RuntimeMethodHandleInternal& ctor, Boolean& bNeedSecurityCheck)
   at System.RuntimeType.CreateInstanceSlow(Boolean publicOnly, Boolean skipCheckThis, Boolean fillCache, StackCrawlMark& stackMark)
   at System.RuntimeType.CreateInstanceDefaultCtor(Boolean publicOnly, Boolean skipCheckThis, Boolean fillCache, StackCrawlMark& stackMark)
   at System.Activator.CreateInstance(Type type, Boolean nonPublic)
   at System.Activator.CreateInstance(Type type)
   at System.Threading.LazyHelpers`1.ActivatorFactorySelector()
   at System.Threading.LazyInitializer.EnsureInitializedCore[T](T& target, Boolean& initialized, Object& syncLock, Func`1 valueFactory)
   at System.Threading.LazyInitializer.EnsureInitialized[T](T& target, Boolean& initialized, Object& syncLock)
   at StatisticalSolutions.Filters.InitializeSimpleMembershipAttribute.OnActionExecuting(ActionExecutingContext filterContext) in c:\temp\3rdPartyProjects\StatisticalSolutions\StatisticalSolutions\Filters\InitializeSimpleMembershipAttribute.cs:line 23
   at System.Web.Mvc.Async.AsyncControllerActionInvoker.InvokeActionMethodFilterAsynchronously(IActionFilter filter, ActionExecutingContext preContext, Func`1 nextInChain)
   at System.Web.Mvc.Async.AsyncControllerActionInvoker.<>c__DisplayClass37.<>c__DisplayClass39.<>c__DisplayClass3b.<BeginInvokeActionMethodWithFilters>b__35()
   at System.Web.Mvc.Async.AsyncControllerActionInvoker.InvokeActionMethodFilterAsynchronously(IActionFilter filter, ActionExecutingContext preContext, Func`1 nextInChain)
   at System.Web.Mvc.Async.AsyncControllerActionInvoker.<>c__DisplayClass37.<>c__DisplayClass39.<>c__DisplayClass3b.<BeginInvokeActionMethodWithFilters>b__35()
   at System.Web.Mvc.Async.AsyncControllerActionInvoker.<>c__DisplayClass37.<BeginInvokeActionMethodWithFilters>b__31(AsyncCallback asyncCallback, Object asyncState)
   at System.Web.Mvc.Async.AsyncResultWrapper.WrappedAsyncResult`1.Begin(AsyncCallback callback, Object state, Int32 timeout)
   at System.Web.Mvc.Async.AsyncControllerActionInvoker.BeginInvokeActionMethodWithFilters(ControllerContext controllerContext, IList`1 filters, ActionDescriptor actionDescriptor, IDictionary`2 parameters, AsyncCallback callback, Object state)
   at System.Web.Mvc.Async.AsyncControllerActionInvoker.<>c__DisplayClass25.<BeginInvokeAction>b__1e(AsyncCallback asyncCallback, Object asyncState)
 2015-04-09 12:22:21,488 [9] INFO  StatisticalSolutions.Controllers.Base.BaseController - Application URL - /StatisticalSolutions/Base/StatisticalError 
 2015-04-09 12:22:21,538 [9] INFO  StatisticalSolutions.Controllers.Base.BaseController - Application URL - /StatisticalSolutions/Base/StatisticalError 
 2015-04-09 12:22:21,538 [9] ERROR StatisticalSolutions.Controllers.Base.BaseController - Statistical exception message - Exception has been thrown by the target of an invocation.
 2015-04-09 12:22:21,538 [9] ERROR StatisticalSolutions.Controllers.Base.BaseController - Statistical exception stack trace -    at System.RuntimeTypeHandle.CreateInstance(RuntimeType type, Boolean publicOnly, Boolean noCheck, Boolean& canBeCached, RuntimeMethodHandleInternal& ctor, Boolean& bNeedSecurityCheck)
   at System.RuntimeType.CreateInstanceSlow(Boolean publicOnly, Boolean skipCheckThis, Boolean fillCache, StackCrawlMark& stackMark)
   at System.RuntimeType.CreateInstanceDefaultCtor(Boolean publicOnly, Boolean skipCheckThis, Boolean fillCache, StackCrawlMark& stackMark)
   at System.Activator.CreateInstance(Type type, Boolean nonPublic)
   at System.Activator.CreateInstance(Type type)
   at System.Threading.LazyHelpers`1.ActivatorFactorySelector()
   at System.Threading.LazyInitializer.EnsureInitializedCore[T](T& target, Boolean& initialized, Object& syncLock, Func`1 valueFactory)
   at System.Threading.LazyInitializer.EnsureInitialized[T](T& target, Boolean& initialized, Object& syncLock)
   at StatisticalSolutions.Filters.InitializeSimpleMembershipAttribute.OnActionExecuting(ActionExecutingContext filterContext) in c:\temp\3rdPartyProjects\StatisticalSolutions\StatisticalSolutions\Filters\InitializeSimpleMembershipAttribute.cs:line 23
   at System.Web.Mvc.Async.AsyncControllerActionInvoker.InvokeActionMethodFilterAsynchronously(IActionFilter filter, ActionExecutingContext preContext, Func`1 nextInChain)
   at System.Web.Mvc.Async.AsyncControllerActionInvoker.<>c__DisplayClass37.<>c__DisplayClass39.<>c__DisplayClass3b.<BeginInvokeActionMethodWithFilters>b__35()
   at System.Web.Mvc.Async.AsyncControllerActionInvoker.InvokeActionMethodFilterAsynchronously(IActionFilter filter, ActionExecutingContext preContext, Func`1 nextInChain)
   at System.Web.Mvc.Async.AsyncControllerActionInvoker.<>c__DisplayClass37.<>c__DisplayClass39.<>c__DisplayClass3b.<BeginInvokeActionMethodWithFilters>b__35()
   at System.Web.Mvc.Async.AsyncControllerActionInvoker.<>c__DisplayClass37.<BeginInvokeActionMethodWithFilters>b__31(AsyncCallback asyncCallback, Object asyncState)
   at System.Web.Mvc.Async.AsyncResultWrapper.WrappedAsyncResult`1.Begin(AsyncCallback callback, Object state, Int32 timeout)
   at System.Web.Mvc.Async.AsyncControllerActionInvoker.BeginInvokeActionMethodWithFilters(ControllerContext controllerContext, IList`1 filters, ActionDescriptor actionDescriptor, IDictionary`2 parameters, AsyncCallback callback, Object state)
   at System.Web.Mvc.Async.AsyncControllerActionInvoker.<>c__DisplayClass25.<BeginInvokeAction>b__1e(AsyncCallback asyncCallback, Object asyncState)
 2015-04-09 12:22:21,538 [10] INFO  StatisticalSolutions.Controllers.Base.BaseController - Application URL - /StatisticalSolutions/Base/StatisticalError 
 2015-04-09 12:22:21,588 [10] INFO  StatisticalSolutions.Controllers.Base.BaseController - Application URL - /StatisticalSolutions/Base/StatisticalError 
 2015-04-09 12:22:21,588 [10] ERROR StatisticalSolutions.Controllers.Base.BaseController - Statistical exception message - Exception has been thrown by the target of an invocation.
 2015-04-09 12:22:21,588 [10] ERROR StatisticalSolutions.Controllers.Base.BaseController - Statistical exception stack trace -    at System.RuntimeTypeHandle.CreateInstance(RuntimeType type, Boolean publicOnly, Boolean noCheck, Boolean& canBeCached, RuntimeMethodHandleInternal& ctor, Boolean& bNeedSecurityCheck)
   at System.RuntimeType.CreateInstanceSlow(Boolean publicOnly, Boolean skipCheckThis, Boolean fillCache, StackCrawlMark& stackMark)
   at System.RuntimeType.CreateInstanceDefaultCtor(Boolean publicOnly, Boolean skipCheckThis, Boolean fillCache, StackCrawlMark& stackMark)
   at System.Activator.CreateInstance(Type type, Boolean nonPublic)
   at System.Activator.CreateInstance(Type type)
   at System.Threading.LazyHelpers`1.ActivatorFactorySelector()
   at System.Threading.LazyInitializer.EnsureInitializedCore[T](T& target, Boolean& initialized, Object& syncLock, Func`1 valueFactory)
   at System.Threading.LazyInitializer.EnsureInitialized[T](T& target, Boolean& initialized, Object& syncLock)
   at StatisticalSolutions.Filters.InitializeSimpleMembershipAttribute.OnActionExecuting(ActionExecutingContext filterContext) in c:\temp\3rdPartyProjects\StatisticalSolutions\StatisticalSolutions\Filters\InitializeSimpleMembershipAttribute.cs:line 23
   at System.Web.Mvc.Async.AsyncControllerActionInvoker.InvokeActionMethodFilterAsynchronously(IActionFilter filter, ActionExecutingContext preContext, Func`1 nextInChain)
   at System.Web.Mvc.Async.AsyncControllerActionInvoker.<>c__DisplayClass37.<>c__DisplayClass39.<>c__DisplayClass3b.<BeginInvokeActionMethodWithFilters>b__35()
   at System.Web.Mvc.Async.AsyncControllerActionInvoker.InvokeActionMethodFilterAsynchronously(IActionFilter filter, ActionExecutingContext preContext, Func`1 nextInChain)
   at System.Web.Mvc.Async.AsyncControllerActionInvoker.<>c__DisplayClass37.<>c__DisplayClass39.<>c__DisplayClass3b.<BeginInvokeActionMethodWithFilters>b__35()
   at System.Web.Mvc.Async.AsyncControllerActionInvoker.<>c__DisplayClass37.<BeginInvokeActionMethodWithFilters>b__31(AsyncCallback asyncCallback, Object asyncState)
   at System.Web.Mvc.Async.AsyncResultWrapper.WrappedAsyncResult`1.Begin(AsyncCallback callback, Object state, Int32 timeout)
   at System.Web.Mvc.Async.AsyncControllerActionInvoker.BeginInvokeActionMethodWithFilters(ControllerContext controllerContext, IList`1 filters, ActionDescriptor actionDescriptor, IDictionary`2 parameters, AsyncCallback callback, Object state)
   at System.Web.Mvc.Async.AsyncControllerActionInvoker.<>c__DisplayClass25.<BeginInvokeAction>b__1e(AsyncCallback asyncCallback, Object asyncState)
 2015-04-09 12:22:21,588 [11] INFO  StatisticalSolutions.Controllers.Base.BaseController - Application URL - /StatisticalSolutions/Base/StatisticalError 
 2015-04-09 12:22:21,648 [11] INFO  StatisticalSolutions.Controllers.Base.BaseController - Application URL - /StatisticalSolutions/Base/StatisticalError 
 2015-04-09 12:22:21,648 [11] ERROR StatisticalSolutions.Controllers.Base.BaseController - Statistical exception message - Exception has been thrown by the target of an invocation.
 2015-04-09 12:22:21,648 [11] ERROR StatisticalSolutions.Controllers.Base.BaseController - Statistical exception stack trace -    at System.RuntimeTypeHandle.CreateInstance(RuntimeType type, Boolean publicOnly, Boolean noCheck, Boolean& canBeCached, RuntimeMethodHandleInternal& ctor, Boolean& bNeedSecurityCheck)
   at System.RuntimeType.CreateInstanceSlow(Boolean publicOnly, Boolean skipCheckThis, Boolean fillCache, StackCrawlMark& stackMark)
   at System.RuntimeType.CreateInstanceDefaultCtor(Boolean publicOnly, Boolean skipCheckThis, Boolean fillCache, StackCrawlMark& stackMark)
   at System.Activator.CreateInstance(Type type, Boolean nonPublic)
   at System.Activator.CreateInstance(Type type)
   at System.Threading.LazyHelpers`1.ActivatorFactorySelector()
   at System.Threading.LazyInitializer.EnsureInitializedCore[T](T& target, Boolean& initialized, Object& syncLock, Func`1 valueFactory)
   at System.Threading.LazyInitializer.EnsureInitialized[T](T& target, Boolean& initialized, Object& syncLock)
   at StatisticalSolutions.Filters.InitializeSimpleMembershipAttribute.OnActionExecuting(ActionExecutingContext filterContext) in c:\temp\3rdPartyProjects\StatisticalSolutions\StatisticalSolutions\Filters\InitializeSimpleMembershipAttribute.cs:line 23
   at System.Web.Mvc.Async.AsyncControllerActionInvoker.InvokeActionMethodFilterAsynchronously(IActionFilter filter, ActionExecutingContext preContext, Func`1 nextInChain)
   at System.Web.Mvc.Async.AsyncControllerActionInvoker.<>c__DisplayClass37.<>c__DisplayClass39.<>c__DisplayClass3b.<BeginInvokeActionMethodWithFilters>b__35()
   at System.Web.Mvc.Async.AsyncControllerActionInvoker.InvokeActionMethodFilterAsynchronously(IActionFilter filter, ActionExecutingContext preContext, Func`1 nextInChain)
   at System.Web.Mvc.Async.AsyncControllerActionInvoker.<>c__DisplayClass37.<>c__DisplayClass39.<>c__DisplayClass3b.<BeginInvokeActionMethodWithFilters>b__35()
   at System.Web.Mvc.Async.AsyncControllerActionInvoker.<>c__DisplayClass37.<BeginInvokeActionMethodWithFilters>b__31(AsyncCallback asyncCallback, Object asyncState)
   at System.Web.Mvc.Async.AsyncResultWrapper.WrappedAsyncResult`1.Begin(AsyncCallback callback, Object state, Int32 timeout)
   at System.Web.Mvc.Async.AsyncControllerActionInvoker.BeginInvokeActionMethodWithFilters(ControllerContext controllerContext, IList`1 filters, ActionDescriptor actionDescriptor, IDictionary`2 parameters, AsyncCallback callback, Object state)
   at System.Web.Mvc.Async.AsyncControllerActionInvoker.<>c__DisplayClass25.<BeginInvokeAction>b__1e(AsyncCallback asyncCallback, Object asyncState)
 2015-04-09 12:22:21,648 [13] INFO  StatisticalSolutions.Controllers.Base.BaseController - Application URL - /StatisticalSolutions/Base/StatisticalError 
 2015-04-09 12:22:21,698 [13] INFO  StatisticalSolutions.Controllers.Base.BaseController - Application URL - /StatisticalSolutions/Base/StatisticalError 
 2015-04-09 12:22:21,698 [13] ERROR StatisticalSolutions.Controllers.Base.BaseController - Statistical exception message - Exception has been thrown by the target of an invocation.
 2015-04-09 12:22:21,698 [13] ERROR StatisticalSolutions.Controllers.Base.BaseController - Statistical exception stack trace -    at System.RuntimeTypeHandle.CreateInstance(RuntimeType type, Boolean publicOnly, Boolean noCheck, Boolean& canBeCached, RuntimeMethodHandleInternal& ctor, Boolean& bNeedSecurityCheck)
   at System.RuntimeType.CreateInstanceSlow(Boolean publicOnly, Boolean skipCheckThis, Boolean fillCache, StackCrawlMark& stackMark)
   at System.RuntimeType.CreateInstanceDefaultCtor(Boolean publicOnly, Boolean skipCheckThis, Boolean fillCache, StackCrawlMark& stackMark)
   at System.Activator.CreateInstance(Type type, Boolean nonPublic)
   at System.Activator.CreateInstance(Type type)
   at System.Threading.LazyHelpers`1.ActivatorFactorySelector()
   at System.Threading.LazyInitializer.EnsureInitializedCore[T](T& target, Boolean& initialized, Object& syncLock, Func`1 valueFactory)
   at System.Threading.LazyInitializer.EnsureInitialized[T](T& target, Boolean& initialized, Object& syncLock)
   at StatisticalSolutions.Filters.InitializeSimpleMembershipAttribute.OnActionExecuting(ActionExecutingContext filterContext) in c:\temp\3rdPartyProjects\StatisticalSolutions\StatisticalSolutions\Filters\InitializeSimpleMembershipAttribute.cs:line 23
   at System.Web.Mvc.Async.AsyncControllerActionInvoker.InvokeActionMethodFilterAsynchronously(IActionFilter filter, ActionExecutingContext preContext, Func`1 nextInChain)
   at System.Web.Mvc.Async.AsyncControllerActionInvoker.<>c__DisplayClass37.<>c__DisplayClass39.<>c__DisplayClass3b.<BeginInvokeActionMethodWithFilters>b__35()
   at System.Web.Mvc.Async.AsyncControllerActionInvoker.InvokeActionMethodFilterAsynchronously(IActionFilter filter, ActionExecutingContext preContext, Func`1 nextInChain)
   at System.Web.Mvc.Async.AsyncControllerActionInvoker.<>c__DisplayClass37.<>c__DisplayClass39.<>c__DisplayClass3b.<BeginInvokeActionMethodWithFilters>b__35()
   at System.Web.Mvc.Async.AsyncControllerActionInvoker.<>c__DisplayClass37.<BeginInvokeActionMethodWithFilters>b__31(AsyncCallback asyncCallback, Object asyncState)
   at System.Web.Mvc.Async.AsyncResultWrapper.WrappedAsyncResult`1.Begin(AsyncCallback callback, Object state, Int32 timeout)
   at System.Web.Mvc.Async.AsyncControllerActionInvoker.BeginInvokeActionMethodWithFilters(ControllerContext controllerContext, IList`1 filters, ActionDescriptor actionDescriptor, IDictionary`2 parameters, AsyncCallback callback, Object state)
   at System.Web.Mvc.Async.AsyncControllerActionInvoker.<>c__DisplayClass25.<BeginInvokeAction>b__1e(AsyncCallback asyncCallback, Object asyncState)
 2015-04-09 12:22:21,698 [10] INFO  StatisticalSolutions.Controllers.Base.BaseController - Application URL - /StatisticalSolutions/Base/StatisticalError 
 2015-04-09 12:22:21,748 [10] INFO  StatisticalSolutions.Controllers.Base.BaseController - Application URL - /StatisticalSolutions/Base/StatisticalError 
 2015-04-09 12:22:21,748 [10] ERROR StatisticalSolutions.Controllers.Base.BaseController - Statistical exception message - Exception has been thrown by the target of an invocation.
 2015-04-09 12:22:21,748 [10] ERROR StatisticalSolutions.Controllers.Base.BaseController - Statistical exception stack trace -    at System.RuntimeTypeHandle.CreateInstance(RuntimeType type, Boolean publicOnly, Boolean noCheck, Boolean& canBeCached, RuntimeMethodHandleInternal& ctor, Boolean& bNeedSecurityCheck)
   at System.RuntimeType.CreateInstanceSlow(Boolean publicOnly, Boolean skipCheckThis, Boolean fillCache, StackCrawlMark& stackMark)
   at System.RuntimeType.CreateInstanceDefaultCtor(Boolean publicOnly, Boolean skipCheckThis, Boolean fillCache, StackCrawlMark& stackMark)
   at System.Activator.CreateInstance(Type type, Boolean nonPublic)
   at System.Activator.CreateInstance(Type type)
   at System.Threading.LazyHelpers`1.ActivatorFactorySelector()
   at System.Threading.LazyInitializer.EnsureInitializedCore[T](T& target, Boolean& initialized, Object& syncLock, Func`1 valueFactory)
   at System.Threading.LazyInitializer.EnsureInitialized[T](T& target, Boolean& initialized, Object& syncLock)
   at StatisticalSolutions.Filters.InitializeSimpleMembershipAttribute.OnActionExecuting(ActionExecutingContext filterContext) in c:\temp\3rdPartyProjects\StatisticalSolutions\StatisticalSolutions\Filters\InitializeSimpleMembershipAttribute.cs:line 23
   at System.Web.Mvc.Async.AsyncControllerActionInvoker.InvokeActionMethodFilterAsynchronously(IActionFilter filter, ActionExecutingContext preContext, Func`1 nextInChain)
   at System.Web.Mvc.Async.AsyncControllerActionInvoker.<>c__DisplayClass37.<>c__DisplayClass39.<>c__DisplayClass3b.<BeginInvokeActionMethodWithFilters>b__35()
   at System.Web.Mvc.Async.AsyncControllerActionInvoker.InvokeActionMethodFilterAsynchronously(IActionFilter filter, ActionExecutingContext preContext, Func`1 nextInChain)
   at System.Web.Mvc.Async.AsyncControllerActionInvoker.<>c__DisplayClass37.<>c__DisplayClass39.<>c__DisplayClass3b.<BeginInvokeActionMethodWithFilters>b__35()
   at System.Web.Mvc.Async.AsyncControllerActionInvoker.<>c__DisplayClass37.<BeginInvokeActionMethodWithFilters>b__31(AsyncCallback asyncCallback, Object asyncState)
   at System.Web.Mvc.Async.AsyncResultWrapper.WrappedAsyncResult`1.Begin(AsyncCallback callback, Object state, Int32 timeout)
   at System.Web.Mvc.Async.AsyncControllerActionInvoker.BeginInvokeActionMethodWithFilters(ControllerContext controllerContext, IList`1 filters, ActionDescriptor actionDescriptor, IDictionary`2 parameters, AsyncCallback callback, Object state)
   at System.Web.Mvc.Async.AsyncControllerActionInvoker.<>c__DisplayClass25.<BeginInvokeAction>b__1e(AsyncCallback asyncCallback, Object asyncState)
 2015-04-09 12:22:21,758 [7] INFO  StatisticalSolutions.Controllers.Base.BaseController - Application URL - /StatisticalSolutions/Base/StatisticalError 
 2015-04-09 12:22:21,808 [7] INFO  StatisticalSolutions.Controllers.Base.BaseController - Application URL - /StatisticalSolutions/Base/StatisticalError 
 2015-04-09 12:22:21,808 [7] ERROR StatisticalSolutions.Controllers.Base.BaseController - Statistical exception message - Exception has been thrown by the target of an invocation.
 2015-04-09 12:22:21,808 [7] ERROR StatisticalSolutions.Controllers.Base.BaseController - Statistical exception stack trace -    at System.RuntimeTypeHandle.CreateInstance(RuntimeType type, Boolean publicOnly, Boolean noCheck, Boolean& canBeCached, RuntimeMethodHandleInternal& ctor, Boolean& bNeedSecurityCheck)
   at System.RuntimeType.CreateInstanceSlow(Boolean publicOnly, Boolean skipCheckThis, Boolean fillCache, StackCrawlMark& stackMark)
   at System.RuntimeType.CreateInstanceDefaultCtor(Boolean publicOnly, Boolean skipCheckThis, Boolean fillCache, StackCrawlMark& stackMark)
   at System.Activator.CreateInstance(Type type, Boolean nonPublic)
   at System.Activator.CreateInstance(Type type)
   at System.Threading.LazyHelpers`1.ActivatorFactorySelector()
   at System.Threading.LazyInitializer.EnsureInitializedCore[T](T& target, Boolean& initialized, Object& syncLock, Func`1 valueFactory)
   at System.Threading.LazyInitializer.EnsureInitialized[T](T& target, Boolean& initialized, Object& syncLock)
   at StatisticalSolutions.Filters.InitializeSimpleMembershipAttribute.OnActionExecuting(ActionExecutingContext filterContext) in c:\temp\3rdPartyProjects\StatisticalSolutions\StatisticalSolutions\Filters\InitializeSimpleMembershipAttribute.cs:line 23
   at System.Web.Mvc.Async.AsyncControllerActionInvoker.InvokeActionMethodFilterAsynchronously(IActionFilter filter, ActionExecutingContext preContext, Func`1 nextInChain)
   at System.Web.Mvc.Async.AsyncControllerActionInvoker.<>c__DisplayClass37.<>c__DisplayClass39.<>c__DisplayClass3b.<BeginInvokeActionMethodWithFilters>b__35()
   at System.Web.Mvc.Async.AsyncControllerActionInvoker.InvokeActionMethodFilterAsynchronously(IActionFilter filter, ActionExecutingContext preContext, Func`1 nextInChain)
   at System.Web.Mvc.Async.AsyncControllerActionInvoker.<>c__DisplayClass37.<>c__DisplayClass39.<>c__DisplayClass3b.<BeginInvokeActionMethodWithFilters>b__35()
   at System.Web.Mvc.Async.AsyncControllerActionInvoker.<>c__DisplayClass37.<BeginInvokeActionMethodWithFilters>b__31(AsyncCallback asyncCallback, Object asyncState)
   at System.Web.Mvc.Async.AsyncResultWrapper.WrappedAsyncResult`1.Begin(AsyncCallback callback, Object state, Int32 timeout)
   at System.Web.Mvc.Async.AsyncControllerActionInvoker.BeginInvokeActionMethodWithFilters(ControllerContext controllerContext, IList`1 filters, ActionDescriptor actionDescriptor, IDictionary`2 parameters, AsyncCallback callback, Object state)
   at System.Web.Mvc.Async.AsyncControllerActionInvoker.<>c__DisplayClass25.<BeginInvokeAction>b__1e(AsyncCallback asyncCallback, Object asyncState)
 2015-04-09 12:22:21,808 [10] INFO  StatisticalSolutions.Controllers.Base.BaseController - Application URL - /StatisticalSolutions/Base/StatisticalError 
 2015-04-09 12:22:21,858 [10] INFO  StatisticalSolutions.Controllers.Base.BaseController - Application URL - /StatisticalSolutions/Base/StatisticalError 
 2015-04-09 12:22:21,858 [10] ERROR StatisticalSolutions.Controllers.Base.BaseController - Statistical exception message - Exception has been thrown by the target of an invocation.
 2015-04-09 12:22:21,858 [10] ERROR StatisticalSolutions.Controllers.Base.BaseController - Statistical exception stack trace -    at System.RuntimeTypeHandle.CreateInstance(RuntimeType type, Boolean publicOnly, Boolean noCheck, Boolean& canBeCached, RuntimeMethodHandleInternal& ctor, Boolean& bNeedSecurityCheck)
   at System.RuntimeType.CreateInstanceSlow(Boolean publicOnly, Boolean skipCheckThis, Boolean fillCache, StackCrawlMark& stackMark)
   at System.RuntimeType.CreateInstanceDefaultCtor(Boolean publicOnly, Boolean skipCheckThis, Boolean fillCache, StackCrawlMark& stackMark)
   at System.Activator.CreateInstance(Type type, Boolean nonPublic)
   at System.Activator.CreateInstance(Type type)
   at System.Threading.LazyHelpers`1.ActivatorFactorySelector()
   at System.Threading.LazyInitializer.EnsureInitializedCore[T](T& target, Boolean& initialized, Object& syncLock, Func`1 valueFactory)
   at System.Threading.LazyInitializer.EnsureInitialized[T](T& target, Boolean& initialized, Object& syncLock)
   at StatisticalSolutions.Filters.InitializeSimpleMembershipAttribute.OnActionExecuting(ActionExecutingContext filterContext) in c:\temp\3rdPartyProjects\StatisticalSolutions\StatisticalSolutions\Filters\InitializeSimpleMembershipAttribute.cs:line 23
   at System.Web.Mvc.Async.AsyncControllerActionInvoker.InvokeActionMethodFilterAsynchronously(IActionFilter filter, ActionExecutingContext preContext, Func`1 nextInChain)
   at System.Web.Mvc.Async.AsyncControllerActionInvoker.<>c__DisplayClass37.<>c__DisplayClass39.<>c__DisplayClass3b.<BeginInvokeActionMethodWithFilters>b__35()
   at System.Web.Mvc.Async.AsyncControllerActionInvoker.InvokeActionMethodFilterAsynchronously(IActionFilter filter, ActionExecutingContext preContext, Func`1 nextInChain)
   at System.Web.Mvc.Async.AsyncControllerActionInvoker.<>c__DisplayClass37.<>c__DisplayClass39.<>c__DisplayClass3b.<BeginInvokeActionMethodWithFilters>b__35()
   at System.Web.Mvc.Async.AsyncControllerActionInvoker.<>c__DisplayClass37.<BeginInvokeActionMethodWithFilters>b__31(AsyncCallback asyncCallback, Object asyncState)
   at System.Web.Mvc.Async.AsyncResultWrapper.WrappedAsyncResult`1.Begin(AsyncCallback callback, Object state, Int32 timeout)
   at System.Web.Mvc.Async.AsyncControllerActionInvoker.BeginInvokeActionMethodWithFilters(ControllerContext controllerContext, IList`1 filters, ActionDescriptor actionDescriptor, IDictionary`2 parameters, AsyncCallback callback, Object state)
   at System.Web.Mvc.Async.AsyncControllerActionInvoker.<>c__DisplayClass25.<BeginInvokeAction>b__1e(AsyncCallback asyncCallback, Object asyncState)
 2015-04-09 12:22:21,858 [11] INFO  StatisticalSolutions.Controllers.Base.BaseController - Application URL - /StatisticalSolutions/Base/StatisticalError 
 2015-04-09 12:22:21,908 [11] INFO  StatisticalSolutions.Controllers.Base.BaseController - Application URL - /StatisticalSolutions/Base/StatisticalError 
 2015-04-09 12:22:21,908 [11] ERROR StatisticalSolutions.Controllers.Base.BaseController - Statistical exception message - Exception has been thrown by the target of an invocation.
 2015-04-09 12:22:21,908 [11] ERROR StatisticalSolutions.Controllers.Base.BaseController - Statistical exception stack trace -    at System.RuntimeTypeHandle.CreateInstance(RuntimeType type, Boolean publicOnly, Boolean noCheck, Boolean& canBeCached, RuntimeMethodHandleInternal& ctor, Boolean& bNeedSecurityCheck)
   at System.RuntimeType.CreateInstanceSlow(Boolean publicOnly, Boolean skipCheckThis, Boolean fillCache, StackCrawlMark& stackMark)
   at System.RuntimeType.CreateInstanceDefaultCtor(Boolean publicOnly, Boolean skipCheckThis, Boolean fillCache, StackCrawlMark& stackMark)
   at System.Activator.CreateInstance(Type type, Boolean nonPublic)
   at System.Activator.CreateInstance(Type type)
   at System.Threading.LazyHelpers`1.ActivatorFactorySelector()
   at System.Threading.LazyInitializer.EnsureInitializedCore[T](T& target, Boolean& initialized, Object& syncLock, Func`1 valueFactory)
   at System.Threading.LazyInitializer.EnsureInitialized[T](T& target, Boolean& initialized, Object& syncLock)
   at StatisticalSolutions.Filters.InitializeSimpleMembershipAttribute.OnActionExecuting(ActionExecutingContext filterContext) in c:\temp\3rdPartyProjects\StatisticalSolutions\StatisticalSolutions\Filters\InitializeSimpleMembershipAttribute.cs:line 23
   at System.Web.Mvc.Async.AsyncControllerActionInvoker.InvokeActionMethodFilterAsynchronously(IActionFilter filter, ActionExecutingContext preContext, Func`1 nextInChain)
   at System.Web.Mvc.Async.AsyncControllerActionInvoker.<>c__DisplayClass37.<>c__DisplayClass39.<>c__DisplayClass3b.<BeginInvokeActionMethodWithFilters>b__35()
   at System.Web.Mvc.Async.AsyncControllerActionInvoker.InvokeActionMethodFilterAsynchronously(IActionFilter filter, ActionExecutingContext preContext, Func`1 nextInChain)
   at System.Web.Mvc.Async.AsyncControllerActionInvoker.<>c__DisplayClass37.<>c__DisplayClass39.<>c__DisplayClass3b.<BeginInvokeActionMethodWithFilters>b__35()
   at System.Web.Mvc.Async.AsyncControllerActionInvoker.<>c__DisplayClass37.<BeginInvokeActionMethodWithFilters>b__31(AsyncCallback asyncCallback, Object asyncState)
   at System.Web.Mvc.Async.AsyncResultWrapper.WrappedAsyncResult`1.Begin(AsyncCallback callback, Object state, Int32 timeout)
   at System.Web.Mvc.Async.AsyncControllerActionInvoker.BeginInvokeActionMethodWithFilters(ControllerContext controllerContext, IList`1 filters, ActionDescriptor actionDescriptor, IDictionary`2 parameters, AsyncCallback callback, Object state)
   at System.Web.Mvc.Async.AsyncControllerActionInvoker.<>c__DisplayClass25.<BeginInvokeAction>b__1e(AsyncCallback asyncCallback, Object asyncState)
 2015-04-09 12:22:21,918 [7] INFO  StatisticalSolutions.Controllers.Base.BaseController - Application URL - /StatisticalSolutions/Base/StatisticalError 
 2015-04-09 12:22:21,958 [7] INFO  StatisticalSolutions.Controllers.Base.BaseController - Application URL - /StatisticalSolutions/Base/StatisticalError 
 2015-04-09 12:22:21,958 [7] ERROR StatisticalSolutions.Controllers.Base.BaseController - Statistical exception message - Exception has been thrown by the target of an invocation.
 2015-04-09 12:22:21,958 [7] ERROR StatisticalSolutions.Controllers.Base.BaseController - Statistical exception stack trace -    at System.RuntimeTypeHandle.CreateInstance(RuntimeType type, Boolean publicOnly, Boolean noCheck, Boolean& canBeCached, RuntimeMethodHandleInternal& ctor, Boolean& bNeedSecurityCheck)
   at System.RuntimeType.CreateInstanceSlow(Boolean publicOnly, Boolean skipCheckThis, Boolean fillCache, StackCrawlMark& stackMark)
   at System.RuntimeType.CreateInstanceDefaultCtor(Boolean publicOnly, Boolean skipCheckThis, Boolean fillCache, StackCrawlMark& stackMark)
   at System.Activator.CreateInstance(Type type, Boolean nonPublic)
   at System.Activator.CreateInstance(Type type)
   at System.Threading.LazyHelpers`1.ActivatorFactorySelector()
   at System.Threading.LazyInitializer.EnsureInitializedCore[T](T& target, Boolean& initialized, Object& syncLock, Func`1 valueFactory)
   at System.Threading.LazyInitializer.EnsureInitialized[T](T& target, Boolean& initialized, Object& syncLock)
   at StatisticalSolutions.Filters.InitializeSimpleMembershipAttribute.OnActionExecuting(ActionExecutingContext filterContext) in c:\temp\3rdPartyProjects\StatisticalSolutions\StatisticalSolutions\Filters\InitializeSimpleMembershipAttribute.cs:line 23
   at System.Web.Mvc.Async.AsyncControllerActionInvoker.InvokeActionMethodFilterAsynchronously(IActionFilter filter, ActionExecutingContext preContext, Func`1 nextInChain)
   at System.Web.Mvc.Async.AsyncControllerActionInvoker.<>c__DisplayClass37.<>c__DisplayClass39.<>c__DisplayClass3b.<BeginInvokeActionMethodWithFilters>b__35()
   at System.Web.Mvc.Async.AsyncControllerActionInvoker.InvokeActionMethodFilterAsynchronously(IActionFilter filter, ActionExecutingContext preContext, Func`1 nextInChain)
   at System.Web.Mvc.Async.AsyncControllerActionInvoker.<>c__DisplayClass37.<>c__DisplayClass39.<>c__DisplayClass3b.<BeginInvokeActionMethodWithFilters>b__35()
   at System.Web.Mvc.Async.AsyncControllerActionInvoker.<>c__DisplayClass37.<BeginInvokeActionMethodWithFilters>b__31(AsyncCallback asyncCallback, Object asyncState)
   at System.Web.Mvc.Async.AsyncResultWrapper.WrappedAsyncResult`1.Begin(AsyncCallback callback, Object state, Int32 timeout)
   at System.Web.Mvc.Async.AsyncControllerActionInvoker.BeginInvokeActionMethodWithFilters(ControllerContext controllerContext, IList`1 filters, ActionDescriptor actionDescriptor, IDictionary`2 parameters, AsyncCallback callback, Object state)
   at System.Web.Mvc.Async.AsyncControllerActionInvoker.<>c__DisplayClass25.<BeginInvokeAction>b__1e(AsyncCallback asyncCallback, Object asyncState)
 2015-04-09 12:22:21,968 [9] INFO  StatisticalSolutions.Controllers.Base.BaseController - Application URL - /StatisticalSolutions/Base/StatisticalError 
 2015-04-09 12:22:22,018 [9] INFO  StatisticalSolutions.Controllers.Base.BaseController - Application URL - /StatisticalSolutions/Base/StatisticalError 
 2015-04-09 12:22:22,018 [9] ERROR StatisticalSolutions.Controllers.Base.BaseController - Statistical exception message - Exception has been thrown by the target of an invocation.
 2015-04-09 12:22:22,018 [9] ERROR StatisticalSolutions.Controllers.Base.BaseController - Statistical exception stack trace -    at System.RuntimeTypeHandle.CreateInstance(RuntimeType type, Boolean publicOnly, Boolean noCheck, Boolean& canBeCached, RuntimeMethodHandleInternal& ctor, Boolean& bNeedSecurityCheck)
   at System.RuntimeType.CreateInstanceSlow(Boolean publicOnly, Boolean skipCheckThis, Boolean fillCache, StackCrawlMark& stackMark)
   at System.RuntimeType.CreateInstanceDefaultCtor(Boolean publicOnly, Boolean skipCheckThis, Boolean fillCache, StackCrawlMark& stackMark)
   at System.Activator.CreateInstance(Type type, Boolean nonPublic)
   at System.Activator.CreateInstance(Type type)
   at System.Threading.LazyHelpers`1.ActivatorFactorySelector()
   at System.Threading.LazyInitializer.EnsureInitializedCore[T](T& target, Boolean& initialized, Object& syncLock, Func`1 valueFactory)
   at System.Threading.LazyInitializer.EnsureInitialized[T](T& target, Boolean& initialized, Object& syncLock)
   at StatisticalSolutions.Filters.InitializeSimpleMembershipAttribute.OnActionExecuting(ActionExecutingContext filterContext) in c:\temp\3rdPartyProjects\StatisticalSolutions\StatisticalSolutions\Filters\InitializeSimpleMembershipAttribute.cs:line 23
   at System.Web.Mvc.Async.AsyncControllerActionInvoker.InvokeActionMethodFilterAsynchronously(IActionFilter filter, ActionExecutingContext preContext, Func`1 nextInChain)
   at System.Web.Mvc.Async.AsyncControllerActionInvoker.<>c__DisplayClass37.<>c__DisplayClass39.<>c__DisplayClass3b.<BeginInvokeActionMethodWithFilters>b__35()
   at System.Web.Mvc.Async.AsyncControllerActionInvoker.InvokeActionMethodFilterAsynchronously(IActionFilter filter, ActionExecutingContext preContext, Func`1 nextInChain)
   at System.Web.Mvc.Async.AsyncControllerActionInvoker.<>c__DisplayClass37.<>c__DisplayClass39.<>c__DisplayClass3b.<BeginInvokeActionMethodWithFilters>b__35()
   at System.Web.Mvc.Async.AsyncControllerActionInvoker.<>c__DisplayClass37.<BeginInvokeActionMethodWithFilters>b__31(AsyncCallback asyncCallback, Object asyncState)
   at System.Web.Mvc.Async.AsyncResultWrapper.WrappedAsyncResult`1.Begin(AsyncCallback callback, Object state, Int32 timeout)
   at System.Web.Mvc.Async.AsyncControllerActionInvoker.BeginInvokeActionMethodWithFilters(ControllerContext controllerContext, IList`1 filters, ActionDescriptor actionDescriptor, IDictionary`2 parameters, AsyncCallback callback, Object state)
   at System.Web.Mvc.Async.AsyncControllerActionInvoker.<>c__DisplayClass25.<BeginInvokeAction>b__1e(AsyncCallback asyncCallback, Object asyncState)
 2015-04-09 12:22:22,018 [18] INFO  StatisticalSolutions.Controllers.Base.BaseController - Application URL - /StatisticalSolutions/Base/StatisticalError 
 2015-04-09 12:22:22,068 [18] INFO  StatisticalSolutions.Controllers.Base.BaseController - Application URL - /StatisticalSolutions/Base/StatisticalError 
 2015-04-09 12:22:22,068 [18] ERROR StatisticalSolutions.Controllers.Base.BaseController - Statistical exception message - Exception has been thrown by the target of an invocation.
 2015-04-09 12:22:22,068 [18] ERROR StatisticalSolutions.Controllers.Base.BaseController - Statistical exception stack trace -    at System.RuntimeTypeHandle.CreateInstance(RuntimeType type, Boolean publicOnly, Boolean noCheck, Boolean& canBeCached, RuntimeMethodHandleInternal& ctor, Boolean& bNeedSecurityCheck)
   at System.RuntimeType.CreateInstanceSlow(Boolean publicOnly, Boolean skipCheckThis, Boolean fillCache, StackCrawlMark& stackMark)
   at System.RuntimeType.CreateInstanceDefaultCtor(Boolean publicOnly, Boolean skipCheckThis, Boolean fillCache, StackCrawlMark& stackMark)
   at System.Activator.CreateInstance(Type type, Boolean nonPublic)
   at System.Activator.CreateInstance(Type type)
   at System.Threading.LazyHelpers`1.ActivatorFactorySelector()
   at System.Threading.LazyInitializer.EnsureInitializedCore[T](T& target, Boolean& initialized, Object& syncLock, Func`1 valueFactory)
   at System.Threading.LazyInitializer.EnsureInitialized[T](T& target, Boolean& initialized, Object& syncLock)
   at StatisticalSolutions.Filters.InitializeSimpleMembershipAttribute.OnActionExecuting(ActionExecutingContext filterContext) in c:\temp\3rdPartyProjects\StatisticalSolutions\StatisticalSolutions\Filters\InitializeSimpleMembershipAttribute.cs:line 23
   at System.Web.Mvc.Async.AsyncControllerActionInvoker.InvokeActionMethodFilterAsynchronously(IActionFilter filter, ActionExecutingContext preContext, Func`1 nextInChain)
   at System.Web.Mvc.Async.AsyncControllerActionInvoker.<>c__DisplayClass37.<>c__DisplayClass39.<>c__DisplayClass3b.<BeginInvokeActionMethodWithFilters>b__35()
   at System.Web.Mvc.Async.AsyncControllerActionInvoker.InvokeActionMethodFilterAsynchronously(IActionFilter filter, ActionExecutingContext preContext, Func`1 nextInChain)
   at System.Web.Mvc.Async.AsyncControllerActionInvoker.<>c__DisplayClass37.<>c__DisplayClass39.<>c__DisplayClass3b.<BeginInvokeActionMethodWithFilters>b__35()
   at System.Web.Mvc.Async.AsyncControllerActionInvoker.<>c__DisplayClass37.<BeginInvokeActionMethodWithFilters>b__31(AsyncCallback asyncCallback, Object asyncState)
   at System.Web.Mvc.Async.AsyncResultWrapper.WrappedAsyncResult`1.Begin(AsyncCallback callback, Object state, Int32 timeout)
   at System.Web.Mvc.Async.AsyncControllerActionInvoker.BeginInvokeActionMethodWithFilters(ControllerContext controllerContext, IList`1 filters, ActionDescriptor actionDescriptor, IDictionary`2 parameters, AsyncCallback callback, Object state)
   at System.Web.Mvc.Async.AsyncControllerActionInvoker.<>c__DisplayClass25.<BeginInvokeAction>b__1e(AsyncCallback asyncCallback, Object asyncState)
 2015-04-09 12:22:22,068 [10] INFO  StatisticalSolutions.Controllers.Base.BaseController - Application URL - /StatisticalSolutions/Base/StatisticalError 
 2015-04-09 12:22:22,118 [10] INFO  StatisticalSolutions.Controllers.Base.BaseController - Application URL - /StatisticalSolutions/Base/StatisticalError 
 2015-04-09 12:22:22,118 [10] ERROR StatisticalSolutions.Controllers.Base.BaseController - Statistical exception message - Exception has been thrown by the target of an invocation.
 2015-04-09 12:22:22,118 [10] ERROR StatisticalSolutions.Controllers.Base.BaseController - Statistical exception stack trace -    at System.RuntimeTypeHandle.CreateInstance(RuntimeType type, Boolean publicOnly, Boolean noCheck, Boolean& canBeCached, RuntimeMethodHandleInternal& ctor, Boolean& bNeedSecurityCheck)
   at System.RuntimeType.CreateInstanceSlow(Boolean publicOnly, Boolean skipCheckThis, Boolean fillCache, StackCrawlMark& stackMark)
   at System.RuntimeType.CreateInstanceDefaultCtor(Boolean publicOnly, Boolean skipCheckThis, Boolean fillCache, StackCrawlMark& stackMark)
   at System.Activator.CreateInstance(Type type, Boolean nonPublic)
   at System.Activator.CreateInstance(Type type)
   at System.Threading.LazyHelpers`1.ActivatorFactorySelector()
   at System.Threading.LazyInitializer.EnsureInitializedCore[T](T& target, Boolean& initialized, Object& syncLock, Func`1 valueFactory)
   at System.Threading.LazyInitializer.EnsureInitialized[T](T& target, Boolean& initialized, Object& syncLock)
   at StatisticalSolutions.Filters.InitializeSimpleMembershipAttribute.OnActionExecuting(ActionExecutingContext filterContext) in c:\temp\3rdPartyProjects\StatisticalSolutions\StatisticalSolutions\Filters\InitializeSimpleMembershipAttribute.cs:line 23
   at System.Web.Mvc.Async.AsyncControllerActionInvoker.InvokeActionMethodFilterAsynchronously(IActionFilter filter, ActionExecutingContext preContext, Func`1 nextInChain)
   at System.Web.Mvc.Async.AsyncControllerActionInvoker.<>c__DisplayClass37.<>c__DisplayClass39.<>c__DisplayClass3b.<BeginInvokeActionMethodWithFilters>b__35()
   at System.Web.Mvc.Async.AsyncControllerActionInvoker.InvokeActionMethodFilterAsynchronously(IActionFilter filter, ActionExecutingContext preContext, Func`1 nextInChain)
   at System.Web.Mvc.Async.AsyncControllerActionInvoker.<>c__DisplayClass37.<>c__DisplayClass39.<>c__DisplayClass3b.<BeginInvokeActionMethodWithFilters>b__35()
   at System.Web.Mvc.Async.AsyncControllerActionInvoker.<>c__DisplayClass37.<BeginInvokeActionMethodWithFilters>b__31(AsyncCallback asyncCallback, Object asyncState)
   at System.Web.Mvc.Async.AsyncResultWrapper.WrappedAsyncResult`1.Begin(AsyncCallback callback, Object state, Int32 timeout)
   at System.Web.Mvc.Async.AsyncControllerActionInvoker.BeginInvokeActionMethodWithFilters(ControllerContext controllerContext, IList`1 filters, ActionDescriptor actionDescriptor, IDictionary`2 parameters, AsyncCallback callback, Object state)
   at System.Web.Mvc.Async.AsyncControllerActionInvoker.<>c__DisplayClass25.<BeginInvokeAction>b__1e(AsyncCallback asyncCallback, Object asyncState)
 2015-04-09 12:22:22,128 [9] INFO  StatisticalSolutions.Controllers.Base.BaseController - Application URL - /StatisticalSolutions/Base/StatisticalError 
 2015-04-09 12:22:22,178 [9] INFO  StatisticalSolutions.Controllers.Base.BaseController - Application URL - /StatisticalSolutions/Base/StatisticalError 
 2015-04-09 12:22:22,178 [9] ERROR StatisticalSolutions.Controllers.Base.BaseController - Statistical exception message - Exception has been thrown by the target of an invocation.
 2015-04-09 12:22:22,178 [9] ERROR StatisticalSolutions.Controllers.Base.BaseController - Statistical exception stack trace -    at System.RuntimeTypeHandle.CreateInstance(RuntimeType type, Boolean publicOnly, Boolean noCheck, Boolean& canBeCached, RuntimeMethodHandleInternal& ctor, Boolean& bNeedSecurityCheck)
   at System.RuntimeType.CreateInstanceSlow(Boolean publicOnly, Boolean skipCheckThis, Boolean fillCache, StackCrawlMark& stackMark)
   at System.RuntimeType.CreateInstanceDefaultCtor(Boolean publicOnly, Boolean skipCheckThis, Boolean fillCache, StackCrawlMark& stackMark)
   at System.Activator.CreateInstance(Type type, Boolean nonPublic)
   at System.Activator.CreateInstance(Type type)
   at System.Threading.LazyHelpers`1.ActivatorFactorySelector()
   at System.Threading.LazyInitializer.EnsureInitializedCore[T](T& target, Boolean& initialized, Object& syncLock, Func`1 valueFactory)
   at System.Threading.LazyInitializer.EnsureInitialized[T](T& target, Boolean& initialized, Object& syncLock)
   at StatisticalSolutions.Filters.InitializeSimpleMembershipAttribute.OnActionExecuting(ActionExecutingContext filterContext) in c:\temp\3rdPartyProjects\StatisticalSolutions\StatisticalSolutions\Filters\InitializeSimpleMembershipAttribute.cs:line 23
   at System.Web.Mvc.Async.AsyncControllerActionInvoker.InvokeActionMethodFilterAsynchronously(IActionFilter filter, ActionExecutingContext preContext, Func`1 nextInChain)
   at System.Web.Mvc.Async.AsyncControllerActionInvoker.<>c__DisplayClass37.<>c__DisplayClass39.<>c__DisplayClass3b.<BeginInvokeActionMethodWithFilters>b__35()
   at System.Web.Mvc.Async.AsyncControllerActionInvoker.InvokeActionMethodFilterAsynchronously(IActionFilter filter, ActionExecutingContext preContext, Func`1 nextInChain)
   at System.Web.Mvc.Async.AsyncControllerActionInvoker.<>c__DisplayClass37.<>c__DisplayClass39.<>c__DisplayClass3b.<BeginInvokeActionMethodWithFilters>b__35()
   at System.Web.Mvc.Async.AsyncControllerActionInvoker.<>c__DisplayClass37.<BeginInvokeActionMethodWithFilters>b__31(AsyncCallback asyncCallback, Object asyncState)
   at System.Web.Mvc.Async.AsyncResultWrapper.WrappedAsyncResult`1.Begin(AsyncCallback callback, Object state, Int32 timeout)
   at System.Web.Mvc.Async.AsyncControllerActionInvoker.BeginInvokeActionMethodWithFilters(ControllerContext controllerContext, IList`1 filters, ActionDescriptor actionDescriptor, IDictionary`2 parameters, AsyncCallback callback, Object state)
   at System.Web.Mvc.Async.AsyncControllerActionInvoker.<>c__DisplayClass25.<BeginInvokeAction>b__1e(AsyncCallback asyncCallback, Object asyncState)
 2015-04-09 12:22:22,178 [18] INFO  StatisticalSolutions.Controllers.Base.BaseController - Application URL - /StatisticalSolutions/Base/StatisticalError 
 2015-04-09 12:22:22,228 [18] INFO  StatisticalSolutions.Controllers.Base.BaseController - Application URL - /StatisticalSolutions/Base/StatisticalError 
 2015-04-09 12:22:22,228 [18] ERROR StatisticalSolutions.Controllers.Base.BaseController - Statistical exception message - Exception has been thrown by the target of an invocation.
 2015-04-09 12:22:22,228 [18] ERROR StatisticalSolutions.Controllers.Base.BaseController - Statistical exception stack trace -    at System.RuntimeTypeHandle.CreateInstance(RuntimeType type, Boolean publicOnly, Boolean noCheck, Boolean& canBeCached, RuntimeMethodHandleInternal& ctor, Boolean& bNeedSecurityCheck)
   at System.RuntimeType.CreateInstanceSlow(Boolean publicOnly, Boolean skipCheckThis, Boolean fillCache, StackCrawlMark& stackMark)
   at System.RuntimeType.CreateInstanceDefaultCtor(Boolean publicOnly, Boolean skipCheckThis, Boolean fillCache, StackCrawlMark& stackMark)
   at System.Activator.CreateInstance(Type type, Boolean nonPublic)
   at System.Activator.CreateInstance(Type type)
   at System.Threading.LazyHelpers`1.ActivatorFactorySelector()
   at System.Threading.LazyInitializer.EnsureInitializedCore[T](T& target, Boolean& initialized, Object& syncLock, Func`1 valueFactory)
   at System.Threading.LazyInitializer.EnsureInitialized[T](T& target, Boolean& initialized, Object& syncLock)
   at StatisticalSolutions.Filters.InitializeSimpleMembershipAttribute.OnActionExecuting(ActionExecutingContext filterContext) in c:\temp\3rdPartyProjects\StatisticalSolutions\StatisticalSolutions\Filters\InitializeSimpleMembershipAttribute.cs:line 23
   at System.Web.Mvc.Async.AsyncControllerActionInvoker.InvokeActionMethodFilterAsynchronously(IActionFilter filter, ActionExecutingContext preContext, Func`1 nextInChain)
   at System.Web.Mvc.Async.AsyncControllerActionInvoker.<>c__DisplayClass37.<>c__DisplayClass39.<>c__DisplayClass3b.<BeginInvokeActionMethodWithFilters>b__35()
   at System.Web.Mvc.Async.AsyncControllerActionInvoker.InvokeActionMethodFilterAsynchronously(IActionFilter filter, ActionExecutingContext preContext, Func`1 nextInChain)
   at System.Web.Mvc.Async.AsyncControllerActionInvoker.<>c__DisplayClass37.<>c__DisplayClass39.<>c__DisplayClass3b.<BeginInvokeActionMethodWithFilters>b__35()
   at System.Web.Mvc.Async.AsyncControllerActionInvoker.<>c__DisplayClass37.<BeginInvokeActionMethodWithFilters>b__31(AsyncCallback asyncCallback, Object asyncState)
   at System.Web.Mvc.Async.AsyncResultWrapper.WrappedAsyncResult`1.Begin(AsyncCallback callback, Object state, Int32 timeout)
   at System.Web.Mvc.Async.AsyncControllerActionInvoker.BeginInvokeActionMethodWithFilters(ControllerContext controllerContext, IList`1 filters, ActionDescriptor actionDescriptor, IDictionary`2 parameters, AsyncCallback callback, Object state)
   at System.Web.Mvc.Async.AsyncControllerActionInvoker.<>c__DisplayClass25.<BeginInvokeAction>b__1e(AsyncCallback asyncCallback, Object asyncState)
 2015-04-09 12:22:22,238 [9] INFO  StatisticalSolutions.Controllers.Base.BaseController - Application URL - /StatisticalSolutions/Base/StatisticalError 
 2015-04-09 12:22:22,288 [9] INFO  StatisticalSolutions.Controllers.Base.BaseController - Application URL - /StatisticalSolutions/Base/StatisticalError 
 2015-04-09 12:22:22,288 [9] ERROR StatisticalSolutions.Controllers.Base.BaseController - Statistical exception message - Exception has been thrown by the target of an invocation.
 2015-04-09 12:22:22,288 [9] ERROR StatisticalSolutions.Controllers.Base.BaseController - Statistical exception stack trace -    at System.RuntimeTypeHandle.CreateInstance(RuntimeType type, Boolean publicOnly, Boolean noCheck, Boolean& canBeCached, RuntimeMethodHandleInternal& ctor, Boolean& bNeedSecurityCheck)
   at System.RuntimeType.CreateInstanceSlow(Boolean publicOnly, Boolean skipCheckThis, Boolean fillCache, StackCrawlMark& stackMark)
   at System.RuntimeType.CreateInstanceDefaultCtor(Boolean publicOnly, Boolean skipCheckThis, Boolean fillCache, StackCrawlMark& stackMark)
   at System.Activator.CreateInstance(Type type, Boolean nonPublic)
   at System.Activator.CreateInstance(Type type)
   at System.Threading.LazyHelpers`1.ActivatorFactorySelector()
   at System.Threading.LazyInitializer.EnsureInitializedCore[T](T& target, Boolean& initialized, Object& syncLock, Func`1 valueFactory)
   at System.Threading.LazyInitializer.EnsureInitialized[T](T& target, Boolean& initialized, Object& syncLock)
   at StatisticalSolutions.Filters.InitializeSimpleMembershipAttribute.OnActionExecuting(ActionExecutingContext filterContext) in c:\temp\3rdPartyProjects\StatisticalSolutions\StatisticalSolutions\Filters\InitializeSimpleMembershipAttribute.cs:line 23
   at System.Web.Mvc.Async.AsyncControllerActionInvoker.InvokeActionMethodFilterAsynchronously(IActionFilter filter, ActionExecutingContext preContext, Func`1 nextInChain)
   at System.Web.Mvc.Async.AsyncControllerActionInvoker.<>c__DisplayClass37.<>c__DisplayClass39.<>c__DisplayClass3b.<BeginInvokeActionMethodWithFilters>b__35()
   at System.Web.Mvc.Async.AsyncControllerActionInvoker.InvokeActionMethodFilterAsynchronously(IActionFilter filter, ActionExecutingContext preContext, Func`1 nextInChain)
   at System.Web.Mvc.Async.AsyncControllerActionInvoker.<>c__DisplayClass37.<>c__DisplayClass39.<>c__DisplayClass3b.<BeginInvokeActionMethodWithFilters>b__35()
   at System.Web.Mvc.Async.AsyncControllerActionInvoker.<>c__DisplayClass37.<BeginInvokeActionMethodWithFilters>b__31(AsyncCallback asyncCallback, Object asyncState)
   at System.Web.Mvc.Async.AsyncResultWrapper.WrappedAsyncResult`1.Begin(AsyncCallback callback, Object state, Int32 timeout)
   at System.Web.Mvc.Async.AsyncControllerActionInvoker.BeginInvokeActionMethodWithFilters(ControllerContext controllerContext, IList`1 filters, ActionDescriptor actionDescriptor, IDictionary`2 parameters, AsyncCallback callback, Object state)
   at System.Web.Mvc.Async.AsyncControllerActionInvoker.<>c__DisplayClass25.<BeginInvokeAction>b__1e(AsyncCallback asyncCallback, Object asyncState)
 2015-04-09 12:22:22,288 [5] INFO  StatisticalSolutions.Controllers.Base.BaseController - Application URL - /StatisticalSolutions/Base/StatisticalError 
 2015-04-09 12:22:22,338 [5] INFO  StatisticalSolutions.Controllers.Base.BaseController - Application URL - /StatisticalSolutions/Base/StatisticalError 
 2015-04-09 12:22:22,338 [5] ERROR StatisticalSolutions.Controllers.Base.BaseController - Statistical exception message - Exception has been thrown by the target of an invocation.
 2015-04-09 12:22:22,338 [5] ERROR StatisticalSolutions.Controllers.Base.BaseController - Statistical exception stack trace -    at System.RuntimeTypeHandle.CreateInstance(RuntimeType type, Boolean publicOnly, Boolean noCheck, Boolean& canBeCached, RuntimeMethodHandleInternal& ctor, Boolean& bNeedSecurityCheck)
   at System.RuntimeType.CreateInstanceSlow(Boolean publicOnly, Boolean skipCheckThis, Boolean fillCache, StackCrawlMark& stackMark)
   at System.RuntimeType.CreateInstanceDefaultCtor(Boolean publicOnly, Boolean skipCheckThis, Boolean fillCache, StackCrawlMark& stackMark)
   at System.Activator.CreateInstance(Type type, Boolean nonPublic)
   at System.Activator.CreateInstance(Type type)
   at System.Threading.LazyHelpers`1.ActivatorFactorySelector()
   at System.Threading.LazyInitializer.EnsureInitializedCore[T](T& target, Boolean& initialized, Object& syncLock, Func`1 valueFactory)
   at System.Threading.LazyInitializer.EnsureInitialized[T](T& target, Boolean& initialized, Object& syncLock)
   at StatisticalSolutions.Filters.InitializeSimpleMembershipAttribute.OnActionExecuting(ActionExecutingContext filterContext) in c:\temp\3rdPartyProjects\StatisticalSolutions\StatisticalSolutions\Filters\InitializeSimpleMembershipAttribute.cs:line 23
   at System.Web.Mvc.Async.AsyncControllerActionInvoker.InvokeActionMethodFilterAsynchronously(IActionFilter filter, ActionExecutingContext preContext, Func`1 nextInChain)
   at System.Web.Mvc.Async.AsyncControllerActionInvoker.<>c__DisplayClass37.<>c__DisplayClass39.<>c__DisplayClass3b.<BeginInvokeActionMethodWithFilters>b__35()
   at System.Web.Mvc.Async.AsyncControllerActionInvoker.InvokeActionMethodFilterAsynchronously(IActionFilter filter, ActionExecutingContext preContext, Func`1 nextInChain)
   at System.Web.Mvc.Async.AsyncControllerActionInvoker.<>c__DisplayClass37.<>c__DisplayClass39.<>c__DisplayClass3b.<BeginInvokeActionMethodWithFilters>b__35()
   at System.Web.Mvc.Async.AsyncControllerActionInvoker.<>c__DisplayClass37.<BeginInvokeActionMethodWithFilters>b__31(AsyncCallback asyncCallback, Object asyncState)
   at System.Web.Mvc.Async.AsyncResultWrapper.WrappedAsyncResult`1.Begin(AsyncCallback callback, Object state, Int32 timeout)
   at System.Web.Mvc.Async.AsyncControllerActionInvoker.BeginInvokeActionMethodWithFilters(ControllerContext controllerContext, IList`1 filters, ActionDescriptor actionDescriptor, IDictionary`2 parameters, AsyncCallback callback, Object state)
   at System.Web.Mvc.Async.AsyncControllerActionInvoker.<>c__DisplayClass25.<BeginInvokeAction>b__1e(AsyncCallback asyncCallback, Object asyncState)
 2015-04-09 12:22:22,338 [9] INFO  StatisticalSolutions.Controllers.Base.BaseController - Application URL - /StatisticalSolutions/Base/StatisticalError 
 2015-04-09 12:22:22,388 [9] INFO  StatisticalSolutions.Controllers.Base.BaseController - Application URL - /StatisticalSolutions/Base/StatisticalError 
 2015-04-09 12:22:22,388 [9] ERROR StatisticalSolutions.Controllers.Base.BaseController - Statistical exception message - Exception has been thrown by the target of an invocation.
 2015-04-09 12:22:22,388 [9] ERROR StatisticalSolutions.Controllers.Base.BaseController - Statistical exception stack trace -    at System.RuntimeTypeHandle.CreateInstance(RuntimeType type, Boolean publicOnly, Boolean noCheck, Boolean& canBeCached, RuntimeMethodHandleInternal& ctor, Boolean& bNeedSecurityCheck)
   at System.RuntimeType.CreateInstanceSlow(Boolean publicOnly, Boolean skipCheckThis, Boolean fillCache, StackCrawlMark& stackMark)
   at System.RuntimeType.CreateInstanceDefaultCtor(Boolean publicOnly, Boolean skipCheckThis, Boolean fillCache, StackCrawlMark& stackMark)
   at System.Activator.CreateInstance(Type type, Boolean nonPublic)
   at System.Activator.CreateInstance(Type type)
   at System.Threading.LazyHelpers`1.ActivatorFactorySelector()
   at System.Threading.LazyInitializer.EnsureInitializedCore[T](T& target, Boolean& initialized, Object& syncLock, Func`1 valueFactory)
   at System.Threading.LazyInitializer.EnsureInitialized[T](T& target, Boolean& initialized, Object& syncLock)
   at StatisticalSolutions.Filters.InitializeSimpleMembershipAttribute.OnActionExecuting(ActionExecutingContext filterContext) in c:\temp\3rdPartyProjects\StatisticalSolutions\StatisticalSolutions\Filters\InitializeSimpleMembershipAttribute.cs:line 23
   at System.Web.Mvc.Async.AsyncControllerActionInvoker.InvokeActionMethodFilterAsynchronously(IActionFilter filter, ActionExecutingContext preContext, Func`1 nextInChain)
   at System.Web.Mvc.Async.AsyncControllerActionInvoker.<>c__DisplayClass37.<>c__DisplayClass39.<>c__DisplayClass3b.<BeginInvokeActionMethodWithFilters>b__35()
   at System.Web.Mvc.Async.AsyncControllerActionInvoker.InvokeActionMethodFilterAsynchronously(IActionFilter filter, ActionExecutingContext preContext, Func`1 nextInChain)
   at System.Web.Mvc.Async.AsyncControllerActionInvoker.<>c__DisplayClass37.<>c__DisplayClass39.<>c__DisplayClass3b.<BeginInvokeActionMethodWithFilters>b__35()
   at System.Web.Mvc.Async.AsyncControllerActionInvoker.<>c__DisplayClass37.<BeginInvokeActionMethodWithFilters>b__31(AsyncCallback asyncCallback, Object asyncState)
   at System.Web.Mvc.Async.AsyncResultWrapper.WrappedAsyncResult`1.Begin(AsyncCallback callback, Object state, Int32 timeout)
   at System.Web.Mvc.Async.AsyncControllerActionInvoker.BeginInvokeActionMethodWithFilters(ControllerContext controllerContext, IList`1 filters, ActionDescriptor actionDescriptor, IDictionary`2 parameters, AsyncCallback callback, Object state)
   at System.Web.Mvc.Async.AsyncControllerActionInvoker.<>c__DisplayClass25.<BeginInvokeAction>b__1e(AsyncCallback asyncCallback, Object asyncState)
 2015-04-09 12:22:22,398 [13] INFO  StatisticalSolutions.Controllers.Base.BaseController - Application URL - /StatisticalSolutions/Base/StatisticalError 
 2015-04-09 12:22:22,448 [13] INFO  StatisticalSolutions.Controllers.Base.BaseController - Application URL - /StatisticalSolutions/Base/StatisticalError 
 2015-04-09 12:22:22,448 [13] ERROR StatisticalSolutions.Controllers.Base.BaseController - Statistical exception message - Exception has been thrown by the target of an invocation.
 2015-04-09 12:22:22,448 [13] ERROR StatisticalSolutions.Controllers.Base.BaseController - Statistical exception stack trace -    at System.RuntimeTypeHandle.CreateInstance(RuntimeType type, Boolean publicOnly, Boolean noCheck, Boolean& canBeCached, RuntimeMethodHandleInternal& ctor, Boolean& bNeedSecurityCheck)
   at System.RuntimeType.CreateInstanceSlow(Boolean publicOnly, Boolean skipCheckThis, Boolean fillCache, StackCrawlMark& stackMark)
   at System.RuntimeType.CreateInstanceDefaultCtor(Boolean publicOnly, Boolean skipCheckThis, Boolean fillCache, StackCrawlMark& stackMark)
   at System.Activator.CreateInstance(Type type, Boolean nonPublic)
   at System.Activator.CreateInstance(Type type)
   at System.Threading.LazyHelpers`1.ActivatorFactorySelector()
   at System.Threading.LazyInitializer.EnsureInitializedCore[T](T& target, Boolean& initialized, Object& syncLock, Func`1 valueFactory)
   at System.Threading.LazyInitializer.EnsureInitialized[T](T& target, Boolean& initialized, Object& syncLock)
   at StatisticalSolutions.Filters.InitializeSimpleMembershipAttribute.OnActionExecuting(ActionExecutingContext filterContext) in c:\temp\3rdPartyProjects\StatisticalSolutions\StatisticalSolutions\Filters\InitializeSimpleMembershipAttribute.cs:line 23
   at System.Web.Mvc.Async.AsyncControllerActionInvoker.InvokeActionMethodFilterAsynchronously(IActionFilter filter, ActionExecutingContext preContext, Func`1 nextInChain)
   at System.Web.Mvc.Async.AsyncControllerActionInvoker.<>c__DisplayClass37.<>c__DisplayClass39.<>c__DisplayClass3b.<BeginInvokeActionMethodWithFilters>b__35()
   at System.Web.Mvc.Async.AsyncControllerActionInvoker.InvokeActionMethodFilterAsynchronously(IActionFilter filter, ActionExecutingContext preContext, Func`1 nextInChain)
   at System.Web.Mvc.Async.AsyncControllerActionInvoker.<>c__DisplayClass37.<>c__DisplayClass39.<>c__DisplayClass3b.<BeginInvokeActionMethodWithFilters>b__35()
   at System.Web.Mvc.Async.AsyncControllerActionInvoker.<>c__DisplayClass37.<BeginInvokeActionMethodWithFilters>b__31(AsyncCallback asyncCallback, Object asyncState)
   at System.Web.Mvc.Async.AsyncResultWrapper.WrappedAsyncResult`1.Begin(AsyncCallback callback, Object state, Int32 timeout)
   at System.Web.Mvc.Async.AsyncControllerActionInvoker.BeginInvokeActionMethodWithFilters(ControllerContext controllerContext, IList`1 filters, ActionDescriptor actionDescriptor, IDictionary`2 parameters, AsyncCallback callback, Object state)
   at System.Web.Mvc.Async.AsyncControllerActionInvoker.<>c__DisplayClass25.<BeginInvokeAction>b__1e(AsyncCallback asyncCallback, Object asyncState)
 2015-04-09 12:22:22,468 [10] INFO  StatisticalSolutions.Controllers.Base.BaseController - Application URL - /StatisticalSolutions/Base/StatisticalError 
 2015-04-09 12:22:22,518 [10] INFO  StatisticalSolutions.Controllers.Base.BaseController - Application URL - /StatisticalSolutions/Base/StatisticalError 
 2015-04-09 12:22:22,518 [10] ERROR StatisticalSolutions.Controllers.Base.BaseController - Statistical exception message - Exception has been thrown by the target of an invocation.
 2015-04-09 12:22:22,518 [10] ERROR StatisticalSolutions.Controllers.Base.BaseController - Statistical exception stack trace -    at System.RuntimeTypeHandle.CreateInstance(RuntimeType type, Boolean publicOnly, Boolean noCheck, Boolean& canBeCached, RuntimeMethodHandleInternal& ctor, Boolean& bNeedSecurityCheck)
   at System.RuntimeType.CreateInstanceSlow(Boolean publicOnly, Boolean skipCheckThis, Boolean fillCache, StackCrawlMark& stackMark)
   at System.RuntimeType.CreateInstanceDefaultCtor(Boolean publicOnly, Boolean skipCheckThis, Boolean fillCache, StackCrawlMark& stackMark)
   at System.Activator.CreateInstance(Type type, Boolean nonPublic)
   at System.Activator.CreateInstance(Type type)
   at System.Threading.LazyHelpers`1.ActivatorFactorySelector()
   at System.Threading.LazyInitializer.EnsureInitializedCore[T](T& target, Boolean& initialized, Object& syncLock, Func`1 valueFactory)
   at System.Threading.LazyInitializer.EnsureInitialized[T](T& target, Boolean& initialized, Object& syncLock)
   at StatisticalSolutions.Filters.InitializeSimpleMembershipAttribute.OnActionExecuting(ActionExecutingContext filterContext) in c:\temp\3rdPartyProjects\StatisticalSolutions\StatisticalSolutions\Filters\InitializeSimpleMembershipAttribute.cs:line 23
   at System.Web.Mvc.Async.AsyncControllerActionInvoker.InvokeActionMethodFilterAsynchronously(IActionFilter filter, ActionExecutingContext preContext, Func`1 nextInChain)
   at System.Web.Mvc.Async.AsyncControllerActionInvoker.<>c__DisplayClass37.<>c__DisplayClass39.<>c__DisplayClass3b.<BeginInvokeActionMethodWithFilters>b__35()
   at System.Web.Mvc.Async.AsyncControllerActionInvoker.InvokeActionMethodFilterAsynchronously(IActionFilter filter, ActionExecutingContext preContext, Func`1 nextInChain)
   at System.Web.Mvc.Async.AsyncControllerActionInvoker.<>c__DisplayClass37.<>c__DisplayClass39.<>c__DisplayClass3b.<BeginInvokeActionMethodWithFilters>b__35()
   at System.Web.Mvc.Async.AsyncControllerActionInvoker.<>c__DisplayClass37.<BeginInvokeActionMethodWithFilters>b__31(AsyncCallback asyncCallback, Object asyncState)
   at System.Web.Mvc.Async.AsyncResultWrapper.WrappedAsyncResult`1.Begin(AsyncCallback callback, Object state, Int32 timeout)
   at System.Web.Mvc.Async.AsyncControllerActionInvoker.BeginInvokeActionMethodWithFilters(ControllerContext controllerContext, IList`1 filters, ActionDescriptor actionDescriptor, IDictionary`2 parameters, AsyncCallback callback, Object state)
   at System.Web.Mvc.Async.AsyncControllerActionInvoker.<>c__DisplayClass25.<BeginInvokeAction>b__1e(AsyncCallback asyncCallback, Object asyncState)
 2015-04-09 12:22:22,518 [7] INFO  StatisticalSolutions.Controllers.Base.BaseController - Application URL - /StatisticalSolutions/Base/StatisticalError 
 2015-04-09 12:22:22,568 [7] INFO  StatisticalSolutions.Controllers.Base.BaseController - Application URL - /StatisticalSolutions/Base/StatisticalError 
 2015-04-09 12:22:22,578 [7] ERROR StatisticalSolutions.Controllers.Base.BaseController - Statistical exception message - Exception has been thrown by the target of an invocation.
 2015-04-09 12:22:22,578 [7] ERROR StatisticalSolutions.Controllers.Base.BaseController - Statistical exception stack trace -    at System.RuntimeTypeHandle.CreateInstance(RuntimeType type, Boolean publicOnly, Boolean noCheck, Boolean& canBeCached, RuntimeMethodHandleInternal& ctor, Boolean& bNeedSecurityCheck)
   at System.RuntimeType.CreateInstanceSlow(Boolean publicOnly, Boolean skipCheckThis, Boolean fillCache, StackCrawlMark& stackMark)
   at System.RuntimeType.CreateInstanceDefaultCtor(Boolean publicOnly, Boolean skipCheckThis, Boolean fillCache, StackCrawlMark& stackMark)
   at System.Activator.CreateInstance(Type type, Boolean nonPublic)
   at System.Activator.CreateInstance(Type type)
   at System.Threading.LazyHelpers`1.ActivatorFactorySelector()
   at System.Threading.LazyInitializer.EnsureInitializedCore[T](T& target, Boolean& initialized, Object& syncLock, Func`1 valueFactory)
   at System.Threading.LazyInitializer.EnsureInitialized[T](T& target, Boolean& initialized, Object& syncLock)
   at StatisticalSolutions.Filters.InitializeSimpleMembershipAttribute.OnActionExecuting(ActionExecutingContext filterContext) in c:\temp\3rdPartyProjects\StatisticalSolutions\StatisticalSolutions\Filters\InitializeSimpleMembershipAttribute.cs:line 23
   at System.Web.Mvc.Async.AsyncControllerActionInvoker.InvokeActionMethodFilterAsynchronously(IActionFilter filter, ActionExecutingContext preContext, Func`1 nextInChain)
   at System.Web.Mvc.Async.AsyncControllerActionInvoker.<>c__DisplayClass37.<>c__DisplayClass39.<>c__DisplayClass3b.<BeginInvokeActionMethodWithFilters>b__35()
   at System.Web.Mvc.Async.AsyncControllerActionInvoker.InvokeActionMethodFilterAsynchronously(IActionFilter filter, ActionExecutingContext preContext, Func`1 nextInChain)
   at System.Web.Mvc.Async.AsyncControllerActionInvoker.<>c__DisplayClass37.<>c__DisplayClass39.<>c__DisplayClass3b.<BeginInvokeActionMethodWithFilters>b__35()
   at System.Web.Mvc.Async.AsyncControllerActionInvoker.<>c__DisplayClass37.<BeginInvokeActionMethodWithFilters>b__31(AsyncCallback asyncCallback, Object asyncState)
   at System.Web.Mvc.Async.AsyncResultWrapper.WrappedAsyncResult`1.Begin(AsyncCallback callback, Object state, Int32 timeout)
   at System.Web.Mvc.Async.AsyncControllerActionInvoker.BeginInvokeActionMethodWithFilters(ControllerContext controllerContext, IList`1 filters, ActionDescriptor actionDescriptor, IDictionary`2 parameters, AsyncCallback callback, Object state)
   at System.Web.Mvc.Async.AsyncControllerActionInvoker.<>c__DisplayClass25.<BeginInvokeAction>b__1e(AsyncCallback asyncCallback, Object asyncState)
 2015-04-09 12:22:22,578 [10] INFO  StatisticalSolutions.Controllers.Base.BaseController - Application URL - /StatisticalSolutions/Base/StatisticalError 
 2015-04-09 12:22:22,638 [10] INFO  StatisticalSolutions.Controllers.Base.BaseController - Application URL - /StatisticalSolutions/Base/StatisticalError 
 2015-04-09 12:22:22,638 [10] ERROR StatisticalSolutions.Controllers.Base.BaseController - Statistical exception message - Exception has been thrown by the target of an invocation.
 2015-04-09 12:22:22,638 [10] ERROR StatisticalSolutions.Controllers.Base.BaseController - Statistical exception stack trace -    at System.RuntimeTypeHandle.CreateInstance(RuntimeType type, Boolean publicOnly, Boolean noCheck, Boolean& canBeCached, RuntimeMethodHandleInternal& ctor, Boolean& bNeedSecurityCheck)
   at System.RuntimeType.CreateInstanceSlow(Boolean publicOnly, Boolean skipCheckThis, Boolean fillCache, StackCrawlMark& stackMark)
   at System.RuntimeType.CreateInstanceDefaultCtor(Boolean publicOnly, Boolean skipCheckThis, Boolean fillCache, StackCrawlMark& stackMark)
   at System.Activator.CreateInstance(Type type, Boolean nonPublic)
   at System.Activator.CreateInstance(Type type)
   at System.Threading.LazyHelpers`1.ActivatorFactorySelector()
   at System.Threading.LazyInitializer.EnsureInitializedCore[T](T& target, Boolean& initialized, Object& syncLock, Func`1 valueFactory)
   at System.Threading.LazyInitializer.EnsureInitialized[T](T& target, Boolean& initialized, Object& syncLock)
   at StatisticalSolutions.Filters.InitializeSimpleMembershipAttribute.OnActionExecuting(ActionExecutingContext filterContext) in c:\temp\3rdPartyProjects\StatisticalSolutions\StatisticalSolutions\Filters\InitializeSimpleMembershipAttribute.cs:line 23
   at System.Web.Mvc.Async.AsyncControllerActionInvoker.InvokeActionMethodFilterAsynchronously(IActionFilter filter, ActionExecutingContext preContext, Func`1 nextInChain)
   at System.Web.Mvc.Async.AsyncControllerActionInvoker.<>c__DisplayClass37.<>c__DisplayClass39.<>c__DisplayClass3b.<BeginInvokeActionMethodWithFilters>b__35()
   at System.Web.Mvc.Async.AsyncControllerActionInvoker.InvokeActionMethodFilterAsynchronously(IActionFilter filter, ActionExecutingContext preContext, Func`1 nextInChain)
   at System.Web.Mvc.Async.AsyncControllerActionInvoker.<>c__DisplayClass37.<>c__DisplayClass39.<>c__DisplayClass3b.<BeginInvokeActionMethodWithFilters>b__35()
   at System.Web.Mvc.Async.AsyncControllerActionInvoker.<>c__DisplayClass37.<BeginInvokeActionMethodWithFilters>b__31(AsyncCallback asyncCallback, Object asyncState)
   at System.Web.Mvc.Async.AsyncResultWrapper.WrappedAsyncResult`1.Begin(AsyncCallback callback, Object state, Int32 timeout)
   at System.Web.Mvc.Async.AsyncControllerActionInvoker.BeginInvokeActionMethodWithFilters(ControllerContext controllerContext, IList`1 filters, ActionDescriptor actionDescriptor, IDictionary`2 parameters, AsyncCallback callback, Object state)
   at System.Web.Mvc.Async.AsyncControllerActionInvoker.<>c__DisplayClass25.<BeginInvokeAction>b__1e(AsyncCallback asyncCallback, Object asyncState)
 2015-04-09 12:22:22,638 [5] INFO  StatisticalSolutions.Controllers.Base.BaseController - Application URL - /StatisticalSolutions/Base/StatisticalError 
 2015-04-09 12:22:22,698 [5] INFO  StatisticalSolutions.Controllers.Base.BaseController - Application URL - /StatisticalSolutions/Base/StatisticalError 
 2015-04-09 12:22:22,698 [5] ERROR StatisticalSolutions.Controllers.Base.BaseController - Statistical exception message - Exception has been thrown by the target of an invocation.
 2015-04-09 12:22:22,698 [5] ERROR StatisticalSolutions.Controllers.Base.BaseController - Statistical exception stack trace -    at System.RuntimeTypeHandle.CreateInstance(RuntimeType type, Boolean publicOnly, Boolean noCheck, Boolean& canBeCached, RuntimeMethodHandleInternal& ctor, Boolean& bNeedSecurityCheck)
   at System.RuntimeType.CreateInstanceSlow(Boolean publicOnly, Boolean skipCheckThis, Boolean fillCache, StackCrawlMark& stackMark)
   at System.RuntimeType.CreateInstanceDefaultCtor(Boolean publicOnly, Boolean skipCheckThis, Boolean fillCache, StackCrawlMark& stackMark)
   at System.Activator.CreateInstance(Type type, Boolean nonPublic)
   at System.Activator.CreateInstance(Type type)
   at System.Threading.LazyHelpers`1.ActivatorFactorySelector()
   at System.Threading.LazyInitializer.EnsureInitializedCore[T](T& target, Boolean& initialized, Object& syncLock, Func`1 valueFactory)
   at System.Threading.LazyInitializer.EnsureInitialized[T](T& target, Boolean& initialized, Object& syncLock)
   at StatisticalSolutions.Filters.InitializeSimpleMembershipAttribute.OnActionExecuting(ActionExecutingContext filterContext) in c:\temp\3rdPartyProjects\StatisticalSolutions\StatisticalSolutions\Filters\InitializeSimpleMembershipAttribute.cs:line 23
   at System.Web.Mvc.Async.AsyncControllerActionInvoker.InvokeActionMethodFilterAsynchronously(IActionFilter filter, ActionExecutingContext preContext, Func`1 nextInChain)
   at System.Web.Mvc.Async.AsyncControllerActionInvoker.<>c__DisplayClass37.<>c__DisplayClass39.<>c__DisplayClass3b.<BeginInvokeActionMethodWithFilters>b__35()
   at System.Web.Mvc.Async.AsyncControllerActionInvoker.InvokeActionMethodFilterAsynchronously(IActionFilter filter, ActionExecutingContext preContext, Func`1 nextInChain)
   at System.Web.Mvc.Async.AsyncControllerActionInvoker.<>c__DisplayClass37.<>c__DisplayClass39.<>c__DisplayClass3b.<BeginInvokeActionMethodWithFilters>b__35()
   at System.Web.Mvc.Async.AsyncControllerActionInvoker.<>c__DisplayClass37.<BeginInvokeActionMethodWithFilters>b__31(AsyncCallback asyncCallback, Object asyncState)
   at System.Web.Mvc.Async.AsyncResultWrapper.WrappedAsyncResult`1.Begin(AsyncCallback callback, Object state, Int32 timeout)
   at System.Web.Mvc.Async.AsyncControllerActionInvoker.BeginInvokeActionMethodWithFilters(ControllerContext controllerContext, IList`1 filters, ActionDescriptor actionDescriptor, IDictionary`2 parameters, AsyncCallback callback, Object state)
   at System.Web.Mvc.Async.AsyncControllerActionInvoker.<>c__DisplayClass25.<BeginInvokeAction>b__1e(AsyncCallback asyncCallback, Object asyncState)
 2015-04-09 12:22:22,698 [10] INFO  StatisticalSolutions.Controllers.Base.BaseController - Application URL - /StatisticalSolutions/Base/StatisticalError 
 2015-04-09 12:22:22,748 [10] INFO  StatisticalSolutions.Controllers.Base.BaseController - Application URL - /StatisticalSolutions/Base/StatisticalError 
 2015-04-09 12:22:22,748 [10] ERROR StatisticalSolutions.Controllers.Base.BaseController - Statistical exception message - Exception has been thrown by the target of an invocation.
 2015-04-09 12:22:22,748 [10] ERROR StatisticalSolutions.Controllers.Base.BaseController - Statistical exception stack trace -    at System.RuntimeTypeHandle.CreateInstance(RuntimeType type, Boolean publicOnly, Boolean noCheck, Boolean& canBeCached, RuntimeMethodHandleInternal& ctor, Boolean& bNeedSecurityCheck)
   at System.RuntimeType.CreateInstanceSlow(Boolean publicOnly, Boolean skipCheckThis, Boolean fillCache, StackCrawlMark& stackMark)
   at System.RuntimeType.CreateInstanceDefaultCtor(Boolean publicOnly, Boolean skipCheckThis, Boolean fillCache, StackCrawlMark& stackMark)
   at System.Activator.CreateInstance(Type type, Boolean nonPublic)
   at System.Activator.CreateInstance(Type type)
   at System.Threading.LazyHelpers`1.ActivatorFactorySelector()
   at System.Threading.LazyInitializer.EnsureInitializedCore[T](T& target, Boolean& initialized, Object& syncLock, Func`1 valueFactory)
   at System.Threading.LazyInitializer.EnsureInitialized[T](T& target, Boolean& initialized, Object& syncLock)
   at StatisticalSolutions.Filters.InitializeSimpleMembershipAttribute.OnActionExecuting(ActionExecutingContext filterContext) in c:\temp\3rdPartyProjects\StatisticalSolutions\StatisticalSolutions\Filters\InitializeSimpleMembershipAttribute.cs:line 23
   at System.Web.Mvc.Async.AsyncControllerActionInvoker.InvokeActionMethodFilterAsynchronously(IActionFilter filter, ActionExecutingContext preContext, Func`1 nextInChain)
   at System.Web.Mvc.Async.AsyncControllerActionInvoker.<>c__DisplayClass37.<>c__DisplayClass39.<>c__DisplayClass3b.<BeginInvokeActionMethodWithFilters>b__35()
   at System.Web.Mvc.Async.AsyncControllerActionInvoker.InvokeActionMethodFilterAsynchronously(IActionFilter filter, ActionExecutingContext preContext, Func`1 nextInChain)
   at System.Web.Mvc.Async.AsyncControllerActionInvoker.<>c__DisplayClass37.<>c__DisplayClass39.<>c__DisplayClass3b.<BeginInvokeActionMethodWithFilters>b__35()
   at System.Web.Mvc.Async.AsyncControllerActionInvoker.<>c__DisplayClass37.<BeginInvokeActionMethodWithFilters>b__31(AsyncCallback asyncCallback, Object asyncState)
   at System.Web.Mvc.Async.AsyncResultWrapper.WrappedAsyncResult`1.Begin(AsyncCallback callback, Object state, Int32 timeout)
   at System.Web.Mvc.Async.AsyncControllerActionInvoker.BeginInvokeActionMethodWithFilters(ControllerContext controllerContext, IList`1 filters, ActionDescriptor actionDescriptor, IDictionary`2 parameters, AsyncCallback callback, Object state)
   at System.Web.Mvc.Async.AsyncControllerActionInvoker.<>c__DisplayClass25.<BeginInvokeAction>b__1e(AsyncCallback asyncCallback, Object asyncState)
 2015-04-09 12:22:22,758 [5] INFO  StatisticalSolutions.Controllers.Base.BaseController - Application URL - /StatisticalSolutions/Base/StatisticalError 
 2015-04-09 12:22:22,808 [5] INFO  StatisticalSolutions.Controllers.Base.BaseController - Application URL - /StatisticalSolutions/Base/StatisticalError 
 2015-04-09 12:22:22,808 [5] ERROR StatisticalSolutions.Controllers.Base.BaseController - Statistical exception message - Exception has been thrown by the target of an invocation.
 2015-04-09 12:22:22,808 [5] ERROR StatisticalSolutions.Controllers.Base.BaseController - Statistical exception stack trace -    at System.RuntimeTypeHandle.CreateInstance(RuntimeType type, Boolean publicOnly, Boolean noCheck, Boolean& canBeCached, RuntimeMethodHandleInternal& ctor, Boolean& bNeedSecurityCheck)
   at System.RuntimeType.CreateInstanceSlow(Boolean publicOnly, Boolean skipCheckThis, Boolean fillCache, StackCrawlMark& stackMark)
   at System.RuntimeType.CreateInstanceDefaultCtor(Boolean publicOnly, Boolean skipCheckThis, Boolean fillCache, StackCrawlMark& stackMark)
   at System.Activator.CreateInstance(Type type, Boolean nonPublic)
   at System.Activator.CreateInstance(Type type)
   at System.Threading.LazyHelpers`1.ActivatorFactorySelector()
   at System.Threading.LazyInitializer.EnsureInitializedCore[T](T& target, Boolean& initialized, Object& syncLock, Func`1 valueFactory)
   at System.Threading.LazyInitializer.EnsureInitialized[T](T& target, Boolean& initialized, Object& syncLock)
   at StatisticalSolutions.Filters.InitializeSimpleMembershipAttribute.OnActionExecuting(ActionExecutingContext filterContext) in c:\temp\3rdPartyProjects\StatisticalSolutions\StatisticalSolutions\Filters\InitializeSimpleMembershipAttribute.cs:line 23
   at System.Web.Mvc.Async.AsyncControllerActionInvoker.InvokeActionMethodFilterAsynchronously(IActionFilter filter, ActionExecutingContext preContext, Func`1 nextInChain)
   at System.Web.Mvc.Async.AsyncControllerActionInvoker.<>c__DisplayClass37.<>c__DisplayClass39.<>c__DisplayClass3b.<BeginInvokeActionMethodWithFilters>b__35()
   at System.Web.Mvc.Async.AsyncControllerActionInvoker.InvokeActionMethodFilterAsynchronously(IActionFilter filter, ActionExecutingContext preContext, Func`1 nextInChain)
   at System.Web.Mvc.Async.AsyncControllerActionInvoker.<>c__DisplayClass37.<>c__DisplayClass39.<>c__DisplayClass3b.<BeginInvokeActionMethodWithFilters>b__35()
   at System.Web.Mvc.Async.AsyncControllerActionInvoker.<>c__DisplayClass37.<BeginInvokeActionMethodWithFilters>b__31(AsyncCallback asyncCallback, Object asyncState)
   at System.Web.Mvc.Async.AsyncResultWrapper.WrappedAsyncResult`1.Begin(AsyncCallback callback, Object state, Int32 timeout)
   at System.Web.Mvc.Async.AsyncControllerActionInvoker.BeginInvokeActionMethodWithFilters(ControllerContext controllerContext, IList`1 filters, ActionDescriptor actionDescriptor, IDictionary`2 parameters, AsyncCallback callback, Object state)
   at System.Web.Mvc.Async.AsyncControllerActionInvoker.<>c__DisplayClass25.<BeginInvokeAction>b__1e(AsyncCallback asyncCallback, Object asyncState)
 2015-04-09 12:22:22,818 [9] INFO  StatisticalSolutions.Controllers.Base.BaseController - Application URL - /StatisticalSolutions/Base/StatisticalError 
 2015-04-09 12:22:22,858 [9] INFO  StatisticalSolutions.Controllers.Base.BaseController - Application URL - /StatisticalSolutions/Base/StatisticalError 
 2015-04-09 12:22:22,868 [9] ERROR StatisticalSolutions.Controllers.Base.BaseController - Statistical exception message - Exception has been thrown by the target of an invocation.
 2015-04-09 12:22:22,868 [9] ERROR StatisticalSolutions.Controllers.Base.BaseController - Statistical exception stack trace -    at System.RuntimeTypeHandle.CreateInstance(RuntimeType type, Boolean publicOnly, Boolean noCheck, Boolean& canBeCached, RuntimeMethodHandleInternal& ctor, Boolean& bNeedSecurityCheck)
   at System.RuntimeType.CreateInstanceSlow(Boolean publicOnly, Boolean skipCheckThis, Boolean fillCache, StackCrawlMark& stackMark)
   at System.RuntimeType.CreateInstanceDefaultCtor(Boolean publicOnly, Boolean skipCheckThis, Boolean fillCache, StackCrawlMark& stackMark)
   at System.Activator.CreateInstance(Type type, Boolean nonPublic)
   at System.Activator.CreateInstance(Type type)
   at System.Threading.LazyHelpers`1.ActivatorFactorySelector()
   at System.Threading.LazyInitializer.EnsureInitializedCore[T](T& target, Boolean& initialized, Object& syncLock, Func`1 valueFactory)
   at System.Threading.LazyInitializer.EnsureInitialized[T](T& target, Boolean& initialized, Object& syncLock)
   at StatisticalSolutions.Filters.InitializeSimpleMembershipAttribute.OnActionExecuting(ActionExecutingContext filterContext) in c:\temp\3rdPartyProjects\StatisticalSolutions\StatisticalSolutions\Filters\InitializeSimpleMembershipAttribute.cs:line 23
   at System.Web.Mvc.Async.AsyncControllerActionInvoker.InvokeActionMethodFilterAsynchronously(IActionFilter filter, ActionExecutingContext preContext, Func`1 nextInChain)
   at System.Web.Mvc.Async.AsyncControllerActionInvoker.<>c__DisplayClass37.<>c__DisplayClass39.<>c__DisplayClass3b.<BeginInvokeActionMethodWithFilters>b__35()
   at System.Web.Mvc.Async.AsyncControllerActionInvoker.InvokeActionMethodFilterAsynchronously(IActionFilter filter, ActionExecutingContext preContext, Func`1 nextInChain)
   at System.Web.Mvc.Async.AsyncControllerActionInvoker.<>c__DisplayClass37.<>c__DisplayClass39.<>c__DisplayClass3b.<BeginInvokeActionMethodWithFilters>b__35()
   at System.Web.Mvc.Async.AsyncControllerActionInvoker.<>c__DisplayClass37.<BeginInvokeActionMethodWithFilters>b__31(AsyncCallback asyncCallback, Object asyncState)
   at System.Web.Mvc.Async.AsyncResultWrapper.WrappedAsyncResult`1.Begin(AsyncCallback callback, Object state, Int32 timeout)
   at System.Web.Mvc.Async.AsyncControllerActionInvoker.BeginInvokeActionMethodWithFilters(ControllerContext controllerContext, IList`1 filters, ActionDescriptor actionDescriptor, IDictionary`2 parameters, AsyncCallback callback, Object state)
   at System.Web.Mvc.Async.AsyncControllerActionInvoker.<>c__DisplayClass25.<BeginInvokeAction>b__1e(AsyncCallback asyncCallback, Object asyncState)
 2015-04-09 12:22:22,868 [11] INFO  StatisticalSolutions.Controllers.Base.BaseController - Application URL - /StatisticalSolutions/Base/StatisticalError 
 2015-04-09 12:22:22,918 [11] INFO  StatisticalSolutions.Controllers.Base.BaseController - Application URL - /StatisticalSolutions/Base/StatisticalError 
 2015-04-09 12:22:22,918 [11] ERROR StatisticalSolutions.Controllers.Base.BaseController - Statistical exception message - Exception has been thrown by the target of an invocation.
 2015-04-09 12:22:22,918 [11] ERROR StatisticalSolutions.Controllers.Base.BaseController - Statistical exception stack trace -    at System.RuntimeTypeHandle.CreateInstance(RuntimeType type, Boolean publicOnly, Boolean noCheck, Boolean& canBeCached, RuntimeMethodHandleInternal& ctor, Boolean& bNeedSecurityCheck)
   at System.RuntimeType.CreateInstanceSlow(Boolean publicOnly, Boolean skipCheckThis, Boolean fillCache, StackCrawlMark& stackMark)
   at System.RuntimeType.CreateInstanceDefaultCtor(Boolean publicOnly, Boolean skipCheckThis, Boolean fillCache, StackCrawlMark& stackMark)
   at System.Activator.CreateInstance(Type type, Boolean nonPublic)
   at System.Activator.CreateInstance(Type type)
   at System.Threading.LazyHelpers`1.ActivatorFactorySelector()
   at System.Threading.LazyInitializer.EnsureInitializedCore[T](T& target, Boolean& initialized, Object& syncLock, Func`1 valueFactory)
   at System.Threading.LazyInitializer.EnsureInitialized[T](T& target, Boolean& initialized, Object& syncLock)
   at StatisticalSolutions.Filters.InitializeSimpleMembershipAttribute.OnActionExecuting(ActionExecutingContext filterContext) in c:\temp\3rdPartyProjects\StatisticalSolutions\StatisticalSolutions\Filters\InitializeSimpleMembershipAttribute.cs:line 23
   at System.Web.Mvc.Async.AsyncControllerActionInvoker.InvokeActionMethodFilterAsynchronously(IActionFilter filter, ActionExecutingContext preContext, Func`1 nextInChain)
   at System.Web.Mvc.Async.AsyncControllerActionInvoker.<>c__DisplayClass37.<>c__DisplayClass39.<>c__DisplayClass3b.<BeginInvokeActionMethodWithFilters>b__35()
   at System.Web.Mvc.Async.AsyncControllerActionInvoker.InvokeActionMethodFilterAsynchronously(IActionFilter filter, ActionExecutingContext preContext, Func`1 nextInChain)
   at System.Web.Mvc.Async.AsyncControllerActionInvoker.<>c__DisplayClass37.<>c__DisplayClass39.<>c__DisplayClass3b.<BeginInvokeActionMethodWithFilters>b__35()
   at System.Web.Mvc.Async.AsyncControllerActionInvoker.<>c__DisplayClass37.<BeginInvokeActionMethodWithFilters>b__31(AsyncCallback asyncCallback, Object asyncState)
   at System.Web.Mvc.Async.AsyncResultWrapper.WrappedAsyncResult`1.Begin(AsyncCallback callback, Object state, Int32 timeout)
   at System.Web.Mvc.Async.AsyncControllerActionInvoker.BeginInvokeActionMethodWithFilters(ControllerContext controllerContext, IList`1 filters, ActionDescriptor actionDescriptor, IDictionary`2 parameters, AsyncCallback callback, Object state)
   at System.Web.Mvc.Async.AsyncControllerActionInvoker.<>c__DisplayClass25.<BeginInvokeAction>b__1e(AsyncCallback asyncCallback, Object asyncState)
 2015-04-09 12:22:22,918 [9] INFO  StatisticalSolutions.Controllers.Base.BaseController - Application URL - /StatisticalSolutions/Base/StatisticalError 
 2015-04-09 12:22:22,968 [9] INFO  StatisticalSolutions.Controllers.Base.BaseController - Application URL - /StatisticalSolutions/Base/StatisticalError 
 2015-04-09 12:22:22,968 [9] ERROR StatisticalSolutions.Controllers.Base.BaseController - Statistical exception message - Exception has been thrown by the target of an invocation.
 2015-04-09 12:22:22,968 [9] ERROR StatisticalSolutions.Controllers.Base.BaseController - Statistical exception stack trace -    at System.RuntimeTypeHandle.CreateInstance(RuntimeType type, Boolean publicOnly, Boolean noCheck, Boolean& canBeCached, RuntimeMethodHandleInternal& ctor, Boolean& bNeedSecurityCheck)
   at System.RuntimeType.CreateInstanceSlow(Boolean publicOnly, Boolean skipCheckThis, Boolean fillCache, StackCrawlMark& stackMark)
   at System.RuntimeType.CreateInstanceDefaultCtor(Boolean publicOnly, Boolean skipCheckThis, Boolean fillCache, StackCrawlMark& stackMark)
   at System.Activator.CreateInstance(Type type, Boolean nonPublic)
   at System.Activator.CreateInstance(Type type)
   at System.Threading.LazyHelpers`1.ActivatorFactorySelector()
   at System.Threading.LazyInitializer.EnsureInitializedCore[T](T& target, Boolean& initialized, Object& syncLock, Func`1 valueFactory)
   at System.Threading.LazyInitializer.EnsureInitialized[T](T& target, Boolean& initialized, Object& syncLock)
   at StatisticalSolutions.Filters.InitializeSimpleMembershipAttribute.OnActionExecuting(ActionExecutingContext filterContext) in c:\temp\3rdPartyProjects\StatisticalSolutions\StatisticalSolutions\Filters\InitializeSimpleMembershipAttribute.cs:line 23
   at System.Web.Mvc.Async.AsyncControllerActionInvoker.InvokeActionMethodFilterAsynchronously(IActionFilter filter, ActionExecutingContext preContext, Func`1 nextInChain)
   at System.Web.Mvc.Async.AsyncControllerActionInvoker.<>c__DisplayClass37.<>c__DisplayClass39.<>c__DisplayClass3b.<BeginInvokeActionMethodWithFilters>b__35()
   at System.Web.Mvc.Async.AsyncControllerActionInvoker.InvokeActionMethodFilterAsynchronously(IActionFilter filter, ActionExecutingContext preContext, Func`1 nextInChain)
   at System.Web.Mvc.Async.AsyncControllerActionInvoker.<>c__DisplayClass37.<>c__DisplayClass39.<>c__DisplayClass3b.<BeginInvokeActionMethodWithFilters>b__35()
   at System.Web.Mvc.Async.AsyncControllerActionInvoker.<>c__DisplayClass37.<BeginInvokeActionMethodWithFilters>b__31(AsyncCallback asyncCallback, Object asyncState)
   at System.Web.Mvc.Async.AsyncResultWrapper.WrappedAsyncResult`1.Begin(AsyncCallback callback, Object state, Int32 timeout)
   at System.Web.Mvc.Async.AsyncControllerActionInvoker.BeginInvokeActionMethodWithFilters(ControllerContext controllerContext, IList`1 filters, ActionDescriptor actionDescriptor, IDictionary`2 parameters, AsyncCallback callback, Object state)
   at System.Web.Mvc.Async.AsyncControllerActionInvoker.<>c__DisplayClass25.<BeginInvokeAction>b__1e(AsyncCallback asyncCallback, Object asyncState)
 2015-04-09 12:22:22,968 [11] INFO  StatisticalSolutions.Controllers.Base.BaseController - Application URL - /StatisticalSolutions/Base/StatisticalError 
 2015-04-09 12:22:23,018 [11] INFO  StatisticalSolutions.Controllers.Base.BaseController - Application URL - /StatisticalSolutions/Base/StatisticalError 
 2015-04-09 12:22:23,018 [11] ERROR StatisticalSolutions.Controllers.Base.BaseController - Statistical exception message - Exception has been thrown by the target of an invocation.
 2015-04-09 12:22:23,018 [11] ERROR StatisticalSolutions.Controllers.Base.BaseController - Statistical exception stack trace -    at System.RuntimeTypeHandle.CreateInstance(RuntimeType type, Boolean publicOnly, Boolean noCheck, Boolean& canBeCached, RuntimeMethodHandleInternal& ctor, Boolean& bNeedSecurityCheck)
   at System.RuntimeType.CreateInstanceSlow(Boolean publicOnly, Boolean skipCheckThis, Boolean fillCache, StackCrawlMark& stackMark)
   at System.RuntimeType.CreateInstanceDefaultCtor(Boolean publicOnly, Boolean skipCheckThis, Boolean fillCache, StackCrawlMark& stackMark)
   at System.Activator.CreateInstance(Type type, Boolean nonPublic)
   at System.Activator.CreateInstance(Type type)
   at System.Threading.LazyHelpers`1.ActivatorFactorySelector()
   at System.Threading.LazyInitializer.EnsureInitializedCore[T](T& target, Boolean& initialized, Object& syncLock, Func`1 valueFactory)
   at System.Threading.LazyInitializer.EnsureInitialized[T](T& target, Boolean& initialized, Object& syncLock)
   at StatisticalSolutions.Filters.InitializeSimpleMembershipAttribute.OnActionExecuting(ActionExecutingContext filterContext) in c:\temp\3rdPartyProjects\StatisticalSolutions\StatisticalSolutions\Filters\InitializeSimpleMembershipAttribute.cs:line 23
   at System.Web.Mvc.Async.AsyncControllerActionInvoker.InvokeActionMethodFilterAsynchronously(IActionFilter filter, ActionExecutingContext preContext, Func`1 nextInChain)
   at System.Web.Mvc.Async.AsyncControllerActionInvoker.<>c__DisplayClass37.<>c__DisplayClass39.<>c__DisplayClass3b.<BeginInvokeActionMethodWithFilters>b__35()
   at System.Web.Mvc.Async.AsyncControllerActionInvoker.InvokeActionMethodFilterAsynchronously(IActionFilter filter, ActionExecutingContext preContext, Func`1 nextInChain)
   at System.Web.Mvc.Async.AsyncControllerActionInvoker.<>c__DisplayClass37.<>c__DisplayClass39.<>c__DisplayClass3b.<BeginInvokeActionMethodWithFilters>b__35()
   at System.Web.Mvc.Async.AsyncControllerActionInvoker.<>c__DisplayClass37.<BeginInvokeActionMethodWithFilters>b__31(AsyncCallback asyncCallback, Object asyncState)
   at System.Web.Mvc.Async.AsyncResultWrapper.WrappedAsyncResult`1.Begin(AsyncCallback callback, Object state, Int32 timeout)
   at System.Web.Mvc.Async.AsyncControllerActionInvoker.BeginInvokeActionMethodWithFilters(ControllerContext controllerContext, IList`1 filters, ActionDescriptor actionDescriptor, IDictionary`2 parameters, AsyncCallback callback, Object state)
   at System.Web.Mvc.Async.AsyncControllerActionInvoker.<>c__DisplayClass25.<BeginInvokeAction>b__1e(AsyncCallback asyncCallback, Object asyncState)
 2015-04-09 12:22:23,028 [5] INFO  StatisticalSolutions.Controllers.Base.BaseController - Application URL - /StatisticalSolutions/Base/StatisticalError 
 2015-04-09 12:22:23,068 [5] INFO  StatisticalSolutions.Controllers.Base.BaseController - Application URL - /StatisticalSolutions/Base/StatisticalError 
 2015-04-09 12:22:23,078 [5] ERROR StatisticalSolutions.Controllers.Base.BaseController - Statistical exception message - Exception has been thrown by the target of an invocation.
 2015-04-09 12:22:23,078 [5] ERROR StatisticalSolutions.Controllers.Base.BaseController - Statistical exception stack trace -    at System.RuntimeTypeHandle.CreateInstance(RuntimeType type, Boolean publicOnly, Boolean noCheck, Boolean& canBeCached, RuntimeMethodHandleInternal& ctor, Boolean& bNeedSecurityCheck)
   at System.RuntimeType.CreateInstanceSlow(Boolean publicOnly, Boolean skipCheckThis, Boolean fillCache, StackCrawlMark& stackMark)
   at System.RuntimeType.CreateInstanceDefaultCtor(Boolean publicOnly, Boolean skipCheckThis, Boolean fillCache, StackCrawlMark& stackMark)
   at System.Activator.CreateInstance(Type type, Boolean nonPublic)
   at System.Activator.CreateInstance(Type type)
   at System.Threading.LazyHelpers`1.ActivatorFactorySelector()
   at System.Threading.LazyInitializer.EnsureInitializedCore[T](T& target, Boolean& initialized, Object& syncLock, Func`1 valueFactory)
   at System.Threading.LazyInitializer.EnsureInitialized[T](T& target, Boolean& initialized, Object& syncLock)
   at StatisticalSolutions.Filters.InitializeSimpleMembershipAttribute.OnActionExecuting(ActionExecutingContext filterContext) in c:\temp\3rdPartyProjects\StatisticalSolutions\StatisticalSolutions\Filters\InitializeSimpleMembershipAttribute.cs:line 23
   at System.Web.Mvc.Async.AsyncControllerActionInvoker.InvokeActionMethodFilterAsynchronously(IActionFilter filter, ActionExecutingContext preContext, Func`1 nextInChain)
   at System.Web.Mvc.Async.AsyncControllerActionInvoker.<>c__DisplayClass37.<>c__DisplayClass39.<>c__DisplayClass3b.<BeginInvokeActionMethodWithFilters>b__35()
   at System.Web.Mvc.Async.AsyncControllerActionInvoker.InvokeActionMethodFilterAsynchronously(IActionFilter filter, ActionExecutingContext preContext, Func`1 nextInChain)
   at System.Web.Mvc.Async.AsyncControllerActionInvoker.<>c__DisplayClass37.<>c__DisplayClass39.<>c__DisplayClass3b.<BeginInvokeActionMethodWithFilters>b__35()
   at System.Web.Mvc.Async.AsyncControllerActionInvoker.<>c__DisplayClass37.<BeginInvokeActionMethodWithFilters>b__31(AsyncCallback asyncCallback, Object asyncState)
   at System.Web.Mvc.Async.AsyncResultWrapper.WrappedAsyncResult`1.Begin(AsyncCallback callback, Object state, Int32 timeout)
   at System.Web.Mvc.Async.AsyncControllerActionInvoker.BeginInvokeActionMethodWithFilters(ControllerContext controllerContext, IList`1 filters, ActionDescriptor actionDescriptor, IDictionary`2 parameters, AsyncCallback callback, Object state)
   at System.Web.Mvc.Async.AsyncControllerActionInvoker.<>c__DisplayClass25.<BeginInvokeAction>b__1e(AsyncCallback asyncCallback, Object asyncState)
 2015-04-09 12:22:23,078 [7] INFO  StatisticalSolutions.Controllers.Base.BaseController - Application URL - /StatisticalSolutions/Base/StatisticalError 
 2015-04-09 12:22:23,128 [7] INFO  StatisticalSolutions.Controllers.Base.BaseController - Application URL - /StatisticalSolutions/Base/StatisticalError 
 2015-04-09 12:22:23,128 [7] ERROR StatisticalSolutions.Controllers.Base.BaseController - Statistical exception message - Exception has been thrown by the target of an invocation.
 2015-04-09 12:22:23,128 [7] ERROR StatisticalSolutions.Controllers.Base.BaseController - Statistical exception stack trace -    at System.RuntimeTypeHandle.CreateInstance(RuntimeType type, Boolean publicOnly, Boolean noCheck, Boolean& canBeCached, RuntimeMethodHandleInternal& ctor, Boolean& bNeedSecurityCheck)
   at System.RuntimeType.CreateInstanceSlow(Boolean publicOnly, Boolean skipCheckThis, Boolean fillCache, StackCrawlMark& stackMark)
   at System.RuntimeType.CreateInstanceDefaultCtor(Boolean publicOnly, Boolean skipCheckThis, Boolean fillCache, StackCrawlMark& stackMark)
   at System.Activator.CreateInstance(Type type, Boolean nonPublic)
   at System.Activator.CreateInstance(Type type)
   at System.Threading.LazyHelpers`1.ActivatorFactorySelector()
   at System.Threading.LazyInitializer.EnsureInitializedCore[T](T& target, Boolean& initialized, Object& syncLock, Func`1 valueFactory)
   at System.Threading.LazyInitializer.EnsureInitialized[T](T& target, Boolean& initialized, Object& syncLock)
   at StatisticalSolutions.Filters.InitializeSimpleMembershipAttribute.OnActionExecuting(ActionExecutingContext filterContext) in c:\temp\3rdPartyProjects\StatisticalSolutions\StatisticalSolutions\Filters\InitializeSimpleMembershipAttribute.cs:line 23
   at System.Web.Mvc.Async.AsyncControllerActionInvoker.InvokeActionMethodFilterAsynchronously(IActionFilter filter, ActionExecutingContext preContext, Func`1 nextInChain)
   at System.Web.Mvc.Async.AsyncControllerActionInvoker.<>c__DisplayClass37.<>c__DisplayClass39.<>c__DisplayClass3b.<BeginInvokeActionMethodWithFilters>b__35()
   at System.Web.Mvc.Async.AsyncControllerActionInvoker.InvokeActionMethodFilterAsynchronously(IActionFilter filter, ActionExecutingContext preContext, Func`1 nextInChain)
   at System.Web.Mvc.Async.AsyncControllerActionInvoker.<>c__DisplayClass37.<>c__DisplayClass39.<>c__DisplayClass3b.<BeginInvokeActionMethodWithFilters>b__35()
   at System.Web.Mvc.Async.AsyncControllerActionInvoker.<>c__DisplayClass37.<BeginInvokeActionMethodWithFilters>b__31(AsyncCallback asyncCallback, Object asyncState)
   at System.Web.Mvc.Async.AsyncResultWrapper.WrappedAsyncResult`1.Begin(AsyncCallback callback, Object state, Int32 timeout)
   at System.Web.Mvc.Async.AsyncControllerActionInvoker.BeginInvokeActionMethodWithFilters(ControllerContext controllerContext, IList`1 filters, ActionDescriptor actionDescriptor, IDictionary`2 parameters, AsyncCallback callback, Object state)
   at System.Web.Mvc.Async.AsyncControllerActionInvoker.<>c__DisplayClass25.<BeginInvokeAction>b__1e(AsyncCallback asyncCallback, Object asyncState)
 2015-04-09 12:22:23,128 [5] INFO  StatisticalSolutions.Controllers.Base.BaseController - Application URL - /StatisticalSolutions/Base/StatisticalError 
 2015-04-09 12:22:23,178 [5] INFO  StatisticalSolutions.Controllers.Base.BaseController - Application URL - /StatisticalSolutions/Base/StatisticalError 
 2015-04-09 12:22:23,178 [5] ERROR StatisticalSolutions.Controllers.Base.BaseController - Statistical exception message - Exception has been thrown by the target of an invocation.
 2015-04-09 12:22:23,178 [5] ERROR StatisticalSolutions.Controllers.Base.BaseController - Statistical exception stack trace -    at System.RuntimeTypeHandle.CreateInstance(RuntimeType type, Boolean publicOnly, Boolean noCheck, Boolean& canBeCached, RuntimeMethodHandleInternal& ctor, Boolean& bNeedSecurityCheck)
   at System.RuntimeType.CreateInstanceSlow(Boolean publicOnly, Boolean skipCheckThis, Boolean fillCache, StackCrawlMark& stackMark)
   at System.RuntimeType.CreateInstanceDefaultCtor(Boolean publicOnly, Boolean skipCheckThis, Boolean fillCache, StackCrawlMark& stackMark)
   at System.Activator.CreateInstance(Type type, Boolean nonPublic)
   at System.Activator.CreateInstance(Type type)
   at System.Threading.LazyHelpers`1.ActivatorFactorySelector()
   at System.Threading.LazyInitializer.EnsureInitializedCore[T](T& target, Boolean& initialized, Object& syncLock, Func`1 valueFactory)
   at System.Threading.LazyInitializer.EnsureInitialized[T](T& target, Boolean& initialized, Object& syncLock)
   at StatisticalSolutions.Filters.InitializeSimpleMembershipAttribute.OnActionExecuting(ActionExecutingContext filterContext) in c:\temp\3rdPartyProjects\StatisticalSolutions\StatisticalSolutions\Filters\InitializeSimpleMembershipAttribute.cs:line 23
   at System.Web.Mvc.Async.AsyncControllerActionInvoker.InvokeActionMethodFilterAsynchronously(IActionFilter filter, ActionExecutingContext preContext, Func`1 nextInChain)
   at System.Web.Mvc.Async.AsyncControllerActionInvoker.<>c__DisplayClass37.<>c__DisplayClass39.<>c__DisplayClass3b.<BeginInvokeActionMethodWithFilters>b__35()
   at System.Web.Mvc.Async.AsyncControllerActionInvoker.InvokeActionMethodFilterAsynchronously(IActionFilter filter, ActionExecutingContext preContext, Func`1 nextInChain)
   at System.Web.Mvc.Async.AsyncControllerActionInvoker.<>c__DisplayClass37.<>c__DisplayClass39.<>c__DisplayClass3b.<BeginInvokeActionMethodWithFilters>b__35()
   at System.Web.Mvc.Async.AsyncControllerActionInvoker.<>c__DisplayClass37.<BeginInvokeActionMethodWithFilters>b__31(AsyncCallback asyncCallback, Object asyncState)
   at System.Web.Mvc.Async.AsyncResultWrapper.WrappedAsyncResult`1.Begin(AsyncCallback callback, Object state, Int32 timeout)
   at System.Web.Mvc.Async.AsyncControllerActionInvoker.BeginInvokeActionMethodWithFilters(ControllerContext controllerContext, IList`1 filters, ActionDescriptor actionDescriptor, IDictionary`2 parameters, AsyncCallback callback, Object state)
   at System.Web.Mvc.Async.AsyncControllerActionInvoker.<>c__DisplayClass25.<BeginInvokeAction>b__1e(AsyncCallback asyncCallback, Object asyncState)
 2015-04-09 12:22:23,178 [11] INFO  StatisticalSolutions.Controllers.Base.BaseController - Application URL - /StatisticalSolutions/Base/StatisticalError 
 2015-04-09 12:22:23,228 [11] INFO  StatisticalSolutions.Controllers.Base.BaseController - Application URL - /StatisticalSolutions/Base/StatisticalError 
 2015-04-09 12:22:23,228 [11] ERROR StatisticalSolutions.Controllers.Base.BaseController - Statistical exception message - Exception has been thrown by the target of an invocation.
 2015-04-09 12:22:23,238 [11] ERROR StatisticalSolutions.Controllers.Base.BaseController - Statistical exception stack trace -    at System.RuntimeTypeHandle.CreateInstance(RuntimeType type, Boolean publicOnly, Boolean noCheck, Boolean& canBeCached, RuntimeMethodHandleInternal& ctor, Boolean& bNeedSecurityCheck)
   at System.RuntimeType.CreateInstanceSlow(Boolean publicOnly, Boolean skipCheckThis, Boolean fillCache, StackCrawlMark& stackMark)
   at System.RuntimeType.CreateInstanceDefaultCtor(Boolean publicOnly, Boolean skipCheckThis, Boolean fillCache, StackCrawlMark& stackMark)
   at System.Activator.CreateInstance(Type type, Boolean nonPublic)
   at System.Activator.CreateInstance(Type type)
   at System.Threading.LazyHelpers`1.ActivatorFactorySelector()
   at System.Threading.LazyInitializer.EnsureInitializedCore[T](T& target, Boolean& initialized, Object& syncLock, Func`1 valueFactory)
   at System.Threading.LazyInitializer.EnsureInitialized[T](T& target, Boolean& initialized, Object& syncLock)
   at StatisticalSolutions.Filters.InitializeSimpleMembershipAttribute.OnActionExecuting(ActionExecutingContext filterContext) in c:\temp\3rdPartyProjects\StatisticalSolutions\StatisticalSolutions\Filters\InitializeSimpleMembershipAttribute.cs:line 23
   at System.Web.Mvc.Async.AsyncControllerActionInvoker.InvokeActionMethodFilterAsynchronously(IActionFilter filter, ActionExecutingContext preContext, Func`1 nextInChain)
   at System.Web.Mvc.Async.AsyncControllerActionInvoker.<>c__DisplayClass37.<>c__DisplayClass39.<>c__DisplayClass3b.<BeginInvokeActionMethodWithFilters>b__35()
   at System.Web.Mvc.Async.AsyncControllerActionInvoker.InvokeActionMethodFilterAsynchronously(IActionFilter filter, ActionExecutingContext preContext, Func`1 nextInChain)
   at System.Web.Mvc.Async.AsyncControllerActionInvoker.<>c__DisplayClass37.<>c__DisplayClass39.<>c__DisplayClass3b.<BeginInvokeActionMethodWithFilters>b__35()
   at System.Web.Mvc.Async.AsyncControllerActionInvoker.<>c__DisplayClass37.<BeginInvokeActionMethodWithFilters>b__31(AsyncCallback asyncCallback, Object asyncState)
   at System.Web.Mvc.Async.AsyncResultWrapper.WrappedAsyncResult`1.Begin(AsyncCallback callback, Object state, Int32 timeout)
   at System.Web.Mvc.Async.AsyncControllerActionInvoker.BeginInvokeActionMethodWithFilters(ControllerContext controllerContext, IList`1 filters, ActionDescriptor actionDescriptor, IDictionary`2 parameters, AsyncCallback callback, Object state)
   at System.Web.Mvc.Async.AsyncControllerActionInvoker.<>c__DisplayClass25.<BeginInvokeAction>b__1e(AsyncCallback asyncCallback, Object asyncState)
 2015-04-09 12:22:23,238 [5] INFO  StatisticalSolutions.Controllers.Base.BaseController - Application URL - /StatisticalSolutions/Base/StatisticalError 
 2015-04-09 12:22:23,288 [5] INFO  StatisticalSolutions.Controllers.Base.BaseController - Application URL - /StatisticalSolutions/Base/StatisticalError 
 2015-04-09 12:22:23,298 [5] ERROR StatisticalSolutions.Controllers.Base.BaseController - Statistical exception message - Exception has been thrown by the target of an invocation.
 2015-04-09 12:22:23,298 [5] ERROR StatisticalSolutions.Controllers.Base.BaseController - Statistical exception stack trace -    at System.RuntimeTypeHandle.CreateInstance(RuntimeType type, Boolean publicOnly, Boolean noCheck, Boolean& canBeCached, RuntimeMethodHandleInternal& ctor, Boolean& bNeedSecurityCheck)
   at System.RuntimeType.CreateInstanceSlow(Boolean publicOnly, Boolean skipCheckThis, Boolean fillCache, StackCrawlMark& stackMark)
   at System.RuntimeType.CreateInstanceDefaultCtor(Boolean publicOnly, Boolean skipCheckThis, Boolean fillCache, StackCrawlMark& stackMark)
   at System.Activator.CreateInstance(Type type, Boolean nonPublic)
   at System.Activator.CreateInstance(Type type)
   at System.Threading.LazyHelpers`1.ActivatorFactorySelector()
   at System.Threading.LazyInitializer.EnsureInitializedCore[T](T& target, Boolean& initialized, Object& syncLock, Func`1 valueFactory)
   at System.Threading.LazyInitializer.EnsureInitialized[T](T& target, Boolean& initialized, Object& syncLock)
   at StatisticalSolutions.Filters.InitializeSimpleMembershipAttribute.OnActionExecuting(ActionExecutingContext filterContext) in c:\temp\3rdPartyProjects\StatisticalSolutions\StatisticalSolutions\Filters\InitializeSimpleMembershipAttribute.cs:line 23
   at System.Web.Mvc.Async.AsyncControllerActionInvoker.InvokeActionMethodFilterAsynchronously(IActionFilter filter, ActionExecutingContext preContext, Func`1 nextInChain)
   at System.Web.Mvc.Async.AsyncControllerActionInvoker.<>c__DisplayClass37.<>c__DisplayClass39.<>c__DisplayClass3b.<BeginInvokeActionMethodWithFilters>b__35()
   at System.Web.Mvc.Async.AsyncControllerActionInvoker.InvokeActionMethodFilterAsynchronously(IActionFilter filter, ActionExecutingContext preContext, Func`1 nextInChain)
   at System.Web.Mvc.Async.AsyncControllerActionInvoker.<>c__DisplayClass37.<>c__DisplayClass39.<>c__DisplayClass3b.<BeginInvokeActionMethodWithFilters>b__35()
   at System.Web.Mvc.Async.AsyncControllerActionInvoker.<>c__DisplayClass37.<BeginInvokeActionMethodWithFilters>b__31(AsyncCallback asyncCallback, Object asyncState)
   at System.Web.Mvc.Async.AsyncResultWrapper.WrappedAsyncResult`1.Begin(AsyncCallback callback, Object state, Int32 timeout)
   at System.Web.Mvc.Async.AsyncControllerActionInvoker.BeginInvokeActionMethodWithFilters(ControllerContext controllerContext, IList`1 filters, ActionDescriptor actionDescriptor, IDictionary`2 parameters, AsyncCallback callback, Object state)
   at System.Web.Mvc.Async.AsyncControllerActionInvoker.<>c__DisplayClass25.<BeginInvokeAction>b__1e(AsyncCallback asyncCallback, Object asyncState)
 2015-04-09 12:22:23,298 [18] INFO  StatisticalSolutions.Controllers.Base.BaseController - Application URL - /StatisticalSolutions/Base/StatisticalError 
 2015-04-09 12:22:23,348 [18] INFO  StatisticalSolutions.Controllers.Base.BaseController - Application URL - /StatisticalSolutions/Base/StatisticalError 
 2015-04-09 12:22:23,348 [18] ERROR StatisticalSolutions.Controllers.Base.BaseController - Statistical exception message - Exception has been thrown by the target of an invocation.
 2015-04-09 12:22:23,348 [18] ERROR StatisticalSolutions.Controllers.Base.BaseController - Statistical exception stack trace -    at System.RuntimeTypeHandle.CreateInstance(RuntimeType type, Boolean publicOnly, Boolean noCheck, Boolean& canBeCached, RuntimeMethodHandleInternal& ctor, Boolean& bNeedSecurityCheck)
   at System.RuntimeType.CreateInstanceSlow(Boolean publicOnly, Boolean skipCheckThis, Boolean fillCache, StackCrawlMark& stackMark)
   at System.RuntimeType.CreateInstanceDefaultCtor(Boolean publicOnly, Boolean skipCheckThis, Boolean fillCache, StackCrawlMark& stackMark)
   at System.Activator.CreateInstance(Type type, Boolean nonPublic)
   at System.Activator.CreateInstance(Type type)
   at System.Threading.LazyHelpers`1.ActivatorFactorySelector()
   at System.Threading.LazyInitializer.EnsureInitializedCore[T](T& target, Boolean& initialized, Object& syncLock, Func`1 valueFactory)
   at System.Threading.LazyInitializer.EnsureInitialized[T](T& target, Boolean& initialized, Object& syncLock)
   at StatisticalSolutions.Filters.InitializeSimpleMembershipAttribute.OnActionExecuting(ActionExecutingContext filterContext) in c:\temp\3rdPartyProjects\StatisticalSolutions\StatisticalSolutions\Filters\InitializeSimpleMembershipAttribute.cs:line 23
   at System.Web.Mvc.Async.AsyncControllerActionInvoker.InvokeActionMethodFilterAsynchronously(IActionFilter filter, ActionExecutingContext preContext, Func`1 nextInChain)
   at System.Web.Mvc.Async.AsyncControllerActionInvoker.<>c__DisplayClass37.<>c__DisplayClass39.<>c__DisplayClass3b.<BeginInvokeActionMethodWithFilters>b__35()
   at System.Web.Mvc.Async.AsyncControllerActionInvoker.InvokeActionMethodFilterAsynchronously(IActionFilter filter, ActionExecutingContext preContext, Func`1 nextInChain)
   at System.Web.Mvc.Async.AsyncControllerActionInvoker.<>c__DisplayClass37.<>c__DisplayClass39.<>c__DisplayClass3b.<BeginInvokeActionMethodWithFilters>b__35()
   at System.Web.Mvc.Async.AsyncControllerActionInvoker.<>c__DisplayClass37.<BeginInvokeActionMethodWithFilters>b__31(AsyncCallback asyncCallback, Object asyncState)
   at System.Web.Mvc.Async.AsyncResultWrapper.WrappedAsyncResult`1.Begin(AsyncCallback callback, Object state, Int32 timeout)
   at System.Web.Mvc.Async.AsyncControllerActionInvoker.BeginInvokeActionMethodWithFilters(ControllerContext controllerContext, IList`1 filters, ActionDescriptor actionDescriptor, IDictionary`2 parameters, AsyncCallback callback, Object state)
   at System.Web.Mvc.Async.AsyncControllerActionInvoker.<>c__DisplayClass25.<BeginInvokeAction>b__1e(AsyncCallback asyncCallback, Object asyncState)
 2015-04-09 12:22:23,358 [12] INFO  StatisticalSolutions.Controllers.Base.BaseController - Application URL - /StatisticalSolutions/Base/StatisticalError 
 2015-04-09 12:22:23,408 [12] INFO  StatisticalSolutions.Controllers.Base.BaseController - Application URL - /StatisticalSolutions/Base/StatisticalError 
 2015-04-09 12:22:23,408 [12] ERROR StatisticalSolutions.Controllers.Base.BaseController - Statistical exception message - Exception has been thrown by the target of an invocation.
 2015-04-09 12:22:23,408 [12] ERROR StatisticalSolutions.Controllers.Base.BaseController - Statistical exception stack trace -    at System.RuntimeTypeHandle.CreateInstance(RuntimeType type, Boolean publicOnly, Boolean noCheck, Boolean& canBeCached, RuntimeMethodHandleInternal& ctor, Boolean& bNeedSecurityCheck)
   at System.RuntimeType.CreateInstanceSlow(Boolean publicOnly, Boolean skipCheckThis, Boolean fillCache, StackCrawlMark& stackMark)
   at System.RuntimeType.CreateInstanceDefaultCtor(Boolean publicOnly, Boolean skipCheckThis, Boolean fillCache, StackCrawlMark& stackMark)
   at System.Activator.CreateInstance(Type type, Boolean nonPublic)
   at System.Activator.CreateInstance(Type type)
   at System.Threading.LazyHelpers`1.ActivatorFactorySelector()
   at System.Threading.LazyInitializer.EnsureInitializedCore[T](T& target, Boolean& initialized, Object& syncLock, Func`1 valueFactory)
   at System.Threading.LazyInitializer.EnsureInitialized[T](T& target, Boolean& initialized, Object& syncLock)
   at StatisticalSolutions.Filters.InitializeSimpleMembershipAttribute.OnActionExecuting(ActionExecutingContext filterContext) in c:\temp\3rdPartyProjects\StatisticalSolutions\StatisticalSolutions\Filters\InitializeSimpleMembershipAttribute.cs:line 23
   at System.Web.Mvc.Async.AsyncControllerActionInvoker.InvokeActionMethodFilterAsynchronously(IActionFilter filter, ActionExecutingContext preContext, Func`1 nextInChain)
   at System.Web.Mvc.Async.AsyncControllerActionInvoker.<>c__DisplayClass37.<>c__DisplayClass39.<>c__DisplayClass3b.<BeginInvokeActionMethodWithFilters>b__35()
   at System.Web.Mvc.Async.AsyncControllerActionInvoker.InvokeActionMethodFilterAsynchronously(IActionFilter filter, ActionExecutingContext preContext, Func`1 nextInChain)
   at System.Web.Mvc.Async.AsyncControllerActionInvoker.<>c__DisplayClass37.<>c__DisplayClass39.<>c__DisplayClass3b.<BeginInvokeActionMethodWithFilters>b__35()
   at System.Web.Mvc.Async.AsyncControllerActionInvoker.<>c__DisplayClass37.<BeginInvokeActionMethodWithFilters>b__31(AsyncCallback asyncCallback, Object asyncState)
   at System.Web.Mvc.Async.AsyncResultWrapper.WrappedAsyncResult`1.Begin(AsyncCallback callback, Object state, Int32 timeout)
   at System.Web.Mvc.Async.AsyncControllerActionInvoker.BeginInvokeActionMethodWithFilters(ControllerContext controllerContext, IList`1 filters, ActionDescriptor actionDescriptor, IDictionary`2 parameters, AsyncCallback callback, Object state)
   at System.Web.Mvc.Async.AsyncControllerActionInvoker.<>c__DisplayClass25.<BeginInvokeAction>b__1e(AsyncCallback asyncCallback, Object asyncState)
 2015-04-09 12:22:23,408 [18] INFO  StatisticalSolutions.Controllers.Base.BaseController - Application URL - /StatisticalSolutions/Base/StatisticalError 
 2015-04-09 12:22:23,458 [18] INFO  StatisticalSolutions.Controllers.Base.BaseController - Application URL - /StatisticalSolutions/Base/StatisticalError 
 2015-04-09 12:22:23,458 [18] ERROR StatisticalSolutions.Controllers.Base.BaseController - Statistical exception message - Exception has been thrown by the target of an invocation.
 2015-04-09 12:22:23,458 [18] ERROR StatisticalSolutions.Controllers.Base.BaseController - Statistical exception stack trace -    at System.RuntimeTypeHandle.CreateInstance(RuntimeType type, Boolean publicOnly, Boolean noCheck, Boolean& canBeCached, RuntimeMethodHandleInternal& ctor, Boolean& bNeedSecurityCheck)
   at System.RuntimeType.CreateInstanceSlow(Boolean publicOnly, Boolean skipCheckThis, Boolean fillCache, StackCrawlMark& stackMark)
   at System.RuntimeType.CreateInstanceDefaultCtor(Boolean publicOnly, Boolean skipCheckThis, Boolean fillCache, StackCrawlMark& stackMark)
   at System.Activator.CreateInstance(Type type, Boolean nonPublic)
   at System.Activator.CreateInstance(Type type)
   at System.Threading.LazyHelpers`1.ActivatorFactorySelector()
   at System.Threading.LazyInitializer.EnsureInitializedCore[T](T& target, Boolean& initialized, Object& syncLock, Func`1 valueFactory)
   at System.Threading.LazyInitializer.EnsureInitialized[T](T& target, Boolean& initialized, Object& syncLock)
   at StatisticalSolutions.Filters.InitializeSimpleMembershipAttribute.OnActionExecuting(ActionExecutingContext filterContext) in c:\temp\3rdPartyProjects\StatisticalSolutions\StatisticalSolutions\Filters\InitializeSimpleMembershipAttribute.cs:line 23
   at System.Web.Mvc.Async.AsyncControllerActionInvoker.InvokeActionMethodFilterAsynchronously(IActionFilter filter, ActionExecutingContext preContext, Func`1 nextInChain)
   at System.Web.Mvc.Async.AsyncControllerActionInvoker.<>c__DisplayClass37.<>c__DisplayClass39.<>c__DisplayClass3b.<BeginInvokeActionMethodWithFilters>b__35()
   at System.Web.Mvc.Async.AsyncControllerActionInvoker.InvokeActionMethodFilterAsynchronously(IActionFilter filter, ActionExecutingContext preContext, Func`1 nextInChain)
   at System.Web.Mvc.Async.AsyncControllerActionInvoker.<>c__DisplayClass37.<>c__DisplayClass39.<>c__DisplayClass3b.<BeginInvokeActionMethodWithFilters>b__35()
   at System.Web.Mvc.Async.AsyncControllerActionInvoker.<>c__DisplayClass37.<BeginInvokeActionMethodWithFilters>b__31(AsyncCallback asyncCallback, Object asyncState)
   at System.Web.Mvc.Async.AsyncResultWrapper.WrappedAsyncResult`1.Begin(AsyncCallback callback, Object state, Int32 timeout)
   at System.Web.Mvc.Async.AsyncControllerActionInvoker.BeginInvokeActionMethodWithFilters(ControllerContext controllerContext, IList`1 filters, ActionDescriptor actionDescriptor, IDictionary`2 parameters, AsyncCallback callback, Object state)
   at System.Web.Mvc.Async.AsyncControllerActionInvoker.<>c__DisplayClass25.<BeginInvokeAction>b__1e(AsyncCallback asyncCallback, Object asyncState)
 2015-04-09 12:22:23,458 [9] INFO  StatisticalSolutions.Controllers.Base.BaseController - Application URL - /StatisticalSolutions/Base/StatisticalError 
 2015-04-09 12:22:23,508 [9] INFO  StatisticalSolutions.Controllers.Base.BaseController - Application URL - /StatisticalSolutions/Base/StatisticalError 
 2015-04-09 12:22:23,508 [9] ERROR StatisticalSolutions.Controllers.Base.BaseController - Statistical exception message - Exception has been thrown by the target of an invocation.
 2015-04-09 12:22:23,508 [9] ERROR StatisticalSolutions.Controllers.Base.BaseController - Statistical exception stack trace -    at System.RuntimeTypeHandle.CreateInstance(RuntimeType type, Boolean publicOnly, Boolean noCheck, Boolean& canBeCached, RuntimeMethodHandleInternal& ctor, Boolean& bNeedSecurityCheck)
   at System.RuntimeType.CreateInstanceSlow(Boolean publicOnly, Boolean skipCheckThis, Boolean fillCache, StackCrawlMark& stackMark)
   at System.RuntimeType.CreateInstanceDefaultCtor(Boolean publicOnly, Boolean skipCheckThis, Boolean fillCache, StackCrawlMark& stackMark)
   at System.Activator.CreateInstance(Type type, Boolean nonPublic)
   at System.Activator.CreateInstance(Type type)
   at System.Threading.LazyHelpers`1.ActivatorFactorySelector()
   at System.Threading.LazyInitializer.EnsureInitializedCore[T](T& target, Boolean& initialized, Object& syncLock, Func`1 valueFactory)
   at System.Threading.LazyInitializer.EnsureInitialized[T](T& target, Boolean& initialized, Object& syncLock)
   at StatisticalSolutions.Filters.InitializeSimpleMembershipAttribute.OnActionExecuting(ActionExecutingContext filterContext) in c:\temp\3rdPartyProjects\StatisticalSolutions\StatisticalSolutions\Filters\InitializeSimpleMembershipAttribute.cs:line 23
   at System.Web.Mvc.Async.AsyncControllerActionInvoker.InvokeActionMethodFilterAsynchronously(IActionFilter filter, ActionExecutingContext preContext, Func`1 nextInChain)
   at System.Web.Mvc.Async.AsyncControllerActionInvoker.<>c__DisplayClass37.<>c__DisplayClass39.<>c__DisplayClass3b.<BeginInvokeActionMethodWithFilters>b__35()
   at System.Web.Mvc.Async.AsyncControllerActionInvoker.InvokeActionMethodFilterAsynchronously(IActionFilter filter, ActionExecutingContext preContext, Func`1 nextInChain)
   at System.Web.Mvc.Async.AsyncControllerActionInvoker.<>c__DisplayClass37.<>c__DisplayClass39.<>c__DisplayClass3b.<BeginInvokeActionMethodWithFilters>b__35()
   at System.Web.Mvc.Async.AsyncControllerActionInvoker.<>c__DisplayClass37.<BeginInvokeActionMethodWithFilters>b__31(AsyncCallback asyncCallback, Object asyncState)
   at System.Web.Mvc.Async.AsyncResultWrapper.WrappedAsyncResult`1.Begin(AsyncCallback callback, Object state, Int32 timeout)
   at System.Web.Mvc.Async.AsyncControllerActionInvoker.BeginInvokeActionMethodWithFilters(ControllerContext controllerContext, IList`1 filters, ActionDescriptor actionDescriptor, IDictionary`2 parameters, AsyncCallback callback, Object state)
   at System.Web.Mvc.Async.AsyncControllerActionInvoker.<>c__DisplayClass25.<BeginInvokeAction>b__1e(AsyncCallback asyncCallback, Object asyncState)
 2015-04-09 12:22:23,508 [11] INFO  StatisticalSolutions.Controllers.Base.BaseController - Application URL - /StatisticalSolutions/Base/StatisticalError 
 2015-04-09 12:22:23,558 [11] INFO  StatisticalSolutions.Controllers.Base.BaseController - Application URL - /StatisticalSolutions/Base/StatisticalError 
 2015-04-09 12:22:23,558 [11] ERROR StatisticalSolutions.Controllers.Base.BaseController - Statistical exception message - Exception has been thrown by the target of an invocation.
 2015-04-09 12:22:23,558 [11] ERROR StatisticalSolutions.Controllers.Base.BaseController - Statistical exception stack trace -    at System.RuntimeTypeHandle.CreateInstance(RuntimeType type, Boolean publicOnly, Boolean noCheck, Boolean& canBeCached, RuntimeMethodHandleInternal& ctor, Boolean& bNeedSecurityCheck)
   at System.RuntimeType.CreateInstanceSlow(Boolean publicOnly, Boolean skipCheckThis, Boolean fillCache, StackCrawlMark& stackMark)
   at System.RuntimeType.CreateInstanceDefaultCtor(Boolean publicOnly, Boolean skipCheckThis, Boolean fillCache, StackCrawlMark& stackMark)
   at System.Activator.CreateInstance(Type type, Boolean nonPublic)
   at System.Activator.CreateInstance(Type type)
   at System.Threading.LazyHelpers`1.ActivatorFactorySelector()
   at System.Threading.LazyInitializer.EnsureInitializedCore[T](T& target, Boolean& initialized, Object& syncLock, Func`1 valueFactory)
   at System.Threading.LazyInitializer.EnsureInitialized[T](T& target, Boolean& initialized, Object& syncLock)
   at StatisticalSolutions.Filters.InitializeSimpleMembershipAttribute.OnActionExecuting(ActionExecutingContext filterContext) in c:\temp\3rdPartyProjects\StatisticalSolutions\StatisticalSolutions\Filters\InitializeSimpleMembershipAttribute.cs:line 23
   at System.Web.Mvc.Async.AsyncControllerActionInvoker.InvokeActionMethodFilterAsynchronously(IActionFilter filter, ActionExecutingContext preContext, Func`1 nextInChain)
   at System.Web.Mvc.Async.AsyncControllerActionInvoker.<>c__DisplayClass37.<>c__DisplayClass39.<>c__DisplayClass3b.<BeginInvokeActionMethodWithFilters>b__35()
   at System.Web.Mvc.Async.AsyncControllerActionInvoker.InvokeActionMethodFilterAsynchronously(IActionFilter filter, ActionExecutingContext preContext, Func`1 nextInChain)
   at System.Web.Mvc.Async.AsyncControllerActionInvoker.<>c__DisplayClass37.<>c__DisplayClass39.<>c__DisplayClass3b.<BeginInvokeActionMethodWithFilters>b__35()
   at System.Web.Mvc.Async.AsyncControllerActionInvoker.<>c__DisplayClass37.<BeginInvokeActionMethodWithFilters>b__31(AsyncCallback asyncCallback, Object asyncState)
   at System.Web.Mvc.Async.AsyncResultWrapper.WrappedAsyncResult`1.Begin(AsyncCallback callback, Object state, Int32 timeout)
   at System.Web.Mvc.Async.AsyncControllerActionInvoker.BeginInvokeActionMethodWithFilters(ControllerContext controllerContext, IList`1 filters, ActionDescriptor actionDescriptor, IDictionary`2 parameters, AsyncCallback callback, Object state)
   at System.Web.Mvc.Async.AsyncControllerActionInvoker.<>c__DisplayClass25.<BeginInvokeAction>b__1e(AsyncCallback asyncCallback, Object asyncState)
 2015-04-09 12:22:23,568 [13] INFO  StatisticalSolutions.Controllers.Base.BaseController - Application URL - /StatisticalSolutions/Base/StatisticalError 
 2015-04-09 12:22:23,608 [13] INFO  StatisticalSolutions.Controllers.Base.BaseController - Application URL - /StatisticalSolutions/Base/StatisticalError 
 2015-04-09 12:22:23,608 [13] ERROR StatisticalSolutions.Controllers.Base.BaseController - Statistical exception message - Exception has been thrown by the target of an invocation.
 2015-04-09 12:22:23,608 [13] ERROR StatisticalSolutions.Controllers.Base.BaseController - Statistical exception stack trace -    at System.RuntimeTypeHandle.CreateInstance(RuntimeType type, Boolean publicOnly, Boolean noCheck, Boolean& canBeCached, RuntimeMethodHandleInternal& ctor, Boolean& bNeedSecurityCheck)
   at System.RuntimeType.CreateInstanceSlow(Boolean publicOnly, Boolean skipCheckThis, Boolean fillCache, StackCrawlMark& stackMark)
   at System.RuntimeType.CreateInstanceDefaultCtor(Boolean publicOnly, Boolean skipCheckThis, Boolean fillCache, StackCrawlMark& stackMark)
   at System.Activator.CreateInstance(Type type, Boolean nonPublic)
   at System.Activator.CreateInstance(Type type)
   at System.Threading.LazyHelpers`1.ActivatorFactorySelector()
   at System.Threading.LazyInitializer.EnsureInitializedCore[T](T& target, Boolean& initialized, Object& syncLock, Func`1 valueFactory)
   at System.Threading.LazyInitializer.EnsureInitialized[T](T& target, Boolean& initialized, Object& syncLock)
   at StatisticalSolutions.Filters.InitializeSimpleMembershipAttribute.OnActionExecuting(ActionExecutingContext filterContext) in c:\temp\3rdPartyProjects\StatisticalSolutions\StatisticalSolutions\Filters\InitializeSimpleMembershipAttribute.cs:line 23
   at System.Web.Mvc.Async.AsyncControllerActionInvoker.InvokeActionMethodFilterAsynchronously(IActionFilter filter, ActionExecutingContext preContext, Func`1 nextInChain)
   at System.Web.Mvc.Async.AsyncControllerActionInvoker.<>c__DisplayClass37.<>c__DisplayClass39.<>c__DisplayClass3b.<BeginInvokeActionMethodWithFilters>b__35()
   at System.Web.Mvc.Async.AsyncControllerActionInvoker.InvokeActionMethodFilterAsynchronously(IActionFilter filter, ActionExecutingContext preContext, Func`1 nextInChain)
   at System.Web.Mvc.Async.AsyncControllerActionInvoker.<>c__DisplayClass37.<>c__DisplayClass39.<>c__DisplayClass3b.<BeginInvokeActionMethodWithFilters>b__35()
   at System.Web.Mvc.Async.AsyncControllerActionInvoker.<>c__DisplayClass37.<BeginInvokeActionMethodWithFilters>b__31(AsyncCallback asyncCallback, Object asyncState)
   at System.Web.Mvc.Async.AsyncResultWrapper.WrappedAsyncResult`1.Begin(AsyncCallback callback, Object state, Int32 timeout)
   at System.Web.Mvc.Async.AsyncControllerActionInvoker.BeginInvokeActionMethodWithFilters(ControllerContext controllerContext, IList`1 filters, ActionDescriptor actionDescriptor, IDictionary`2 parameters, AsyncCallback callback, Object state)
   at System.Web.Mvc.Async.AsyncControllerActionInvoker.<>c__DisplayClass25.<BeginInvokeAction>b__1e(AsyncCallback asyncCallback, Object asyncState)
 2015-04-09 12:22:23,618 [10] INFO  StatisticalSolutions.Controllers.Base.BaseController - Application URL - /StatisticalSolutions/Base/StatisticalError 
 2015-04-09 12:22:23,658 [10] INFO  StatisticalSolutions.Controllers.Base.BaseController - Application URL - /StatisticalSolutions/Base/StatisticalError 
 2015-04-09 12:22:23,668 [10] ERROR StatisticalSolutions.Controllers.Base.BaseController - Statistical exception message - Exception has been thrown by the target of an invocation.
 2015-04-09 12:22:23,668 [10] ERROR StatisticalSolutions.Controllers.Base.BaseController - Statistical exception stack trace -    at System.RuntimeTypeHandle.CreateInstance(RuntimeType type, Boolean publicOnly, Boolean noCheck, Boolean& canBeCached, RuntimeMethodHandleInternal& ctor, Boolean& bNeedSecurityCheck)
   at System.RuntimeType.CreateInstanceSlow(Boolean publicOnly, Boolean skipCheckThis, Boolean fillCache, StackCrawlMark& stackMark)
   at System.RuntimeType.CreateInstanceDefaultCtor(Boolean publicOnly, Boolean skipCheckThis, Boolean fillCache, StackCrawlMark& stackMark)
   at System.Activator.CreateInstance(Type type, Boolean nonPublic)
   at System.Activator.CreateInstance(Type type)
   at System.Threading.LazyHelpers`1.ActivatorFactorySelector()
   at System.Threading.LazyInitializer.EnsureInitializedCore[T](T& target, Boolean& initialized, Object& syncLock, Func`1 valueFactory)
   at System.Threading.LazyInitializer.EnsureInitialized[T](T& target, Boolean& initialized, Object& syncLock)
   at StatisticalSolutions.Filters.InitializeSimpleMembershipAttribute.OnActionExecuting(ActionExecutingContext filterContext) in c:\temp\3rdPartyProjects\StatisticalSolutions\StatisticalSolutions\Filters\InitializeSimpleMembershipAttribute.cs:line 23
   at System.Web.Mvc.Async.AsyncControllerActionInvoker.InvokeActionMethodFilterAsynchronously(IActionFilter filter, ActionExecutingContext preContext, Func`1 nextInChain)
   at System.Web.Mvc.Async.AsyncControllerActionInvoker.<>c__DisplayClass37.<>c__DisplayClass39.<>c__DisplayClass3b.<BeginInvokeActionMethodWithFilters>b__35()
   at System.Web.Mvc.Async.AsyncControllerActionInvoker.InvokeActionMethodFilterAsynchronously(IActionFilter filter, ActionExecutingContext preContext, Func`1 nextInChain)
   at System.Web.Mvc.Async.AsyncControllerActionInvoker.<>c__DisplayClass37.<>c__DisplayClass39.<>c__DisplayClass3b.<BeginInvokeActionMethodWithFilters>b__35()
   at System.Web.Mvc.Async.AsyncControllerActionInvoker.<>c__DisplayClass37.<BeginInvokeActionMethodWithFilters>b__31(AsyncCallback asyncCallback, Object asyncState)
   at System.Web.Mvc.Async.AsyncResultWrapper.WrappedAsyncResult`1.Begin(AsyncCallback callback, Object state, Int32 timeout)
   at System.Web.Mvc.Async.AsyncControllerActionInvoker.BeginInvokeActionMethodWithFilters(ControllerContext controllerContext, IList`1 filters, ActionDescriptor actionDescriptor, IDictionary`2 parameters, AsyncCallback callback, Object state)
   at System.Web.Mvc.Async.AsyncControllerActionInvoker.<>c__DisplayClass25.<BeginInvokeAction>b__1e(AsyncCallback asyncCallback, Object asyncState)
 2015-04-09 12:22:23,668 [12] INFO  StatisticalSolutions.Controllers.Base.BaseController - Application URL - /StatisticalSolutions/Base/StatisticalError 
 2015-04-09 12:22:23,718 [12] INFO  StatisticalSolutions.Controllers.Base.BaseController - Application URL - /StatisticalSolutions/Base/StatisticalError 
 2015-04-09 12:22:23,718 [12] ERROR StatisticalSolutions.Controllers.Base.BaseController - Statistical exception message - Exception has been thrown by the target of an invocation.
 2015-04-09 12:22:23,718 [12] ERROR StatisticalSolutions.Controllers.Base.BaseController - Statistical exception stack trace -    at System.RuntimeTypeHandle.CreateInstance(RuntimeType type, Boolean publicOnly, Boolean noCheck, Boolean& canBeCached, RuntimeMethodHandleInternal& ctor, Boolean& bNeedSecurityCheck)
   at System.RuntimeType.CreateInstanceSlow(Boolean publicOnly, Boolean skipCheckThis, Boolean fillCache, StackCrawlMark& stackMark)
   at System.RuntimeType.CreateInstanceDefaultCtor(Boolean publicOnly, Boolean skipCheckThis, Boolean fillCache, StackCrawlMark& stackMark)
   at System.Activator.CreateInstance(Type type, Boolean nonPublic)
   at System.Activator.CreateInstance(Type type)
   at System.Threading.LazyHelpers`1.ActivatorFactorySelector()
   at System.Threading.LazyInitializer.EnsureInitializedCore[T](T& target, Boolean& initialized, Object& syncLock, Func`1 valueFactory)
   at System.Threading.LazyInitializer.EnsureInitialized[T](T& target, Boolean& initialized, Object& syncLock)
   at StatisticalSolutions.Filters.InitializeSimpleMembershipAttribute.OnActionExecuting(ActionExecutingContext filterContext) in c:\temp\3rdPartyProjects\StatisticalSolutions\StatisticalSolutions\Filters\InitializeSimpleMembershipAttribute.cs:line 23
   at System.Web.Mvc.Async.AsyncControllerActionInvoker.InvokeActionMethodFilterAsynchronously(IActionFilter filter, ActionExecutingContext preContext, Func`1 nextInChain)
   at System.Web.Mvc.Async.AsyncControllerActionInvoker.<>c__DisplayClass37.<>c__DisplayClass39.<>c__DisplayClass3b.<BeginInvokeActionMethodWithFilters>b__35()
   at System.Web.Mvc.Async.AsyncControllerActionInvoker.InvokeActionMethodFilterAsynchronously(IActionFilter filter, ActionExecutingContext preContext, Func`1 nextInChain)
   at System.Web.Mvc.Async.AsyncControllerActionInvoker.<>c__DisplayClass37.<>c__DisplayClass39.<>c__DisplayClass3b.<BeginInvokeActionMethodWithFilters>b__35()
   at System.Web.Mvc.Async.AsyncControllerActionInvoker.<>c__DisplayClass37.<BeginInvokeActionMethodWithFilters>b__31(AsyncCallback asyncCallback, Object asyncState)
   at System.Web.Mvc.Async.AsyncResultWrapper.WrappedAsyncResult`1.Begin(AsyncCallback callback, Object state, Int32 timeout)
   at System.Web.Mvc.Async.AsyncControllerActionInvoker.BeginInvokeActionMethodWithFilters(ControllerContext controllerContext, IList`1 filters, ActionDescriptor actionDescriptor, IDictionary`2 parameters, AsyncCallback callback, Object state)
   at System.Web.Mvc.Async.AsyncControllerActionInvoker.<>c__DisplayClass25.<BeginInvokeAction>b__1e(AsyncCallback asyncCallback, Object asyncState)
 2015-04-09 12:22:23,718 [9] INFO  StatisticalSolutions.Controllers.Base.BaseController - Application URL - /StatisticalSolutions/Base/StatisticalError 
 2015-04-09 12:22:23,768 [9] INFO  StatisticalSolutions.Controllers.Base.BaseController - Application URL - /StatisticalSolutions/Base/StatisticalError 
 2015-04-09 12:22:23,768 [9] ERROR StatisticalSolutions.Controllers.Base.BaseController - Statistical exception message - Exception has been thrown by the target of an invocation.
 2015-04-09 12:22:23,768 [9] ERROR StatisticalSolutions.Controllers.Base.BaseController - Statistical exception stack trace -    at System.RuntimeTypeHandle.CreateInstance(RuntimeType type, Boolean publicOnly, Boolean noCheck, Boolean& canBeCached, RuntimeMethodHandleInternal& ctor, Boolean& bNeedSecurityCheck)
   at System.RuntimeType.CreateInstanceSlow(Boolean publicOnly, Boolean skipCheckThis, Boolean fillCache, StackCrawlMark& stackMark)
   at System.RuntimeType.CreateInstanceDefaultCtor(Boolean publicOnly, Boolean skipCheckThis, Boolean fillCache, StackCrawlMark& stackMark)
   at System.Activator.CreateInstance(Type type, Boolean nonPublic)
   at System.Activator.CreateInstance(Type type)
   at System.Threading.LazyHelpers`1.ActivatorFactorySelector()
   at System.Threading.LazyInitializer.EnsureInitializedCore[T](T& target, Boolean& initialized, Object& syncLock, Func`1 valueFactory)
   at System.Threading.LazyInitializer.EnsureInitialized[T](T& target, Boolean& initialized, Object& syncLock)
   at StatisticalSolutions.Filters.InitializeSimpleMembershipAttribute.OnActionExecuting(ActionExecutingContext filterContext) in c:\temp\3rdPartyProjects\StatisticalSolutions\StatisticalSolutions\Filters\InitializeSimpleMembershipAttribute.cs:line 23
   at System.Web.Mvc.Async.AsyncControllerActionInvoker.InvokeActionMethodFilterAsynchronously(IActionFilter filter, ActionExecutingContext preContext, Func`1 nextInChain)
   at System.Web.Mvc.Async.AsyncControllerActionInvoker.<>c__DisplayClass37.<>c__DisplayClass39.<>c__DisplayClass3b.<BeginInvokeActionMethodWithFilters>b__35()
   at System.Web.Mvc.Async.AsyncControllerActionInvoker.InvokeActionMethodFilterAsynchronously(IActionFilter filter, ActionExecutingContext preContext, Func`1 nextInChain)
   at System.Web.Mvc.Async.AsyncControllerActionInvoker.<>c__DisplayClass37.<>c__DisplayClass39.<>c__DisplayClass3b.<BeginInvokeActionMethodWithFilters>b__35()
   at System.Web.Mvc.Async.AsyncControllerActionInvoker.<>c__DisplayClass37.<BeginInvokeActionMethodWithFilters>b__31(AsyncCallback asyncCallback, Object asyncState)
   at System.Web.Mvc.Async.AsyncResultWrapper.WrappedAsyncResult`1.Begin(AsyncCallback callback, Object state, Int32 timeout)
   at System.Web.Mvc.Async.AsyncControllerActionInvoker.BeginInvokeActionMethodWithFilters(ControllerContext controllerContext, IList`1 filters, ActionDescriptor actionDescriptor, IDictionary`2 parameters, AsyncCallback callback, Object state)
   at System.Web.Mvc.Async.AsyncControllerActionInvoker.<>c__DisplayClass25.<BeginInvokeAction>b__1e(AsyncCallback asyncCallback, Object asyncState)
 2015-04-09 12:22:23,768 [10] INFO  StatisticalSolutions.Controllers.Base.BaseController - Application URL - /StatisticalSolutions/Base/StatisticalError 
 2015-04-09 12:22:23,818 [10] INFO  StatisticalSolutions.Controllers.Base.BaseController - Application URL - /StatisticalSolutions/Base/StatisticalError 
 2015-04-09 12:22:23,818 [10] ERROR StatisticalSolutions.Controllers.Base.BaseController - Statistical exception message - Exception has been thrown by the target of an invocation.
 2015-04-09 12:22:23,818 [10] ERROR StatisticalSolutions.Controllers.Base.BaseController - Statistical exception stack trace -    at System.RuntimeTypeHandle.CreateInstance(RuntimeType type, Boolean publicOnly, Boolean noCheck, Boolean& canBeCached, RuntimeMethodHandleInternal& ctor, Boolean& bNeedSecurityCheck)
   at System.RuntimeType.CreateInstanceSlow(Boolean publicOnly, Boolean skipCheckThis, Boolean fillCache, StackCrawlMark& stackMark)
   at System.RuntimeType.CreateInstanceDefaultCtor(Boolean publicOnly, Boolean skipCheckThis, Boolean fillCache, StackCrawlMark& stackMark)
   at System.Activator.CreateInstance(Type type, Boolean nonPublic)
   at System.Activator.CreateInstance(Type type)
   at System.Threading.LazyHelpers`1.ActivatorFactorySelector()
   at System.Threading.LazyInitializer.EnsureInitializedCore[T](T& target, Boolean& initialized, Object& syncLock, Func`1 valueFactory)
   at System.Threading.LazyInitializer.EnsureInitialized[T](T& target, Boolean& initialized, Object& syncLock)
   at StatisticalSolutions.Filters.InitializeSimpleMembershipAttribute.OnActionExecuting(ActionExecutingContext filterContext) in c:\temp\3rdPartyProjects\StatisticalSolutions\StatisticalSolutions\Filters\InitializeSimpleMembershipAttribute.cs:line 23
   at System.Web.Mvc.Async.AsyncControllerActionInvoker.InvokeActionMethodFilterAsynchronously(IActionFilter filter, ActionExecutingContext preContext, Func`1 nextInChain)
   at System.Web.Mvc.Async.AsyncControllerActionInvoker.<>c__DisplayClass37.<>c__DisplayClass39.<>c__DisplayClass3b.<BeginInvokeActionMethodWithFilters>b__35()
   at System.Web.Mvc.Async.AsyncControllerActionInvoker.InvokeActionMethodFilterAsynchronously(IActionFilter filter, ActionExecutingContext preContext, Func`1 nextInChain)
   at System.Web.Mvc.Async.AsyncControllerActionInvoker.<>c__DisplayClass37.<>c__DisplayClass39.<>c__DisplayClass3b.<BeginInvokeActionMethodWithFilters>b__35()
   at System.Web.Mvc.Async.AsyncControllerActionInvoker.<>c__DisplayClass37.<BeginInvokeActionMethodWithFilters>b__31(AsyncCallback asyncCallback, Object asyncState)
   at System.Web.Mvc.Async.AsyncResultWrapper.WrappedAsyncResult`1.Begin(AsyncCallback callback, Object state, Int32 timeout)
   at System.Web.Mvc.Async.AsyncControllerActionInvoker.BeginInvokeActionMethodWithFilters(ControllerContext controllerContext, IList`1 filters, ActionDescriptor actionDescriptor, IDictionary`2 parameters, AsyncCallback callback, Object state)
   at System.Web.Mvc.Async.AsyncControllerActionInvoker.<>c__DisplayClass25.<BeginInvokeAction>b__1e(AsyncCallback asyncCallback, Object asyncState)
 2015-04-09 12:22:23,828 [7] INFO  StatisticalSolutions.Controllers.Base.BaseController - Application URL - /StatisticalSolutions/Base/StatisticalError 
 2015-04-09 12:22:23,868 [7] INFO  StatisticalSolutions.Controllers.Base.BaseController - Application URL - /StatisticalSolutions/Base/StatisticalError 
 2015-04-09 12:22:23,868 [7] ERROR StatisticalSolutions.Controllers.Base.BaseController - Statistical exception message - Exception has been thrown by the target of an invocation.
 2015-04-09 12:22:23,868 [7] ERROR StatisticalSolutions.Controllers.Base.BaseController - Statistical exception stack trace -    at System.RuntimeTypeHandle.CreateInstance(RuntimeType type, Boolean publicOnly, Boolean noCheck, Boolean& canBeCached, RuntimeMethodHandleInternal& ctor, Boolean& bNeedSecurityCheck)
   at System.RuntimeType.CreateInstanceSlow(Boolean publicOnly, Boolean skipCheckThis, Boolean fillCache, StackCrawlMark& stackMark)
   at System.RuntimeType.CreateInstanceDefaultCtor(Boolean publicOnly, Boolean skipCheckThis, Boolean fillCache, StackCrawlMark& stackMark)
   at System.Activator.CreateInstance(Type type, Boolean nonPublic)
   at System.Activator.CreateInstance(Type type)
   at System.Threading.LazyHelpers`1.ActivatorFactorySelector()
   at System.Threading.LazyInitializer.EnsureInitializedCore[T](T& target, Boolean& initialized, Object& syncLock, Func`1 valueFactory)
   at System.Threading.LazyInitializer.EnsureInitialized[T](T& target, Boolean& initialized, Object& syncLock)
   at StatisticalSolutions.Filters.InitializeSimpleMembershipAttribute.OnActionExecuting(ActionExecutingContext filterContext) in c:\temp\3rdPartyProjects\StatisticalSolutions\StatisticalSolutions\Filters\InitializeSimpleMembershipAttribute.cs:line 23
   at System.Web.Mvc.Async.AsyncControllerActionInvoker.InvokeActionMethodFilterAsynchronously(IActionFilter filter, ActionExecutingContext preContext, Func`1 nextInChain)
   at System.Web.Mvc.Async.AsyncControllerActionInvoker.<>c__DisplayClass37.<>c__DisplayClass39.<>c__DisplayClass3b.<BeginInvokeActionMethodWithFilters>b__35()
   at System.Web.Mvc.Async.AsyncControllerActionInvoker.InvokeActionMethodFilterAsynchronously(IActionFilter filter, ActionExecutingContext preContext, Func`1 nextInChain)
   at System.Web.Mvc.Async.AsyncControllerActionInvoker.<>c__DisplayClass37.<>c__DisplayClass39.<>c__DisplayClass3b.<BeginInvokeActionMethodWithFilters>b__35()
   at System.Web.Mvc.Async.AsyncControllerActionInvoker.<>c__DisplayClass37.<BeginInvokeActionMethodWithFilters>b__31(AsyncCallback asyncCallback, Object asyncState)
   at System.Web.Mvc.Async.AsyncResultWrapper.WrappedAsyncResult`1.Begin(AsyncCallback callback, Object state, Int32 timeout)
   at System.Web.Mvc.Async.AsyncControllerActionInvoker.BeginInvokeActionMethodWithFilters(ControllerContext controllerContext, IList`1 filters, ActionDescriptor actionDescriptor, IDictionary`2 parameters, AsyncCallback callback, Object state)
   at System.Web.Mvc.Async.AsyncControllerActionInvoker.<>c__DisplayClass25.<BeginInvokeAction>b__1e(AsyncCallback asyncCallback, Object asyncState)
 2015-04-09 12:22:23,878 [12] INFO  StatisticalSolutions.Controllers.Base.BaseController - Application URL - /StatisticalSolutions/Base/StatisticalError 
 2015-04-09 12:22:23,918 [12] INFO  StatisticalSolutions.Controllers.Base.BaseController - Application URL - /StatisticalSolutions/Base/StatisticalError 
 2015-04-09 12:22:23,918 [12] ERROR StatisticalSolutions.Controllers.Base.BaseController - Statistical exception message - Exception has been thrown by the target of an invocation.
 2015-04-09 12:22:23,918 [12] ERROR StatisticalSolutions.Controllers.Base.BaseController - Statistical exception stack trace -    at System.RuntimeTypeHandle.CreateInstance(RuntimeType type, Boolean publicOnly, Boolean noCheck, Boolean& canBeCached, RuntimeMethodHandleInternal& ctor, Boolean& bNeedSecurityCheck)
   at System.RuntimeType.CreateInstanceSlow(Boolean publicOnly, Boolean skipCheckThis, Boolean fillCache, StackCrawlMark& stackMark)
   at System.RuntimeType.CreateInstanceDefaultCtor(Boolean publicOnly, Boolean skipCheckThis, Boolean fillCache, StackCrawlMark& stackMark)
   at System.Activator.CreateInstance(Type type, Boolean nonPublic)
   at System.Activator.CreateInstance(Type type)
   at System.Threading.LazyHelpers`1.ActivatorFactorySelector()
   at System.Threading.LazyInitializer.EnsureInitializedCore[T](T& target, Boolean& initialized, Object& syncLock, Func`1 valueFactory)
   at System.Threading.LazyInitializer.EnsureInitialized[T](T& target, Boolean& initialized, Object& syncLock)
   at StatisticalSolutions.Filters.InitializeSimpleMembershipAttribute.OnActionExecuting(ActionExecutingContext filterContext) in c:\temp\3rdPartyProjects\StatisticalSolutions\StatisticalSolutions\Filters\InitializeSimpleMembershipAttribute.cs:line 23
   at System.Web.Mvc.Async.AsyncControllerActionInvoker.InvokeActionMethodFilterAsynchronously(IActionFilter filter, ActionExecutingContext preContext, Func`1 nextInChain)
   at System.Web.Mvc.Async.AsyncControllerActionInvoker.<>c__DisplayClass37.<>c__DisplayClass39.<>c__DisplayClass3b.<BeginInvokeActionMethodWithFilters>b__35()
   at System.Web.Mvc.Async.AsyncControllerActionInvoker.InvokeActionMethodFilterAsynchronously(IActionFilter filter, ActionExecutingContext preContext, Func`1 nextInChain)
   at System.Web.Mvc.Async.AsyncControllerActionInvoker.<>c__DisplayClass37.<>c__DisplayClass39.<>c__DisplayClass3b.<BeginInvokeActionMethodWithFilters>b__35()
   at System.Web.Mvc.Async.AsyncControllerActionInvoker.<>c__DisplayClass37.<BeginInvokeActionMethodWithFilters>b__31(AsyncCallback asyncCallback, Object asyncState)
   at System.Web.Mvc.Async.AsyncResultWrapper.WrappedAsyncResult`1.Begin(AsyncCallback callback, Object state, Int32 timeout)
   at System.Web.Mvc.Async.AsyncControllerActionInvoker.BeginInvokeActionMethodWithFilters(ControllerContext controllerContext, IList`1 filters, ActionDescriptor actionDescriptor, IDictionary`2 parameters, AsyncCallback callback, Object state)
   at System.Web.Mvc.Async.AsyncControllerActionInvoker.<>c__DisplayClass25.<BeginInvokeAction>b__1e(AsyncCallback asyncCallback, Object asyncState)
 2015-04-09 12:22:23,928 [18] INFO  StatisticalSolutions.Controllers.Base.BaseController - Application URL - /StatisticalSolutions/Base/StatisticalError 
 2015-04-09 12:22:23,978 [18] INFO  StatisticalSolutions.Controllers.Base.BaseController - Application URL - /StatisticalSolutions/Base/StatisticalError 
 2015-04-09 12:22:23,978 [18] ERROR StatisticalSolutions.Controllers.Base.BaseController - Statistical exception message - Exception has been thrown by the target of an invocation.
 2015-04-09 12:22:23,978 [18] ERROR StatisticalSolutions.Controllers.Base.BaseController - Statistical exception stack trace -    at System.RuntimeTypeHandle.CreateInstance(RuntimeType type, Boolean publicOnly, Boolean noCheck, Boolean& canBeCached, RuntimeMethodHandleInternal& ctor, Boolean& bNeedSecurityCheck)
   at System.RuntimeType.CreateInstanceSlow(Boolean publicOnly, Boolean skipCheckThis, Boolean fillCache, StackCrawlMark& stackMark)
   at System.RuntimeType.CreateInstanceDefaultCtor(Boolean publicOnly, Boolean skipCheckThis, Boolean fillCache, StackCrawlMark& stackMark)
   at System.Activator.CreateInstance(Type type, Boolean nonPublic)
   at System.Activator.CreateInstance(Type type)
   at System.Threading.LazyHelpers`1.ActivatorFactorySelector()
   at System.Threading.LazyInitializer.EnsureInitializedCore[T](T& target, Boolean& initialized, Object& syncLock, Func`1 valueFactory)
   at System.Threading.LazyInitializer.EnsureInitialized[T](T& target, Boolean& initialized, Object& syncLock)
   at StatisticalSolutions.Filters.InitializeSimpleMembershipAttribute.OnActionExecuting(ActionExecutingContext filterContext) in c:\temp\3rdPartyProjects\StatisticalSolutions\StatisticalSolutions\Filters\InitializeSimpleMembershipAttribute.cs:line 23
   at System.Web.Mvc.Async.AsyncControllerActionInvoker.InvokeActionMethodFilterAsynchronously(IActionFilter filter, ActionExecutingContext preContext, Func`1 nextInChain)
   at System.Web.Mvc.Async.AsyncControllerActionInvoker.<>c__DisplayClass37.<>c__DisplayClass39.<>c__DisplayClass3b.<BeginInvokeActionMethodWithFilters>b__35()
   at System.Web.Mvc.Async.AsyncControllerActionInvoker.InvokeActionMethodFilterAsynchronously(IActionFilter filter, ActionExecutingContext preContext, Func`1 nextInChain)
   at System.Web.Mvc.Async.AsyncControllerActionInvoker.<>c__DisplayClass37.<>c__DisplayClass39.<>c__DisplayClass3b.<BeginInvokeActionMethodWithFilters>b__35()
   at System.Web.Mvc.Async.AsyncControllerActionInvoker.<>c__DisplayClass37.<BeginInvokeActionMethodWithFilters>b__31(AsyncCallback asyncCallback, Object asyncState)
   at System.Web.Mvc.Async.AsyncResultWrapper.WrappedAsyncResult`1.Begin(AsyncCallback callback, Object state, Int32 timeout)
   at System.Web.Mvc.Async.AsyncControllerActionInvoker.BeginInvokeActionMethodWithFilters(ControllerContext controllerContext, IList`1 filters, ActionDescriptor actionDescriptor, IDictionary`2 parameters, AsyncCallback callback, Object state)
   at System.Web.Mvc.Async.AsyncControllerActionInvoker.<>c__DisplayClass25.<BeginInvokeAction>b__1e(AsyncCallback asyncCallback, Object asyncState)
 2015-04-09 12:22:23,978 [10] INFO  StatisticalSolutions.Controllers.Base.BaseController - Application URL - /StatisticalSolutions/Base/StatisticalError 
 2015-04-09 12:22:24,028 [10] INFO  StatisticalSolutions.Controllers.Base.BaseController - Application URL - /StatisticalSolutions/Base/StatisticalError 
 2015-04-09 12:22:24,028 [10] ERROR StatisticalSolutions.Controllers.Base.BaseController - Statistical exception message - Exception has been thrown by the target of an invocation.
 2015-04-09 12:22:24,028 [10] ERROR StatisticalSolutions.Controllers.Base.BaseController - Statistical exception stack trace -    at System.RuntimeTypeHandle.CreateInstance(RuntimeType type, Boolean publicOnly, Boolean noCheck, Boolean& canBeCached, RuntimeMethodHandleInternal& ctor, Boolean& bNeedSecurityCheck)
   at System.RuntimeType.CreateInstanceSlow(Boolean publicOnly, Boolean skipCheckThis, Boolean fillCache, StackCrawlMark& stackMark)
   at System.RuntimeType.CreateInstanceDefaultCtor(Boolean publicOnly, Boolean skipCheckThis, Boolean fillCache, StackCrawlMark& stackMark)
   at System.Activator.CreateInstance(Type type, Boolean nonPublic)
   at System.Activator.CreateInstance(Type type)
   at System.Threading.LazyHelpers`1.ActivatorFactorySelector()
   at System.Threading.LazyInitializer.EnsureInitializedCore[T](T& target, Boolean& initialized, Object& syncLock, Func`1 valueFactory)
   at System.Threading.LazyInitializer.EnsureInitialized[T](T& target, Boolean& initialized, Object& syncLock)
   at StatisticalSolutions.Filters.InitializeSimpleMembershipAttribute.OnActionExecuting(ActionExecutingContext filterContext) in c:\temp\3rdPartyProjects\StatisticalSolutions\StatisticalSolutions\Filters\InitializeSimpleMembershipAttribute.cs:line 23
   at System.Web.Mvc.Async.AsyncControllerActionInvoker.InvokeActionMethodFilterAsynchronously(IActionFilter filter, ActionExecutingContext preContext, Func`1 nextInChain)
   at System.Web.Mvc.Async.AsyncControllerActionInvoker.<>c__DisplayClass37.<>c__DisplayClass39.<>c__DisplayClass3b.<BeginInvokeActionMethodWithFilters>b__35()
   at System.Web.Mvc.Async.AsyncControllerActionInvoker.InvokeActionMethodFilterAsynchronously(IActionFilter filter, ActionExecutingContext preContext, Func`1 nextInChain)
   at System.Web.Mvc.Async.AsyncControllerActionInvoker.<>c__DisplayClass37.<>c__DisplayClass39.<>c__DisplayClass3b.<BeginInvokeActionMethodWithFilters>b__35()
   at System.Web.Mvc.Async.AsyncControllerActionInvoker.<>c__DisplayClass37.<BeginInvokeActionMethodWithFilters>b__31(AsyncCallback asyncCallback, Object asyncState)
   at System.Web.Mvc.Async.AsyncResultWrapper.WrappedAsyncResult`1.Begin(AsyncCallback callback, Object state, Int32 timeout)
   at System.Web.Mvc.Async.AsyncControllerActionInvoker.BeginInvokeActionMethodWithFilters(ControllerContext controllerContext, IList`1 filters, ActionDescriptor actionDescriptor, IDictionary`2 parameters, AsyncCallback callback, Object state)
   at System.Web.Mvc.Async.AsyncControllerActionInvoker.<>c__DisplayClass25.<BeginInvokeAction>b__1e(AsyncCallback asyncCallback, Object asyncState)
 2015-04-09 12:22:24,028 [7] INFO  StatisticalSolutions.Controllers.Base.BaseController - Application URL - /StatisticalSolutions/Base/StatisticalError 
 2015-04-09 12:22:24,078 [7] INFO  StatisticalSolutions.Controllers.Base.BaseController - Application URL - /StatisticalSolutions/Base/StatisticalError 
 2015-04-09 12:22:24,078 [7] ERROR StatisticalSolutions.Controllers.Base.BaseController - Statistical exception message - Exception has been thrown by the target of an invocation.
 2015-04-09 12:22:24,078 [7] ERROR StatisticalSolutions.Controllers.Base.BaseController - Statistical exception stack trace -    at System.RuntimeTypeHandle.CreateInstance(RuntimeType type, Boolean publicOnly, Boolean noCheck, Boolean& canBeCached, RuntimeMethodHandleInternal& ctor, Boolean& bNeedSecurityCheck)
   at System.RuntimeType.CreateInstanceSlow(Boolean publicOnly, Boolean skipCheckThis, Boolean fillCache, StackCrawlMark& stackMark)
   at System.RuntimeType.CreateInstanceDefaultCtor(Boolean publicOnly, Boolean skipCheckThis, Boolean fillCache, StackCrawlMark& stackMark)
   at System.Activator.CreateInstance(Type type, Boolean nonPublic)
   at System.Activator.CreateInstance(Type type)
   at System.Threading.LazyHelpers`1.ActivatorFactorySelector()
   at System.Threading.LazyInitializer.EnsureInitializedCore[T](T& target, Boolean& initialized, Object& syncLock, Func`1 valueFactory)
   at System.Threading.LazyInitializer.EnsureInitialized[T](T& target, Boolean& initialized, Object& syncLock)
   at StatisticalSolutions.Filters.InitializeSimpleMembershipAttribute.OnActionExecuting(ActionExecutingContext filterContext) in c:\temp\3rdPartyProjects\StatisticalSolutions\StatisticalSolutions\Filters\InitializeSimpleMembershipAttribute.cs:line 23
   at System.Web.Mvc.Async.AsyncControllerActionInvoker.InvokeActionMethodFilterAsynchronously(IActionFilter filter, ActionExecutingContext preContext, Func`1 nextInChain)
   at System.Web.Mvc.Async.AsyncControllerActionInvoker.<>c__DisplayClass37.<>c__DisplayClass39.<>c__DisplayClass3b.<BeginInvokeActionMethodWithFilters>b__35()
   at System.Web.Mvc.Async.AsyncControllerActionInvoker.InvokeActionMethodFilterAsynchronously(IActionFilter filter, ActionExecutingContext preContext, Func`1 nextInChain)
   at System.Web.Mvc.Async.AsyncControllerActionInvoker.<>c__DisplayClass37.<>c__DisplayClass39.<>c__DisplayClass3b.<BeginInvokeActionMethodWithFilters>b__35()
   at System.Web.Mvc.Async.AsyncControllerActionInvoker.<>c__DisplayClass37.<BeginInvokeActionMethodWithFilters>b__31(AsyncCallback asyncCallback, Object asyncState)
   at System.Web.Mvc.Async.AsyncResultWrapper.WrappedAsyncResult`1.Begin(AsyncCallback callback, Object state, Int32 timeout)
   at System.Web.Mvc.Async.AsyncControllerActionInvoker.BeginInvokeActionMethodWithFilters(ControllerContext controllerContext, IList`1 filters, ActionDescriptor actionDescriptor, IDictionary`2 parameters, AsyncCallback callback, Object state)
   at System.Web.Mvc.Async.AsyncControllerActionInvoker.<>c__DisplayClass25.<BeginInvokeAction>b__1e(AsyncCallback asyncCallback, Object asyncState)
 2015-04-09 12:22:24,078 [10] INFO  StatisticalSolutions.Controllers.Base.BaseController - Application URL - /StatisticalSolutions/Base/StatisticalError 
 2015-04-09 12:22:24,128 [10] INFO  StatisticalSolutions.Controllers.Base.BaseController - Application URL - /StatisticalSolutions/Base/StatisticalError 
 2015-04-09 12:22:24,128 [10] ERROR StatisticalSolutions.Controllers.Base.BaseController - Statistical exception message - Exception has been thrown by the target of an invocation.
 2015-04-09 12:22:24,128 [10] ERROR StatisticalSolutions.Controllers.Base.BaseController - Statistical exception stack trace -    at System.RuntimeTypeHandle.CreateInstance(RuntimeType type, Boolean publicOnly, Boolean noCheck, Boolean& canBeCached, RuntimeMethodHandleInternal& ctor, Boolean& bNeedSecurityCheck)
   at System.RuntimeType.CreateInstanceSlow(Boolean publicOnly, Boolean skipCheckThis, Boolean fillCache, StackCrawlMark& stackMark)
   at System.RuntimeType.CreateInstanceDefaultCtor(Boolean publicOnly, Boolean skipCheckThis, Boolean fillCache, StackCrawlMark& stackMark)
   at System.Activator.CreateInstance(Type type, Boolean nonPublic)
   at System.Activator.CreateInstance(Type type)
   at System.Threading.LazyHelpers`1.ActivatorFactorySelector()
   at System.Threading.LazyInitializer.EnsureInitializedCore[T](T& target, Boolean& initialized, Object& syncLock, Func`1 valueFactory)
   at System.Threading.LazyInitializer.EnsureInitialized[T](T& target, Boolean& initialized, Object& syncLock)
   at StatisticalSolutions.Filters.InitializeSimpleMembershipAttribute.OnActionExecuting(ActionExecutingContext filterContext) in c:\temp\3rdPartyProjects\StatisticalSolutions\StatisticalSolutions\Filters\InitializeSimpleMembershipAttribute.cs:line 23
   at System.Web.Mvc.Async.AsyncControllerActionInvoker.InvokeActionMethodFilterAsynchronously(IActionFilter filter, ActionExecutingContext preContext, Func`1 nextInChain)
   at System.Web.Mvc.Async.AsyncControllerActionInvoker.<>c__DisplayClass37.<>c__DisplayClass39.<>c__DisplayClass3b.<BeginInvokeActionMethodWithFilters>b__35()
   at System.Web.Mvc.Async.AsyncControllerActionInvoker.InvokeActionMethodFilterAsynchronously(IActionFilter filter, ActionExecutingContext preContext, Func`1 nextInChain)
   at System.Web.Mvc.Async.AsyncControllerActionInvoker.<>c__DisplayClass37.<>c__DisplayClass39.<>c__DisplayClass3b.<BeginInvokeActionMethodWithFilters>b__35()
   at System.Web.Mvc.Async.AsyncControllerActionInvoker.<>c__DisplayClass37.<BeginInvokeActionMethodWithFilters>b__31(AsyncCallback asyncCallback, Object asyncState)
   at System.Web.Mvc.Async.AsyncResultWrapper.WrappedAsyncResult`1.Begin(AsyncCallback callback, Object state, Int32 timeout)
   at System.Web.Mvc.Async.AsyncControllerActionInvoker.BeginInvokeActionMethodWithFilters(ControllerContext controllerContext, IList`1 filters, ActionDescriptor actionDescriptor, IDictionary`2 parameters, AsyncCallback callback, Object state)
   at System.Web.Mvc.Async.AsyncControllerActionInvoker.<>c__DisplayClass25.<BeginInvokeAction>b__1e(AsyncCallback asyncCallback, Object asyncState)
 2015-04-09 12:22:24,128 [7] INFO  StatisticalSolutions.Controllers.Base.BaseController - Application URL - /StatisticalSolutions/Base/StatisticalError 
 2015-04-09 12:22:24,178 [7] INFO  StatisticalSolutions.Controllers.Base.BaseController - Application URL - /StatisticalSolutions/Base/StatisticalError 
 2015-04-09 12:22:24,178 [7] ERROR StatisticalSolutions.Controllers.Base.BaseController - Statistical exception message - Exception has been thrown by the target of an invocation.
 2015-04-09 12:22:24,178 [7] ERROR StatisticalSolutions.Controllers.Base.BaseController - Statistical exception stack trace -    at System.RuntimeTypeHandle.CreateInstance(RuntimeType type, Boolean publicOnly, Boolean noCheck, Boolean& canBeCached, RuntimeMethodHandleInternal& ctor, Boolean& bNeedSecurityCheck)
   at System.RuntimeType.CreateInstanceSlow(Boolean publicOnly, Boolean skipCheckThis, Boolean fillCache, StackCrawlMark& stackMark)
   at System.RuntimeType.CreateInstanceDefaultCtor(Boolean publicOnly, Boolean skipCheckThis, Boolean fillCache, StackCrawlMark& stackMark)
   at System.Activator.CreateInstance(Type type, Boolean nonPublic)
   at System.Activator.CreateInstance(Type type)
   at System.Threading.LazyHelpers`1.ActivatorFactorySelector()
   at System.Threading.LazyInitializer.EnsureInitializedCore[T](T& target, Boolean& initialized, Object& syncLock, Func`1 valueFactory)
   at System.Threading.LazyInitializer.EnsureInitialized[T](T& target, Boolean& initialized, Object& syncLock)
   at StatisticalSolutions.Filters.InitializeSimpleMembershipAttribute.OnActionExecuting(ActionExecutingContext filterContext) in c:\temp\3rdPartyProjects\StatisticalSolutions\StatisticalSolutions\Filters\InitializeSimpleMembershipAttribute.cs:line 23
   at System.Web.Mvc.Async.AsyncControllerActionInvoker.InvokeActionMethodFilterAsynchronously(IActionFilter filter, ActionExecutingContext preContext, Func`1 nextInChain)
   at System.Web.Mvc.Async.AsyncControllerActionInvoker.<>c__DisplayClass37.<>c__DisplayClass39.<>c__DisplayClass3b.<BeginInvokeActionMethodWithFilters>b__35()
   at System.Web.Mvc.Async.AsyncControllerActionInvoker.InvokeActionMethodFilterAsynchronously(IActionFilter filter, ActionExecutingContext preContext, Func`1 nextInChain)
   at System.Web.Mvc.Async.AsyncControllerActionInvoker.<>c__DisplayClass37.<>c__DisplayClass39.<>c__DisplayClass3b.<BeginInvokeActionMethodWithFilters>b__35()
   at System.Web.Mvc.Async.AsyncControllerActionInvoker.<>c__DisplayClass37.<BeginInvokeActionMethodWithFilters>b__31(AsyncCallback asyncCallback, Object asyncState)
   at System.Web.Mvc.Async.AsyncResultWrapper.WrappedAsyncResult`1.Begin(AsyncCallback callback, Object state, Int32 timeout)
   at System.Web.Mvc.Async.AsyncControllerActionInvoker.BeginInvokeActionMethodWithFilters(ControllerContext controllerContext, IList`1 filters, ActionDescriptor actionDescriptor, IDictionary`2 parameters, AsyncCallback callback, Object state)
   at System.Web.Mvc.Async.AsyncControllerActionInvoker.<>c__DisplayClass25.<BeginInvokeAction>b__1e(AsyncCallback asyncCallback, Object asyncState)
 2015-04-09 12:22:24,188 [9] INFO  StatisticalSolutions.Controllers.Base.BaseController - Application URL - /StatisticalSolutions/Base/StatisticalError 
 2015-04-09 12:22:24,238 [9] INFO  StatisticalSolutions.Controllers.Base.BaseController - Application URL - /StatisticalSolutions/Base/StatisticalError 
 2015-04-09 12:22:24,238 [9] ERROR StatisticalSolutions.Controllers.Base.BaseController - Statistical exception message - Exception has been thrown by the target of an invocation.
 2015-04-09 12:22:24,238 [9] ERROR StatisticalSolutions.Controllers.Base.BaseController - Statistical exception stack trace -    at System.RuntimeTypeHandle.CreateInstance(RuntimeType type, Boolean publicOnly, Boolean noCheck, Boolean& canBeCached, RuntimeMethodHandleInternal& ctor, Boolean& bNeedSecurityCheck)
   at System.RuntimeType.CreateInstanceSlow(Boolean publicOnly, Boolean skipCheckThis, Boolean fillCache, StackCrawlMark& stackMark)
   at System.RuntimeType.CreateInstanceDefaultCtor(Boolean publicOnly, Boolean skipCheckThis, Boolean fillCache, StackCrawlMark& stackMark)
   at System.Activator.CreateInstance(Type type, Boolean nonPublic)
   at System.Activator.CreateInstance(Type type)
   at System.Threading.LazyHelpers`1.ActivatorFactorySelector()
   at System.Threading.LazyInitializer.EnsureInitializedCore[T](T& target, Boolean& initialized, Object& syncLock, Func`1 valueFactory)
   at System.Threading.LazyInitializer.EnsureInitialized[T](T& target, Boolean& initialized, Object& syncLock)
   at StatisticalSolutions.Filters.InitializeSimpleMembershipAttribute.OnActionExecuting(ActionExecutingContext filterContext) in c:\temp\3rdPartyProjects\StatisticalSolutions\StatisticalSolutions\Filters\InitializeSimpleMembershipAttribute.cs:line 23
   at System.Web.Mvc.Async.AsyncControllerActionInvoker.InvokeActionMethodFilterAsynchronously(IActionFilter filter, ActionExecutingContext preContext, Func`1 nextInChain)
   at System.Web.Mvc.Async.AsyncControllerActionInvoker.<>c__DisplayClass37.<>c__DisplayClass39.<>c__DisplayClass3b.<BeginInvokeActionMethodWithFilters>b__35()
   at System.Web.Mvc.Async.AsyncControllerActionInvoker.InvokeActionMethodFilterAsynchronously(IActionFilter filter, ActionExecutingContext preContext, Func`1 nextInChain)
   at System.Web.Mvc.Async.AsyncControllerActionInvoker.<>c__DisplayClass37.<>c__DisplayClass39.<>c__DisplayClass3b.<BeginInvokeActionMethodWithFilters>b__35()
   at System.Web.Mvc.Async.AsyncControllerActionInvoker.<>c__DisplayClass37.<BeginInvokeActionMethodWithFilters>b__31(AsyncCallback asyncCallback, Object asyncState)
   at System.Web.Mvc.Async.AsyncResultWrapper.WrappedAsyncResult`1.Begin(AsyncCallback callback, Object state, Int32 timeout)
   at System.Web.Mvc.Async.AsyncControllerActionInvoker.BeginInvokeActionMethodWithFilters(ControllerContext controllerContext, IList`1 filters, ActionDescriptor actionDescriptor, IDictionary`2 parameters, AsyncCallback callback, Object state)
   at System.Web.Mvc.Async.AsyncControllerActionInvoker.<>c__DisplayClass25.<BeginInvokeAction>b__1e(AsyncCallback asyncCallback, Object asyncState)
 2015-04-09 12:22:24,238 [5] INFO  StatisticalSolutions.Controllers.Base.BaseController - Application URL - /StatisticalSolutions/Base/StatisticalError 
 2015-04-09 12:22:24,288 [5] INFO  StatisticalSolutions.Controllers.Base.BaseController - Application URL - /StatisticalSolutions/Base/StatisticalError 
 2015-04-09 12:22:24,288 [5] ERROR StatisticalSolutions.Controllers.Base.BaseController - Statistical exception message - Exception has been thrown by the target of an invocation.
 2015-04-09 12:22:24,288 [5] ERROR StatisticalSolutions.Controllers.Base.BaseController - Statistical exception stack trace -    at System.RuntimeTypeHandle.CreateInstance(RuntimeType type, Boolean publicOnly, Boolean noCheck, Boolean& canBeCached, RuntimeMethodHandleInternal& ctor, Boolean& bNeedSecurityCheck)
   at System.RuntimeType.CreateInstanceSlow(Boolean publicOnly, Boolean skipCheckThis, Boolean fillCache, StackCrawlMark& stackMark)
   at System.RuntimeType.CreateInstanceDefaultCtor(Boolean publicOnly, Boolean skipCheckThis, Boolean fillCache, StackCrawlMark& stackMark)
   at System.Activator.CreateInstance(Type type, Boolean nonPublic)
   at System.Activator.CreateInstance(Type type)
   at System.Threading.LazyHelpers`1.ActivatorFactorySelector()
   at System.Threading.LazyInitializer.EnsureInitializedCore[T](T& target, Boolean& initialized, Object& syncLock, Func`1 valueFactory)
   at System.Threading.LazyInitializer.EnsureInitialized[T](T& target, Boolean& initialized, Object& syncLock)
   at StatisticalSolutions.Filters.InitializeSimpleMembershipAttribute.OnActionExecuting(ActionExecutingContext filterContext) in c:\temp\3rdPartyProjects\StatisticalSolutions\StatisticalSolutions\Filters\InitializeSimpleMembershipAttribute.cs:line 23
   at System.Web.Mvc.Async.AsyncControllerActionInvoker.InvokeActionMethodFilterAsynchronously(IActionFilter filter, ActionExecutingContext preContext, Func`1 nextInChain)
   at System.Web.Mvc.Async.AsyncControllerActionInvoker.<>c__DisplayClass37.<>c__DisplayClass39.<>c__DisplayClass3b.<BeginInvokeActionMethodWithFilters>b__35()
   at System.Web.Mvc.Async.AsyncControllerActionInvoker.InvokeActionMethodFilterAsynchronously(IActionFilter filter, ActionExecutingContext preContext, Func`1 nextInChain)
   at System.Web.Mvc.Async.AsyncControllerActionInvoker.<>c__DisplayClass37.<>c__DisplayClass39.<>c__DisplayClass3b.<BeginInvokeActionMethodWithFilters>b__35()
   at System.Web.Mvc.Async.AsyncControllerActionInvoker.<>c__DisplayClass37.<BeginInvokeActionMethodWithFilters>b__31(AsyncCallback asyncCallback, Object asyncState)
   at System.Web.Mvc.Async.AsyncResultWrapper.WrappedAsyncResult`1.Begin(AsyncCallback callback, Object state, Int32 timeout)
   at System.Web.Mvc.Async.AsyncControllerActionInvoker.BeginInvokeActionMethodWithFilters(ControllerContext controllerContext, IList`1 filters, ActionDescriptor actionDescriptor, IDictionary`2 parameters, AsyncCallback callback, Object state)
   at System.Web.Mvc.Async.AsyncControllerActionInvoker.<>c__DisplayClass25.<BeginInvokeAction>b__1e(AsyncCallback asyncCallback, Object asyncState)
 2015-04-09 12:22:24,288 [10] INFO  StatisticalSolutions.Controllers.Base.BaseController - Application URL - /StatisticalSolutions/Base/StatisticalError 
 2015-04-09 12:22:24,338 [10] INFO  StatisticalSolutions.Controllers.Base.BaseController - Application URL - /StatisticalSolutions/Base/StatisticalError 
 2015-04-09 12:22:24,338 [10] ERROR StatisticalSolutions.Controllers.Base.BaseController - Statistical exception message - Exception has been thrown by the target of an invocation.
 2015-04-09 12:22:24,338 [10] ERROR StatisticalSolutions.Controllers.Base.BaseController - Statistical exception stack trace -    at System.RuntimeTypeHandle.CreateInstance(RuntimeType type, Boolean publicOnly, Boolean noCheck, Boolean& canBeCached, RuntimeMethodHandleInternal& ctor, Boolean& bNeedSecurityCheck)
   at System.RuntimeType.CreateInstanceSlow(Boolean publicOnly, Boolean skipCheckThis, Boolean fillCache, StackCrawlMark& stackMark)
   at System.RuntimeType.CreateInstanceDefaultCtor(Boolean publicOnly, Boolean skipCheckThis, Boolean fillCache, StackCrawlMark& stackMark)
   at System.Activator.CreateInstance(Type type, Boolean nonPublic)
   at System.Activator.CreateInstance(Type type)
   at System.Threading.LazyHelpers`1.ActivatorFactorySelector()
   at System.Threading.LazyInitializer.EnsureInitializedCore[T](T& target, Boolean& initialized, Object& syncLock, Func`1 valueFactory)
   at System.Threading.LazyInitializer.EnsureInitialized[T](T& target, Boolean& initialized, Object& syncLock)
   at StatisticalSolutions.Filters.InitializeSimpleMembershipAttribute.OnActionExecuting(ActionExecutingContext filterContext) in c:\temp\3rdPartyProjects\StatisticalSolutions\StatisticalSolutions\Filters\InitializeSimpleMembershipAttribute.cs:line 23
   at System.Web.Mvc.Async.AsyncControllerActionInvoker.InvokeActionMethodFilterAsynchronously(IActionFilter filter, ActionExecutingContext preContext, Func`1 nextInChain)
   at System.Web.Mvc.Async.AsyncControllerActionInvoker.<>c__DisplayClass37.<>c__DisplayClass39.<>c__DisplayClass3b.<BeginInvokeActionMethodWithFilters>b__35()
   at System.Web.Mvc.Async.AsyncControllerActionInvoker.InvokeActionMethodFilterAsynchronously(IActionFilter filter, ActionExecutingContext preContext, Func`1 nextInChain)
   at System.Web.Mvc.Async.AsyncControllerActionInvoker.<>c__DisplayClass37.<>c__DisplayClass39.<>c__DisplayClass3b.<BeginInvokeActionMethodWithFilters>b__35()
   at System.Web.Mvc.Async.AsyncControllerActionInvoker.<>c__DisplayClass37.<BeginInvokeActionMethodWithFilters>b__31(AsyncCallback asyncCallback, Object asyncState)
   at System.Web.Mvc.Async.AsyncResultWrapper.WrappedAsyncResult`1.Begin(AsyncCallback callback, Object state, Int32 timeout)
   at System.Web.Mvc.Async.AsyncControllerActionInvoker.BeginInvokeActionMethodWithFilters(ControllerContext controllerContext, IList`1 filters, ActionDescriptor actionDescriptor, IDictionary`2 parameters, AsyncCallback callback, Object state)
   at System.Web.Mvc.Async.AsyncControllerActionInvoker.<>c__DisplayClass25.<BeginInvokeAction>b__1e(AsyncCallback asyncCallback, Object asyncState)
 2015-04-09 12:22:24,338 [18] INFO  StatisticalSolutions.Controllers.Base.BaseController - Application URL - /StatisticalSolutions/Base/StatisticalError 
 2015-04-09 12:22:24,388 [18] INFO  StatisticalSolutions.Controllers.Base.BaseController - Application URL - /StatisticalSolutions/Base/StatisticalError 
 2015-04-09 12:22:24,388 [18] ERROR StatisticalSolutions.Controllers.Base.BaseController - Statistical exception message - Exception has been thrown by the target of an invocation.
 2015-04-09 12:22:24,388 [18] ERROR StatisticalSolutions.Controllers.Base.BaseController - Statistical exception stack trace -    at System.RuntimeTypeHandle.CreateInstance(RuntimeType type, Boolean publicOnly, Boolean noCheck, Boolean& canBeCached, RuntimeMethodHandleInternal& ctor, Boolean& bNeedSecurityCheck)
   at System.RuntimeType.CreateInstanceSlow(Boolean publicOnly, Boolean skipCheckThis, Boolean fillCache, StackCrawlMark& stackMark)
   at System.RuntimeType.CreateInstanceDefaultCtor(Boolean publicOnly, Boolean skipCheckThis, Boolean fillCache, StackCrawlMark& stackMark)
   at System.Activator.CreateInstance(Type type, Boolean nonPublic)
   at System.Activator.CreateInstance(Type type)
   at System.Threading.LazyHelpers`1.ActivatorFactorySelector()
   at System.Threading.LazyInitializer.EnsureInitializedCore[T](T& target, Boolean& initialized, Object& syncLock, Func`1 valueFactory)
   at System.Threading.LazyInitializer.EnsureInitialized[T](T& target, Boolean& initialized, Object& syncLock)
   at StatisticalSolutions.Filters.InitializeSimpleMembershipAttribute.OnActionExecuting(ActionExecutingContext filterContext) in c:\temp\3rdPartyProjects\StatisticalSolutions\StatisticalSolutions\Filters\InitializeSimpleMembershipAttribute.cs:line 23
   at System.Web.Mvc.Async.AsyncControllerActionInvoker.InvokeActionMethodFilterAsynchronously(IActionFilter filter, ActionExecutingContext preContext, Func`1 nextInChain)
   at System.Web.Mvc.Async.AsyncControllerActionInvoker.<>c__DisplayClass37.<>c__DisplayClass39.<>c__DisplayClass3b.<BeginInvokeActionMethodWithFilters>b__35()
   at System.Web.Mvc.Async.AsyncControllerActionInvoker.InvokeActionMethodFilterAsynchronously(IActionFilter filter, ActionExecutingContext preContext, Func`1 nextInChain)
   at System.Web.Mvc.Async.AsyncControllerActionInvoker.<>c__DisplayClass37.<>c__DisplayClass39.<>c__DisplayClass3b.<BeginInvokeActionMethodWithFilters>b__35()
   at System.Web.Mvc.Async.AsyncControllerActionInvoker.<>c__DisplayClass37.<BeginInvokeActionMethodWithFilters>b__31(AsyncCallback asyncCallback, Object asyncState)
   at System.Web.Mvc.Async.AsyncResultWrapper.WrappedAsyncResult`1.Begin(AsyncCallback callback, Object state, Int32 timeout)
   at System.Web.Mvc.Async.AsyncControllerActionInvoker.BeginInvokeActionMethodWithFilters(ControllerContext controllerContext, IList`1 filters, ActionDescriptor actionDescriptor, IDictionary`2 parameters, AsyncCallback callback, Object state)
   at System.Web.Mvc.Async.AsyncControllerActionInvoker.<>c__DisplayClass25.<BeginInvokeAction>b__1e(AsyncCallback asyncCallback, Object asyncState)
 2015-04-09 12:22:24,398 [9] INFO  StatisticalSolutions.Controllers.Base.BaseController - Application URL - /StatisticalSolutions/Base/StatisticalError 
 2015-04-09 12:22:24,438 [9] INFO  StatisticalSolutions.Controllers.Base.BaseController - Application URL - /StatisticalSolutions/Base/StatisticalError 
 2015-04-09 12:22:24,438 [9] ERROR StatisticalSolutions.Controllers.Base.BaseController - Statistical exception message - Exception has been thrown by the target of an invocation.
 2015-04-09 12:22:24,448 [9] ERROR StatisticalSolutions.Controllers.Base.BaseController - Statistical exception stack trace -    at System.RuntimeTypeHandle.CreateInstance(RuntimeType type, Boolean publicOnly, Boolean noCheck, Boolean& canBeCached, RuntimeMethodHandleInternal& ctor, Boolean& bNeedSecurityCheck)
   at System.RuntimeType.CreateInstanceSlow(Boolean publicOnly, Boolean skipCheckThis, Boolean fillCache, StackCrawlMark& stackMark)
   at System.RuntimeType.CreateInstanceDefaultCtor(Boolean publicOnly, Boolean skipCheckThis, Boolean fillCache, StackCrawlMark& stackMark)
   at System.Activator.CreateInstance(Type type, Boolean nonPublic)
   at System.Activator.CreateInstance(Type type)
   at System.Threading.LazyHelpers`1.ActivatorFactorySelector()
   at System.Threading.LazyInitializer.EnsureInitializedCore[T](T& target, Boolean& initialized, Object& syncLock, Func`1 valueFactory)
   at System.Threading.LazyInitializer.EnsureInitialized[T](T& target, Boolean& initialized, Object& syncLock)
   at StatisticalSolutions.Filters.InitializeSimpleMembershipAttribute.OnActionExecuting(ActionExecutingContext filterContext) in c:\temp\3rdPartyProjects\StatisticalSolutions\StatisticalSolutions\Filters\InitializeSimpleMembershipAttribute.cs:line 23
   at System.Web.Mvc.Async.AsyncControllerActionInvoker.InvokeActionMethodFilterAsynchronously(IActionFilter filter, ActionExecutingContext preContext, Func`1 nextInChain)
   at System.Web.Mvc.Async.AsyncControllerActionInvoker.<>c__DisplayClass37.<>c__DisplayClass39.<>c__DisplayClass3b.<BeginInvokeActionMethodWithFilters>b__35()
   at System.Web.Mvc.Async.AsyncControllerActionInvoker.InvokeActionMethodFilterAsynchronously(IActionFilter filter, ActionExecutingContext preContext, Func`1 nextInChain)
   at System.Web.Mvc.Async.AsyncControllerActionInvoker.<>c__DisplayClass37.<>c__DisplayClass39.<>c__DisplayClass3b.<BeginInvokeActionMethodWithFilters>b__35()
   at System.Web.Mvc.Async.AsyncControllerActionInvoker.<>c__DisplayClass37.<BeginInvokeActionMethodWithFilters>b__31(AsyncCallback asyncCallback, Object asyncState)
   at System.Web.Mvc.Async.AsyncResultWrapper.WrappedAsyncResult`1.Begin(AsyncCallback callback, Object state, Int32 timeout)
   at System.Web.Mvc.Async.AsyncControllerActionInvoker.BeginInvokeActionMethodWithFilters(ControllerContext controllerContext, IList`1 filters, ActionDescriptor actionDescriptor, IDictionary`2 parameters, AsyncCallback callback, Object state)
   at System.Web.Mvc.Async.AsyncControllerActionInvoker.<>c__DisplayClass25.<BeginInvokeAction>b__1e(AsyncCallback asyncCallback, Object asyncState)
 2015-04-09 12:22:24,448 [18] INFO  StatisticalSolutions.Controllers.Base.BaseController - Application URL - /StatisticalSolutions/Base/StatisticalError 
 2015-04-09 12:22:24,488 [18] INFO  StatisticalSolutions.Controllers.Base.BaseController - Application URL - /StatisticalSolutions/Base/StatisticalError 
 2015-04-09 12:22:24,498 [18] ERROR StatisticalSolutions.Controllers.Base.BaseController - Statistical exception message - Exception has been thrown by the target of an invocation.
 2015-04-09 12:22:24,498 [18] ERROR StatisticalSolutions.Controllers.Base.BaseController - Statistical exception stack trace -    at System.RuntimeTypeHandle.CreateInstance(RuntimeType type, Boolean publicOnly, Boolean noCheck, Boolean& canBeCached, RuntimeMethodHandleInternal& ctor, Boolean& bNeedSecurityCheck)
   at System.RuntimeType.CreateInstanceSlow(Boolean publicOnly, Boolean skipCheckThis, Boolean fillCache, StackCrawlMark& stackMark)
   at System.RuntimeType.CreateInstanceDefaultCtor(Boolean publicOnly, Boolean skipCheckThis, Boolean fillCache, StackCrawlMark& stackMark)
   at System.Activator.CreateInstance(Type type, Boolean nonPublic)
   at System.Activator.CreateInstance(Type type)
   at System.Threading.LazyHelpers`1.ActivatorFactorySelector()
   at System.Threading.LazyInitializer.EnsureInitializedCore[T](T& target, Boolean& initialized, Object& syncLock, Func`1 valueFactory)
   at System.Threading.LazyInitializer.EnsureInitialized[T](T& target, Boolean& initialized, Object& syncLock)
   at StatisticalSolutions.Filters.InitializeSimpleMembershipAttribute.OnActionExecuting(ActionExecutingContext filterContext) in c:\temp\3rdPartyProjects\StatisticalSolutions\StatisticalSolutions\Filters\InitializeSimpleMembershipAttribute.cs:line 23
   at System.Web.Mvc.Async.AsyncControllerActionInvoker.InvokeActionMethodFilterAsynchronously(IActionFilter filter, ActionExecutingContext preContext, Func`1 nextInChain)
   at System.Web.Mvc.Async.AsyncControllerActionInvoker.<>c__DisplayClass37.<>c__DisplayClass39.<>c__DisplayClass3b.<BeginInvokeActionMethodWithFilters>b__35()
   at System.Web.Mvc.Async.AsyncControllerActionInvoker.InvokeActionMethodFilterAsynchronously(IActionFilter filter, ActionExecutingContext preContext, Func`1 nextInChain)
   at System.Web.Mvc.Async.AsyncControllerActionInvoker.<>c__DisplayClass37.<>c__DisplayClass39.<>c__DisplayClass3b.<BeginInvokeActionMethodWithFilters>b__35()
   at System.Web.Mvc.Async.AsyncControllerActionInvoker.<>c__DisplayClass37.<BeginInvokeActionMethodWithFilters>b__31(AsyncCallback asyncCallback, Object asyncState)
   at System.Web.Mvc.Async.AsyncResultWrapper.WrappedAsyncResult`1.Begin(AsyncCallback callback, Object state, Int32 timeout)
   at System.Web.Mvc.Async.AsyncControllerActionInvoker.BeginInvokeActionMethodWithFilters(ControllerContext controllerContext, IList`1 filters, ActionDescriptor actionDescriptor, IDictionary`2 parameters, AsyncCallback callback, Object state)
   at System.Web.Mvc.Async.AsyncControllerActionInvoker.<>c__DisplayClass25.<BeginInvokeAction>b__1e(AsyncCallback asyncCallback, Object asyncState)
 